timestamp_ns=1785749328559467660
	DDR Capacity(MB)               : 0
	DDR Usage Rate(%)              : 0
	DDR Hugepages Total(page)      : 0
	DDR Hugepages Usage Rate(%)    : 0
	HBM Capacity(MB)               : 65536
	HBM Usage Rate(%)              : 5
	Aicore Usage Rate(%)           : 0
	Aivector Usage Rate(%)         : 0
	Aicpu Usage Rate(%)            : 0
	Ctrlcpu Usage Rate(%)          : 5
	DDR Bandwidth Usage Rate(%)    : 0
	HBM Bandwidth Usage Rate(%)    : 0
	NPU Utilization(%)             : 0
	Aicube Usage Rate(%)           : 0
	No process in device.
Error: cannot run top on container fca65b17c7696be0978c024206dce045576ad0d5017576dab9c64493f5b57e1c as it did not create a cgroup: this container does not have a cgroup
timestamp_ns=1785749330755550878
	DDR Capacity(MB)               : 0
	DDR Usage Rate(%)              : 0
	DDR Hugepages Total(page)      : 0
	DDR Hugepages Usage Rate(%)    : 0
	HBM Capacity(MB)               : 65536
	HBM Usage Rate(%)              : 5
	Aicore Usage Rate(%)           : 0
	Aivector Usage Rate(%)         : 0
	Aicpu Usage Rate(%)            : 0
	Ctrlcpu Usage Rate(%)          : 2
	DDR Bandwidth Usage Rate(%)    : 0
	HBM Bandwidth Usage Rate(%)    : 0
	NPU Utilization(%)             : 0
	Aicube Usage Rate(%)           : 0
	No process in device.
Error: cannot run top on container fca65b17c7696be0978c024206dce045576ad0d5017576dab9c64493f5b57e1c as it did not create a cgroup: this container does not have a cgroup
timestamp_ns=1785749332994895917
	DDR Capacity(MB)               : 0
	DDR Usage Rate(%)              : 0
	DDR Hugepages Total(page)      : 0
	DDR Hugepages Usage Rate(%)    : 0
	HBM Capacity(MB)               : 65536
	HBM Usage Rate(%)              : 5
	Aicore Usage Rate(%)           : 0
	Aivector Usage Rate(%)         : 0
	Aicpu Usage Rate(%)            : 0
	Ctrlcpu Usage Rate(%)          : 1
	DDR Bandwidth Usage Rate(%)    : 0
	HBM Bandwidth Usage Rate(%)    : 0
	NPU Utilization(%)             : 0
	Aicube Usage Rate(%)           : 0
	No process in device.
Error: cannot run top on container fca65b17c7696be0978c024206dce045576ad0d5017576dab9c64493f5b57e1c as it did not create a cgroup: this container does not have a cgroup
timestamp_ns=1785749335160617316
	DDR Capacity(MB)               : 0
	DDR Usage Rate(%)              : 0
	DDR Hugepages Total(page)      : 0
	DDR Hugepages Usage Rate(%)    : 0
	HBM Capacity(MB)               : 65536
	HBM Usage Rate(%)              : 5
	Aicore Usage Rate(%)           : 0
	Aivector Usage Rate(%)         : 0
	Aicpu Usage Rate(%)            : 0
	Ctrlcpu Usage Rate(%)          : 2
	DDR Bandwidth Usage Rate(%)    : 0
	HBM Bandwidth Usage Rate(%)    : 0
	NPU Utilization(%)             : 0
	Aicube Usage Rate(%)           : 0
	No process in device.
Error: cannot run top on container fca65b17c7696be0978c024206dce045576ad0d5017576dab9c64493f5b57e1c as it did not create a cgroup: this container does not have a cgroup
timestamp_ns=1785749337329519313
	DDR Capacity(MB)               : 0
	DDR Usage Rate(%)              : 0
	DDR Hugepages Total(page)      : 0
	DDR Hugepages Usage Rate(%)    : 0
	HBM Capacity(MB)               : 65536
	HBM Usage Rate(%)              : 5
	Aicore Usage Rate(%)           : 0
	Aivector Usage Rate(%)         : 0
	Aicpu Usage Rate(%)            : 0
	Ctrlcpu Usage Rate(%)          : 1
	DDR Bandwidth Usage Rate(%)    : 0
	HBM Bandwidth Usage Rate(%)    : 0
	NPU Utilization(%)             : 0
	Aicube Usage Rate(%)           : 0
	No process in device.
Error: cannot run top on container fca65b17c7696be0978c024206dce045576ad0d5017576dab9c64493f5b57e1c as it did not create a cgroup: this container does not have a cgroup
timestamp_ns=1785749339527993320
	DDR Capacity(MB)               : 0
	DDR Usage Rate(%)              : 0
	DDR Hugepages Total(page)      : 0
	DDR Hugepages Usage Rate(%)    : 0
	HBM Capacity(MB)               : 65536
	HBM Usage Rate(%)              : 5
	Aicore Usage Rate(%)           : 0
	Aivector Usage Rate(%)         : 0
	Aicpu Usage Rate(%)            : 0
	Ctrlcpu Usage Rate(%)          : 5
	DDR Bandwidth Usage Rate(%)    : 0
	HBM Bandwidth Usage Rate(%)    : 0
	NPU Utilization(%)             : 0
	Aicube Usage Rate(%)           : 0
	No process in device.
Error: cannot run top on container fca65b17c7696be0978c024206dce045576ad0d5017576dab9c64493f5b57e1c as it did not create a cgroup: this container does not have a cgroup
timestamp_ns=1785749341715826773
	DDR Capacity(MB)               : 0
	DDR Usage Rate(%)              : 0
	DDR Hugepages Total(page)      : 0
	DDR Hugepages Usage Rate(%)    : 0
	HBM Capacity(MB)               : 65536
	HBM Usage Rate(%)              : 5
	Aicore Usage Rate(%)           : 0
	Aivector Usage Rate(%)         : 0
	Aicpu Usage Rate(%)            : 0
	Ctrlcpu Usage Rate(%)          : 2
	DDR Bandwidth Usage Rate(%)    : 0
	HBM Bandwidth Usage Rate(%)    : 0
	NPU Utilization(%)             : 0
	Aicube Usage Rate(%)           : 0
	No process in device.
Error: cannot run top on container fca65b17c7696be0978c024206dce045576ad0d5017576dab9c64493f5b57e1c as it did not create a cgroup: this container does not have a cgroup
timestamp_ns=1785749343898908680
	DDR Capacity(MB)               : 0
	DDR Usage Rate(%)              : 0
	DDR Hugepages Total(page)      : 0
	DDR Hugepages Usage Rate(%)    : 0
	HBM Capacity(MB)               : 65536
	HBM Usage Rate(%)              : 5
	Aicore Usage Rate(%)           : 0
	Aivector Usage Rate(%)         : 0
	Aicpu Usage Rate(%)            : 0
	Ctrlcpu Usage Rate(%)          : 3
	DDR Bandwidth Usage Rate(%)    : 0
	HBM Bandwidth Usage Rate(%)    : 0
	NPU Utilization(%)             : 0
	Aicube Usage Rate(%)           : 0
	No process in device.
Error: cannot run top on container fca65b17c7696be0978c024206dce045576ad0d5017576dab9c64493f5b57e1c as it did not create a cgroup: this container does not have a cgroup
timestamp_ns=1785749346057383570
	DDR Capacity(MB)               : 0
	DDR Usage Rate(%)              : 0
	DDR Hugepages Total(page)      : 0
	DDR Hugepages Usage Rate(%)    : 0
	HBM Capacity(MB)               : 65536
	HBM Usage Rate(%)              : 5
	Aicore Usage Rate(%)           : 0
	Aivector Usage Rate(%)         : 0
	Aicpu Usage Rate(%)            : 0
	Ctrlcpu Usage Rate(%)          : 2
	DDR Bandwidth Usage Rate(%)    : 0
	HBM Bandwidth Usage Rate(%)    : 0
	NPU Utilization(%)             : 0
	Aicube Usage Rate(%)           : 0
	No process in device.
Error: cannot run top on container fca65b17c7696be0978c024206dce045576ad0d5017576dab9c64493f5b57e1c as it did not create a cgroup: this container does not have a cgroup
timestamp_ns=1785749348250024149
	DDR Capacity(MB)               : 0
	DDR Usage Rate(%)              : 0
	DDR Hugepages Total(page)      : 0
	DDR Hugepages Usage Rate(%)    : 0
	HBM Capacity(MB)               : 65536
	HBM Usage Rate(%)              : 5
	Aicore Usage Rate(%)           : 0
	Aivector Usage Rate(%)         : 0
	Aicpu Usage Rate(%)            : 0
	Ctrlcpu Usage Rate(%)          : 3
	DDR Bandwidth Usage Rate(%)    : 0
	HBM Bandwidth Usage Rate(%)    : 0
	NPU Utilization(%)             : 0
	Aicube Usage Rate(%)           : 0
	No process in device.
Error: cannot run top on container fca65b17c7696be0978c024206dce045576ad0d5017576dab9c64493f5b57e1c as it did not create a cgroup: this container does not have a cgroup
timestamp_ns=1785749350424225337
	DDR Capacity(MB)               : 0
	DDR Usage Rate(%)              : 0
	DDR Hugepages Total(page)      : 0
	DDR Hugepages Usage Rate(%)    : 0
	HBM Capacity(MB)               : 65536
	HBM Usage Rate(%)              : 5
	Aicore Usage Rate(%)           : 0
	Aivector Usage Rate(%)         : 0
	Aicpu Usage Rate(%)            : 0
	Ctrlcpu Usage Rate(%)          : 1
	DDR Bandwidth Usage Rate(%)    : 0
	HBM Bandwidth Usage Rate(%)    : 0
	NPU Utilization(%)             : 0
	Aicube Usage Rate(%)           : 0
	No process in device.
Error: cannot run top on container fca65b17c7696be0978c024206dce045576ad0d5017576dab9c64493f5b57e1c as it did not create a cgroup: this container does not have a cgroup
timestamp_ns=1785749352590216145
	DDR Capacity(MB)               : 0
	DDR Usage Rate(%)              : 0
	DDR Hugepages Total(page)      : 0
	DDR Hugepages Usage Rate(%)    : 0
	HBM Capacity(MB)               : 65536
	HBM Usage Rate(%)              : 5
	Aicore Usage Rate(%)           : 0
	Aivector Usage Rate(%)         : 0
	Aicpu Usage Rate(%)            : 0
	Ctrlcpu Usage Rate(%)          : 4
	DDR Bandwidth Usage Rate(%)    : 0
	HBM Bandwidth Usage Rate(%)    : 0
	NPU Utilization(%)             : 0
	Aicube Usage Rate(%)           : 0
	No process in device.
Error: cannot run top on container fca65b17c7696be0978c024206dce045576ad0d5017576dab9c64493f5b57e1c as it did not create a cgroup: this container does not have a cgroup
timestamp_ns=1785749354772801862
	DDR Capacity(MB)               : 0
	DDR Usage Rate(%)              : 0
	DDR Hugepages Total(page)      : 0
	DDR Hugepages Usage Rate(%)    : 0
	HBM Capacity(MB)               : 65536
	HBM Usage Rate(%)              : 5
	Aicore Usage Rate(%)           : 0
	Aivector Usage Rate(%)         : 0
	Aicpu Usage Rate(%)            : 0
	Ctrlcpu Usage Rate(%)          : 5
	DDR Bandwidth Usage Rate(%)    : 0
	HBM Bandwidth Usage Rate(%)    : 0
	NPU Utilization(%)             : 0
	Aicube Usage Rate(%)           : 0
	No process in device.
Error: cannot run top on container fca65b17c7696be0978c024206dce045576ad0d5017576dab9c64493f5b57e1c as it did not create a cgroup: this container does not have a cgroup
timestamp_ns=1785749356959499510
	DDR Capacity(MB)               : 0
	DDR Usage Rate(%)              : 0
	DDR Hugepages Total(page)      : 0
	DDR Hugepages Usage Rate(%)    : 0
	HBM Capacity(MB)               : 65536
	HBM Usage Rate(%)              : 5
	Aicore Usage Rate(%)           : 0
	Aivector Usage Rate(%)         : 0
	Aicpu Usage Rate(%)            : 0
	Ctrlcpu Usage Rate(%)          : 1
	DDR Bandwidth Usage Rate(%)    : 0
	HBM Bandwidth Usage Rate(%)    : 0
	NPU Utilization(%)             : 0
	Aicube Usage Rate(%)           : 0
	No process in device.
Error: cannot run top on container fca65b17c7696be0978c024206dce045576ad0d5017576dab9c64493f5b57e1c as it did not create a cgroup: this container does not have a cgroup
timestamp_ns=1785749359167113369
	DDR Capacity(MB)               : 0
	DDR Usage Rate(%)              : 0
	DDR Hugepages Total(page)      : 0
	DDR Hugepages Usage Rate(%)    : 0
	HBM Capacity(MB)               : 65536
	HBM Usage Rate(%)              : 5
	Aicore Usage Rate(%)           : 0
	Aivector Usage Rate(%)         : 0
	Aicpu Usage Rate(%)            : 0
	Ctrlcpu Usage Rate(%)          : 1
	DDR Bandwidth Usage Rate(%)    : 0
	HBM Bandwidth Usage Rate(%)    : 0
	NPU Utilization(%)             : 0
	Aicube Usage Rate(%)           : 0
	No process in device.
Error: cannot run top on container fca65b17c7696be0978c024206dce045576ad0d5017576dab9c64493f5b57e1c as it did not create a cgroup: this container does not have a cgroup
timestamp_ns=1785749361416058806
	DDR Capacity(MB)               : 0
	DDR Usage Rate(%)              : 0
	DDR Hugepages Total(page)      : 0
	DDR Hugepages Usage Rate(%)    : 0
	HBM Capacity(MB)               : 65536
	HBM Usage Rate(%)              : 5
	Aicore Usage Rate(%)           : 0
	Aivector Usage Rate(%)         : 0
	Aicpu Usage Rate(%)            : 0
	Ctrlcpu Usage Rate(%)          : 3
	DDR Bandwidth Usage Rate(%)    : 0
	HBM Bandwidth Usage Rate(%)    : 0
	NPU Utilization(%)             : 0
	Aicube Usage Rate(%)           : 0
	No process in device.
Error: cannot run top on container fca65b17c7696be0978c024206dce045576ad0d5017576dab9c64493f5b57e1c as it did not create a cgroup: this container does not have a cgroup
timestamp_ns=1785749363594134276
	DDR Capacity(MB)               : 0
	DDR Usage Rate(%)              : 0
	DDR Hugepages Total(page)      : 0
	DDR Hugepages Usage Rate(%)    : 0
	HBM Capacity(MB)               : 65536
	HBM Usage Rate(%)              : 5
	Aicore Usage Rate(%)           : 0
	Aivector Usage Rate(%)         : 0
	Aicpu Usage Rate(%)            : 0
	Ctrlcpu Usage Rate(%)          : 4
	DDR Bandwidth Usage Rate(%)    : 0
	HBM Bandwidth Usage Rate(%)    : 0
	NPU Utilization(%)             : 0
	Aicube Usage Rate(%)           : 0
	No process in device.
Error: cannot run top on container fca65b17c7696be0978c024206dce045576ad0d5017576dab9c64493f5b57e1c as it did not create a cgroup: this container does not have a cgroup
timestamp_ns=1785749365785475192
	DDR Capacity(MB)               : 0
	DDR Usage Rate(%)              : 0
	DDR Hugepages Total(page)      : 0
	DDR Hugepages Usage Rate(%)    : 0
	HBM Capacity(MB)               : 65536
	HBM Usage Rate(%)              : 5
	Aicore Usage Rate(%)           : 0
	Aivector Usage Rate(%)         : 0
	Aicpu Usage Rate(%)            : 0
	Ctrlcpu Usage Rate(%)          : 3
	DDR Bandwidth Usage Rate(%)    : 0
	HBM Bandwidth Usage Rate(%)    : 0
	NPU Utilization(%)             : 0
	Aicube Usage Rate(%)           : 0
	No process in device.
Error: cannot run top on container fca65b17c7696be0978c024206dce045576ad0d5017576dab9c64493f5b57e1c as it did not create a cgroup: this container does not have a cgroup
timestamp_ns=1785749367963287222
	DDR Capacity(MB)               : 0
	DDR Usage Rate(%)              : 0
	DDR Hugepages Total(page)      : 0
	DDR Hugepages Usage Rate(%)    : 0
	HBM Capacity(MB)               : 65536
	HBM Usage Rate(%)              : 5
	Aicore Usage Rate(%)           : 0
	Aivector Usage Rate(%)         : 0
	Aicpu Usage Rate(%)            : 0
	Ctrlcpu Usage Rate(%)          : 2
	DDR Bandwidth Usage Rate(%)    : 0
	HBM Bandwidth Usage Rate(%)    : 0
	NPU Utilization(%)             : 0
	Aicube Usage Rate(%)           : 0
	No process in device.
Error: cannot run top on container fca65b17c7696be0978c024206dce045576ad0d5017576dab9c64493f5b57e1c as it did not create a cgroup: this container does not have a cgroup
timestamp_ns=1785749370139014593
	DDR Capacity(MB)               : 0
	DDR Usage Rate(%)              : 0
	DDR Hugepages Total(page)      : 0
	DDR Hugepages Usage Rate(%)    : 0
	HBM Capacity(MB)               : 65536
	HBM Usage Rate(%)              : 5
	Aicore Usage Rate(%)           : 0
	Aivector Usage Rate(%)         : 0
	Aicpu Usage Rate(%)            : 0
	Ctrlcpu Usage Rate(%)          : 3
	DDR Bandwidth Usage Rate(%)    : 0
	HBM Bandwidth Usage Rate(%)    : 0
	NPU Utilization(%)             : 0
	Aicube Usage Rate(%)           : 0
	No process in device.
Error: cannot run top on container fca65b17c7696be0978c024206dce045576ad0d5017576dab9c64493f5b57e1c as it did not create a cgroup: this container does not have a cgroup
timestamp_ns=1785749372318624581
	DDR Capacity(MB)               : 0
	DDR Usage Rate(%)              : 0
	DDR Hugepages Total(page)      : 0
	DDR Hugepages Usage Rate(%)    : 0
	HBM Capacity(MB)               : 65536
	HBM Usage Rate(%)              : 5
	Aicore Usage Rate(%)           : 0
	Aivector Usage Rate(%)         : 0
	Aicpu Usage Rate(%)            : 0
	Ctrlcpu Usage Rate(%)          : 5
	DDR Bandwidth Usage Rate(%)    : 0
	HBM Bandwidth Usage Rate(%)    : 0
	NPU Utilization(%)             : 0
	Aicube Usage Rate(%)           : 0
	No process in device.
Error: cannot run top on container fca65b17c7696be0978c024206dce045576ad0d5017576dab9c64493f5b57e1c as it did not create a cgroup: this container does not have a cgroup
timestamp_ns=1785749374491038800
	DDR Capacity(MB)               : 0
	DDR Usage Rate(%)              : 0
	DDR Hugepages Total(page)      : 0
	DDR Hugepages Usage Rate(%)    : 0
	HBM Capacity(MB)               : 65536
	HBM Usage Rate(%)              : 5
	Aicore Usage Rate(%)           : 0
	Aivector Usage Rate(%)         : 0
	Aicpu Usage Rate(%)            : 0
	Ctrlcpu Usage Rate(%)          : 1
	DDR Bandwidth Usage Rate(%)    : 0
	HBM Bandwidth Usage Rate(%)    : 0
	NPU Utilization(%)             : 0
	Aicube Usage Rate(%)           : 0
	No process in device.
Error: cannot run top on container fca65b17c7696be0978c024206dce045576ad0d5017576dab9c64493f5b57e1c as it did not create a cgroup: this container does not have a cgroup
timestamp_ns=1785749376653377640
	DDR Capacity(MB)               : 0
	DDR Usage Rate(%)              : 0
	DDR Hugepages Total(page)      : 0
	DDR Hugepages Usage Rate(%)    : 0
	HBM Capacity(MB)               : 65536
	HBM Usage Rate(%)              : 5
	Aicore Usage Rate(%)           : 0
	Aivector Usage Rate(%)         : 0
	Aicpu Usage Rate(%)            : 0
	Ctrlcpu Usage Rate(%)          : 3
	DDR Bandwidth Usage Rate(%)    : 0
	HBM Bandwidth Usage Rate(%)    : 0
	NPU Utilization(%)             : 0
	Aicube Usage Rate(%)           : 0
	No process in device.
Error: cannot run top on container fca65b17c7696be0978c024206dce045576ad0d5017576dab9c64493f5b57e1c as it did not create a cgroup: this container does not have a cgroup
timestamp_ns=1785749378858466358
	DDR Capacity(MB)               : 0
	DDR Usage Rate(%)              : 0
	DDR Hugepages Total(page)      : 0
	DDR Hugepages Usage Rate(%)    : 0
	HBM Capacity(MB)               : 65536
	HBM Usage Rate(%)              : 5
	Aicore Usage Rate(%)           : 0
	Aivector Usage Rate(%)         : 0
	Aicpu Usage Rate(%)            : 0
	Ctrlcpu Usage Rate(%)          : 3
	DDR Bandwidth Usage Rate(%)    : 0
	HBM Bandwidth Usage Rate(%)    : 0
	NPU Utilization(%)             : 0
	Aicube Usage Rate(%)           : 0
	No process in device.
Error: cannot run top on container fca65b17c7696be0978c024206dce045576ad0d5017576dab9c64493f5b57e1c as it did not create a cgroup: this container does not have a cgroup
timestamp_ns=1785749381028021832
	DDR Capacity(MB)               : 0
	DDR Usage Rate(%)              : 0
	DDR Hugepages Total(page)      : 0
	DDR Hugepages Usage Rate(%)    : 0
	HBM Capacity(MB)               : 65536
	HBM Usage Rate(%)              : 5
	Aicore Usage Rate(%)           : 0
	Aivector Usage Rate(%)         : 0
	Aicpu Usage Rate(%)            : 0
	Ctrlcpu Usage Rate(%)          : 1
	DDR Bandwidth Usage Rate(%)    : 0
	HBM Bandwidth Usage Rate(%)    : 0
	NPU Utilization(%)             : 0
	Aicube Usage Rate(%)           : 0
	No process in device.
Error: cannot run top on container fca65b17c7696be0978c024206dce045576ad0d5017576dab9c64493f5b57e1c as it did not create a cgroup: this container does not have a cgroup
timestamp_ns=1785749383182591140
	DDR Capacity(MB)               : 0
	DDR Usage Rate(%)              : 0
	DDR Hugepages Total(page)      : 0
	DDR Hugepages Usage Rate(%)    : 0
	HBM Capacity(MB)               : 65536
	HBM Usage Rate(%)              : 5
	Aicore Usage Rate(%)           : 0
	Aivector Usage Rate(%)         : 0
	Aicpu Usage Rate(%)            : 0
	Ctrlcpu Usage Rate(%)          : 4
	DDR Bandwidth Usage Rate(%)    : 0
	HBM Bandwidth Usage Rate(%)    : 0
	NPU Utilization(%)             : 0
	Aicube Usage Rate(%)           : 0
	No process in device.
Error: cannot run top on container fca65b17c7696be0978c024206dce045576ad0d5017576dab9c64493f5b57e1c as it did not create a cgroup: this container does not have a cgroup
timestamp_ns=1785749385334636634
	DDR Capacity(MB)               : 0
	DDR Usage Rate(%)              : 0
	DDR Hugepages Total(page)      : 0
	DDR Hugepages Usage Rate(%)    : 0
	HBM Capacity(MB)               : 65536
	HBM Usage Rate(%)              : 5
	Aicore Usage Rate(%)           : 0
	Aivector Usage Rate(%)         : 0
	Aicpu Usage Rate(%)            : 0
	Ctrlcpu Usage Rate(%)          : 8
	DDR Bandwidth Usage Rate(%)    : 0
	HBM Bandwidth Usage Rate(%)    : 0
	NPU Utilization(%)             : 0
	Aicube Usage Rate(%)           : 0
	No process in device.
Error: cannot run top on container fca65b17c7696be0978c024206dce045576ad0d5017576dab9c64493f5b57e1c as it did not create a cgroup: this container does not have a cgroup
timestamp_ns=1785749387553093709
	DDR Capacity(MB)               : 0
	DDR Usage Rate(%)              : 0
	DDR Hugepages Total(page)      : 0
	DDR Hugepages Usage Rate(%)    : 0
	HBM Capacity(MB)               : 65536
	HBM Usage Rate(%)              : 5
	Aicore Usage Rate(%)           : 0
	Aivector Usage Rate(%)         : 0
	Aicpu Usage Rate(%)            : 0
	Ctrlcpu Usage Rate(%)          : 6
	DDR Bandwidth Usage Rate(%)    : 0
	HBM Bandwidth Usage Rate(%)    : 0
	NPU Utilization(%)             : 0
	Aicube Usage Rate(%)           : 0
	No process in device.
Error: cannot run top on container fca65b17c7696be0978c024206dce045576ad0d5017576dab9c64493f5b57e1c as it did not create a cgroup: this container does not have a cgroup
timestamp_ns=1785749389730624618
	DDR Capacity(MB)               : 0
	DDR Usage Rate(%)              : 0
	DDR Hugepages Total(page)      : 0
	DDR Hugepages Usage Rate(%)    : 0
	HBM Capacity(MB)               : 65536
	HBM Usage Rate(%)              : 5
	Aicore Usage Rate(%)           : 0
	Aivector Usage Rate(%)         : 0
	Aicpu Usage Rate(%)            : 0
	Ctrlcpu Usage Rate(%)          : 4
	DDR Bandwidth Usage Rate(%)    : 0
	HBM Bandwidth Usage Rate(%)    : 0
	NPU Utilization(%)             : 0
	Aicube Usage Rate(%)           : 0
	No process in device.
Error: cannot run top on container fca65b17c7696be0978c024206dce045576ad0d5017576dab9c64493f5b57e1c as it did not create a cgroup: this container does not have a cgroup
timestamp_ns=1785749391879693350
	DDR Capacity(MB)               : 0
	DDR Usage Rate(%)              : 0
	DDR Hugepages Total(page)      : 0
	DDR Hugepages Usage Rate(%)    : 0
	HBM Capacity(MB)               : 65536
	HBM Usage Rate(%)              : 5
	Aicore Usage Rate(%)           : 0
	Aivector Usage Rate(%)         : 0
	Aicpu Usage Rate(%)            : 0
	Ctrlcpu Usage Rate(%)          : 1
	DDR Bandwidth Usage Rate(%)    : 0
	HBM Bandwidth Usage Rate(%)    : 0
	NPU Utilization(%)             : 0
	Aicube Usage Rate(%)           : 0
	No process in device.
Error: cannot run top on container fca65b17c7696be0978c024206dce045576ad0d5017576dab9c64493f5b57e1c as it did not create a cgroup: this container does not have a cgroup
timestamp_ns=1785749394048131454
	DDR Capacity(MB)               : 0
	DDR Usage Rate(%)              : 0
	DDR Hugepages Total(page)      : 0
	DDR Hugepages Usage Rate(%)    : 0
	HBM Capacity(MB)               : 65536
	HBM Usage Rate(%)              : 5
	Aicore Usage Rate(%)           : 0
	Aivector Usage Rate(%)         : 0
	Aicpu Usage Rate(%)            : 0
	Ctrlcpu Usage Rate(%)          : 1
	DDR Bandwidth Usage Rate(%)    : 0
	HBM Bandwidth Usage Rate(%)    : 0
	NPU Utilization(%)             : 0
	Aicube Usage Rate(%)           : 0
	No process in device.
Error: cannot run top on container fca65b17c7696be0978c024206dce045576ad0d5017576dab9c64493f5b57e1c as it did not create a cgroup: this container does not have a cgroup
timestamp_ns=1785749396216047972
	DDR Capacity(MB)               : 0
	DDR Usage Rate(%)              : 0
	DDR Hugepages Total(page)      : 0
	DDR Hugepages Usage Rate(%)    : 0
	HBM Capacity(MB)               : 65536
	HBM Usage Rate(%)              : 5
	Aicore Usage Rate(%)           : 0
	Aivector Usage Rate(%)         : 0
	Aicpu Usage Rate(%)            : 0
	Ctrlcpu Usage Rate(%)          : 0
	DDR Bandwidth Usage Rate(%)    : 0
	HBM Bandwidth Usage Rate(%)    : 0
	NPU Utilization(%)             : 0
	Aicube Usage Rate(%)           : 0
	No process in device.
Error: cannot run top on container fca65b17c7696be0978c024206dce045576ad0d5017576dab9c64493f5b57e1c as it did not create a cgroup: this container does not have a cgroup
timestamp_ns=1785749398515336032
	DDR Capacity(MB)               : 0
	DDR Usage Rate(%)              : 0
	DDR Hugepages Total(page)      : 0
	DDR Hugepages Usage Rate(%)    : 0
	HBM Capacity(MB)               : 65536
	HBM Usage Rate(%)              : 5
	Aicore Usage Rate(%)           : 0
	Aivector Usage Rate(%)         : 0
	Aicpu Usage Rate(%)            : 0
	Ctrlcpu Usage Rate(%)          : 1
	DDR Bandwidth Usage Rate(%)    : 0
	HBM Bandwidth Usage Rate(%)    : 0
	NPU Utilization(%)             : 0
	Aicube Usage Rate(%)           : 0
	No process in device.
Error: cannot run top on container fca65b17c7696be0978c024206dce045576ad0d5017576dab9c64493f5b57e1c as it did not create a cgroup: this container does not have a cgroup
timestamp_ns=1785749400695601557
	DDR Capacity(MB)               : 0
	DDR Usage Rate(%)              : 0
	DDR Hugepages Total(page)      : 0
	DDR Hugepages Usage Rate(%)    : 0
	HBM Capacity(MB)               : 65536
	HBM Usage Rate(%)              : 5
	Aicore Usage Rate(%)           : 0
	Aivector Usage Rate(%)         : 0
	Aicpu Usage Rate(%)            : 0
	Ctrlcpu Usage Rate(%)          : 4
	DDR Bandwidth Usage Rate(%)    : 0
	HBM Bandwidth Usage Rate(%)    : 0
	NPU Utilization(%)             : 0
	Aicube Usage Rate(%)           : 0
	No process in device.
Error: cannot run top on container fca65b17c7696be0978c024206dce045576ad0d5017576dab9c64493f5b57e1c as it did not create a cgroup: this container does not have a cgroup
timestamp_ns=1785749402868716568
	DDR Capacity(MB)               : 0
	DDR Usage Rate(%)              : 0
	DDR Hugepages Total(page)      : 0
	DDR Hugepages Usage Rate(%)    : 0
	HBM Capacity(MB)               : 65536
	HBM Usage Rate(%)              : 5
	Aicore Usage Rate(%)           : 0
	Aivector Usage Rate(%)         : 0
	Aicpu Usage Rate(%)            : 0
	Ctrlcpu Usage Rate(%)          : 7
	DDR Bandwidth Usage Rate(%)    : 0
	HBM Bandwidth Usage Rate(%)    : 0
	NPU Utilization(%)             : 0
	Aicube Usage Rate(%)           : 0
	No process in device.
Error: cannot run top on container fca65b17c7696be0978c024206dce045576ad0d5017576dab9c64493f5b57e1c as it did not create a cgroup: this container does not have a cgroup
timestamp_ns=1785749405054400466
	DDR Capacity(MB)               : 0
	DDR Usage Rate(%)              : 0
	DDR Hugepages Total(page)      : 0
	DDR Hugepages Usage Rate(%)    : 0
	HBM Capacity(MB)               : 65536
	HBM Usage Rate(%)              : 5
	Aicore Usage Rate(%)           : 0
	Aivector Usage Rate(%)         : 0
	Aicpu Usage Rate(%)            : 0
	Ctrlcpu Usage Rate(%)          : 5
	DDR Bandwidth Usage Rate(%)    : 0
	HBM Bandwidth Usage Rate(%)    : 0
	NPU Utilization(%)             : 0
	Aicube Usage Rate(%)           : 0
	No process in device.
Error: cannot run top on container fca65b17c7696be0978c024206dce045576ad0d5017576dab9c64493f5b57e1c as it did not create a cgroup: this container does not have a cgroup
timestamp_ns=1785749407254616646
	DDR Capacity(MB)               : 0
	DDR Usage Rate(%)              : 0
	DDR Hugepages Total(page)      : 0
	DDR Hugepages Usage Rate(%)    : 0
	HBM Capacity(MB)               : 65536
	HBM Usage Rate(%)              : 5
	Aicore Usage Rate(%)           : 0
	Aivector Usage Rate(%)         : 0
	Aicpu Usage Rate(%)            : 0
	Ctrlcpu Usage Rate(%)          : 4
	DDR Bandwidth Usage Rate(%)    : 0
	HBM Bandwidth Usage Rate(%)    : 0
	NPU Utilization(%)             : 0
	Aicube Usage Rate(%)           : 0
	No process in device.
Error: cannot run top on container fca65b17c7696be0978c024206dce045576ad0d5017576dab9c64493f5b57e1c as it did not create a cgroup: this container does not have a cgroup
timestamp_ns=1785749409446359472
	DDR Capacity(MB)               : 0
	DDR Usage Rate(%)              : 0
	DDR Hugepages Total(page)      : 0
	DDR Hugepages Usage Rate(%)    : 0
	HBM Capacity(MB)               : 65536
	HBM Usage Rate(%)              : 5
	Aicore Usage Rate(%)           : 0
	Aivector Usage Rate(%)         : 0
	Aicpu Usage Rate(%)            : 0
	Ctrlcpu Usage Rate(%)          : 2
	DDR Bandwidth Usage Rate(%)    : 0
	HBM Bandwidth Usage Rate(%)    : 0
	NPU Utilization(%)             : 0
	Aicube Usage Rate(%)           : 0
	No process in device.
Error: cannot run top on container fca65b17c7696be0978c024206dce045576ad0d5017576dab9c64493f5b57e1c as it did not create a cgroup: this container does not have a cgroup
timestamp_ns=1785749411608722980
	DDR Capacity(MB)               : 0
	DDR Usage Rate(%)              : 0
	DDR Hugepages Total(page)      : 0
	DDR Hugepages Usage Rate(%)    : 0
	HBM Capacity(MB)               : 65536
	HBM Usage Rate(%)              : 5
	Aicore Usage Rate(%)           : 0
	Aivector Usage Rate(%)         : 0
	Aicpu Usage Rate(%)            : 0
	Ctrlcpu Usage Rate(%)          : 2
	DDR Bandwidth Usage Rate(%)    : 0
	HBM Bandwidth Usage Rate(%)    : 0
	NPU Utilization(%)             : 0
	Aicube Usage Rate(%)           : 0
	No process in device.
Error: cannot run top on container fca65b17c7696be0978c024206dce045576ad0d5017576dab9c64493f5b57e1c as it did not create a cgroup: this container does not have a cgroup
timestamp_ns=1785749413774400216
	DDR Capacity(MB)               : 0
	DDR Usage Rate(%)              : 0
	DDR Hugepages Total(page)      : 0
	DDR Hugepages Usage Rate(%)    : 0
	HBM Capacity(MB)               : 65536
	HBM Usage Rate(%)              : 5
	Aicore Usage Rate(%)           : 0
	Aivector Usage Rate(%)         : 0
	Aicpu Usage Rate(%)            : 0
	Ctrlcpu Usage Rate(%)          : 1
	DDR Bandwidth Usage Rate(%)    : 0
	HBM Bandwidth Usage Rate(%)    : 0
	NPU Utilization(%)             : 0
	Aicube Usage Rate(%)           : 0
	No process in device.
Error: cannot run top on container fca65b17c7696be0978c024206dce045576ad0d5017576dab9c64493f5b57e1c as it did not create a cgroup: this container does not have a cgroup
timestamp_ns=1785749415937137213
	DDR Capacity(MB)               : 0
	DDR Usage Rate(%)              : 0
	DDR Hugepages Total(page)      : 0
	DDR Hugepages Usage Rate(%)    : 0
	HBM Capacity(MB)               : 65536
	HBM Usage Rate(%)              : 5
	Aicore Usage Rate(%)           : 0
	Aivector Usage Rate(%)         : 0
	Aicpu Usage Rate(%)            : 0
	Ctrlcpu Usage Rate(%)          : 4
	DDR Bandwidth Usage Rate(%)    : 0
	HBM Bandwidth Usage Rate(%)    : 0
	NPU Utilization(%)             : 0
	Aicube Usage Rate(%)           : 0
	No process in device.
Error: cannot run top on container fca65b17c7696be0978c024206dce045576ad0d5017576dab9c64493f5b57e1c as it did not create a cgroup: this container does not have a cgroup
timestamp_ns=1785749418135304915
	DDR Capacity(MB)               : 0
	DDR Usage Rate(%)              : 0
	DDR Hugepages Total(page)      : 0
	DDR Hugepages Usage Rate(%)    : 0
	HBM Capacity(MB)               : 65536
	HBM Usage Rate(%)              : 5
	Aicore Usage Rate(%)           : 0
	Aivector Usage Rate(%)         : 0
	Aicpu Usage Rate(%)            : 0
	Ctrlcpu Usage Rate(%)          : 0
	DDR Bandwidth Usage Rate(%)    : 0
	HBM Bandwidth Usage Rate(%)    : 0
	NPU Utilization(%)             : 0
	Aicube Usage Rate(%)           : 0
	No process in device.
Error: cannot run top on container fca65b17c7696be0978c024206dce045576ad0d5017576dab9c64493f5b57e1c as it did not create a cgroup: this container does not have a cgroup
timestamp_ns=1785749420300845656
	DDR Capacity(MB)               : 0
	DDR Usage Rate(%)              : 0
	DDR Hugepages Total(page)      : 0
	DDR Hugepages Usage Rate(%)    : 0
	HBM Capacity(MB)               : 65536
	HBM Usage Rate(%)              : 5
	Aicore Usage Rate(%)           : 0
	Aivector Usage Rate(%)         : 0
	Aicpu Usage Rate(%)            : 0
	Ctrlcpu Usage Rate(%)          : 0
	DDR Bandwidth Usage Rate(%)    : 0
	HBM Bandwidth Usage Rate(%)    : 0
	NPU Utilization(%)             : 0
	Aicube Usage Rate(%)           : 0
	No process in device.
Error: cannot run top on container fca65b17c7696be0978c024206dce045576ad0d5017576dab9c64493f5b57e1c as it did not create a cgroup: this container does not have a cgroup
timestamp_ns=1785749422472784059
	DDR Capacity(MB)               : 0
	DDR Usage Rate(%)              : 0
	DDR Hugepages Total(page)      : 0
	DDR Hugepages Usage Rate(%)    : 0
	HBM Capacity(MB)               : 65536
	HBM Usage Rate(%)              : 5
	Aicore Usage Rate(%)           : 0
	Aivector Usage Rate(%)         : 0
	Aicpu Usage Rate(%)            : 0
	Ctrlcpu Usage Rate(%)          : 3
	DDR Bandwidth Usage Rate(%)    : 0
	HBM Bandwidth Usage Rate(%)    : 0
	NPU Utilization(%)             : 0
	Aicube Usage Rate(%)           : 0
	No process in device.
Error: cannot run top on container fca65b17c7696be0978c024206dce045576ad0d5017576dab9c64493f5b57e1c as it did not create a cgroup: this container does not have a cgroup
timestamp_ns=1785749424650180571
	DDR Capacity(MB)               : 0
	DDR Usage Rate(%)              : 0
	DDR Hugepages Total(page)      : 0
	DDR Hugepages Usage Rate(%)    : 0
	HBM Capacity(MB)               : 65536
	HBM Usage Rate(%)              : 5
	Aicore Usage Rate(%)           : 0
	Aivector Usage Rate(%)         : 0
	Aicpu Usage Rate(%)            : 0
	Ctrlcpu Usage Rate(%)          : 4
	DDR Bandwidth Usage Rate(%)    : 0
	HBM Bandwidth Usage Rate(%)    : 0
	NPU Utilization(%)             : 0
	Aicube Usage Rate(%)           : 0
	No process in device.
Error: cannot run top on container fca65b17c7696be0978c024206dce045576ad0d5017576dab9c64493f5b57e1c as it did not create a cgroup: this container does not have a cgroup
timestamp_ns=1785749426823988469
	DDR Capacity(MB)               : 0
	DDR Usage Rate(%)              : 0
	DDR Hugepages Total(page)      : 0
	DDR Hugepages Usage Rate(%)    : 0
	HBM Capacity(MB)               : 65536
	HBM Usage Rate(%)              : 5
	Aicore Usage Rate(%)           : 0
	Aivector Usage Rate(%)         : 0
	Aicpu Usage Rate(%)            : 0
	Ctrlcpu Usage Rate(%)          : 2
	DDR Bandwidth Usage Rate(%)    : 0
	HBM Bandwidth Usage Rate(%)    : 0
	NPU Utilization(%)             : 0
	Aicube Usage Rate(%)           : 0
	No process in device.
Error: cannot run top on container fca65b17c7696be0978c024206dce045576ad0d5017576dab9c64493f5b57e1c as it did not create a cgroup: this container does not have a cgroup
timestamp_ns=1785749428997982702
	DDR Capacity(MB)               : 0
	DDR Usage Rate(%)              : 0
	DDR Hugepages Total(page)      : 0
	DDR Hugepages Usage Rate(%)    : 0
	HBM Capacity(MB)               : 65536
	HBM Usage Rate(%)              : 5
	Aicore Usage Rate(%)           : 0
	Aivector Usage Rate(%)         : 0
	Aicpu Usage Rate(%)            : 0
	Ctrlcpu Usage Rate(%)          : 18
	DDR Bandwidth Usage Rate(%)    : 0
	HBM Bandwidth Usage Rate(%)    : 0
	NPU Utilization(%)             : 0
	Aicube Usage Rate(%)           : 0
	Get pid name failed.
	Process id:1657446 Process name:                  Process memory(MB):116
Error: cannot run top on container fca65b17c7696be0978c024206dce045576ad0d5017576dab9c64493f5b57e1c as it did not create a cgroup: this container does not have a cgroup
timestamp_ns=1785749431194118444
	DDR Capacity(MB)               : 0
	DDR Usage Rate(%)              : 0
	DDR Hugepages Total(page)      : 0
	DDR Hugepages Usage Rate(%)    : 0
	HBM Capacity(MB)               : 65536
	HBM Usage Rate(%)              : 28
	Aicore Usage Rate(%)           : 0
	Aivector Usage Rate(%)         : 0
	Aicpu Usage Rate(%)            : 0
	Ctrlcpu Usage Rate(%)          : 18
	DDR Bandwidth Usage Rate(%)    : 0
	HBM Bandwidth Usage Rate(%)    : 0
	NPU Utilization(%)             : 0
	Aicube Usage Rate(%)           : 0
	Get pid name failed.
	Process id:1657446 Process name:                  Process memory(MB):14710
Error: cannot run top on container fca65b17c7696be0978c024206dce045576ad0d5017576dab9c64493f5b57e1c as it did not create a cgroup: this container does not have a cgroup
timestamp_ns=1785749433389876727
	DDR Capacity(MB)               : 0
	DDR Usage Rate(%)              : 0
	DDR Hugepages Total(page)      : 0
	DDR Hugepages Usage Rate(%)    : 0
	HBM Capacity(MB)               : 65536
	HBM Usage Rate(%)              : 27
	Aicore Usage Rate(%)           : 0
	Aivector Usage Rate(%)         : 0
	Aicpu Usage Rate(%)            : 0
	Ctrlcpu Usage Rate(%)          : 2
	DDR Bandwidth Usage Rate(%)    : 0
	HBM Bandwidth Usage Rate(%)    : 0
	NPU Utilization(%)             : 0
	Aicube Usage Rate(%)           : 0
	Get pid name failed.
	Process id:1657446 Process name:                  Process memory(MB):14710
Error: cannot run top on container fca65b17c7696be0978c024206dce045576ad0d5017576dab9c64493f5b57e1c as it did not create a cgroup: this container does not have a cgroup
timestamp_ns=1785749435576752494
	DDR Capacity(MB)               : 0
	DDR Usage Rate(%)              : 0
	DDR Hugepages Total(page)      : 0
	DDR Hugepages Usage Rate(%)    : 0
	HBM Capacity(MB)               : 65536
	HBM Usage Rate(%)              : 27
	Aicore Usage Rate(%)           : 0
	Aivector Usage Rate(%)         : 0
	Aicpu Usage Rate(%)            : 0
	Ctrlcpu Usage Rate(%)          : 3
	DDR Bandwidth Usage Rate(%)    : 0
	HBM Bandwidth Usage Rate(%)    : 0
	NPU Utilization(%)             : 0
	Aicube Usage Rate(%)           : 0
	Get pid name failed.
	Process id:1657446 Process name:                  Process memory(MB):14710
Error: cannot run top on container fca65b17c7696be0978c024206dce045576ad0d5017576dab9c64493f5b57e1c as it did not create a cgroup: this container does not have a cgroup
timestamp_ns=1785749437761929382
	DDR Capacity(MB)               : 0
	DDR Usage Rate(%)              : 0
	DDR Hugepages Total(page)      : 0
	DDR Hugepages Usage Rate(%)    : 0
	HBM Capacity(MB)               : 65536
	HBM Usage Rate(%)              : 27
	Aicore Usage Rate(%)           : 0
	Aivector Usage Rate(%)         : 0
	Aicpu Usage Rate(%)            : 0
	Ctrlcpu Usage Rate(%)          : 4
	DDR Bandwidth Usage Rate(%)    : 0
	HBM Bandwidth Usage Rate(%)    : 0
	NPU Utilization(%)             : 0
	Aicube Usage Rate(%)           : 0
	Get pid name failed.
	Process id:1657446 Process name:                  Process memory(MB):14710
Error: cannot run top on container fca65b17c7696be0978c024206dce045576ad0d5017576dab9c64493f5b57e1c as it did not create a cgroup: this container does not have a cgroup
timestamp_ns=1785749439947015600
	DDR Capacity(MB)               : 0
	DDR Usage Rate(%)              : 0
	DDR Hugepages Total(page)      : 0
	DDR Hugepages Usage Rate(%)    : 0
	HBM Capacity(MB)               : 65536
	HBM Usage Rate(%)              : 27
	Aicore Usage Rate(%)           : 0
	Aivector Usage Rate(%)         : 0
	Aicpu Usage Rate(%)            : 0
	Ctrlcpu Usage Rate(%)          : 4
	DDR Bandwidth Usage Rate(%)    : 0
	HBM Bandwidth Usage Rate(%)    : 0
	NPU Utilization(%)             : 0
	Aicube Usage Rate(%)           : 0
	Get pid name failed.
	Process id:1657446 Process name:                  Process memory(MB):14710
Error: cannot run top on container fca65b17c7696be0978c024206dce045576ad0d5017576dab9c64493f5b57e1c as it did not create a cgroup: this container does not have a cgroup
timestamp_ns=1785749442147503118
	DDR Capacity(MB)               : 0
	DDR Usage Rate(%)              : 0
	DDR Hugepages Total(page)      : 0
	DDR Hugepages Usage Rate(%)    : 0
	HBM Capacity(MB)               : 65536
	HBM Usage Rate(%)              : 27
	Aicore Usage Rate(%)           : 0
	Aivector Usage Rate(%)         : 0
	Aicpu Usage Rate(%)            : 0
	Ctrlcpu Usage Rate(%)          : 5
	DDR Bandwidth Usage Rate(%)    : 0
	HBM Bandwidth Usage Rate(%)    : 0
	NPU Utilization(%)             : 0
	Aicube Usage Rate(%)           : 0
	Get pid name failed.
	Process id:1657446 Process name:                  Process memory(MB):14710
Error: cannot run top on container fca65b17c7696be0978c024206dce045576ad0d5017576dab9c64493f5b57e1c as it did not create a cgroup: this container does not have a cgroup
timestamp_ns=1785749444420599537
	DDR Capacity(MB)               : 0
	DDR Usage Rate(%)              : 0
	DDR Hugepages Total(page)      : 0
	DDR Hugepages Usage Rate(%)    : 0
	HBM Capacity(MB)               : 65536
	HBM Usage Rate(%)              : 27
	Aicore Usage Rate(%)           : 0
	Aivector Usage Rate(%)         : 0
	Aicpu Usage Rate(%)            : 0
	Ctrlcpu Usage Rate(%)          : 4
	DDR Bandwidth Usage Rate(%)    : 0
	HBM Bandwidth Usage Rate(%)    : 0
	NPU Utilization(%)             : 0
	Aicube Usage Rate(%)           : 0
	Get pid name failed.
	Process id:1657446 Process name:                  Process memory(MB):14710
Error: cannot run top on container fca65b17c7696be0978c024206dce045576ad0d5017576dab9c64493f5b57e1c as it did not create a cgroup: this container does not have a cgroup
timestamp_ns=1785749446631355554
	DDR Capacity(MB)               : 0
	DDR Usage Rate(%)              : 0
	DDR Hugepages Total(page)      : 0
	DDR Hugepages Usage Rate(%)    : 0
	HBM Capacity(MB)               : 65536
	HBM Usage Rate(%)              : 27
	Aicore Usage Rate(%)           : 0
	Aivector Usage Rate(%)         : 0
	Aicpu Usage Rate(%)            : 0
	Ctrlcpu Usage Rate(%)          : 5
	DDR Bandwidth Usage Rate(%)    : 0
	HBM Bandwidth Usage Rate(%)    : 0
	NPU Utilization(%)             : 0
	Aicube Usage Rate(%)           : 0
	Get pid name failed.
	Process id:1657446 Process name:                  Process memory(MB):14710
Error: cannot run top on container fca65b17c7696be0978c024206dce045576ad0d5017576dab9c64493f5b57e1c as it did not create a cgroup: this container does not have a cgroup
timestamp_ns=1785749448801440868
	DDR Capacity(MB)               : 0
	DDR Usage Rate(%)              : 0
	DDR Hugepages Total(page)      : 0
	DDR Hugepages Usage Rate(%)    : 0
	HBM Capacity(MB)               : 65536
	HBM Usage Rate(%)              : 27
	Aicore Usage Rate(%)           : 0
	Aivector Usage Rate(%)         : 0
	Aicpu Usage Rate(%)            : 0
	Ctrlcpu Usage Rate(%)          : 5
	DDR Bandwidth Usage Rate(%)    : 0
	HBM Bandwidth Usage Rate(%)    : 0
	NPU Utilization(%)             : 0
	Aicube Usage Rate(%)           : 0
	Get pid name failed.
	Process id:1657446 Process name:                  Process memory(MB):14710
Error: cannot run top on container fca65b17c7696be0978c024206dce045576ad0d5017576dab9c64493f5b57e1c as it did not create a cgroup: this container does not have a cgroup
timestamp_ns=1785749451002525935
	DDR Capacity(MB)               : 0
	DDR Usage Rate(%)              : 0
	DDR Hugepages Total(page)      : 0
	DDR Hugepages Usage Rate(%)    : 0
	HBM Capacity(MB)               : 65536
	HBM Usage Rate(%)              : 27
	Aicore Usage Rate(%)           : 0
	Aivector Usage Rate(%)         : 0
	Aicpu Usage Rate(%)            : 0
	Ctrlcpu Usage Rate(%)          : 1
	DDR Bandwidth Usage Rate(%)    : 0
	HBM Bandwidth Usage Rate(%)    : 0
	NPU Utilization(%)             : 0
	Aicube Usage Rate(%)           : 0
	Get pid name failed.
	Process id:1657446 Process name:                  Process memory(MB):14710
Error: cannot run top on container fca65b17c7696be0978c024206dce045576ad0d5017576dab9c64493f5b57e1c as it did not create a cgroup: this container does not have a cgroup
timestamp_ns=1785749453186116767
	DDR Capacity(MB)               : 0
	DDR Usage Rate(%)              : 0
	DDR Hugepages Total(page)      : 0
	DDR Hugepages Usage Rate(%)    : 0
	HBM Capacity(MB)               : 65536
	HBM Usage Rate(%)              : 27
	Aicore Usage Rate(%)           : 0
	Aivector Usage Rate(%)         : 0
	Aicpu Usage Rate(%)            : 0
	Ctrlcpu Usage Rate(%)          : 2
	DDR Bandwidth Usage Rate(%)    : 0
	HBM Bandwidth Usage Rate(%)    : 0
	NPU Utilization(%)             : 0
	Aicube Usage Rate(%)           : 0
	Get pid name failed.
	Process id:1657446 Process name:                  Process memory(MB):14710
Error: cannot run top on container fca65b17c7696be0978c024206dce045576ad0d5017576dab9c64493f5b57e1c as it did not create a cgroup: this container does not have a cgroup
timestamp_ns=1785749455369988118
	DDR Capacity(MB)               : 0
	DDR Usage Rate(%)              : 0
	DDR Hugepages Total(page)      : 0
	DDR Hugepages Usage Rate(%)    : 0
	HBM Capacity(MB)               : 65536
	HBM Usage Rate(%)              : 27
	Aicore Usage Rate(%)           : 0
	Aivector Usage Rate(%)         : 0
	Aicpu Usage Rate(%)            : 0
	Ctrlcpu Usage Rate(%)          : 3
	DDR Bandwidth Usage Rate(%)    : 0
	HBM Bandwidth Usage Rate(%)    : 0
	NPU Utilization(%)             : 0
	Aicube Usage Rate(%)           : 0
	Get pid name failed.
	Process id:1657446 Process name:                  Process memory(MB):14710
Error: cannot run top on container fca65b17c7696be0978c024206dce045576ad0d5017576dab9c64493f5b57e1c as it did not create a cgroup: this container does not have a cgroup
timestamp_ns=1785749457543117146
	DDR Capacity(MB)               : 0
	DDR Usage Rate(%)              : 0
	DDR Hugepages Total(page)      : 0
	DDR Hugepages Usage Rate(%)    : 0
	HBM Capacity(MB)               : 65536
	HBM Usage Rate(%)              : 27
	Aicore Usage Rate(%)           : 0
	Aivector Usage Rate(%)         : 0
	Aicpu Usage Rate(%)            : 0
	Ctrlcpu Usage Rate(%)          : 1
	DDR Bandwidth Usage Rate(%)    : 0
	HBM Bandwidth Usage Rate(%)    : 0
	NPU Utilization(%)             : 0
	Aicube Usage Rate(%)           : 0
	Get pid name failed.
	Process id:1657446 Process name:                  Process memory(MB):14710
Error: cannot run top on container fca65b17c7696be0978c024206dce045576ad0d5017576dab9c64493f5b57e1c as it did not create a cgroup: this container does not have a cgroup
timestamp_ns=1785749459732026402
	DDR Capacity(MB)               : 0
	DDR Usage Rate(%)              : 0
	DDR Hugepages Total(page)      : 0
	DDR Hugepages Usage Rate(%)    : 0
	HBM Capacity(MB)               : 65536
	HBM Usage Rate(%)              : 27
	Aicore Usage Rate(%)           : 0
	Aivector Usage Rate(%)         : 0
	Aicpu Usage Rate(%)            : 0
	Ctrlcpu Usage Rate(%)          : 2
	DDR Bandwidth Usage Rate(%)    : 0
	HBM Bandwidth Usage Rate(%)    : 0
	NPU Utilization(%)             : 0
	Aicube Usage Rate(%)           : 0
	Get pid name failed.
	Process id:1657446 Process name:                  Process memory(MB):14714
Error: cannot run top on container fca65b17c7696be0978c024206dce045576ad0d5017576dab9c64493f5b57e1c as it did not create a cgroup: this container does not have a cgroup
timestamp_ns=1785749461893229813
	DDR Capacity(MB)               : 0
	DDR Usage Rate(%)              : 0
	DDR Hugepages Total(page)      : 0
	DDR Hugepages Usage Rate(%)    : 0
	HBM Capacity(MB)               : 65536
	HBM Usage Rate(%)              : 27
	Aicore Usage Rate(%)           : 0
	Aivector Usage Rate(%)         : 0
	Aicpu Usage Rate(%)            : 0
	Ctrlcpu Usage Rate(%)          : 6
	DDR Bandwidth Usage Rate(%)    : 0
	HBM Bandwidth Usage Rate(%)    : 0
	NPU Utilization(%)             : 0
	Aicube Usage Rate(%)           : 0
	Get pid name failed.
	Process id:1657446 Process name:                  Process memory(MB):14714
Error: cannot run top on container fca65b17c7696be0978c024206dce045576ad0d5017576dab9c64493f5b57e1c as it did not create a cgroup: this container does not have a cgroup
timestamp_ns=1785749464286753754
	DDR Capacity(MB)               : 0
	DDR Usage Rate(%)              : 0
	DDR Hugepages Total(page)      : 0
	DDR Hugepages Usage Rate(%)    : 0
	HBM Capacity(MB)               : 65536
	HBM Usage Rate(%)              : 27
	Aicore Usage Rate(%)           : 0
	Aivector Usage Rate(%)         : 0
	Aicpu Usage Rate(%)            : 0
	Ctrlcpu Usage Rate(%)          : 0
	DDR Bandwidth Usage Rate(%)    : 0
	HBM Bandwidth Usage Rate(%)    : 0
	NPU Utilization(%)             : 0
	Aicube Usage Rate(%)           : 0
	Get pid name failed.
	Process id:1657446 Process name:                  Process memory(MB):14714
Error: cannot run top on container fca65b17c7696be0978c024206dce045576ad0d5017576dab9c64493f5b57e1c as it did not create a cgroup: this container does not have a cgroup
timestamp_ns=1785749466446596758
	DDR Capacity(MB)               : 0
	DDR Usage Rate(%)              : 0
	DDR Hugepages Total(page)      : 0
	DDR Hugepages Usage Rate(%)    : 0
	HBM Capacity(MB)               : 65536
	HBM Usage Rate(%)              : 27
	Aicore Usage Rate(%)           : 0
	Aivector Usage Rate(%)         : 0
	Aicpu Usage Rate(%)            : 0
	Ctrlcpu Usage Rate(%)          : 1
	DDR Bandwidth Usage Rate(%)    : 0
	HBM Bandwidth Usage Rate(%)    : 0
	NPU Utilization(%)             : 0
	Aicube Usage Rate(%)           : 0
	Get pid name failed.
	Process id:1657446 Process name:                  Process memory(MB):14714
Error: cannot run top on container fca65b17c7696be0978c024206dce045576ad0d5017576dab9c64493f5b57e1c as it did not create a cgroup: this container does not have a cgroup
timestamp_ns=1785749468606709934
	DDR Capacity(MB)               : 0
	DDR Usage Rate(%)              : 0
	DDR Hugepages Total(page)      : 0
	DDR Hugepages Usage Rate(%)    : 0
	HBM Capacity(MB)               : 65536
	HBM Usage Rate(%)              : 27
	Aicore Usage Rate(%)           : 0
	Aivector Usage Rate(%)         : 0
	Aicpu Usage Rate(%)            : 0
	Ctrlcpu Usage Rate(%)          : 1
	DDR Bandwidth Usage Rate(%)    : 0
	HBM Bandwidth Usage Rate(%)    : 0
	NPU Utilization(%)             : 0
	Aicube Usage Rate(%)           : 0
	Get pid name failed.
	Process id:1657446 Process name:                  Process memory(MB):14714
Error: cannot run top on container fca65b17c7696be0978c024206dce045576ad0d5017576dab9c64493f5b57e1c as it did not create a cgroup: this container does not have a cgroup
timestamp_ns=1785749470758708250
	DDR Capacity(MB)               : 0
	DDR Usage Rate(%)              : 0
	DDR Hugepages Total(page)      : 0
	DDR Hugepages Usage Rate(%)    : 0
	HBM Capacity(MB)               : 65536
	HBM Usage Rate(%)              : 27
	Aicore Usage Rate(%)           : 0
	Aivector Usage Rate(%)         : 0
	Aicpu Usage Rate(%)            : 0
	Ctrlcpu Usage Rate(%)          : 4
	DDR Bandwidth Usage Rate(%)    : 0
	HBM Bandwidth Usage Rate(%)    : 0
	NPU Utilization(%)             : 0
	Aicube Usage Rate(%)           : 0
	Get pid name failed.
	Process id:1657446 Process name:                  Process memory(MB):14714
Error: cannot run top on container fca65b17c7696be0978c024206dce045576ad0d5017576dab9c64493f5b57e1c as it did not create a cgroup: this container does not have a cgroup
timestamp_ns=1785749472920738834
	DDR Capacity(MB)               : 0
	DDR Usage Rate(%)              : 0
	DDR Hugepages Total(page)      : 0
	DDR Hugepages Usage Rate(%)    : 0
	HBM Capacity(MB)               : 65536
	HBM Usage Rate(%)              : 27
	Aicore Usage Rate(%)           : 0
	Aivector Usage Rate(%)         : 0
	Aicpu Usage Rate(%)            : 0
	Ctrlcpu Usage Rate(%)          : 0
	DDR Bandwidth Usage Rate(%)    : 0
	HBM Bandwidth Usage Rate(%)    : 0
	NPU Utilization(%)             : 0
	Aicube Usage Rate(%)           : 0
	Get pid name failed.
	Process id:1657446 Process name:                  Process memory(MB):14714
Error: cannot run top on container fca65b17c7696be0978c024206dce045576ad0d5017576dab9c64493f5b57e1c as it did not create a cgroup: this container does not have a cgroup
timestamp_ns=1785749475082425496
	DDR Capacity(MB)               : 0
	DDR Usage Rate(%)              : 0
	DDR Hugepages Total(page)      : 0
	DDR Hugepages Usage Rate(%)    : 0
	HBM Capacity(MB)               : 65536
	HBM Usage Rate(%)              : 27
	Aicore Usage Rate(%)           : 0
	Aivector Usage Rate(%)         : 0
	Aicpu Usage Rate(%)            : 0
	Ctrlcpu Usage Rate(%)          : 2
	DDR Bandwidth Usage Rate(%)    : 0
	HBM Bandwidth Usage Rate(%)    : 0
	NPU Utilization(%)             : 0
	Aicube Usage Rate(%)           : 0
	Get pid name failed.
	Process id:1657446 Process name:                  Process memory(MB):14714
Error: cannot run top on container fca65b17c7696be0978c024206dce045576ad0d5017576dab9c64493f5b57e1c as it did not create a cgroup: this container does not have a cgroup
timestamp_ns=1785749477259476885
	DDR Capacity(MB)               : 0
	DDR Usage Rate(%)              : 0
	DDR Hugepages Total(page)      : 0
	DDR Hugepages Usage Rate(%)    : 0
	HBM Capacity(MB)               : 65536
	HBM Usage Rate(%)              : 27
	Aicore Usage Rate(%)           : 0
	Aivector Usage Rate(%)         : 0
	Aicpu Usage Rate(%)            : 0
	Ctrlcpu Usage Rate(%)          : 2
	DDR Bandwidth Usage Rate(%)    : 0
	HBM Bandwidth Usage Rate(%)    : 0
	NPU Utilization(%)             : 0
	Aicube Usage Rate(%)           : 0
	Get pid name failed.
	Process id:1657446 Process name:                  Process memory(MB):14714
Error: cannot run top on container fca65b17c7696be0978c024206dce045576ad0d5017576dab9c64493f5b57e1c as it did not create a cgroup: this container does not have a cgroup
timestamp_ns=1785749479428290513
	DDR Capacity(MB)               : 0
	DDR Usage Rate(%)              : 0
	DDR Hugepages Total(page)      : 0
	DDR Hugepages Usage Rate(%)    : 0
	HBM Capacity(MB)               : 65536
	HBM Usage Rate(%)              : 27
	Aicore Usage Rate(%)           : 0
	Aivector Usage Rate(%)         : 0
	Aicpu Usage Rate(%)            : 0
	Ctrlcpu Usage Rate(%)          : 0
	DDR Bandwidth Usage Rate(%)    : 0
	HBM Bandwidth Usage Rate(%)    : 0
	NPU Utilization(%)             : 0
	Aicube Usage Rate(%)           : 0
	Get pid name failed.
	Process id:1657446 Process name:                  Process memory(MB):14782
Error: cannot run top on container fca65b17c7696be0978c024206dce045576ad0d5017576dab9c64493f5b57e1c as it did not create a cgroup: this container does not have a cgroup
timestamp_ns=1785749481633407307
	DDR Capacity(MB)               : 0
	DDR Usage Rate(%)              : 0
	DDR Hugepages Total(page)      : 0
	DDR Hugepages Usage Rate(%)    : 0
	HBM Capacity(MB)               : 65536
	HBM Usage Rate(%)              : 27
	Aicore Usage Rate(%)           : 0
	Aivector Usage Rate(%)         : 0
	Aicpu Usage Rate(%)            : 0
	Ctrlcpu Usage Rate(%)          : 2
	DDR Bandwidth Usage Rate(%)    : 0
	HBM Bandwidth Usage Rate(%)    : 0
	NPU Utilization(%)             : 0
	Aicube Usage Rate(%)           : 0
	Get pid name failed.
	Process id:1657446 Process name:                  Process memory(MB):14782
Error: cannot run top on container fca65b17c7696be0978c024206dce045576ad0d5017576dab9c64493f5b57e1c as it did not create a cgroup: this container does not have a cgroup
timestamp_ns=1785749483806516436
	DDR Capacity(MB)               : 0
	DDR Usage Rate(%)              : 0
	DDR Hugepages Total(page)      : 0
	DDR Hugepages Usage Rate(%)    : 0
	HBM Capacity(MB)               : 65536
	HBM Usage Rate(%)              : 27
	Aicore Usage Rate(%)           : 0
	Aivector Usage Rate(%)         : 0
	Aicpu Usage Rate(%)            : 0
	Ctrlcpu Usage Rate(%)          : 2
	DDR Bandwidth Usage Rate(%)    : 0
	HBM Bandwidth Usage Rate(%)    : 0
	NPU Utilization(%)             : 0
	Aicube Usage Rate(%)           : 0
	Get pid name failed.
	Process id:1657446 Process name:                  Process memory(MB):14782
Error: cannot run top on container fca65b17c7696be0978c024206dce045576ad0d5017576dab9c64493f5b57e1c as it did not create a cgroup: this container does not have a cgroup
timestamp_ns=1785749485973208686
	DDR Capacity(MB)               : 0
	DDR Usage Rate(%)              : 0
	DDR Hugepages Total(page)      : 0
	DDR Hugepages Usage Rate(%)    : 0
	HBM Capacity(MB)               : 65536
	HBM Usage Rate(%)              : 27
	Aicore Usage Rate(%)           : 0
	Aivector Usage Rate(%)         : 0
	Aicpu Usage Rate(%)            : 0
	Ctrlcpu Usage Rate(%)          : 3
	DDR Bandwidth Usage Rate(%)    : 0
	HBM Bandwidth Usage Rate(%)    : 0
	NPU Utilization(%)             : 0
	Aicube Usage Rate(%)           : 0
	Get pid name failed.
	Process id:1657446 Process name:                  Process memory(MB):14782
Error: cannot run top on container fca65b17c7696be0978c024206dce045576ad0d5017576dab9c64493f5b57e1c as it did not create a cgroup: this container does not have a cgroup
timestamp_ns=1785749488143519305
	DDR Capacity(MB)               : 0
	DDR Usage Rate(%)              : 0
	DDR Hugepages Total(page)      : 0
	DDR Hugepages Usage Rate(%)    : 0
	HBM Capacity(MB)               : 65536
	HBM Usage Rate(%)              : 27
	Aicore Usage Rate(%)           : 0
	Aivector Usage Rate(%)         : 0
	Aicpu Usage Rate(%)            : 0
	Ctrlcpu Usage Rate(%)          : 1
	DDR Bandwidth Usage Rate(%)    : 0
	HBM Bandwidth Usage Rate(%)    : 0
	NPU Utilization(%)             : 0
	Aicube Usage Rate(%)           : 0
	Get pid name failed.
	Process id:1657446 Process name:                  Process memory(MB):14782
Error: cannot run top on container fca65b17c7696be0978c024206dce045576ad0d5017576dab9c64493f5b57e1c as it did not create a cgroup: this container does not have a cgroup
timestamp_ns=1785749490275403298
	DDR Capacity(MB)               : 0
	DDR Usage Rate(%)              : 0
	DDR Hugepages Total(page)      : 0
	DDR Hugepages Usage Rate(%)    : 0
	HBM Capacity(MB)               : 65536
	HBM Usage Rate(%)              : 27
	Aicore Usage Rate(%)           : 0
	Aivector Usage Rate(%)         : 0
	Aicpu Usage Rate(%)            : 0
	Ctrlcpu Usage Rate(%)          : 3
	DDR Bandwidth Usage Rate(%)    : 0
	HBM Bandwidth Usage Rate(%)    : 0
	NPU Utilization(%)             : 0
	Aicube Usage Rate(%)           : 0
	Get pid name failed.
	Process id:1657446 Process name:                  Process memory(MB):14782
Error: cannot run top on container fca65b17c7696be0978c024206dce045576ad0d5017576dab9c64493f5b57e1c as it did not create a cgroup: this container does not have a cgroup
timestamp_ns=1785749492426993448
	DDR Capacity(MB)               : 0
	DDR Usage Rate(%)              : 0
	DDR Hugepages Total(page)      : 0
	DDR Hugepages Usage Rate(%)    : 0
	HBM Capacity(MB)               : 65536
	HBM Usage Rate(%)              : 27
	Aicore Usage Rate(%)           : 0
	Aivector Usage Rate(%)         : 0
	Aicpu Usage Rate(%)            : 0
	Ctrlcpu Usage Rate(%)          : 5
	DDR Bandwidth Usage Rate(%)    : 0
	HBM Bandwidth Usage Rate(%)    : 0
	NPU Utilization(%)             : 0
	Aicube Usage Rate(%)           : 0
	Get pid name failed.
	Process id:1657446 Process name:                  Process memory(MB):14782
Error: cannot run top on container fca65b17c7696be0978c024206dce045576ad0d5017576dab9c64493f5b57e1c as it did not create a cgroup: this container does not have a cgroup
timestamp_ns=1785749494584046991
	DDR Capacity(MB)               : 0
	DDR Usage Rate(%)              : 0
	DDR Hugepages Total(page)      : 0
	DDR Hugepages Usage Rate(%)    : 0
	HBM Capacity(MB)               : 65536
	HBM Usage Rate(%)              : 27
	Aicore Usage Rate(%)           : 0
	Aivector Usage Rate(%)         : 0
	Aicpu Usage Rate(%)            : 0
	Ctrlcpu Usage Rate(%)          : 1
	DDR Bandwidth Usage Rate(%)    : 0
	HBM Bandwidth Usage Rate(%)    : 0
	NPU Utilization(%)             : 0
	Aicube Usage Rate(%)           : 0
	Get pid name failed.
	Process id:1657446 Process name:                  Process memory(MB):14782
Error: cannot run top on container fca65b17c7696be0978c024206dce045576ad0d5017576dab9c64493f5b57e1c as it did not create a cgroup: this container does not have a cgroup
timestamp_ns=1785749496718828788
	DDR Capacity(MB)               : 0
	DDR Usage Rate(%)              : 0
	DDR Hugepages Total(page)      : 0
	DDR Hugepages Usage Rate(%)    : 0
	HBM Capacity(MB)               : 65536
	HBM Usage Rate(%)              : 27
	Aicore Usage Rate(%)           : 0
	Aivector Usage Rate(%)         : 0
	Aicpu Usage Rate(%)            : 0
	Ctrlcpu Usage Rate(%)          : 0
	DDR Bandwidth Usage Rate(%)    : 0
	HBM Bandwidth Usage Rate(%)    : 0
	NPU Utilization(%)             : 0
	Aicube Usage Rate(%)           : 0
	Get pid name failed.
	Process id:1657446 Process name:                  Process memory(MB):14782
Error: cannot run top on container fca65b17c7696be0978c024206dce045576ad0d5017576dab9c64493f5b57e1c as it did not create a cgroup: this container does not have a cgroup
timestamp_ns=1785749498878722815
	DDR Capacity(MB)               : 0
	DDR Usage Rate(%)              : 0
	DDR Hugepages Total(page)      : 0
	DDR Hugepages Usage Rate(%)    : 0
	HBM Capacity(MB)               : 65536
	HBM Usage Rate(%)              : 27
	Aicore Usage Rate(%)           : 0
	Aivector Usage Rate(%)         : 0
	Aicpu Usage Rate(%)            : 0
	Ctrlcpu Usage Rate(%)          : 2
	DDR Bandwidth Usage Rate(%)    : 0
	HBM Bandwidth Usage Rate(%)    : 0
	NPU Utilization(%)             : 0
	Aicube Usage Rate(%)           : 0
	Get pid name failed.
	Process id:1657446 Process name:                  Process memory(MB):14782
Error: cannot run top on container fca65b17c7696be0978c024206dce045576ad0d5017576dab9c64493f5b57e1c as it did not create a cgroup: this container does not have a cgroup
timestamp_ns=1785749501021455083
	DDR Capacity(MB)               : 0
	DDR Usage Rate(%)              : 0
	DDR Hugepages Total(page)      : 0
	DDR Hugepages Usage Rate(%)    : 0
	HBM Capacity(MB)               : 65536
	HBM Usage Rate(%)              : 27
	Aicore Usage Rate(%)           : 0
	Aivector Usage Rate(%)         : 0
	Aicpu Usage Rate(%)            : 0
	Ctrlcpu Usage Rate(%)          : 4
	DDR Bandwidth Usage Rate(%)    : 0
	HBM Bandwidth Usage Rate(%)    : 0
	NPU Utilization(%)             : 0
	Aicube Usage Rate(%)           : 0
	Get pid name failed.
	Process id:1657446 Process name:                  Process memory(MB):14782
Error: cannot run top on container fca65b17c7696be0978c024206dce045576ad0d5017576dab9c64493f5b57e1c as it did not create a cgroup: this container does not have a cgroup
timestamp_ns=1785749503152719860
	DDR Capacity(MB)               : 0
	DDR Usage Rate(%)              : 0
	DDR Hugepages Total(page)      : 0
	DDR Hugepages Usage Rate(%)    : 0
	HBM Capacity(MB)               : 65536
	HBM Usage Rate(%)              : 27
	Aicore Usage Rate(%)           : 0
	Aivector Usage Rate(%)         : 0
	Aicpu Usage Rate(%)            : 0
	Ctrlcpu Usage Rate(%)          : 1
	DDR Bandwidth Usage Rate(%)    : 0
	HBM Bandwidth Usage Rate(%)    : 0
	NPU Utilization(%)             : 0
	Aicube Usage Rate(%)           : 0
	Get pid name failed.
	Process id:1657446 Process name:                  Process memory(MB):14782
Error: cannot run top on container fca65b17c7696be0978c024206dce045576ad0d5017576dab9c64493f5b57e1c as it did not create a cgroup: this container does not have a cgroup
timestamp_ns=1785749505290481095
	DDR Capacity(MB)               : 0
	DDR Usage Rate(%)              : 0
	DDR Hugepages Total(page)      : 0
	DDR Hugepages Usage Rate(%)    : 0
	HBM Capacity(MB)               : 65536
	HBM Usage Rate(%)              : 28
	Aicore Usage Rate(%)           : 0
	Aivector Usage Rate(%)         : 0
	Aicpu Usage Rate(%)            : 0
	Ctrlcpu Usage Rate(%)          : 4
	DDR Bandwidth Usage Rate(%)    : 0
	HBM Bandwidth Usage Rate(%)    : 0
	NPU Utilization(%)             : 0
	Aicube Usage Rate(%)           : 0
	Get pid name failed.
	Process id:1657446 Process name:                  Process memory(MB):15134
Error: cannot run top on container fca65b17c7696be0978c024206dce045576ad0d5017576dab9c64493f5b57e1c as it did not create a cgroup: this container does not have a cgroup
timestamp_ns=1785749507441980031
	DDR Capacity(MB)               : 0
	DDR Usage Rate(%)              : 0
	DDR Hugepages Total(page)      : 0
	DDR Hugepages Usage Rate(%)    : 0
	HBM Capacity(MB)               : 65536
	HBM Usage Rate(%)              : 28
	Aicore Usage Rate(%)           : 0
	Aivector Usage Rate(%)         : 0
	Aicpu Usage Rate(%)            : 0
	Ctrlcpu Usage Rate(%)          : 5
	DDR Bandwidth Usage Rate(%)    : 0
	HBM Bandwidth Usage Rate(%)    : 0
	NPU Utilization(%)             : 0
	Aicube Usage Rate(%)           : 0
	Get pid name failed.
	Process id:1657446 Process name:                  Process memory(MB):15134
Error: cannot run top on container fca65b17c7696be0978c024206dce045576ad0d5017576dab9c64493f5b57e1c as it did not create a cgroup: this container does not have a cgroup
timestamp_ns=1785749509624627920
	DDR Capacity(MB)               : 0
	DDR Usage Rate(%)              : 0
	DDR Hugepages Total(page)      : 0
	DDR Hugepages Usage Rate(%)    : 0
	HBM Capacity(MB)               : 65536
	HBM Usage Rate(%)              : 28
	Aicore Usage Rate(%)           : 0
	Aivector Usage Rate(%)         : 0
	Aicpu Usage Rate(%)            : 0
	Ctrlcpu Usage Rate(%)          : 5
	DDR Bandwidth Usage Rate(%)    : 0
	HBM Bandwidth Usage Rate(%)    : 7
	NPU Utilization(%)             : 0
	Aicube Usage Rate(%)           : 0
	Get pid name failed.
	Process id:1657446 Process name:                  Process memory(MB):15140
Error: cannot run top on container fca65b17c7696be0978c024206dce045576ad0d5017576dab9c64493f5b57e1c as it did not create a cgroup: this container does not have a cgroup
timestamp_ns=1785749511796172329
	DDR Capacity(MB)               : 0
	DDR Usage Rate(%)              : 0
	DDR Hugepages Total(page)      : 0
	DDR Hugepages Usage Rate(%)    : 0
	HBM Capacity(MB)               : 65536
	HBM Usage Rate(%)              : 28
	Aicore Usage Rate(%)           : 0
	Aivector Usage Rate(%)         : 0
	Aicpu Usage Rate(%)            : 0
	Ctrlcpu Usage Rate(%)          : 4
	DDR Bandwidth Usage Rate(%)    : 0
	HBM Bandwidth Usage Rate(%)    : 0
	NPU Utilization(%)             : 0
	Aicube Usage Rate(%)           : 0
	Get pid name failed.
	Process id:1657446 Process name:                  Process memory(MB):15140
Error: cannot run top on container fca65b17c7696be0978c024206dce045576ad0d5017576dab9c64493f5b57e1c as it did not create a cgroup: this container does not have a cgroup
timestamp_ns=1785749513978289115
	DDR Capacity(MB)               : 0
	DDR Usage Rate(%)              : 0
	DDR Hugepages Total(page)      : 0
	DDR Hugepages Usage Rate(%)    : 0
	HBM Capacity(MB)               : 65536
	HBM Usage Rate(%)              : 28
	Aicore Usage Rate(%)           : 0
	Aivector Usage Rate(%)         : 0
	Aicpu Usage Rate(%)            : 0
	Ctrlcpu Usage Rate(%)          : 3
	DDR Bandwidth Usage Rate(%)    : 0
	HBM Bandwidth Usage Rate(%)    : 0
	NPU Utilization(%)             : 0
	Aicube Usage Rate(%)           : 0
	Get pid name failed.
	Process id:1657446 Process name:                  Process memory(MB):15140
Error: cannot run top on container fca65b17c7696be0978c024206dce045576ad0d5017576dab9c64493f5b57e1c as it did not create a cgroup: this container does not have a cgroup
timestamp_ns=1785749516153091576
	DDR Capacity(MB)               : 0
	DDR Usage Rate(%)              : 0
	DDR Hugepages Total(page)      : 0
	DDR Hugepages Usage Rate(%)    : 0
	HBM Capacity(MB)               : 65536
	HBM Usage Rate(%)              : 28
	Aicore Usage Rate(%)           : 2
	Aivector Usage Rate(%)         : 0
	Aicpu Usage Rate(%)            : 0
	Ctrlcpu Usage Rate(%)          : 3
	DDR Bandwidth Usage Rate(%)    : 0
	HBM Bandwidth Usage Rate(%)    : 0
	NPU Utilization(%)             : 3
	Aicube Usage Rate(%)           : 2
	Get pid name failed.
	Process id:1657446 Process name:                  Process memory(MB):15702
Error: cannot run top on container fca65b17c7696be0978c024206dce045576ad0d5017576dab9c64493f5b57e1c as it did not create a cgroup: this container does not have a cgroup
timestamp_ns=1785749518336015299
	DDR Capacity(MB)               : 0
	DDR Usage Rate(%)              : 0
	DDR Hugepages Total(page)      : 0
	DDR Hugepages Usage Rate(%)    : 0
	HBM Capacity(MB)               : 65536
	HBM Usage Rate(%)              : 28
	Aicore Usage Rate(%)           : 0
	Aivector Usage Rate(%)         : 0
	Aicpu Usage Rate(%)            : 0
	Ctrlcpu Usage Rate(%)          : 1
	DDR Bandwidth Usage Rate(%)    : 0
	HBM Bandwidth Usage Rate(%)    : 2
	NPU Utilization(%)             : 0
	Aicube Usage Rate(%)           : 0
	Get pid name failed.
	Process id:1657446 Process name:                  Process memory(MB):15630
Error: cannot run top on container fca65b17c7696be0978c024206dce045576ad0d5017576dab9c64493f5b57e1c as it did not create a cgroup: this container does not have a cgroup
timestamp_ns=1785749520523855743
	DDR Capacity(MB)               : 0
	DDR Usage Rate(%)              : 0
	DDR Hugepages Total(page)      : 0
	DDR Hugepages Usage Rate(%)    : 0
	HBM Capacity(MB)               : 65536
	HBM Usage Rate(%)              : 28
	Aicore Usage Rate(%)           : 0
	Aivector Usage Rate(%)         : 0
	Aicpu Usage Rate(%)            : 0
	Ctrlcpu Usage Rate(%)          : 2
	DDR Bandwidth Usage Rate(%)    : 0
	HBM Bandwidth Usage Rate(%)    : 0
	NPU Utilization(%)             : 0
	Aicube Usage Rate(%)           : 0
	Get pid name failed.
	Process id:1657446 Process name:                  Process memory(MB):15630
Error: cannot run top on container fca65b17c7696be0978c024206dce045576ad0d5017576dab9c64493f5b57e1c as it did not create a cgroup: this container does not have a cgroup
timestamp_ns=1785749522700592789
	DDR Capacity(MB)               : 0
	DDR Usage Rate(%)              : 0
	DDR Hugepages Total(page)      : 0
	DDR Hugepages Usage Rate(%)    : 0
	HBM Capacity(MB)               : 65536
	HBM Usage Rate(%)              : 28
	Aicore Usage Rate(%)           : 0
	Aivector Usage Rate(%)         : 0
	Aicpu Usage Rate(%)            : 0
	Ctrlcpu Usage Rate(%)          : 8
	DDR Bandwidth Usage Rate(%)    : 0
	HBM Bandwidth Usage Rate(%)    : 0
	NPU Utilization(%)             : 0
	Aicube Usage Rate(%)           : 0
	Get pid name failed.
	Process id:1657446 Process name:                  Process memory(MB):15630
Error: cannot run top on container fca65b17c7696be0978c024206dce045576ad0d5017576dab9c64493f5b57e1c as it did not create a cgroup: this container does not have a cgroup
timestamp_ns=1785749524847386915
	DDR Capacity(MB)               : 0
	DDR Usage Rate(%)              : 0
	DDR Hugepages Total(page)      : 0
	DDR Hugepages Usage Rate(%)    : 0
	HBM Capacity(MB)               : 65536
	HBM Usage Rate(%)              : 28
	Aicore Usage Rate(%)           : 0
	Aivector Usage Rate(%)         : 0
	Aicpu Usage Rate(%)            : 0
	Ctrlcpu Usage Rate(%)          : 3
	DDR Bandwidth Usage Rate(%)    : 0
	HBM Bandwidth Usage Rate(%)    : 0
	NPU Utilization(%)             : 0
	Aicube Usage Rate(%)           : 0
	Get pid name failed.
	Process id:1657446 Process name:                  Process memory(MB):15630
Error: cannot run top on container fca65b17c7696be0978c024206dce045576ad0d5017576dab9c64493f5b57e1c as it did not create a cgroup: this container does not have a cgroup
timestamp_ns=1785749527025963904
	DDR Capacity(MB)               : 0
	DDR Usage Rate(%)              : 0
	DDR Hugepages Total(page)      : 0
	DDR Hugepages Usage Rate(%)    : 0
	HBM Capacity(MB)               : 65536
	HBM Usage Rate(%)              : 28
	Aicore Usage Rate(%)           : 0
	Aivector Usage Rate(%)         : 0
	Aicpu Usage Rate(%)            : 0
	Ctrlcpu Usage Rate(%)          : 2
	DDR Bandwidth Usage Rate(%)    : 0
	HBM Bandwidth Usage Rate(%)    : 0
	NPU Utilization(%)             : 0
	Aicube Usage Rate(%)           : 0
	Get pid name failed.
	Process id:1657446 Process name:                  Process memory(MB):15630
Error: cannot run top on container fca65b17c7696be0978c024206dce045576ad0d5017576dab9c64493f5b57e1c as it did not create a cgroup: this container does not have a cgroup
timestamp_ns=1785749529212361208
	DDR Capacity(MB)               : 0
	DDR Usage Rate(%)              : 0
	DDR Hugepages Total(page)      : 0
	DDR Hugepages Usage Rate(%)    : 0
	HBM Capacity(MB)               : 65536
	HBM Usage Rate(%)              : 28
	Aicore Usage Rate(%)           : 0
	Aivector Usage Rate(%)         : 0
	Aicpu Usage Rate(%)            : 0
	Ctrlcpu Usage Rate(%)          : 3
	DDR Bandwidth Usage Rate(%)    : 0
	HBM Bandwidth Usage Rate(%)    : 0
	NPU Utilization(%)             : 0
	Aicube Usage Rate(%)           : 0
	Get pid name failed.
	Process id:1657446 Process name:                  Process memory(MB):15630
Error: cannot run top on container fca65b17c7696be0978c024206dce045576ad0d5017576dab9c64493f5b57e1c as it did not create a cgroup: this container does not have a cgroup
timestamp_ns=1785749531375308740
	DDR Capacity(MB)               : 0
	DDR Usage Rate(%)              : 0
	DDR Hugepages Total(page)      : 0
	DDR Hugepages Usage Rate(%)    : 0
	HBM Capacity(MB)               : 65536
	HBM Usage Rate(%)              : 28
	Aicore Usage Rate(%)           : 0
	Aivector Usage Rate(%)         : 0
	Aicpu Usage Rate(%)            : 0
	Ctrlcpu Usage Rate(%)          : 3
	DDR Bandwidth Usage Rate(%)    : 0
	HBM Bandwidth Usage Rate(%)    : 0
	NPU Utilization(%)             : 0
	Aicube Usage Rate(%)           : 0
	Get pid name failed.
	Process id:1657446 Process name:                  Process memory(MB):15630
Error: cannot run top on container fca65b17c7696be0978c024206dce045576ad0d5017576dab9c64493f5b57e1c as it did not create a cgroup: this container does not have a cgroup
timestamp_ns=1785749533518299229
	DDR Capacity(MB)               : 0
	DDR Usage Rate(%)              : 0
	DDR Hugepages Total(page)      : 0
	DDR Hugepages Usage Rate(%)    : 0
	HBM Capacity(MB)               : 65536
	HBM Usage Rate(%)              : 28
	Aicore Usage Rate(%)           : 0
	Aivector Usage Rate(%)         : 0
	Aicpu Usage Rate(%)            : 0
	Ctrlcpu Usage Rate(%)          : 5
	DDR Bandwidth Usage Rate(%)    : 0
	HBM Bandwidth Usage Rate(%)    : 0
	NPU Utilization(%)             : 0
	Aicube Usage Rate(%)           : 0
	Get pid name failed.
	Process id:1657446 Process name:                  Process memory(MB):15630
Error: cannot run top on container fca65b17c7696be0978c024206dce045576ad0d5017576dab9c64493f5b57e1c as it did not create a cgroup: this container does not have a cgroup
timestamp_ns=1785749535721143266
	DDR Capacity(MB)               : 0
	DDR Usage Rate(%)              : 0
	DDR Hugepages Total(page)      : 0
	DDR Hugepages Usage Rate(%)    : 0
	HBM Capacity(MB)               : 65536
	HBM Usage Rate(%)              : 28
	Aicore Usage Rate(%)           : 0
	Aivector Usage Rate(%)         : 0
	Aicpu Usage Rate(%)            : 0
	Ctrlcpu Usage Rate(%)          : 3
	DDR Bandwidth Usage Rate(%)    : 0
	HBM Bandwidth Usage Rate(%)    : 0
	NPU Utilization(%)             : 0
	Aicube Usage Rate(%)           : 0
	Get pid name failed.
	Process id:1657446 Process name:                  Process memory(MB):15630
Error: cannot run top on container fca65b17c7696be0978c024206dce045576ad0d5017576dab9c64493f5b57e1c as it did not create a cgroup: this container does not have a cgroup
timestamp_ns=1785749537873674523
	DDR Capacity(MB)               : 0
	DDR Usage Rate(%)              : 0
	DDR Hugepages Total(page)      : 0
	DDR Hugepages Usage Rate(%)    : 0
	HBM Capacity(MB)               : 65536
	HBM Usage Rate(%)              : 28
	Aicore Usage Rate(%)           : 0
	Aivector Usage Rate(%)         : 0
	Aicpu Usage Rate(%)            : 0
	Ctrlcpu Usage Rate(%)          : 3
	DDR Bandwidth Usage Rate(%)    : 0
	HBM Bandwidth Usage Rate(%)    : 0
	NPU Utilization(%)             : 0
	Aicube Usage Rate(%)           : 0
	Get pid name failed.
	Process id:1657446 Process name:                  Process memory(MB):15630
Error: cannot run top on container fca65b17c7696be0978c024206dce045576ad0d5017576dab9c64493f5b57e1c as it did not create a cgroup: this container does not have a cgroup
timestamp_ns=1785749540012043279
	DDR Capacity(MB)               : 0
	DDR Usage Rate(%)              : 0
	DDR Hugepages Total(page)      : 0
	DDR Hugepages Usage Rate(%)    : 0
	HBM Capacity(MB)               : 65536
	HBM Usage Rate(%)              : 28
	Aicore Usage Rate(%)           : 0
	Aivector Usage Rate(%)         : 0
	Aicpu Usage Rate(%)            : 0
	Ctrlcpu Usage Rate(%)          : 3
	DDR Bandwidth Usage Rate(%)    : 0
	HBM Bandwidth Usage Rate(%)    : 0
	NPU Utilization(%)             : 0
	Aicube Usage Rate(%)           : 0
	Get pid name failed.
	Process id:1657446 Process name:                  Process memory(MB):15630
Error: cannot run top on container fca65b17c7696be0978c024206dce045576ad0d5017576dab9c64493f5b57e1c as it did not create a cgroup: this container does not have a cgroup
timestamp_ns=1785749542156971474
	DDR Capacity(MB)               : 0
	DDR Usage Rate(%)              : 0
	DDR Hugepages Total(page)      : 0
	DDR Hugepages Usage Rate(%)    : 0
	HBM Capacity(MB)               : 65536
	HBM Usage Rate(%)              : 28
	Aicore Usage Rate(%)           : 0
	Aivector Usage Rate(%)         : 0
	Aicpu Usage Rate(%)            : 0
	Ctrlcpu Usage Rate(%)          : 5
	DDR Bandwidth Usage Rate(%)    : 0
	HBM Bandwidth Usage Rate(%)    : 0
	NPU Utilization(%)             : 0
	Aicube Usage Rate(%)           : 0
	Get pid name failed.
	Process id:1657446 Process name:                  Process memory(MB):15630
Error: cannot run top on container fca65b17c7696be0978c024206dce045576ad0d5017576dab9c64493f5b57e1c as it did not create a cgroup: this container does not have a cgroup
timestamp_ns=1785749544311404544
	DDR Capacity(MB)               : 0
	DDR Usage Rate(%)              : 0
	DDR Hugepages Total(page)      : 0
	DDR Hugepages Usage Rate(%)    : 0
	HBM Capacity(MB)               : 65536
	HBM Usage Rate(%)              : 28
	Aicore Usage Rate(%)           : 0
	Aivector Usage Rate(%)         : 0
	Aicpu Usage Rate(%)            : 0
	Ctrlcpu Usage Rate(%)          : 2
	DDR Bandwidth Usage Rate(%)    : 0
	HBM Bandwidth Usage Rate(%)    : 0
	NPU Utilization(%)             : 0
	Aicube Usage Rate(%)           : 0
	Get pid name failed.
	Process id:1657446 Process name:                  Process memory(MB):15630
Error: cannot run top on container fca65b17c7696be0978c024206dce045576ad0d5017576dab9c64493f5b57e1c as it did not create a cgroup: this container does not have a cgroup
timestamp_ns=1785749546467463634
	DDR Capacity(MB)               : 0
	DDR Usage Rate(%)              : 0
	DDR Hugepages Total(page)      : 0
	DDR Hugepages Usage Rate(%)    : 0
	HBM Capacity(MB)               : 65536
	HBM Usage Rate(%)              : 28
	Aicore Usage Rate(%)           : 0
	Aivector Usage Rate(%)         : 0
	Aicpu Usage Rate(%)            : 0
	Ctrlcpu Usage Rate(%)          : 5
	DDR Bandwidth Usage Rate(%)    : 0
	HBM Bandwidth Usage Rate(%)    : 0
	NPU Utilization(%)             : 0
	Aicube Usage Rate(%)           : 0
	Get pid name failed.
	Process id:1657446 Process name:                  Process memory(MB):15632
Error: cannot run top on container fca65b17c7696be0978c024206dce045576ad0d5017576dab9c64493f5b57e1c as it did not create a cgroup: this container does not have a cgroup
timestamp_ns=1785749548624204373
	DDR Capacity(MB)               : 0
	DDR Usage Rate(%)              : 0
	DDR Hugepages Total(page)      : 0
	DDR Hugepages Usage Rate(%)    : 0
	HBM Capacity(MB)               : 65536
	HBM Usage Rate(%)              : 28
	Aicore Usage Rate(%)           : 0
	Aivector Usage Rate(%)         : 0
	Aicpu Usage Rate(%)            : 0
	Ctrlcpu Usage Rate(%)          : 5
	DDR Bandwidth Usage Rate(%)    : 0
	HBM Bandwidth Usage Rate(%)    : 0
	NPU Utilization(%)             : 0
	Aicube Usage Rate(%)           : 0
	Get pid name failed.
	Process id:1657446 Process name:                  Process memory(MB):15632
Error: cannot run top on container fca65b17c7696be0978c024206dce045576ad0d5017576dab9c64493f5b57e1c as it did not create a cgroup: this container does not have a cgroup
timestamp_ns=1785749550801328017
	DDR Capacity(MB)               : 0
	DDR Usage Rate(%)              : 0
	DDR Hugepages Total(page)      : 0
	DDR Hugepages Usage Rate(%)    : 0
	HBM Capacity(MB)               : 65536
	HBM Usage Rate(%)              : 28
	Aicore Usage Rate(%)           : 0
	Aivector Usage Rate(%)         : 0
	Aicpu Usage Rate(%)            : 0
	Ctrlcpu Usage Rate(%)          : 2
	DDR Bandwidth Usage Rate(%)    : 0
	HBM Bandwidth Usage Rate(%)    : 0
	NPU Utilization(%)             : 0
	Aicube Usage Rate(%)           : 0
	Get pid name failed.
	Process id:1657446 Process name:                  Process memory(MB):15632
Error: cannot run top on container fca65b17c7696be0978c024206dce045576ad0d5017576dab9c64493f5b57e1c as it did not create a cgroup: this container does not have a cgroup
timestamp_ns=1785749552940730871
	DDR Capacity(MB)               : 0
	DDR Usage Rate(%)              : 0
	DDR Hugepages Total(page)      : 0
	DDR Hugepages Usage Rate(%)    : 0
	HBM Capacity(MB)               : 65536
	HBM Usage Rate(%)              : 29
	Aicore Usage Rate(%)           : 77
	Aivector Usage Rate(%)         : 5
	Aicpu Usage Rate(%)            : 0
	Ctrlcpu Usage Rate(%)          : 10
	DDR Bandwidth Usage Rate(%)    : 0
	HBM Bandwidth Usage Rate(%)    : 52
	NPU Utilization(%)             : 93
	Aicube Usage Rate(%)           : 70
	Get pid name failed.
	Process id:1657446 Process name:                  Process memory(MB):15960
Error: cannot run top on container fca65b17c7696be0978c024206dce045576ad0d5017576dab9c64493f5b57e1c as it did not create a cgroup: this container does not have a cgroup
timestamp_ns=1785749555101108272
	DDR Capacity(MB)               : 0
	DDR Usage Rate(%)              : 0
	DDR Hugepages Total(page)      : 0
	DDR Hugepages Usage Rate(%)    : 0
	HBM Capacity(MB)               : 65536
	HBM Usage Rate(%)              : 29
	Aicore Usage Rate(%)           : 78
	Aivector Usage Rate(%)         : 5
	Aicpu Usage Rate(%)            : 0
	Ctrlcpu Usage Rate(%)          : 0
	DDR Bandwidth Usage Rate(%)    : 0
	HBM Bandwidth Usage Rate(%)    : 53
	NPU Utilization(%)             : 89
	Aicube Usage Rate(%)           : 71
	Get pid name failed.
	Process id:1657446 Process name:                  Process memory(MB):15960
Error: cannot run top on container fca65b17c7696be0978c024206dce045576ad0d5017576dab9c64493f5b57e1c as it did not create a cgroup: this container does not have a cgroup
timestamp_ns=1785749557292532773
	DDR Capacity(MB)               : 0
	DDR Usage Rate(%)              : 0
	DDR Hugepages Total(page)      : 0
	DDR Hugepages Usage Rate(%)    : 0
	HBM Capacity(MB)               : 65536
	HBM Usage Rate(%)              : 29
	Aicore Usage Rate(%)           : 78
	Aivector Usage Rate(%)         : 5
	Aicpu Usage Rate(%)            : 0
	Ctrlcpu Usage Rate(%)          : 1
	DDR Bandwidth Usage Rate(%)    : 0
	HBM Bandwidth Usage Rate(%)    : 53
	NPU Utilization(%)             : 93
	Aicube Usage Rate(%)           : 71
	Get pid name failed.
	Process id:1657446 Process name:                  Process memory(MB):15960
Error: cannot run top on container fca65b17c7696be0978c024206dce045576ad0d5017576dab9c64493f5b57e1c as it did not create a cgroup: this container does not have a cgroup
timestamp_ns=1785749559446838919
	DDR Capacity(MB)               : 0
	DDR Usage Rate(%)              : 0
	DDR Hugepages Total(page)      : 0
	DDR Hugepages Usage Rate(%)    : 0
	HBM Capacity(MB)               : 65536
	HBM Usage Rate(%)              : 29
	Aicore Usage Rate(%)           : 82
	Aivector Usage Rate(%)         : 5
	Aicpu Usage Rate(%)            : 0
	Ctrlcpu Usage Rate(%)          : 0
	DDR Bandwidth Usage Rate(%)    : 0
	HBM Bandwidth Usage Rate(%)    : 53
	NPU Utilization(%)             : 100
	Aicube Usage Rate(%)           : 74
	Get pid name failed.
	Process id:1657446 Process name:                  Process memory(MB):15960
Error: cannot run top on container fca65b17c7696be0978c024206dce045576ad0d5017576dab9c64493f5b57e1c as it did not create a cgroup: this container does not have a cgroup
timestamp_ns=1785749561589440583
	DDR Capacity(MB)               : 0
	DDR Usage Rate(%)              : 0
	DDR Hugepages Total(page)      : 0
	DDR Hugepages Usage Rate(%)    : 0
	HBM Capacity(MB)               : 65536
	HBM Usage Rate(%)              : 29
	Aicore Usage Rate(%)           : 78
	Aivector Usage Rate(%)         : 5
	Aicpu Usage Rate(%)            : 0
	Ctrlcpu Usage Rate(%)          : 4
	DDR Bandwidth Usage Rate(%)    : 0
	HBM Bandwidth Usage Rate(%)    : 19
	NPU Utilization(%)             : 89
	Aicube Usage Rate(%)           : 71
	Get pid name failed.
	Process id:1657446 Process name:                  Process memory(MB):15960
Error: cannot run top on container fca65b17c7696be0978c024206dce045576ad0d5017576dab9c64493f5b57e1c as it did not create a cgroup: this container does not have a cgroup
timestamp_ns=1785749563764800394
	DDR Capacity(MB)               : 0
	DDR Usage Rate(%)              : 0
	DDR Hugepages Total(page)      : 0
	DDR Hugepages Usage Rate(%)    : 0
	HBM Capacity(MB)               : 65536
	HBM Usage Rate(%)              : 29
	Aicore Usage Rate(%)           : 77
	Aivector Usage Rate(%)         : 5
	Aicpu Usage Rate(%)            : 0
	Ctrlcpu Usage Rate(%)          : 4
	DDR Bandwidth Usage Rate(%)    : 0
	HBM Bandwidth Usage Rate(%)    : 52
	NPU Utilization(%)             : 89
	Aicube Usage Rate(%)           : 70
	Get pid name failed.
	Process id:1657446 Process name:                  Process memory(MB):15960
Error: cannot run top on container fca65b17c7696be0978c024206dce045576ad0d5017576dab9c64493f5b57e1c as it did not create a cgroup: this container does not have a cgroup
timestamp_ns=1785749565953363339
	DDR Capacity(MB)               : 0
	DDR Usage Rate(%)              : 0
	DDR Hugepages Total(page)      : 0
	DDR Hugepages Usage Rate(%)    : 0
	HBM Capacity(MB)               : 65536
	HBM Usage Rate(%)              : 29
	Aicore Usage Rate(%)           : 70
	Aivector Usage Rate(%)         : 4
	Aicpu Usage Rate(%)            : 0
	Ctrlcpu Usage Rate(%)          : 3
	DDR Bandwidth Usage Rate(%)    : 0
	HBM Bandwidth Usage Rate(%)    : 53
	NPU Utilization(%)             : 89
	Aicube Usage Rate(%)           : 64
	Get pid name failed.
	Process id:1657446 Process name:                  Process memory(MB):15960
Error: cannot run top on container fca65b17c7696be0978c024206dce045576ad0d5017576dab9c64493f5b57e1c as it did not create a cgroup: this container does not have a cgroup
timestamp_ns=1785749568132040721
	DDR Capacity(MB)               : 0
	DDR Usage Rate(%)              : 0
	DDR Hugepages Total(page)      : 0
	DDR Hugepages Usage Rate(%)    : 0
	HBM Capacity(MB)               : 65536
	HBM Usage Rate(%)              : 29
	Aicore Usage Rate(%)           : 78
	Aivector Usage Rate(%)         : 5
	Aicpu Usage Rate(%)            : 0
	Ctrlcpu Usage Rate(%)          : 4
	DDR Bandwidth Usage Rate(%)    : 0
	HBM Bandwidth Usage Rate(%)    : 54
	NPU Utilization(%)             : 89
	Aicube Usage Rate(%)           : 70
	Get pid name failed.
	Process id:1657446 Process name:                  Process memory(MB):15960
Error: cannot run top on container fca65b17c7696be0978c024206dce045576ad0d5017576dab9c64493f5b57e1c as it did not create a cgroup: this container does not have a cgroup
timestamp_ns=1785749570290304490
	DDR Capacity(MB)               : 0
	DDR Usage Rate(%)              : 0
	DDR Hugepages Total(page)      : 0
	DDR Hugepages Usage Rate(%)    : 0
	HBM Capacity(MB)               : 65536
	HBM Usage Rate(%)              : 29
	Aicore Usage Rate(%)           : 79
	Aivector Usage Rate(%)         : 5
	Aicpu Usage Rate(%)            : 0
	Ctrlcpu Usage Rate(%)          : 0
	DDR Bandwidth Usage Rate(%)    : 0
	HBM Bandwidth Usage Rate(%)    : 53
	NPU Utilization(%)             : 89
	Aicube Usage Rate(%)           : 72
	Get pid name failed.
	Process id:1657446 Process name:                  Process memory(MB):15960
Error: cannot run top on container fca65b17c7696be0978c024206dce045576ad0d5017576dab9c64493f5b57e1c as it did not create a cgroup: this container does not have a cgroup
timestamp_ns=1785749572453107834
	DDR Capacity(MB)               : 0
	DDR Usage Rate(%)              : 0
	DDR Hugepages Total(page)      : 0
	DDR Hugepages Usage Rate(%)    : 0
	HBM Capacity(MB)               : 65536
	HBM Usage Rate(%)              : 29
	Aicore Usage Rate(%)           : 75
	Aivector Usage Rate(%)         : 5
	Aicpu Usage Rate(%)            : 0
	Ctrlcpu Usage Rate(%)          : 5
	DDR Bandwidth Usage Rate(%)    : 0
	HBM Bandwidth Usage Rate(%)    : 53
	NPU Utilization(%)             : 82
	Aicube Usage Rate(%)           : 68
	Get pid name failed.
	Process id:1657446 Process name:                  Process memory(MB):15960
Error: cannot run top on container fca65b17c7696be0978c024206dce045576ad0d5017576dab9c64493f5b57e1c as it did not create a cgroup: this container does not have a cgroup
timestamp_ns=1785749574642277552
	DDR Capacity(MB)               : 0
	DDR Usage Rate(%)              : 0
	DDR Hugepages Total(page)      : 0
	DDR Hugepages Usage Rate(%)    : 0
	HBM Capacity(MB)               : 65536
	HBM Usage Rate(%)              : 29
	Aicore Usage Rate(%)           : 74
	Aivector Usage Rate(%)         : 5
	Aicpu Usage Rate(%)            : 0
	Ctrlcpu Usage Rate(%)          : 4
	DDR Bandwidth Usage Rate(%)    : 0
	HBM Bandwidth Usage Rate(%)    : 54
	NPU Utilization(%)             : 86
	Aicube Usage Rate(%)           : 68
	Get pid name failed.
	Process id:1657446 Process name:                  Process memory(MB):15980
Error: cannot run top on container fca65b17c7696be0978c024206dce045576ad0d5017576dab9c64493f5b57e1c as it did not create a cgroup: this container does not have a cgroup
timestamp_ns=1785749576811465828
	DDR Capacity(MB)               : 0
	DDR Usage Rate(%)              : 0
	DDR Hugepages Total(page)      : 0
	DDR Hugepages Usage Rate(%)    : 0
	HBM Capacity(MB)               : 65536
	HBM Usage Rate(%)              : 29
	Aicore Usage Rate(%)           : 78
	Aivector Usage Rate(%)         : 5
	Aicpu Usage Rate(%)            : 0
	Ctrlcpu Usage Rate(%)          : 8
	DDR Bandwidth Usage Rate(%)    : 0
	HBM Bandwidth Usage Rate(%)    : 52
	NPU Utilization(%)             : 89
	Aicube Usage Rate(%)           : 70
	Get pid name failed.
	Process id:1657446 Process name:                  Process memory(MB):15980
Error: cannot run top on container fca65b17c7696be0978c024206dce045576ad0d5017576dab9c64493f5b57e1c as it did not create a cgroup: this container does not have a cgroup
timestamp_ns=1785749578989984094
	DDR Capacity(MB)               : 0
	DDR Usage Rate(%)              : 0
	DDR Hugepages Total(page)      : 0
	DDR Hugepages Usage Rate(%)    : 0
	HBM Capacity(MB)               : 65536
	HBM Usage Rate(%)              : 29
	Aicore Usage Rate(%)           : 80
	Aivector Usage Rate(%)         : 5
	Aicpu Usage Rate(%)            : 0
	Ctrlcpu Usage Rate(%)          : 0
	DDR Bandwidth Usage Rate(%)    : 0
	HBM Bandwidth Usage Rate(%)    : 52
	NPU Utilization(%)             : 89
	Aicube Usage Rate(%)           : 73
	Get pid name failed.
	Process id:1657446 Process name:                  Process memory(MB):15980
Error: cannot run top on container fca65b17c7696be0978c024206dce045576ad0d5017576dab9c64493f5b57e1c as it did not create a cgroup: this container does not have a cgroup
timestamp_ns=1785749581150703177
	DDR Capacity(MB)               : 0
	DDR Usage Rate(%)              : 0
	DDR Hugepages Total(page)      : 0
	DDR Hugepages Usage Rate(%)    : 0
	HBM Capacity(MB)               : 65536
	HBM Usage Rate(%)              : 29
	Aicore Usage Rate(%)           : 77
	Aivector Usage Rate(%)         : 5
	Aicpu Usage Rate(%)            : 0
	Ctrlcpu Usage Rate(%)          : 2
	DDR Bandwidth Usage Rate(%)    : 0
	HBM Bandwidth Usage Rate(%)    : 52
	NPU Utilization(%)             : 89
	Aicube Usage Rate(%)           : 70
	Get pid name failed.
	Process id:1657446 Process name:                  Process memory(MB):15980
Error: cannot run top on container fca65b17c7696be0978c024206dce045576ad0d5017576dab9c64493f5b57e1c as it did not create a cgroup: this container does not have a cgroup
timestamp_ns=1785749583420756440
	DDR Capacity(MB)               : 0
	DDR Usage Rate(%)              : 0
	DDR Hugepages Total(page)      : 0
	DDR Hugepages Usage Rate(%)    : 0
	HBM Capacity(MB)               : 65536
	HBM Usage Rate(%)              : 29
	Aicore Usage Rate(%)           : 73
	Aivector Usage Rate(%)         : 5
	Aicpu Usage Rate(%)            : 0
	Ctrlcpu Usage Rate(%)          : 3
	DDR Bandwidth Usage Rate(%)    : 0
	HBM Bandwidth Usage Rate(%)    : 53
	NPU Utilization(%)             : 89
	Aicube Usage Rate(%)           : 66
	Get pid name failed.
	Process id:1657446 Process name:                  Process memory(MB):15980
Error: cannot run top on container fca65b17c7696be0978c024206dce045576ad0d5017576dab9c64493f5b57e1c as it did not create a cgroup: this container does not have a cgroup
timestamp_ns=1785749585800675451
	DDR Capacity(MB)               : 0
	DDR Usage Rate(%)              : 0
	DDR Hugepages Total(page)      : 0
	DDR Hugepages Usage Rate(%)    : 0
	HBM Capacity(MB)               : 65536
	HBM Usage Rate(%)              : 29
	Aicore Usage Rate(%)           : 80
	Aivector Usage Rate(%)         : 5
	Aicpu Usage Rate(%)            : 0
	Ctrlcpu Usage Rate(%)          : 2
	DDR Bandwidth Usage Rate(%)    : 0
	HBM Bandwidth Usage Rate(%)    : 52
	NPU Utilization(%)             : 96
	Aicube Usage Rate(%)           : 73
	Get pid name failed.
	Process id:1657446 Process name:                  Process memory(MB):16000
Error: cannot run top on container fca65b17c7696be0978c024206dce045576ad0d5017576dab9c64493f5b57e1c as it did not create a cgroup: this container does not have a cgroup
timestamp_ns=1785749588118530238
	DDR Capacity(MB)               : 0
	DDR Usage Rate(%)              : 0
	DDR Hugepages Total(page)      : 0
	DDR Hugepages Usage Rate(%)    : 0
	HBM Capacity(MB)               : 65536
	HBM Usage Rate(%)              : 29
	Aicore Usage Rate(%)           : 100
	Aivector Usage Rate(%)         : 16
	Aicpu Usage Rate(%)            : 0
	Ctrlcpu Usage Rate(%)          : 3
	DDR Bandwidth Usage Rate(%)    : 0
	HBM Bandwidth Usage Rate(%)    : 53
	NPU Utilization(%)             : 100
	Aicube Usage Rate(%)           : 86
	Get pid name failed.
	Process id:1657446 Process name:                  Process memory(MB):16000
Error: cannot run top on container fca65b17c7696be0978c024206dce045576ad0d5017576dab9c64493f5b57e1c as it did not create a cgroup: this container does not have a cgroup
timestamp_ns=1785749590275456086
	DDR Capacity(MB)               : 0
	DDR Usage Rate(%)              : 0
	DDR Hugepages Total(page)      : 0
	DDR Hugepages Usage Rate(%)    : 0
	HBM Capacity(MB)               : 65536
	HBM Usage Rate(%)              : 29
	Aicore Usage Rate(%)           : 78
	Aivector Usage Rate(%)         : 5
	Aicpu Usage Rate(%)            : 0
	Ctrlcpu Usage Rate(%)          : 2
	DDR Bandwidth Usage Rate(%)    : 0
	HBM Bandwidth Usage Rate(%)    : 31
	NPU Utilization(%)             : 96
	Aicube Usage Rate(%)           : 71
	Get pid name failed.
	Process id:1657446 Process name:                  Process memory(MB):16000
Error: cannot run top on container fca65b17c7696be0978c024206dce045576ad0d5017576dab9c64493f5b57e1c as it did not create a cgroup: this container does not have a cgroup
timestamp_ns=1785749592431963833
	DDR Capacity(MB)               : 0
	DDR Usage Rate(%)              : 0
	DDR Hugepages Total(page)      : 0
	DDR Hugepages Usage Rate(%)    : 0
	HBM Capacity(MB)               : 65536
	HBM Usage Rate(%)              : 29
	Aicore Usage Rate(%)           : 10
	Aivector Usage Rate(%)         : 1
	Aicpu Usage Rate(%)            : 0
	Ctrlcpu Usage Rate(%)          : 9
	DDR Bandwidth Usage Rate(%)    : 0
	HBM Bandwidth Usage Rate(%)    : 54
	NPU Utilization(%)             : 68
	Aicube Usage Rate(%)           : 8
	Get pid name failed.
	Process id:1657446 Process name:                  Process memory(MB):16006
Error: cannot run top on container fca65b17c7696be0978c024206dce045576ad0d5017576dab9c64493f5b57e1c as it did not create a cgroup: this container does not have a cgroup
timestamp_ns=1785749594616055877
	DDR Capacity(MB)               : 0
	DDR Usage Rate(%)              : 0
	DDR Hugepages Total(page)      : 0
	DDR Hugepages Usage Rate(%)    : 0
	HBM Capacity(MB)               : 65536
	HBM Usage Rate(%)              : 29
	Aicore Usage Rate(%)           : 100
	Aivector Usage Rate(%)         : 21
	Aicpu Usage Rate(%)            : 0
	Ctrlcpu Usage Rate(%)          : 1
	DDR Bandwidth Usage Rate(%)    : 0
	HBM Bandwidth Usage Rate(%)    : 53
	NPU Utilization(%)             : 100
	Aicube Usage Rate(%)           : 80
	Get pid name failed.
	Process id:1657446 Process name:                  Process memory(MB):16066
Error: cannot run top on container fca65b17c7696be0978c024206dce045576ad0d5017576dab9c64493f5b57e1c as it did not create a cgroup: this container does not have a cgroup
timestamp_ns=1785749596851471521
	DDR Capacity(MB)               : 0
	DDR Usage Rate(%)              : 0
	DDR Hugepages Total(page)      : 0
	DDR Hugepages Usage Rate(%)    : 0
	HBM Capacity(MB)               : 65536
	HBM Usage Rate(%)              : 29
	Aicore Usage Rate(%)           : 78
	Aivector Usage Rate(%)         : 5
	Aicpu Usage Rate(%)            : 0
	Ctrlcpu Usage Rate(%)          : 7
	DDR Bandwidth Usage Rate(%)    : 0
	HBM Bandwidth Usage Rate(%)    : 52
	NPU Utilization(%)             : 93
	Aicube Usage Rate(%)           : 71
	Get pid name failed.
	Process id:1657446 Process name:                  Process memory(MB):16066
Error: cannot run top on container fca65b17c7696be0978c024206dce045576ad0d5017576dab9c64493f5b57e1c as it did not create a cgroup: this container does not have a cgroup
timestamp_ns=1785749599010223899
	DDR Capacity(MB)               : 0
	DDR Usage Rate(%)              : 0
	DDR Hugepages Total(page)      : 0
	DDR Hugepages Usage Rate(%)    : 0
	HBM Capacity(MB)               : 65536
	HBM Usage Rate(%)              : 29
	Aicore Usage Rate(%)           : 100
	Aivector Usage Rate(%)         : 23
	Aicpu Usage Rate(%)            : 0
	Ctrlcpu Usage Rate(%)          : 5
	DDR Bandwidth Usage Rate(%)    : 0
	HBM Bandwidth Usage Rate(%)    : 53
	NPU Utilization(%)             : 100
	Aicube Usage Rate(%)           : 87
	Get pid name failed.
	Process id:1657446 Process name:                  Process memory(MB):16066
Error: cannot run top on container fca65b17c7696be0978c024206dce045576ad0d5017576dab9c64493f5b57e1c as it did not create a cgroup: this container does not have a cgroup
timestamp_ns=1785749601169640619
	DDR Capacity(MB)               : 0
	DDR Usage Rate(%)              : 0
	DDR Hugepages Total(page)      : 0
	DDR Hugepages Usage Rate(%)    : 0
	HBM Capacity(MB)               : 65536
	HBM Usage Rate(%)              : 29
	Aicore Usage Rate(%)           : 76
	Aivector Usage Rate(%)         : 5
	Aicpu Usage Rate(%)            : 0
	Ctrlcpu Usage Rate(%)          : 4
	DDR Bandwidth Usage Rate(%)    : 0
	HBM Bandwidth Usage Rate(%)    : 53
	NPU Utilization(%)             : 89
	Aicube Usage Rate(%)           : 70
	Get pid name failed.
	Process id:1657446 Process name:                  Process memory(MB):16066
Error: cannot run top on container fca65b17c7696be0978c024206dce045576ad0d5017576dab9c64493f5b57e1c as it did not create a cgroup: this container does not have a cgroup
timestamp_ns=1785749603324051329
	DDR Capacity(MB)               : 0
	DDR Usage Rate(%)              : 0
	DDR Hugepages Total(page)      : 0
	DDR Hugepages Usage Rate(%)    : 0
	HBM Capacity(MB)               : 65536
	HBM Usage Rate(%)              : 29
	Aicore Usage Rate(%)           : 100
	Aivector Usage Rate(%)         : 23
	Aicpu Usage Rate(%)            : 0
	Ctrlcpu Usage Rate(%)          : 3
	DDR Bandwidth Usage Rate(%)    : 0
	HBM Bandwidth Usage Rate(%)    : 53
	NPU Utilization(%)             : 100
	Aicube Usage Rate(%)           : 87
	Get pid name failed.
	Process id:1657446 Process name:                  Process memory(MB):16066
Error: cannot run top on container fca65b17c7696be0978c024206dce045576ad0d5017576dab9c64493f5b57e1c as it did not create a cgroup: this container does not have a cgroup
timestamp_ns=1785749605480872250
	DDR Capacity(MB)               : 0
	DDR Usage Rate(%)              : 0
	DDR Hugepages Total(page)      : 0
	DDR Hugepages Usage Rate(%)    : 0
	HBM Capacity(MB)               : 65536
	HBM Usage Rate(%)              : 29
	Aicore Usage Rate(%)           : 78
	Aivector Usage Rate(%)         : 5
	Aicpu Usage Rate(%)            : 0
	Ctrlcpu Usage Rate(%)          : 1
	DDR Bandwidth Usage Rate(%)    : 0
	HBM Bandwidth Usage Rate(%)    : 53
	NPU Utilization(%)             : 96
	Aicube Usage Rate(%)           : 71
	Get pid name failed.
	Process id:1657446 Process name:                  Process memory(MB):16066
Error: cannot run top on container fca65b17c7696be0978c024206dce045576ad0d5017576dab9c64493f5b57e1c as it did not create a cgroup: this container does not have a cgroup
timestamp_ns=1785749607633439489
	DDR Capacity(MB)               : 0
	DDR Usage Rate(%)              : 0
	DDR Hugepages Total(page)      : 0
	DDR Hugepages Usage Rate(%)    : 0
	HBM Capacity(MB)               : 65536
	HBM Usage Rate(%)              : 29
	Aicore Usage Rate(%)           : 72
	Aivector Usage Rate(%)         : 4
	Aicpu Usage Rate(%)            : 0
	Ctrlcpu Usage Rate(%)          : 3
	DDR Bandwidth Usage Rate(%)    : 0
	HBM Bandwidth Usage Rate(%)    : 52
	NPU Utilization(%)             : 72
	Aicube Usage Rate(%)           : 67
	Get pid name failed.
	Process id:1657446 Process name:                  Process memory(MB):16066
Error: cannot run top on container fca65b17c7696be0978c024206dce045576ad0d5017576dab9c64493f5b57e1c as it did not create a cgroup: this container does not have a cgroup
timestamp_ns=1785749609797342891
	DDR Capacity(MB)               : 0
	DDR Usage Rate(%)              : 0
	DDR Hugepages Total(page)      : 0
	DDR Hugepages Usage Rate(%)    : 0
	HBM Capacity(MB)               : 65536
	HBM Usage Rate(%)              : 29
	Aicore Usage Rate(%)           : 78
	Aivector Usage Rate(%)         : 5
	Aicpu Usage Rate(%)            : 0
	Ctrlcpu Usage Rate(%)          : 1
	DDR Bandwidth Usage Rate(%)    : 0
	HBM Bandwidth Usage Rate(%)    : 53
	NPU Utilization(%)             : 96
	Aicube Usage Rate(%)           : 71
	Get pid name failed.
	Process id:1657446 Process name:                  Process memory(MB):16066
Error: cannot run top on container fca65b17c7696be0978c024206dce045576ad0d5017576dab9c64493f5b57e1c as it did not create a cgroup: this container does not have a cgroup
timestamp_ns=1785749611961710203
	DDR Capacity(MB)               : 0
	DDR Usage Rate(%)              : 0
	DDR Hugepages Total(page)      : 0
	DDR Hugepages Usage Rate(%)    : 0
	HBM Capacity(MB)               : 65536
	HBM Usage Rate(%)              : 29
	Aicore Usage Rate(%)           : 78
	Aivector Usage Rate(%)         : 5
	Aicpu Usage Rate(%)            : 0
	Ctrlcpu Usage Rate(%)          : 3
	DDR Bandwidth Usage Rate(%)    : 0
	HBM Bandwidth Usage Rate(%)    : 48
	NPU Utilization(%)             : 96
	Aicube Usage Rate(%)           : 71
	Get pid name failed.
	Process id:1657446 Process name:                  Process memory(MB):16066
Error: cannot run top on container fca65b17c7696be0978c024206dce045576ad0d5017576dab9c64493f5b57e1c as it did not create a cgroup: this container does not have a cgroup
timestamp_ns=1785749614121048954
	DDR Capacity(MB)               : 0
	DDR Usage Rate(%)              : 0
	DDR Hugepages Total(page)      : 0
	DDR Hugepages Usage Rate(%)    : 0
	HBM Capacity(MB)               : 65536
	HBM Usage Rate(%)              : 29
	Aicore Usage Rate(%)           : 79
	Aivector Usage Rate(%)         : 5
	Aicpu Usage Rate(%)            : 0
	Ctrlcpu Usage Rate(%)          : 3
	DDR Bandwidth Usage Rate(%)    : 0
	HBM Bandwidth Usage Rate(%)    : 52
	NPU Utilization(%)             : 93
	Aicube Usage Rate(%)           : 72
	Get pid name failed.
	Process id:1657446 Process name:                  Process memory(MB):16066
Error: cannot run top on container fca65b17c7696be0978c024206dce045576ad0d5017576dab9c64493f5b57e1c as it did not create a cgroup: this container does not have a cgroup
timestamp_ns=1785749616296942091
	DDR Capacity(MB)               : 0
	DDR Usage Rate(%)              : 0
	DDR Hugepages Total(page)      : 0
	DDR Hugepages Usage Rate(%)    : 0
	HBM Capacity(MB)               : 65536
	HBM Usage Rate(%)              : 29
	Aicore Usage Rate(%)           : 49
	Aivector Usage Rate(%)         : 9
	Aicpu Usage Rate(%)            : 0
	Ctrlcpu Usage Rate(%)          : 7
	DDR Bandwidth Usage Rate(%)    : 0
	HBM Bandwidth Usage Rate(%)    : 53
	NPU Utilization(%)             : 82
	Aicube Usage Rate(%)           : 38
	Get pid name failed.
	Process id:1657446 Process name:                  Process memory(MB):16066
Error: cannot run top on container fca65b17c7696be0978c024206dce045576ad0d5017576dab9c64493f5b57e1c as it did not create a cgroup: this container does not have a cgroup
timestamp_ns=1785749618445210204
	DDR Capacity(MB)               : 0
	DDR Usage Rate(%)              : 0
	DDR Hugepages Total(page)      : 0
	DDR Hugepages Usage Rate(%)    : 0
	HBM Capacity(MB)               : 65536
	HBM Usage Rate(%)              : 29
	Aicore Usage Rate(%)           : 78
	Aivector Usage Rate(%)         : 5
	Aicpu Usage Rate(%)            : 0
	Ctrlcpu Usage Rate(%)          : 3
	DDR Bandwidth Usage Rate(%)    : 0
	HBM Bandwidth Usage Rate(%)    : 53
	NPU Utilization(%)             : 96
	Aicube Usage Rate(%)           : 71
	Get pid name failed.
	Process id:1657446 Process name:                  Process memory(MB):16066
Error: cannot run top on container fca65b17c7696be0978c024206dce045576ad0d5017576dab9c64493f5b57e1c as it did not create a cgroup: this container does not have a cgroup
timestamp_ns=1785749620599097197
	DDR Capacity(MB)               : 0
	DDR Usage Rate(%)              : 0
	DDR Hugepages Total(page)      : 0
	DDR Hugepages Usage Rate(%)    : 0
	HBM Capacity(MB)               : 65536
	HBM Usage Rate(%)              : 29
	Aicore Usage Rate(%)           : 100
	Aivector Usage Rate(%)         : 19
	Aicpu Usage Rate(%)            : 0
	Ctrlcpu Usage Rate(%)          : 3
	DDR Bandwidth Usage Rate(%)    : 0
	HBM Bandwidth Usage Rate(%)    : 53
	NPU Utilization(%)             : 100
	Aicube Usage Rate(%)           : 83
	Get pid name failed.
	Process id:1657446 Process name:                  Process memory(MB):16066
Error: cannot run top on container fca65b17c7696be0978c024206dce045576ad0d5017576dab9c64493f5b57e1c as it did not create a cgroup: this container does not have a cgroup
timestamp_ns=1785749622783462566
	DDR Capacity(MB)               : 0
	DDR Usage Rate(%)              : 0
	DDR Hugepages Total(page)      : 0
	DDR Hugepages Usage Rate(%)    : 0
	HBM Capacity(MB)               : 65536
	HBM Usage Rate(%)              : 29
	Aicore Usage Rate(%)           : 80
	Aivector Usage Rate(%)         : 5
	Aicpu Usage Rate(%)            : 0
	Ctrlcpu Usage Rate(%)          : 9
	DDR Bandwidth Usage Rate(%)    : 0
	HBM Bandwidth Usage Rate(%)    : 52
	NPU Utilization(%)             : 96
	Aicube Usage Rate(%)           : 73
	Get pid name failed.
	Process id:1657446 Process name:                  Process memory(MB):16066
Error: cannot run top on container fca65b17c7696be0978c024206dce045576ad0d5017576dab9c64493f5b57e1c as it did not create a cgroup: this container does not have a cgroup
timestamp_ns=1785749624964392209
	DDR Capacity(MB)               : 0
	DDR Usage Rate(%)              : 0
	DDR Hugepages Total(page)      : 0
	DDR Hugepages Usage Rate(%)    : 0
	HBM Capacity(MB)               : 65536
	HBM Usage Rate(%)              : 29
	Aicore Usage Rate(%)           : 78
	Aivector Usage Rate(%)         : 5
	Aicpu Usage Rate(%)            : 0
	Ctrlcpu Usage Rate(%)          : 4
	DDR Bandwidth Usage Rate(%)    : 0
	HBM Bandwidth Usage Rate(%)    : 53
	NPU Utilization(%)             : 96
	Aicube Usage Rate(%)           : 70
	Get pid name failed.
	Process id:1657446 Process name:                  Process memory(MB):16066
Error: cannot run top on container fca65b17c7696be0978c024206dce045576ad0d5017576dab9c64493f5b57e1c as it did not create a cgroup: this container does not have a cgroup
timestamp_ns=1785749627197271415
	DDR Capacity(MB)               : 0
	DDR Usage Rate(%)              : 0
	DDR Hugepages Total(page)      : 0
	DDR Hugepages Usage Rate(%)    : 0
	HBM Capacity(MB)               : 65536
	HBM Usage Rate(%)              : 29
	Aicore Usage Rate(%)           : 78
	Aivector Usage Rate(%)         : 5
	Aicpu Usage Rate(%)            : 0
	Ctrlcpu Usage Rate(%)          : 4
	DDR Bandwidth Usage Rate(%)    : 0
	HBM Bandwidth Usage Rate(%)    : 53
	NPU Utilization(%)             : 89
	Aicube Usage Rate(%)           : 71
	Get pid name failed.
	Process id:1657446 Process name:                  Process memory(MB):16066
Error: cannot run top on container fca65b17c7696be0978c024206dce045576ad0d5017576dab9c64493f5b57e1c as it did not create a cgroup: this container does not have a cgroup
timestamp_ns=1785749629410452696
	DDR Capacity(MB)               : 0
	DDR Usage Rate(%)              : 0
	DDR Hugepages Total(page)      : 0
	DDR Hugepages Usage Rate(%)    : 0
	HBM Capacity(MB)               : 65536
	HBM Usage Rate(%)              : 29
	Aicore Usage Rate(%)           : 80
	Aivector Usage Rate(%)         : 5
	Aicpu Usage Rate(%)            : 0
	Ctrlcpu Usage Rate(%)          : 2
	DDR Bandwidth Usage Rate(%)    : 0
	HBM Bandwidth Usage Rate(%)    : 53
	NPU Utilization(%)             : 96
	Aicube Usage Rate(%)           : 72
	Get pid name failed.
	Process id:1657446 Process name:                  Process memory(MB):16066
Error: cannot run top on container fca65b17c7696be0978c024206dce045576ad0d5017576dab9c64493f5b57e1c as it did not create a cgroup: this container does not have a cgroup
timestamp_ns=1785749631620022960
	DDR Capacity(MB)               : 0
	DDR Usage Rate(%)              : 0
	DDR Hugepages Total(page)      : 0
	DDR Hugepages Usage Rate(%)    : 0
	HBM Capacity(MB)               : 65536
	HBM Usage Rate(%)              : 29
	Aicore Usage Rate(%)           : 77
	Aivector Usage Rate(%)         : 5
	Aicpu Usage Rate(%)            : 0
	Ctrlcpu Usage Rate(%)          : 2
	DDR Bandwidth Usage Rate(%)    : 0
	HBM Bandwidth Usage Rate(%)    : 53
	NPU Utilization(%)             : 93
	Aicube Usage Rate(%)           : 70
	Get pid name failed.
	Process id:1657446 Process name:                  Process memory(MB):16066
Error: cannot run top on container fca65b17c7696be0978c024206dce045576ad0d5017576dab9c64493f5b57e1c as it did not create a cgroup: this container does not have a cgroup
timestamp_ns=1785749633800645904
	DDR Capacity(MB)               : 0
	DDR Usage Rate(%)              : 0
	DDR Hugepages Total(page)      : 0
	DDR Hugepages Usage Rate(%)    : 0
	HBM Capacity(MB)               : 65536
	HBM Usage Rate(%)              : 29
	Aicore Usage Rate(%)           : 78
	Aivector Usage Rate(%)         : 5
	Aicpu Usage Rate(%)            : 0
	Ctrlcpu Usage Rate(%)          : 1
	DDR Bandwidth Usage Rate(%)    : 0
	HBM Bandwidth Usage Rate(%)    : 53
	NPU Utilization(%)             : 93
	Aicube Usage Rate(%)           : 71
	Get pid name failed.
	Process id:1657446 Process name:                  Process memory(MB):16066
Error: cannot run top on container fca65b17c7696be0978c024206dce045576ad0d5017576dab9c64493f5b57e1c as it did not create a cgroup: this container does not have a cgroup
timestamp_ns=1785749635977854236
	DDR Capacity(MB)               : 0
	DDR Usage Rate(%)              : 0
	DDR Hugepages Total(page)      : 0
	DDR Hugepages Usage Rate(%)    : 0
	HBM Capacity(MB)               : 65536
	HBM Usage Rate(%)              : 29
	Aicore Usage Rate(%)           : 71
	Aivector Usage Rate(%)         : 4
	Aicpu Usage Rate(%)            : 0
	Ctrlcpu Usage Rate(%)          : 4
	DDR Bandwidth Usage Rate(%)    : 0
	HBM Bandwidth Usage Rate(%)    : 53
	NPU Utilization(%)             : 89
	Aicube Usage Rate(%)           : 65
	Get pid name failed.
	Process id:1657446 Process name:                  Process memory(MB):16066
Error: cannot run top on container fca65b17c7696be0978c024206dce045576ad0d5017576dab9c64493f5b57e1c as it did not create a cgroup: this container does not have a cgroup
timestamp_ns=1785749638148917576
	DDR Capacity(MB)               : 0
	DDR Usage Rate(%)              : 0
	DDR Hugepages Total(page)      : 0
	DDR Hugepages Usage Rate(%)    : 0
	HBM Capacity(MB)               : 65536
	HBM Usage Rate(%)              : 29
	Aicore Usage Rate(%)           : 79
	Aivector Usage Rate(%)         : 5
	Aicpu Usage Rate(%)            : 0
	Ctrlcpu Usage Rate(%)          : 1
	DDR Bandwidth Usage Rate(%)    : 0
	HBM Bandwidth Usage Rate(%)    : 53
	NPU Utilization(%)             : 89
	Aicube Usage Rate(%)           : 72
	Get pid name failed.
	Process id:1657446 Process name:                  Process memory(MB):16066
Error: cannot run top on container fca65b17c7696be0978c024206dce045576ad0d5017576dab9c64493f5b57e1c as it did not create a cgroup: this container does not have a cgroup
timestamp_ns=1785749640354245917
	DDR Capacity(MB)               : 0
	DDR Usage Rate(%)              : 0
	DDR Hugepages Total(page)      : 0
	DDR Hugepages Usage Rate(%)    : 0
	HBM Capacity(MB)               : 65536
	HBM Usage Rate(%)              : 29
	Aicore Usage Rate(%)           : 77
	Aivector Usage Rate(%)         : 5
	Aicpu Usage Rate(%)            : 0
	Ctrlcpu Usage Rate(%)          : 1
	DDR Bandwidth Usage Rate(%)    : 0
	HBM Bandwidth Usage Rate(%)    : 53
	NPU Utilization(%)             : 89
	Aicube Usage Rate(%)           : 70
	Get pid name failed.
	Process id:1657446 Process name:                  Process memory(MB):16066
Error: cannot run top on container fca65b17c7696be0978c024206dce045576ad0d5017576dab9c64493f5b57e1c as it did not create a cgroup: this container does not have a cgroup
timestamp_ns=1785749642598461507
	DDR Capacity(MB)               : 0
	DDR Usage Rate(%)              : 0
	DDR Hugepages Total(page)      : 0
	DDR Hugepages Usage Rate(%)    : 0
	HBM Capacity(MB)               : 65536
	HBM Usage Rate(%)              : 29
	Aicore Usage Rate(%)           : 78
	Aivector Usage Rate(%)         : 5
	Aicpu Usage Rate(%)            : 0
	Ctrlcpu Usage Rate(%)          : 9
	DDR Bandwidth Usage Rate(%)    : 0
	HBM Bandwidth Usage Rate(%)    : 52
	NPU Utilization(%)             : 93
	Aicube Usage Rate(%)           : 71
	Get pid name failed.
	Process id:1657446 Process name:                  Process memory(MB):16066
Error: cannot run top on container fca65b17c7696be0978c024206dce045576ad0d5017576dab9c64493f5b57e1c as it did not create a cgroup: this container does not have a cgroup
timestamp_ns=1785749644750421742
	DDR Capacity(MB)               : 0
	DDR Usage Rate(%)              : 0
	DDR Hugepages Total(page)      : 0
	DDR Hugepages Usage Rate(%)    : 0
	HBM Capacity(MB)               : 65536
	HBM Usage Rate(%)              : 29
	Aicore Usage Rate(%)           : 78
	Aivector Usage Rate(%)         : 5
	Aicpu Usage Rate(%)            : 0
	Ctrlcpu Usage Rate(%)          : 4
	DDR Bandwidth Usage Rate(%)    : 0
	HBM Bandwidth Usage Rate(%)    : 53
	NPU Utilization(%)             : 89
	Aicube Usage Rate(%)           : 71
	Get pid name failed.
	Process id:1657446 Process name:                  Process memory(MB):16066
Error: cannot run top on container fca65b17c7696be0978c024206dce045576ad0d5017576dab9c64493f5b57e1c as it did not create a cgroup: this container does not have a cgroup
timestamp_ns=1785749646909146694
	DDR Capacity(MB)               : 0
	DDR Usage Rate(%)              : 0
	DDR Hugepages Total(page)      : 0
	DDR Hugepages Usage Rate(%)    : 0
	HBM Capacity(MB)               : 65536
	HBM Usage Rate(%)              : 29
	Aicore Usage Rate(%)           : 80
	Aivector Usage Rate(%)         : 5
	Aicpu Usage Rate(%)            : 0
	Ctrlcpu Usage Rate(%)          : 3
	DDR Bandwidth Usage Rate(%)    : 0
	HBM Bandwidth Usage Rate(%)    : 19
	NPU Utilization(%)             : 93
	Aicube Usage Rate(%)           : 73
	Get pid name failed.
	Process id:1657446 Process name:                  Process memory(MB):16066
Error: cannot run top on container fca65b17c7696be0978c024206dce045576ad0d5017576dab9c64493f5b57e1c as it did not create a cgroup: this container does not have a cgroup
timestamp_ns=1785749649079043915
	DDR Capacity(MB)               : 0
	DDR Usage Rate(%)              : 0
	DDR Hugepages Total(page)      : 0
	DDR Hugepages Usage Rate(%)    : 0
	HBM Capacity(MB)               : 65536
	HBM Usage Rate(%)              : 29
	Aicore Usage Rate(%)           : 78
	Aivector Usage Rate(%)         : 5
	Aicpu Usage Rate(%)            : 0
	Ctrlcpu Usage Rate(%)          : 2
	DDR Bandwidth Usage Rate(%)    : 0
	HBM Bandwidth Usage Rate(%)    : 52
	NPU Utilization(%)             : 96
	Aicube Usage Rate(%)           : 71
	Get pid name failed.
	Process id:1657446 Process name:                  Process memory(MB):16066
Error: cannot run top on container fca65b17c7696be0978c024206dce045576ad0d5017576dab9c64493f5b57e1c as it did not create a cgroup: this container does not have a cgroup
timestamp_ns=1785749651263616208
	DDR Capacity(MB)               : 0
	DDR Usage Rate(%)              : 0
	DDR Hugepages Total(page)      : 0
	DDR Hugepages Usage Rate(%)    : 0
	HBM Capacity(MB)               : 65536
	HBM Usage Rate(%)              : 29
	Aicore Usage Rate(%)           : 80
	Aivector Usage Rate(%)         : 5
	Aicpu Usage Rate(%)            : 0
	Ctrlcpu Usage Rate(%)          : 3
	DDR Bandwidth Usage Rate(%)    : 0
	HBM Bandwidth Usage Rate(%)    : 39
	NPU Utilization(%)             : 89
	Aicube Usage Rate(%)           : 72
	Get pid name failed.
	Process id:1657446 Process name:                  Process memory(MB):16066
Error: cannot run top on container fca65b17c7696be0978c024206dce045576ad0d5017576dab9c64493f5b57e1c as it did not create a cgroup: this container does not have a cgroup
timestamp_ns=1785749653425893890
	DDR Capacity(MB)               : 0
	DDR Usage Rate(%)              : 0
	DDR Hugepages Total(page)      : 0
	DDR Hugepages Usage Rate(%)    : 0
	HBM Capacity(MB)               : 65536
	HBM Usage Rate(%)              : 29
	Aicore Usage Rate(%)           : 76
	Aivector Usage Rate(%)         : 5
	Aicpu Usage Rate(%)            : 0
	Ctrlcpu Usage Rate(%)          : 0
	DDR Bandwidth Usage Rate(%)    : 0
	HBM Bandwidth Usage Rate(%)    : 52
	NPU Utilization(%)             : 89
	Aicube Usage Rate(%)           : 69
	Get pid name failed.
	Process id:1657446 Process name:                  Process memory(MB):16066
Error: cannot run top on container fca65b17c7696be0978c024206dce045576ad0d5017576dab9c64493f5b57e1c as it did not create a cgroup: this container does not have a cgroup
timestamp_ns=1785749655650247360
	DDR Capacity(MB)               : 0
	DDR Usage Rate(%)              : 0
	DDR Hugepages Total(page)      : 0
	DDR Hugepages Usage Rate(%)    : 0
	HBM Capacity(MB)               : 65536
	HBM Usage Rate(%)              : 29
	Aicore Usage Rate(%)           : 80
	Aivector Usage Rate(%)         : 5
	Aicpu Usage Rate(%)            : 0
	Ctrlcpu Usage Rate(%)          : 1
	DDR Bandwidth Usage Rate(%)    : 0
	HBM Bandwidth Usage Rate(%)    : 51
	NPU Utilization(%)             : 93
	Aicube Usage Rate(%)           : 73
	Get pid name failed.
	Process id:1657446 Process name:                  Process memory(MB):16066
Error: cannot run top on container fca65b17c7696be0978c024206dce045576ad0d5017576dab9c64493f5b57e1c as it did not create a cgroup: this container does not have a cgroup
timestamp_ns=1785749657851593714
	DDR Capacity(MB)               : 0
	DDR Usage Rate(%)              : 0
	DDR Hugepages Total(page)      : 0
	DDR Hugepages Usage Rate(%)    : 0
	HBM Capacity(MB)               : 65536
	HBM Usage Rate(%)              : 29
	Aicore Usage Rate(%)           : 73
	Aivector Usage Rate(%)         : 5
	Aicpu Usage Rate(%)            : 0
	Ctrlcpu Usage Rate(%)          : 3
	DDR Bandwidth Usage Rate(%)    : 0
	HBM Bandwidth Usage Rate(%)    : 50
	NPU Utilization(%)             : 86
	Aicube Usage Rate(%)           : 67
	Get pid name failed.
	Process id:1657446 Process name:                  Process memory(MB):16066
Error: cannot run top on container fca65b17c7696be0978c024206dce045576ad0d5017576dab9c64493f5b57e1c as it did not create a cgroup: this container does not have a cgroup
timestamp_ns=1785749660048744541
	DDR Capacity(MB)               : 0
	DDR Usage Rate(%)              : 0
	DDR Hugepages Total(page)      : 0
	DDR Hugepages Usage Rate(%)    : 0
	HBM Capacity(MB)               : 65536
	HBM Usage Rate(%)              : 29
	Aicore Usage Rate(%)           : 77
	Aivector Usage Rate(%)         : 5
	Aicpu Usage Rate(%)            : 0
	Ctrlcpu Usage Rate(%)          : 4
	DDR Bandwidth Usage Rate(%)    : 0
	HBM Bandwidth Usage Rate(%)    : 53
	NPU Utilization(%)             : 77
	Aicube Usage Rate(%)           : 70
	Get pid name failed.
	Process id:1657446 Process name:                  Process memory(MB):16066
Error: cannot run top on container fca65b17c7696be0978c024206dce045576ad0d5017576dab9c64493f5b57e1c as it did not create a cgroup: this container does not have a cgroup
timestamp_ns=1785749662271052219
	DDR Capacity(MB)               : 0
	DDR Usage Rate(%)              : 0
	DDR Hugepages Total(page)      : 0
	DDR Hugepages Usage Rate(%)    : 0
	HBM Capacity(MB)               : 65536
	HBM Usage Rate(%)              : 29
	Aicore Usage Rate(%)           : 77
	Aivector Usage Rate(%)         : 5
	Aicpu Usage Rate(%)            : 0
	Ctrlcpu Usage Rate(%)          : 7
	DDR Bandwidth Usage Rate(%)    : 0
	HBM Bandwidth Usage Rate(%)    : 51
	NPU Utilization(%)             : 93
	Aicube Usage Rate(%)           : 70
	Get pid name failed.
	Process id:1657446 Process name:                  Process memory(MB):16066
Error: cannot run top on container fca65b17c7696be0978c024206dce045576ad0d5017576dab9c64493f5b57e1c as it did not create a cgroup: this container does not have a cgroup
timestamp_ns=1785749664450384312
	DDR Capacity(MB)               : 0
	DDR Usage Rate(%)              : 0
	DDR Hugepages Total(page)      : 0
	DDR Hugepages Usage Rate(%)    : 0
	HBM Capacity(MB)               : 65536
	HBM Usage Rate(%)              : 29
	Aicore Usage Rate(%)           : 78
	Aivector Usage Rate(%)         : 5
	Aicpu Usage Rate(%)            : 0
	Ctrlcpu Usage Rate(%)          : 3
	DDR Bandwidth Usage Rate(%)    : 0
	HBM Bandwidth Usage Rate(%)    : 34
	NPU Utilization(%)             : 78
	Aicube Usage Rate(%)           : 70
	Get pid name failed.
	Process id:1657446 Process name:                  Process memory(MB):16066
Error: cannot run top on container fca65b17c7696be0978c024206dce045576ad0d5017576dab9c64493f5b57e1c as it did not create a cgroup: this container does not have a cgroup
timestamp_ns=1785749666631162738
	DDR Capacity(MB)               : 0
	DDR Usage Rate(%)              : 0
	DDR Hugepages Total(page)      : 0
	DDR Hugepages Usage Rate(%)    : 0
	HBM Capacity(MB)               : 65536
	HBM Usage Rate(%)              : 29
	Aicore Usage Rate(%)           : 80
	Aivector Usage Rate(%)         : 5
	Aicpu Usage Rate(%)            : 0
	Ctrlcpu Usage Rate(%)          : 4
	DDR Bandwidth Usage Rate(%)    : 0
	HBM Bandwidth Usage Rate(%)    : 52
	NPU Utilization(%)             : 93
	Aicube Usage Rate(%)           : 73
	Get pid name failed.
	Process id:1657446 Process name:                  Process memory(MB):16066
Error: cannot run top on container fca65b17c7696be0978c024206dce045576ad0d5017576dab9c64493f5b57e1c as it did not create a cgroup: this container does not have a cgroup
timestamp_ns=1785749668805440560
	DDR Capacity(MB)               : 0
	DDR Usage Rate(%)              : 0
	DDR Hugepages Total(page)      : 0
	DDR Hugepages Usage Rate(%)    : 0
	HBM Capacity(MB)               : 65536
	HBM Usage Rate(%)              : 29
	Aicore Usage Rate(%)           : 77
	Aivector Usage Rate(%)         : 5
	Aicpu Usage Rate(%)            : 0
	Ctrlcpu Usage Rate(%)          : 7
	DDR Bandwidth Usage Rate(%)    : 0
	HBM Bandwidth Usage Rate(%)    : 53
	NPU Utilization(%)             : 96
	Aicube Usage Rate(%)           : 70
	Get pid name failed.
	Process id:1657446 Process name:                  Process memory(MB):16066
Error: cannot run top on container fca65b17c7696be0978c024206dce045576ad0d5017576dab9c64493f5b57e1c as it did not create a cgroup: this container does not have a cgroup
timestamp_ns=1785749670991952803
	DDR Capacity(MB)               : 0
	DDR Usage Rate(%)              : 0
	DDR Hugepages Total(page)      : 0
	DDR Hugepages Usage Rate(%)    : 0
	HBM Capacity(MB)               : 65536
	HBM Usage Rate(%)              : 29
	Aicore Usage Rate(%)           : 78
	Aivector Usage Rate(%)         : 5
	Aicpu Usage Rate(%)            : 0
	Ctrlcpu Usage Rate(%)          : 2
	DDR Bandwidth Usage Rate(%)    : 0
	HBM Bandwidth Usage Rate(%)    : 53
	NPU Utilization(%)             : 89
	Aicube Usage Rate(%)           : 71
	Get pid name failed.
	Process id:1657446 Process name:                  Process memory(MB):16066
Error: cannot run top on container fca65b17c7696be0978c024206dce045576ad0d5017576dab9c64493f5b57e1c as it did not create a cgroup: this container does not have a cgroup
timestamp_ns=1785749673162273776
	DDR Capacity(MB)               : 0
	DDR Usage Rate(%)              : 0
	DDR Hugepages Total(page)      : 0
	DDR Hugepages Usage Rate(%)    : 0
	HBM Capacity(MB)               : 65536
	HBM Usage Rate(%)              : 29
	Aicore Usage Rate(%)           : 42
	Aivector Usage Rate(%)         : 2
	Aicpu Usage Rate(%)            : 0
	Ctrlcpu Usage Rate(%)          : 1
	DDR Bandwidth Usage Rate(%)    : 0
	HBM Bandwidth Usage Rate(%)    : 53
	NPU Utilization(%)             : 82
	Aicube Usage Rate(%)           : 38
	Get pid name failed.
	Process id:1657446 Process name:                  Process memory(MB):16066
Error: cannot run top on container fca65b17c7696be0978c024206dce045576ad0d5017576dab9c64493f5b57e1c as it did not create a cgroup: this container does not have a cgroup
timestamp_ns=1785749675333046793
	DDR Capacity(MB)               : 0
	DDR Usage Rate(%)              : 0
	DDR Hugepages Total(page)      : 0
	DDR Hugepages Usage Rate(%)    : 0
	HBM Capacity(MB)               : 65536
	HBM Usage Rate(%)              : 29
	Aicore Usage Rate(%)           : 75
	Aivector Usage Rate(%)         : 5
	Aicpu Usage Rate(%)            : 0
	Ctrlcpu Usage Rate(%)          : 4
	DDR Bandwidth Usage Rate(%)    : 0
	HBM Bandwidth Usage Rate(%)    : 50
	NPU Utilization(%)             : 89
	Aicube Usage Rate(%)           : 69
	Get pid name failed.
	Process id:1657446 Process name:                  Process memory(MB):16066
Error: cannot run top on container fca65b17c7696be0978c024206dce045576ad0d5017576dab9c64493f5b57e1c as it did not create a cgroup: this container does not have a cgroup
timestamp_ns=1785749677541756651
	DDR Capacity(MB)               : 0
	DDR Usage Rate(%)              : 0
	DDR Hugepages Total(page)      : 0
	DDR Hugepages Usage Rate(%)    : 0
	HBM Capacity(MB)               : 65536
	HBM Usage Rate(%)              : 29
	Aicore Usage Rate(%)           : 100
	Aivector Usage Rate(%)         : 20
	Aicpu Usage Rate(%)            : 0
	Ctrlcpu Usage Rate(%)          : 1
	DDR Bandwidth Usage Rate(%)    : 0
	HBM Bandwidth Usage Rate(%)    : 52
	NPU Utilization(%)             : 100
	Aicube Usage Rate(%)           : 81
	Get pid name failed.
	Process id:1657446 Process name:                  Process memory(MB):16066
Error: cannot run top on container fca65b17c7696be0978c024206dce045576ad0d5017576dab9c64493f5b57e1c as it did not create a cgroup: this container does not have a cgroup
timestamp_ns=1785749679699523822
	DDR Capacity(MB)               : 0
	DDR Usage Rate(%)              : 0
	DDR Hugepages Total(page)      : 0
	DDR Hugepages Usage Rate(%)    : 0
	HBM Capacity(MB)               : 65536
	HBM Usage Rate(%)              : 29
	Aicore Usage Rate(%)           : 78
	Aivector Usage Rate(%)         : 5
	Aicpu Usage Rate(%)            : 0
	Ctrlcpu Usage Rate(%)          : 3
	DDR Bandwidth Usage Rate(%)    : 0
	HBM Bandwidth Usage Rate(%)    : 54
	NPU Utilization(%)             : 93
	Aicube Usage Rate(%)           : 70
	Get pid name failed.
	Process id:1657446 Process name:                  Process memory(MB):16066
Error: cannot run top on container fca65b17c7696be0978c024206dce045576ad0d5017576dab9c64493f5b57e1c as it did not create a cgroup: this container does not have a cgroup
timestamp_ns=1785749681879126816
	DDR Capacity(MB)               : 0
	DDR Usage Rate(%)              : 0
	DDR Hugepages Total(page)      : 0
	DDR Hugepages Usage Rate(%)    : 0
	HBM Capacity(MB)               : 65536
	HBM Usage Rate(%)              : 29
	Aicore Usage Rate(%)           : 0
	Aivector Usage Rate(%)         : 0
	Aicpu Usage Rate(%)            : 0
	Ctrlcpu Usage Rate(%)          : 7
	DDR Bandwidth Usage Rate(%)    : 0
	HBM Bandwidth Usage Rate(%)    : 51
	NPU Utilization(%)             : 20
	Aicube Usage Rate(%)           : 0
	Get pid name failed.
	Process id:1657446 Process name:                  Process memory(MB):16066
Error: cannot run top on container fca65b17c7696be0978c024206dce045576ad0d5017576dab9c64493f5b57e1c as it did not create a cgroup: this container does not have a cgroup
timestamp_ns=1785749684089729304
	DDR Capacity(MB)               : 0
	DDR Usage Rate(%)              : 0
	DDR Hugepages Total(page)      : 0
	DDR Hugepages Usage Rate(%)    : 0
	HBM Capacity(MB)               : 65536
	HBM Usage Rate(%)              : 29
	Aicore Usage Rate(%)           : 80
	Aivector Usage Rate(%)         : 5
	Aicpu Usage Rate(%)            : 0
	Ctrlcpu Usage Rate(%)          : 7
	DDR Bandwidth Usage Rate(%)    : 0
	HBM Bandwidth Usage Rate(%)    : 53
	NPU Utilization(%)             : 96
	Aicube Usage Rate(%)           : 73
	Get pid name failed.
	Process id:1657446 Process name:                  Process memory(MB):16066
Error: cannot run top on container fca65b17c7696be0978c024206dce045576ad0d5017576dab9c64493f5b57e1c as it did not create a cgroup: this container does not have a cgroup
timestamp_ns=1785749686278076687
	DDR Capacity(MB)               : 0
	DDR Usage Rate(%)              : 0
	DDR Hugepages Total(page)      : 0
	DDR Hugepages Usage Rate(%)    : 0
	HBM Capacity(MB)               : 65536
	HBM Usage Rate(%)              : 29
	Aicore Usage Rate(%)           : 96
	Aivector Usage Rate(%)         : 15
	Aicpu Usage Rate(%)            : 0
	Ctrlcpu Usage Rate(%)          : 3
	DDR Bandwidth Usage Rate(%)    : 0
	HBM Bandwidth Usage Rate(%)    : 52
	NPU Utilization(%)             : 96
	Aicube Usage Rate(%)           : 78
	Get pid name failed.
	Process id:1657446 Process name:                  Process memory(MB):16066
Error: cannot run top on container fca65b17c7696be0978c024206dce045576ad0d5017576dab9c64493f5b57e1c as it did not create a cgroup: this container does not have a cgroup
timestamp_ns=1785749688445529128
	DDR Capacity(MB)               : 0
	DDR Usage Rate(%)              : 0
	DDR Hugepages Total(page)      : 0
	DDR Hugepages Usage Rate(%)    : 0
	HBM Capacity(MB)               : 65536
	HBM Usage Rate(%)              : 29
	Aicore Usage Rate(%)           : 75
	Aivector Usage Rate(%)         : 5
	Aicpu Usage Rate(%)            : 0
	Ctrlcpu Usage Rate(%)          : 7
	DDR Bandwidth Usage Rate(%)    : 0
	HBM Bandwidth Usage Rate(%)    : 52
	NPU Utilization(%)             : 93
	Aicube Usage Rate(%)           : 69
	Get pid name failed.
	Process id:1657446 Process name:                  Process memory(MB):16066
Error: cannot run top on container fca65b17c7696be0978c024206dce045576ad0d5017576dab9c64493f5b57e1c as it did not create a cgroup: this container does not have a cgroup
timestamp_ns=1785749690641984480
	DDR Capacity(MB)               : 0
	DDR Usage Rate(%)              : 0
	DDR Hugepages Total(page)      : 0
	DDR Hugepages Usage Rate(%)    : 0
	HBM Capacity(MB)               : 65536
	HBM Usage Rate(%)              : 29
	Aicore Usage Rate(%)           : 100
	Aivector Usage Rate(%)         : 23
	Aicpu Usage Rate(%)            : 0
	Ctrlcpu Usage Rate(%)          : 3
	DDR Bandwidth Usage Rate(%)    : 0
	HBM Bandwidth Usage Rate(%)    : 53
	NPU Utilization(%)             : 100
	Aicube Usage Rate(%)           : 87
	Get pid name failed.
	Process id:1657446 Process name:                  Process memory(MB):16066
Error: cannot run top on container fca65b17c7696be0978c024206dce045576ad0d5017576dab9c64493f5b57e1c as it did not create a cgroup: this container does not have a cgroup
timestamp_ns=1785749692908699474
	DDR Capacity(MB)               : 0
	DDR Usage Rate(%)              : 0
	DDR Hugepages Total(page)      : 0
	DDR Hugepages Usage Rate(%)    : 0
	HBM Capacity(MB)               : 65536
	HBM Usage Rate(%)              : 29
	Aicore Usage Rate(%)           : 77
	Aivector Usage Rate(%)         : 5
	Aicpu Usage Rate(%)            : 0
	Ctrlcpu Usage Rate(%)          : 2
	DDR Bandwidth Usage Rate(%)    : 0
	HBM Bandwidth Usage Rate(%)    : 52
	NPU Utilization(%)             : 89
	Aicube Usage Rate(%)           : 70
	Get pid name failed.
	Process id:1657446 Process name:                  Process memory(MB):16066
Error: cannot run top on container fca65b17c7696be0978c024206dce045576ad0d5017576dab9c64493f5b57e1c as it did not create a cgroup: this container does not have a cgroup
timestamp_ns=1785749695080724553
	DDR Capacity(MB)               : 0
	DDR Usage Rate(%)              : 0
	DDR Hugepages Total(page)      : 0
	DDR Hugepages Usage Rate(%)    : 0
	HBM Capacity(MB)               : 65536
	HBM Usage Rate(%)              : 29
	Aicore Usage Rate(%)           : 100
	Aivector Usage Rate(%)         : 23
	Aicpu Usage Rate(%)            : 0
	Ctrlcpu Usage Rate(%)          : 1
	DDR Bandwidth Usage Rate(%)    : 0
	HBM Bandwidth Usage Rate(%)    : 54
	NPU Utilization(%)             : 100
	Aicube Usage Rate(%)           : 87
	Get pid name failed.
	Process id:1657446 Process name:                  Process memory(MB):16066
Error: cannot run top on container fca65b17c7696be0978c024206dce045576ad0d5017576dab9c64493f5b57e1c as it did not create a cgroup: this container does not have a cgroup
timestamp_ns=1785749697376569189
	DDR Capacity(MB)               : 0
	DDR Usage Rate(%)              : 0
	DDR Hugepages Total(page)      : 0
	DDR Hugepages Usage Rate(%)    : 0
	HBM Capacity(MB)               : 65536
	HBM Usage Rate(%)              : 29
	Aicore Usage Rate(%)           : 75
	Aivector Usage Rate(%)         : 5
	Aicpu Usage Rate(%)            : 0
	Ctrlcpu Usage Rate(%)          : 3
	DDR Bandwidth Usage Rate(%)    : 0
	HBM Bandwidth Usage Rate(%)    : 52
	NPU Utilization(%)             : 89
	Aicube Usage Rate(%)           : 69
	Get pid name failed.
	Process id:1657446 Process name:                  Process memory(MB):16066
Error: cannot run top on container fca65b17c7696be0978c024206dce045576ad0d5017576dab9c64493f5b57e1c as it did not create a cgroup: this container does not have a cgroup
timestamp_ns=1785749699611631920
	DDR Capacity(MB)               : 0
	DDR Usage Rate(%)              : 0
	DDR Hugepages Total(page)      : 0
	DDR Hugepages Usage Rate(%)    : 0
	HBM Capacity(MB)               : 65536
	HBM Usage Rate(%)              : 29
	Aicore Usage Rate(%)           : 77
	Aivector Usage Rate(%)         : 5
	Aicpu Usage Rate(%)            : 0
	Ctrlcpu Usage Rate(%)          : 0
	DDR Bandwidth Usage Rate(%)    : 0
	HBM Bandwidth Usage Rate(%)    : 53
	NPU Utilization(%)             : 89
	Aicube Usage Rate(%)           : 70
	Get pid name failed.
	Process id:1657446 Process name:                  Process memory(MB):16066
Error: cannot run top on container fca65b17c7696be0978c024206dce045576ad0d5017576dab9c64493f5b57e1c as it did not create a cgroup: this container does not have a cgroup
timestamp_ns=1785749701833812406
	DDR Capacity(MB)               : 0
	DDR Usage Rate(%)              : 0
	DDR Hugepages Total(page)      : 0
	DDR Hugepages Usage Rate(%)    : 0
	HBM Capacity(MB)               : 65536
	HBM Usage Rate(%)              : 29
	Aicore Usage Rate(%)           : 77
	Aivector Usage Rate(%)         : 5
	Aicpu Usage Rate(%)            : 0
	Ctrlcpu Usage Rate(%)          : 2
	DDR Bandwidth Usage Rate(%)    : 0
	HBM Bandwidth Usage Rate(%)    : 53
	NPU Utilization(%)             : 86
	Aicube Usage Rate(%)           : 70
	Get pid name failed.
	Process id:1657446 Process name:                  Process memory(MB):16066
Error: cannot run top on container fca65b17c7696be0978c024206dce045576ad0d5017576dab9c64493f5b57e1c as it did not create a cgroup: this container does not have a cgroup
timestamp_ns=1785749703978975963
	DDR Capacity(MB)               : 0
	DDR Usage Rate(%)              : 0
	DDR Hugepages Total(page)      : 0
	DDR Hugepages Usage Rate(%)    : 0
	HBM Capacity(MB)               : 65536
	HBM Usage Rate(%)              : 29
	Aicore Usage Rate(%)           : 76
	Aivector Usage Rate(%)         : 5
	Aicpu Usage Rate(%)            : 0
	Ctrlcpu Usage Rate(%)          : 3
	DDR Bandwidth Usage Rate(%)    : 0
	HBM Bandwidth Usage Rate(%)    : 51
	NPU Utilization(%)             : 93
	Aicube Usage Rate(%)           : 70
	Get pid name failed.
	Process id:1657446 Process name:                  Process memory(MB):16066
Error: cannot run top on container fca65b17c7696be0978c024206dce045576ad0d5017576dab9c64493f5b57e1c as it did not create a cgroup: this container does not have a cgroup
timestamp_ns=1785749706167363604
	DDR Capacity(MB)               : 0
	DDR Usage Rate(%)              : 0
	DDR Hugepages Total(page)      : 0
	DDR Hugepages Usage Rate(%)    : 0
	HBM Capacity(MB)               : 65536
	HBM Usage Rate(%)              : 29
	Aicore Usage Rate(%)           : 79
	Aivector Usage Rate(%)         : 5
	Aicpu Usage Rate(%)            : 0
	Ctrlcpu Usage Rate(%)          : 7
	DDR Bandwidth Usage Rate(%)    : 0
	HBM Bandwidth Usage Rate(%)    : 52
	NPU Utilization(%)             : 89
	Aicube Usage Rate(%)           : 72
	Get pid name failed.
	Process id:1657446 Process name:                  Process memory(MB):16066
Error: cannot run top on container fca65b17c7696be0978c024206dce045576ad0d5017576dab9c64493f5b57e1c as it did not create a cgroup: this container does not have a cgroup
timestamp_ns=1785749708333767034
	DDR Capacity(MB)               : 0
	DDR Usage Rate(%)              : 0
	DDR Hugepages Total(page)      : 0
	DDR Hugepages Usage Rate(%)    : 0
	HBM Capacity(MB)               : 65536
	HBM Usage Rate(%)              : 29
	Aicore Usage Rate(%)           : 78
	Aivector Usage Rate(%)         : 5
	Aicpu Usage Rate(%)            : 0
	Ctrlcpu Usage Rate(%)          : 1
	DDR Bandwidth Usage Rate(%)    : 0
	HBM Bandwidth Usage Rate(%)    : 53
	NPU Utilization(%)             : 86
	Aicube Usage Rate(%)           : 70
	Get pid name failed.
	Process id:1657446 Process name:                  Process memory(MB):16066
Error: cannot run top on container fca65b17c7696be0978c024206dce045576ad0d5017576dab9c64493f5b57e1c as it did not create a cgroup: this container does not have a cgroup
timestamp_ns=1785749710497919693
	DDR Capacity(MB)               : 0
	DDR Usage Rate(%)              : 0
	DDR Hugepages Total(page)      : 0
	DDR Hugepages Usage Rate(%)    : 0
	HBM Capacity(MB)               : 65536
	HBM Usage Rate(%)              : 29
	Aicore Usage Rate(%)           : 74
	Aivector Usage Rate(%)         : 5
	Aicpu Usage Rate(%)            : 0
	Ctrlcpu Usage Rate(%)          : 0
	DDR Bandwidth Usage Rate(%)    : 0
	HBM Bandwidth Usage Rate(%)    : 53
	NPU Utilization(%)             : 93
	Aicube Usage Rate(%)           : 68
	Get pid name failed.
	Process id:1657446 Process name:                  Process memory(MB):16066
Error: cannot run top on container fca65b17c7696be0978c024206dce045576ad0d5017576dab9c64493f5b57e1c as it did not create a cgroup: this container does not have a cgroup
timestamp_ns=1785749712644168068
	DDR Capacity(MB)               : 0
	DDR Usage Rate(%)              : 0
	DDR Hugepages Total(page)      : 0
	DDR Hugepages Usage Rate(%)    : 0
	HBM Capacity(MB)               : 65536
	HBM Usage Rate(%)              : 29
	Aicore Usage Rate(%)           : 77
	Aivector Usage Rate(%)         : 5
	Aicpu Usage Rate(%)            : 0
	Ctrlcpu Usage Rate(%)          : 7
	DDR Bandwidth Usage Rate(%)    : 0
	HBM Bandwidth Usage Rate(%)    : 6
	NPU Utilization(%)             : 93
	Aicube Usage Rate(%)           : 70
	Get pid name failed.
	Process id:1657446 Process name:                  Process memory(MB):16066
Error: cannot run top on container fca65b17c7696be0978c024206dce045576ad0d5017576dab9c64493f5b57e1c as it did not create a cgroup: this container does not have a cgroup
timestamp_ns=1785749714790977551
	DDR Capacity(MB)               : 0
	DDR Usage Rate(%)              : 0
	DDR Hugepages Total(page)      : 0
	DDR Hugepages Usage Rate(%)    : 0
	HBM Capacity(MB)               : 65536
	HBM Usage Rate(%)              : 29
	Aicore Usage Rate(%)           : 76
	Aivector Usage Rate(%)         : 5
	Aicpu Usage Rate(%)            : 0
	Ctrlcpu Usage Rate(%)          : 2
	DDR Bandwidth Usage Rate(%)    : 0
	HBM Bandwidth Usage Rate(%)    : 52
	NPU Utilization(%)             : 93
	Aicube Usage Rate(%)           : 69
	Get pid name failed.
	Process id:1657446 Process name:                  Process memory(MB):16066
Error: cannot run top on container fca65b17c7696be0978c024206dce045576ad0d5017576dab9c64493f5b57e1c as it did not create a cgroup: this container does not have a cgroup
timestamp_ns=1785749716986437579
	DDR Capacity(MB)               : 0
	DDR Usage Rate(%)              : 0
	DDR Hugepages Total(page)      : 0
	DDR Hugepages Usage Rate(%)    : 0
	HBM Capacity(MB)               : 65536
	HBM Usage Rate(%)              : 29
	Aicore Usage Rate(%)           : 77
	Aivector Usage Rate(%)         : 5
	Aicpu Usage Rate(%)            : 0
	Ctrlcpu Usage Rate(%)          : 2
	DDR Bandwidth Usage Rate(%)    : 0
	HBM Bandwidth Usage Rate(%)    : 54
	NPU Utilization(%)             : 93
	Aicube Usage Rate(%)           : 70
	Get pid name failed.
	Process id:1657446 Process name:                  Process memory(MB):16066
Error: cannot run top on container fca65b17c7696be0978c024206dce045576ad0d5017576dab9c64493f5b57e1c as it did not create a cgroup: this container does not have a cgroup
timestamp_ns=1785749719247730196
	DDR Capacity(MB)               : 0
	DDR Usage Rate(%)              : 0
	DDR Hugepages Total(page)      : 0
	DDR Hugepages Usage Rate(%)    : 0
	HBM Capacity(MB)               : 65536
	HBM Usage Rate(%)              : 29
	Aicore Usage Rate(%)           : 81
	Aivector Usage Rate(%)         : 5
	Aicpu Usage Rate(%)            : 0
	Ctrlcpu Usage Rate(%)          : 2
	DDR Bandwidth Usage Rate(%)    : 0
	HBM Bandwidth Usage Rate(%)    : 53
	NPU Utilization(%)             : 93
	Aicube Usage Rate(%)           : 74
	Get pid name failed.
	Process id:1657446 Process name:                  Process memory(MB):16066
Error: cannot run top on container fca65b17c7696be0978c024206dce045576ad0d5017576dab9c64493f5b57e1c as it did not create a cgroup: this container does not have a cgroup
timestamp_ns=1785749721526429207
	DDR Capacity(MB)               : 0
	DDR Usage Rate(%)              : 0
	DDR Hugepages Total(page)      : 0
	DDR Hugepages Usage Rate(%)    : 0
	HBM Capacity(MB)               : 65536
	HBM Usage Rate(%)              : 29
	Aicore Usage Rate(%)           : 79
	Aivector Usage Rate(%)         : 5
	Aicpu Usage Rate(%)            : 0
	Ctrlcpu Usage Rate(%)          : 6
	DDR Bandwidth Usage Rate(%)    : 0
	HBM Bandwidth Usage Rate(%)    : 52
	NPU Utilization(%)             : 96
	Aicube Usage Rate(%)           : 71
	Get pid name failed.
	Process id:1657446 Process name:                  Process memory(MB):16066
Error: cannot run top on container fca65b17c7696be0978c024206dce045576ad0d5017576dab9c64493f5b57e1c as it did not create a cgroup: this container does not have a cgroup
timestamp_ns=1785749723699010097
	DDR Capacity(MB)               : 0
	DDR Usage Rate(%)              : 0
	DDR Hugepages Total(page)      : 0
	DDR Hugepages Usage Rate(%)    : 0
	HBM Capacity(MB)               : 65536
	HBM Usage Rate(%)              : 29
	Aicore Usage Rate(%)           : 77
	Aivector Usage Rate(%)         : 5
	Aicpu Usage Rate(%)            : 0
	Ctrlcpu Usage Rate(%)          : 2
	DDR Bandwidth Usage Rate(%)    : 0
	HBM Bandwidth Usage Rate(%)    : 52
	NPU Utilization(%)             : 93
	Aicube Usage Rate(%)           : 70
	Get pid name failed.
	Process id:1657446 Process name:                  Process memory(MB):16066
Error: cannot run top on container fca65b17c7696be0978c024206dce045576ad0d5017576dab9c64493f5b57e1c as it did not create a cgroup: this container does not have a cgroup
timestamp_ns=1785749725851463849
	DDR Capacity(MB)               : 0
	DDR Usage Rate(%)              : 0
	DDR Hugepages Total(page)      : 0
	DDR Hugepages Usage Rate(%)    : 0
	HBM Capacity(MB)               : 65536
	HBM Usage Rate(%)              : 29
	Aicore Usage Rate(%)           : 79
	Aivector Usage Rate(%)         : 5
	Aicpu Usage Rate(%)            : 0
	Ctrlcpu Usage Rate(%)          : 5
	DDR Bandwidth Usage Rate(%)    : 0
	HBM Bandwidth Usage Rate(%)    : 48
	NPU Utilization(%)             : 96
	Aicube Usage Rate(%)           : 71
	Get pid name failed.
	Process id:1657446 Process name:                  Process memory(MB):16066
Error: cannot run top on container fca65b17c7696be0978c024206dce045576ad0d5017576dab9c64493f5b57e1c as it did not create a cgroup: this container does not have a cgroup
timestamp_ns=1785749728024580594
	DDR Capacity(MB)               : 0
	DDR Usage Rate(%)              : 0
	DDR Hugepages Total(page)      : 0
	DDR Hugepages Usage Rate(%)    : 0
	HBM Capacity(MB)               : 65536
	HBM Usage Rate(%)              : 29
	Aicore Usage Rate(%)           : 77
	Aivector Usage Rate(%)         : 5
	Aicpu Usage Rate(%)            : 0
	Ctrlcpu Usage Rate(%)          : 4
	DDR Bandwidth Usage Rate(%)    : 0
	HBM Bandwidth Usage Rate(%)    : 52
	NPU Utilization(%)             : 89
	Aicube Usage Rate(%)           : 70
	Get pid name failed.
	Process id:1657446 Process name:                  Process memory(MB):16066
Error: cannot run top on container fca65b17c7696be0978c024206dce045576ad0d5017576dab9c64493f5b57e1c as it did not create a cgroup: this container does not have a cgroup
timestamp_ns=1785749730195347568
	DDR Capacity(MB)               : 0
	DDR Usage Rate(%)              : 0
	DDR Hugepages Total(page)      : 0
	DDR Hugepages Usage Rate(%)    : 0
	HBM Capacity(MB)               : 65536
	HBM Usage Rate(%)              : 29
	Aicore Usage Rate(%)           : 80
	Aivector Usage Rate(%)         : 5
	Aicpu Usage Rate(%)            : 0
	Ctrlcpu Usage Rate(%)          : 1
	DDR Bandwidth Usage Rate(%)    : 0
	HBM Bandwidth Usage Rate(%)    : 53
	NPU Utilization(%)             : 93
	Aicube Usage Rate(%)           : 73
	Get pid name failed.
	Process id:1657446 Process name:                  Process memory(MB):16066
Error: cannot run top on container fca65b17c7696be0978c024206dce045576ad0d5017576dab9c64493f5b57e1c as it did not create a cgroup: this container does not have a cgroup
timestamp_ns=1785749732361805081
	DDR Capacity(MB)               : 0
	DDR Usage Rate(%)              : 0
	DDR Hugepages Total(page)      : 0
	DDR Hugepages Usage Rate(%)    : 0
	HBM Capacity(MB)               : 65536
	HBM Usage Rate(%)              : 29
	Aicore Usage Rate(%)           : 76
	Aivector Usage Rate(%)         : 5
	Aicpu Usage Rate(%)            : 0
	Ctrlcpu Usage Rate(%)          : 6
	DDR Bandwidth Usage Rate(%)    : 0
	HBM Bandwidth Usage Rate(%)    : 53
	NPU Utilization(%)             : 86
	Aicube Usage Rate(%)           : 69
	Get pid name failed.
	Process id:1657446 Process name:                  Process memory(MB):16066
Error: cannot run top on container fca65b17c7696be0978c024206dce045576ad0d5017576dab9c64493f5b57e1c as it did not create a cgroup: this container does not have a cgroup
timestamp_ns=1785749734527138238
	DDR Capacity(MB)               : 0
	DDR Usage Rate(%)              : 0
	DDR Hugepages Total(page)      : 0
	DDR Hugepages Usage Rate(%)    : 0
	HBM Capacity(MB)               : 65536
	HBM Usage Rate(%)              : 29
	Aicore Usage Rate(%)           : 80
	Aivector Usage Rate(%)         : 5
	Aicpu Usage Rate(%)            : 0
	Ctrlcpu Usage Rate(%)          : 2
	DDR Bandwidth Usage Rate(%)    : 0
	HBM Bandwidth Usage Rate(%)    : 52
	NPU Utilization(%)             : 96
	Aicube Usage Rate(%)           : 73
	Get pid name failed.
	Process id:1657446 Process name:                  Process memory(MB):16066
Error: cannot run top on container fca65b17c7696be0978c024206dce045576ad0d5017576dab9c64493f5b57e1c as it did not create a cgroup: this container does not have a cgroup
timestamp_ns=1785749736715069168
	DDR Capacity(MB)               : 0
	DDR Usage Rate(%)              : 0
	DDR Hugepages Total(page)      : 0
	DDR Hugepages Usage Rate(%)    : 0
	HBM Capacity(MB)               : 65536
	HBM Usage Rate(%)              : 29
	Aicore Usage Rate(%)           : 77
	Aivector Usage Rate(%)         : 5
	Aicpu Usage Rate(%)            : 0
	Ctrlcpu Usage Rate(%)          : 5
	DDR Bandwidth Usage Rate(%)    : 0
	HBM Bandwidth Usage Rate(%)    : 49
	NPU Utilization(%)             : 93
	Aicube Usage Rate(%)           : 70
	Get pid name failed.
	Process id:1657446 Process name:                  Process memory(MB):16066
Error: cannot run top on container fca65b17c7696be0978c024206dce045576ad0d5017576dab9c64493f5b57e1c as it did not create a cgroup: this container does not have a cgroup
timestamp_ns=1785749738889489878
	DDR Capacity(MB)               : 0
	DDR Usage Rate(%)              : 0
	DDR Hugepages Total(page)      : 0
	DDR Hugepages Usage Rate(%)    : 0
	HBM Capacity(MB)               : 65536
	HBM Usage Rate(%)              : 29
	Aicore Usage Rate(%)           : 77
	Aivector Usage Rate(%)         : 5
	Aicpu Usage Rate(%)            : 0
	Ctrlcpu Usage Rate(%)          : 2
	DDR Bandwidth Usage Rate(%)    : 0
	HBM Bandwidth Usage Rate(%)    : 0
	NPU Utilization(%)             : 89
	Aicube Usage Rate(%)           : 69
	Get pid name failed.
	Process id:1657446 Process name:                  Process memory(MB):16066
Error: cannot run top on container fca65b17c7696be0978c024206dce045576ad0d5017576dab9c64493f5b57e1c as it did not create a cgroup: this container does not have a cgroup
timestamp_ns=1785749741058449623
	DDR Capacity(MB)               : 0
	DDR Usage Rate(%)              : 0
	DDR Hugepages Total(page)      : 0
	DDR Hugepages Usage Rate(%)    : 0
	HBM Capacity(MB)               : 65536
	HBM Usage Rate(%)              : 29
	Aicore Usage Rate(%)           : 77
	Aivector Usage Rate(%)         : 5
	Aicpu Usage Rate(%)            : 0
	Ctrlcpu Usage Rate(%)          : 3
	DDR Bandwidth Usage Rate(%)    : 0
	HBM Bandwidth Usage Rate(%)    : 52
	NPU Utilization(%)             : 86
	Aicube Usage Rate(%)           : 69
	Get pid name failed.
	Process id:1657446 Process name:                  Process memory(MB):16066
Error: cannot run top on container fca65b17c7696be0978c024206dce045576ad0d5017576dab9c64493f5b57e1c as it did not create a cgroup: this container does not have a cgroup
timestamp_ns=1785749743231985960
	DDR Capacity(MB)               : 0
	DDR Usage Rate(%)              : 0
	DDR Hugepages Total(page)      : 0
	DDR Hugepages Usage Rate(%)    : 0
	HBM Capacity(MB)               : 65536
	HBM Usage Rate(%)              : 29
	Aicore Usage Rate(%)           : 77
	Aivector Usage Rate(%)         : 5
	Aicpu Usage Rate(%)            : 0
	Ctrlcpu Usage Rate(%)          : 3
	DDR Bandwidth Usage Rate(%)    : 0
	HBM Bandwidth Usage Rate(%)    : 52
	NPU Utilization(%)             : 77
	Aicube Usage Rate(%)           : 70
	Get pid name failed.
	Process id:1657446 Process name:                  Process memory(MB):16066
Error: cannot run top on container fca65b17c7696be0978c024206dce045576ad0d5017576dab9c64493f5b57e1c as it did not create a cgroup: this container does not have a cgroup
timestamp_ns=1785749745386689198
	DDR Capacity(MB)               : 0
	DDR Usage Rate(%)              : 0
	DDR Hugepages Total(page)      : 0
	DDR Hugepages Usage Rate(%)    : 0
	HBM Capacity(MB)               : 65536
	HBM Usage Rate(%)              : 29
	Aicore Usage Rate(%)           : 73
	Aivector Usage Rate(%)         : 5
	Aicpu Usage Rate(%)            : 0
	Ctrlcpu Usage Rate(%)          : 4
	DDR Bandwidth Usage Rate(%)    : 0
	HBM Bandwidth Usage Rate(%)    : 50
	NPU Utilization(%)             : 75
	Aicube Usage Rate(%)           : 66
	Get pid name failed.
	Process id:1657446 Process name:                  Process memory(MB):16066
Error: cannot run top on container fca65b17c7696be0978c024206dce045576ad0d5017576dab9c64493f5b57e1c as it did not create a cgroup: this container does not have a cgroup
timestamp_ns=1785749747593033945
	DDR Capacity(MB)               : 0
	DDR Usage Rate(%)              : 0
	DDR Hugepages Total(page)      : 0
	DDR Hugepages Usage Rate(%)    : 0
	HBM Capacity(MB)               : 65536
	HBM Usage Rate(%)              : 29
	Aicore Usage Rate(%)           : 78
	Aivector Usage Rate(%)         : 5
	Aicpu Usage Rate(%)            : 0
	Ctrlcpu Usage Rate(%)          : 8
	DDR Bandwidth Usage Rate(%)    : 0
	HBM Bandwidth Usage Rate(%)    : 51
	NPU Utilization(%)             : 93
	Aicube Usage Rate(%)           : 70
	Get pid name failed.
	Process id:1657446 Process name:                  Process memory(MB):16066
Error: cannot run top on container fca65b17c7696be0978c024206dce045576ad0d5017576dab9c64493f5b57e1c as it did not create a cgroup: this container does not have a cgroup
timestamp_ns=1785749749753391886
	DDR Capacity(MB)               : 0
	DDR Usage Rate(%)              : 0
	DDR Hugepages Total(page)      : 0
	DDR Hugepages Usage Rate(%)    : 0
	HBM Capacity(MB)               : 65536
	HBM Usage Rate(%)              : 29
	Aicore Usage Rate(%)           : 75
	Aivector Usage Rate(%)         : 5
	Aicpu Usage Rate(%)            : 0
	Ctrlcpu Usage Rate(%)          : 3
	DDR Bandwidth Usage Rate(%)    : 0
	HBM Bandwidth Usage Rate(%)    : 53
	NPU Utilization(%)             : 82
	Aicube Usage Rate(%)           : 69
	Get pid name failed.
	Process id:1657446 Process name:                  Process memory(MB):16066
Error: cannot run top on container fca65b17c7696be0978c024206dce045576ad0d5017576dab9c64493f5b57e1c as it did not create a cgroup: this container does not have a cgroup
timestamp_ns=1785749751937878271
	DDR Capacity(MB)               : 0
	DDR Usage Rate(%)              : 0
	DDR Hugepages Total(page)      : 0
	DDR Hugepages Usage Rate(%)    : 0
	HBM Capacity(MB)               : 65536
	HBM Usage Rate(%)              : 29
	Aicore Usage Rate(%)           : 79
	Aivector Usage Rate(%)         : 5
	Aicpu Usage Rate(%)            : 0
	Ctrlcpu Usage Rate(%)          : 8
	DDR Bandwidth Usage Rate(%)    : 0
	HBM Bandwidth Usage Rate(%)    : 53
	NPU Utilization(%)             : 93
	Aicube Usage Rate(%)           : 72
	Get pid name failed.
	Process id:1657446 Process name:                  Process memory(MB):16066
Error: cannot run top on container fca65b17c7696be0978c024206dce045576ad0d5017576dab9c64493f5b57e1c as it did not create a cgroup: this container does not have a cgroup
timestamp_ns=1785749754143551318
	DDR Capacity(MB)               : 0
	DDR Usage Rate(%)              : 0
	DDR Hugepages Total(page)      : 0
	DDR Hugepages Usage Rate(%)    : 0
	HBM Capacity(MB)               : 65536
	HBM Usage Rate(%)              : 29
	Aicore Usage Rate(%)           : 78
	Aivector Usage Rate(%)         : 5
	Aicpu Usage Rate(%)            : 0
	Ctrlcpu Usage Rate(%)          : 3
	DDR Bandwidth Usage Rate(%)    : 0
	HBM Bandwidth Usage Rate(%)    : 53
	NPU Utilization(%)             : 93
	Aicube Usage Rate(%)           : 71
	Get pid name failed.
	Process id:1657446 Process name:                  Process memory(MB):16066
Error: cannot run top on container fca65b17c7696be0978c024206dce045576ad0d5017576dab9c64493f5b57e1c as it did not create a cgroup: this container does not have a cgroup
timestamp_ns=1785749756412998006
	DDR Capacity(MB)               : 0
	DDR Usage Rate(%)              : 0
	DDR Hugepages Total(page)      : 0
	DDR Hugepages Usage Rate(%)    : 0
	HBM Capacity(MB)               : 65536
	HBM Usage Rate(%)              : 29
	Aicore Usage Rate(%)           : 79
	Aivector Usage Rate(%)         : 5
	Aicpu Usage Rate(%)            : 0
	Ctrlcpu Usage Rate(%)          : 2
	DDR Bandwidth Usage Rate(%)    : 0
	HBM Bandwidth Usage Rate(%)    : 52
	NPU Utilization(%)             : 89
	Aicube Usage Rate(%)           : 71
	Get pid name failed.
	Process id:1657446 Process name:                  Process memory(MB):16066
Error: cannot run top on container fca65b17c7696be0978c024206dce045576ad0d5017576dab9c64493f5b57e1c as it did not create a cgroup: this container does not have a cgroup
timestamp_ns=1785749758615534384
	DDR Capacity(MB)               : 0
	DDR Usage Rate(%)              : 0
	DDR Hugepages Total(page)      : 0
	DDR Hugepages Usage Rate(%)    : 0
	HBM Capacity(MB)               : 65536
	HBM Usage Rate(%)              : 29
	Aicore Usage Rate(%)           : 76
	Aivector Usage Rate(%)         : 5
	Aicpu Usage Rate(%)            : 0
	Ctrlcpu Usage Rate(%)          : 3
	DDR Bandwidth Usage Rate(%)    : 0
	HBM Bandwidth Usage Rate(%)    : 53
	NPU Utilization(%)             : 86
	Aicube Usage Rate(%)           : 69
	Get pid name failed.
	Process id:1657446 Process name:                  Process memory(MB):16066
Error: cannot run top on container fca65b17c7696be0978c024206dce045576ad0d5017576dab9c64493f5b57e1c as it did not create a cgroup: this container does not have a cgroup
timestamp_ns=1785749760764552316
	DDR Capacity(MB)               : 0
	DDR Usage Rate(%)              : 0
	DDR Hugepages Total(page)      : 0
	DDR Hugepages Usage Rate(%)    : 0
	HBM Capacity(MB)               : 65536
	HBM Usage Rate(%)              : 29
	Aicore Usage Rate(%)           : 80
	Aivector Usage Rate(%)         : 5
	Aicpu Usage Rate(%)            : 0
	Ctrlcpu Usage Rate(%)          : 2
	DDR Bandwidth Usage Rate(%)    : 0
	HBM Bandwidth Usage Rate(%)    : 19
	NPU Utilization(%)             : 86
	Aicube Usage Rate(%)           : 73
	Get pid name failed.
	Process id:1657446 Process name:                  Process memory(MB):16066
Error: cannot run top on container fca65b17c7696be0978c024206dce045576ad0d5017576dab9c64493f5b57e1c as it did not create a cgroup: this container does not have a cgroup
timestamp_ns=1785749762933395954
	DDR Capacity(MB)               : 0
	DDR Usage Rate(%)              : 0
	DDR Hugepages Total(page)      : 0
	DDR Hugepages Usage Rate(%)    : 0
	HBM Capacity(MB)               : 65536
	HBM Usage Rate(%)              : 29
	Aicore Usage Rate(%)           : 78
	Aivector Usage Rate(%)         : 5
	Aicpu Usage Rate(%)            : 0
	Ctrlcpu Usage Rate(%)          : 4
	DDR Bandwidth Usage Rate(%)    : 0
	HBM Bandwidth Usage Rate(%)    : 53
	NPU Utilization(%)             : 89
	Aicube Usage Rate(%)           : 70
	Get pid name failed.
	Process id:1657446 Process name:                  Process memory(MB):16066
Error: cannot run top on container fca65b17c7696be0978c024206dce045576ad0d5017576dab9c64493f5b57e1c as it did not create a cgroup: this container does not have a cgroup
timestamp_ns=1785749765102277721
	DDR Capacity(MB)               : 0
	DDR Usage Rate(%)              : 0
	DDR Hugepages Total(page)      : 0
	DDR Hugepages Usage Rate(%)    : 0
	HBM Capacity(MB)               : 65536
	HBM Usage Rate(%)              : 29
	Aicore Usage Rate(%)           : 80
	Aivector Usage Rate(%)         : 5
	Aicpu Usage Rate(%)            : 0
	Ctrlcpu Usage Rate(%)          : 2
	DDR Bandwidth Usage Rate(%)    : 0
	HBM Bandwidth Usage Rate(%)    : 53
	NPU Utilization(%)             : 86
	Aicube Usage Rate(%)           : 73
	Get pid name failed.
	Process id:1657446 Process name:                  Process memory(MB):16066
Error: cannot run top on container fca65b17c7696be0978c024206dce045576ad0d5017576dab9c64493f5b57e1c as it did not create a cgroup: this container does not have a cgroup
timestamp_ns=1785749767400001333
	DDR Capacity(MB)               : 0
	DDR Usage Rate(%)              : 0
	DDR Hugepages Total(page)      : 0
	DDR Hugepages Usage Rate(%)    : 0
	HBM Capacity(MB)               : 65536
	HBM Usage Rate(%)              : 29
	Aicore Usage Rate(%)           : 78
	Aivector Usage Rate(%)         : 5
	Aicpu Usage Rate(%)            : 0
	Ctrlcpu Usage Rate(%)          : 2
	DDR Bandwidth Usage Rate(%)    : 0
	HBM Bandwidth Usage Rate(%)    : 53
	NPU Utilization(%)             : 86
	Aicube Usage Rate(%)           : 71
	Get pid name failed.
	Process id:1657446 Process name:                  Process memory(MB):16066
Error: cannot run top on container fca65b17c7696be0978c024206dce045576ad0d5017576dab9c64493f5b57e1c as it did not create a cgroup: this container does not have a cgroup
timestamp_ns=1785749769565685733
	DDR Capacity(MB)               : 0
	DDR Usage Rate(%)              : 0
	DDR Hugepages Total(page)      : 0
	DDR Hugepages Usage Rate(%)    : 0
	HBM Capacity(MB)               : 65536
	HBM Usage Rate(%)              : 29
	Aicore Usage Rate(%)           : 78
	Aivector Usage Rate(%)         : 5
	Aicpu Usage Rate(%)            : 0
	Ctrlcpu Usage Rate(%)          : 0
	DDR Bandwidth Usage Rate(%)    : 0
	HBM Bandwidth Usage Rate(%)    : 53
	NPU Utilization(%)             : 89
	Aicube Usage Rate(%)           : 71
	Get pid name failed.
	Process id:1657446 Process name:                  Process memory(MB):16066
Error: cannot run top on container fca65b17c7696be0978c024206dce045576ad0d5017576dab9c64493f5b57e1c as it did not create a cgroup: this container does not have a cgroup
timestamp_ns=1785749771727539964
	DDR Capacity(MB)               : 0
	DDR Usage Rate(%)              : 0
	DDR Hugepages Total(page)      : 0
	DDR Hugepages Usage Rate(%)    : 0
	HBM Capacity(MB)               : 65536
	HBM Usage Rate(%)              : 29
	Aicore Usage Rate(%)           : 78
	Aivector Usage Rate(%)         : 5
	Aicpu Usage Rate(%)            : 0
	Ctrlcpu Usage Rate(%)          : 1
	DDR Bandwidth Usage Rate(%)    : 0
	HBM Bandwidth Usage Rate(%)    : 52
	NPU Utilization(%)             : 89
	Aicube Usage Rate(%)           : 70
	Get pid name failed.
	Process id:1657446 Process name:                  Process memory(MB):16066
Error: cannot run top on container fca65b17c7696be0978c024206dce045576ad0d5017576dab9c64493f5b57e1c as it did not create a cgroup: this container does not have a cgroup
timestamp_ns=1785749773890205532
	DDR Capacity(MB)               : 0
	DDR Usage Rate(%)              : 0
	DDR Hugepages Total(page)      : 0
	DDR Hugepages Usage Rate(%)    : 0
	HBM Capacity(MB)               : 65536
	HBM Usage Rate(%)              : 29
	Aicore Usage Rate(%)           : 79
	Aivector Usage Rate(%)         : 5
	Aicpu Usage Rate(%)            : 0
	Ctrlcpu Usage Rate(%)          : 6
	DDR Bandwidth Usage Rate(%)    : 0
	HBM Bandwidth Usage Rate(%)    : 52
	NPU Utilization(%)             : 89
	Aicube Usage Rate(%)           : 72
	Get pid name failed.
	Process id:1657446 Process name:                  Process memory(MB):16066
Error: cannot run top on container fca65b17c7696be0978c024206dce045576ad0d5017576dab9c64493f5b57e1c as it did not create a cgroup: this container does not have a cgroup
timestamp_ns=1785749776042336087
	DDR Capacity(MB)               : 0
	DDR Usage Rate(%)              : 0
	DDR Hugepages Total(page)      : 0
	DDR Hugepages Usage Rate(%)    : 0
	HBM Capacity(MB)               : 65536
	HBM Usage Rate(%)              : 29
	Aicore Usage Rate(%)           : 78
	Aivector Usage Rate(%)         : 5
	Aicpu Usage Rate(%)            : 0
	Ctrlcpu Usage Rate(%)          : 4
	DDR Bandwidth Usage Rate(%)    : 0
	HBM Bandwidth Usage Rate(%)    : 52
	NPU Utilization(%)             : 93
	Aicube Usage Rate(%)           : 71
	Get pid name failed.
	Process id:1657446 Process name:                  Process memory(MB):16066
Error: cannot run top on container fca65b17c7696be0978c024206dce045576ad0d5017576dab9c64493f5b57e1c as it did not create a cgroup: this container does not have a cgroup
timestamp_ns=1785749778198442502
	DDR Capacity(MB)               : 0
	DDR Usage Rate(%)              : 0
	DDR Hugepages Total(page)      : 0
	DDR Hugepages Usage Rate(%)    : 0
	HBM Capacity(MB)               : 65536
	HBM Usage Rate(%)              : 29
	Aicore Usage Rate(%)           : 77
	Aivector Usage Rate(%)         : 5
	Aicpu Usage Rate(%)            : 0
	Ctrlcpu Usage Rate(%)          : 2
	DDR Bandwidth Usage Rate(%)    : 0
	HBM Bandwidth Usage Rate(%)    : 52
	NPU Utilization(%)             : 93
	Aicube Usage Rate(%)           : 70
	Get pid name failed.
	Process id:1657446 Process name:                  Process memory(MB):16066
Error: cannot run top on container fca65b17c7696be0978c024206dce045576ad0d5017576dab9c64493f5b57e1c as it did not create a cgroup: this container does not have a cgroup
timestamp_ns=1785749780347085176
	DDR Capacity(MB)               : 0
	DDR Usage Rate(%)              : 0
	DDR Hugepages Total(page)      : 0
	DDR Hugepages Usage Rate(%)    : 0
	HBM Capacity(MB)               : 65536
	HBM Usage Rate(%)              : 29
	Aicore Usage Rate(%)           : 80
	Aivector Usage Rate(%)         : 5
	Aicpu Usage Rate(%)            : 0
	Ctrlcpu Usage Rate(%)          : 2
	DDR Bandwidth Usage Rate(%)    : 0
	HBM Bandwidth Usage Rate(%)    : 53
	NPU Utilization(%)             : 93
	Aicube Usage Rate(%)           : 72
	Get pid name failed.
	Process id:1657446 Process name:                  Process memory(MB):16066
Error: cannot run top on container fca65b17c7696be0978c024206dce045576ad0d5017576dab9c64493f5b57e1c as it did not create a cgroup: this container does not have a cgroup
timestamp_ns=1785749782525180639
	DDR Capacity(MB)               : 0
	DDR Usage Rate(%)              : 0
	DDR Hugepages Total(page)      : 0
	DDR Hugepages Usage Rate(%)    : 0
	HBM Capacity(MB)               : 65536
	HBM Usage Rate(%)              : 29
	Aicore Usage Rate(%)           : 80
	Aivector Usage Rate(%)         : 5
	Aicpu Usage Rate(%)            : 0
	Ctrlcpu Usage Rate(%)          : 6
	DDR Bandwidth Usage Rate(%)    : 0
	HBM Bandwidth Usage Rate(%)    : 53
	NPU Utilization(%)             : 93
	Aicube Usage Rate(%)           : 73
	Get pid name failed.
	Process id:1657446 Process name:                  Process memory(MB):16066
Error: cannot run top on container fca65b17c7696be0978c024206dce045576ad0d5017576dab9c64493f5b57e1c as it did not create a cgroup: this container does not have a cgroup
timestamp_ns=1785749784730654968
	DDR Capacity(MB)               : 0
	DDR Usage Rate(%)              : 0
	DDR Hugepages Total(page)      : 0
	DDR Hugepages Usage Rate(%)    : 0
	HBM Capacity(MB)               : 65536
	HBM Usage Rate(%)              : 29
	Aicore Usage Rate(%)           : 78
	Aivector Usage Rate(%)         : 5
	Aicpu Usage Rate(%)            : 0
	Ctrlcpu Usage Rate(%)          : 4
	DDR Bandwidth Usage Rate(%)    : 0
	HBM Bandwidth Usage Rate(%)    : 52
	NPU Utilization(%)             : 93
	Aicube Usage Rate(%)           : 71
	Get pid name failed.
	Process id:1657446 Process name:                  Process memory(MB):16066
Error: cannot run top on container fca65b17c7696be0978c024206dce045576ad0d5017576dab9c64493f5b57e1c as it did not create a cgroup: this container does not have a cgroup
timestamp_ns=1785749786903718440
	DDR Capacity(MB)               : 0
	DDR Usage Rate(%)              : 0
	DDR Hugepages Total(page)      : 0
	DDR Hugepages Usage Rate(%)    : 0
	HBM Capacity(MB)               : 65536
	HBM Usage Rate(%)              : 29
	Aicore Usage Rate(%)           : 75
	Aivector Usage Rate(%)         : 5
	Aicpu Usage Rate(%)            : 0
	Ctrlcpu Usage Rate(%)          : 3
	DDR Bandwidth Usage Rate(%)    : 0
	HBM Bandwidth Usage Rate(%)    : 53
	NPU Utilization(%)             : 93
	Aicube Usage Rate(%)           : 69
	Get pid name failed.
	Process id:1657446 Process name:                  Process memory(MB):16066
Error: cannot run top on container fca65b17c7696be0978c024206dce045576ad0d5017576dab9c64493f5b57e1c as it did not create a cgroup: this container does not have a cgroup
timestamp_ns=1785749789054106353
	DDR Capacity(MB)               : 0
	DDR Usage Rate(%)              : 0
	DDR Hugepages Total(page)      : 0
	DDR Hugepages Usage Rate(%)    : 0
	HBM Capacity(MB)               : 65536
	HBM Usage Rate(%)              : 29
	Aicore Usage Rate(%)           : 77
	Aivector Usage Rate(%)         : 5
	Aicpu Usage Rate(%)            : 0
	Ctrlcpu Usage Rate(%)          : 9
	DDR Bandwidth Usage Rate(%)    : 0
	HBM Bandwidth Usage Rate(%)    : 52
	NPU Utilization(%)             : 89
	Aicube Usage Rate(%)           : 70
	Get pid name failed.
	Process id:1657446 Process name:                  Process memory(MB):16066
Error: cannot run top on container fca65b17c7696be0978c024206dce045576ad0d5017576dab9c64493f5b57e1c as it did not create a cgroup: this container does not have a cgroup
timestamp_ns=1785749791242632209
	DDR Capacity(MB)               : 0
	DDR Usage Rate(%)              : 0
	DDR Hugepages Total(page)      : 0
	DDR Hugepages Usage Rate(%)    : 0
	HBM Capacity(MB)               : 65536
	HBM Usage Rate(%)              : 29
	Aicore Usage Rate(%)           : 77
	Aivector Usage Rate(%)         : 5
	Aicpu Usage Rate(%)            : 0
	Ctrlcpu Usage Rate(%)          : 3
	DDR Bandwidth Usage Rate(%)    : 0
	HBM Bandwidth Usage Rate(%)    : 19
	NPU Utilization(%)             : 93
	Aicube Usage Rate(%)           : 70
	Get pid name failed.
	Process id:1657446 Process name:                  Process memory(MB):16066
Error: cannot run top on container fca65b17c7696be0978c024206dce045576ad0d5017576dab9c64493f5b57e1c as it did not create a cgroup: this container does not have a cgroup
timestamp_ns=1785749793402020837
	DDR Capacity(MB)               : 0
	DDR Usage Rate(%)              : 0
	DDR Hugepages Total(page)      : 0
	DDR Hugepages Usage Rate(%)    : 0
	HBM Capacity(MB)               : 65536
	HBM Usage Rate(%)              : 29
	Aicore Usage Rate(%)           : 79
	Aivector Usage Rate(%)         : 5
	Aicpu Usage Rate(%)            : 0
	Ctrlcpu Usage Rate(%)          : 2
	DDR Bandwidth Usage Rate(%)    : 0
	HBM Bandwidth Usage Rate(%)    : 53
	NPU Utilization(%)             : 93
	Aicube Usage Rate(%)           : 72
	Get pid name failed.
	Process id:1657446 Process name:                  Process memory(MB):16066
Error: cannot run top on container fca65b17c7696be0978c024206dce045576ad0d5017576dab9c64493f5b57e1c as it did not create a cgroup: this container does not have a cgroup
timestamp_ns=1785749795565319325
	DDR Capacity(MB)               : 0
	DDR Usage Rate(%)              : 0
	DDR Hugepages Total(page)      : 0
	DDR Hugepages Usage Rate(%)    : 0
	HBM Capacity(MB)               : 65536
	HBM Usage Rate(%)              : 29
	Aicore Usage Rate(%)           : 78
	Aivector Usage Rate(%)         : 5
	Aicpu Usage Rate(%)            : 0
	Ctrlcpu Usage Rate(%)          : 2
	DDR Bandwidth Usage Rate(%)    : 0
	HBM Bandwidth Usage Rate(%)    : 53
	NPU Utilization(%)             : 86
	Aicube Usage Rate(%)           : 71
	Get pid name failed.
	Process id:1657446 Process name:                  Process memory(MB):16066
Error: cannot run top on container fca65b17c7696be0978c024206dce045576ad0d5017576dab9c64493f5b57e1c as it did not create a cgroup: this container does not have a cgroup
timestamp_ns=1785749797736946293
	DDR Capacity(MB)               : 0
	DDR Usage Rate(%)              : 0
	DDR Hugepages Total(page)      : 0
	DDR Hugepages Usage Rate(%)    : 0
	HBM Capacity(MB)               : 65536
	HBM Usage Rate(%)              : 29
	Aicore Usage Rate(%)           : 80
	Aivector Usage Rate(%)         : 5
	Aicpu Usage Rate(%)            : 0
	Ctrlcpu Usage Rate(%)          : 5
	DDR Bandwidth Usage Rate(%)    : 0
	HBM Bandwidth Usage Rate(%)    : 53
	NPU Utilization(%)             : 93
	Aicube Usage Rate(%)           : 73
	Get pid name failed.
	Process id:1657446 Process name:                  Process memory(MB):16066
Error: cannot run top on container fca65b17c7696be0978c024206dce045576ad0d5017576dab9c64493f5b57e1c as it did not create a cgroup: this container does not have a cgroup
timestamp_ns=1785749799915685356
	DDR Capacity(MB)               : 0
	DDR Usage Rate(%)              : 0
	DDR Hugepages Total(page)      : 0
	DDR Hugepages Usage Rate(%)    : 0
	HBM Capacity(MB)               : 65536
	HBM Usage Rate(%)              : 29
	Aicore Usage Rate(%)           : 78
	Aivector Usage Rate(%)         : 5
	Aicpu Usage Rate(%)            : 0
	Ctrlcpu Usage Rate(%)          : 3
	DDR Bandwidth Usage Rate(%)    : 0
	HBM Bandwidth Usage Rate(%)    : 53
	NPU Utilization(%)             : 89
	Aicube Usage Rate(%)           : 70
	Get pid name failed.
	Process id:1657446 Process name:                  Process memory(MB):16066
Error: cannot run top on container fca65b17c7696be0978c024206dce045576ad0d5017576dab9c64493f5b57e1c as it did not create a cgroup: this container does not have a cgroup
timestamp_ns=1785749802081894547
	DDR Capacity(MB)               : 0
	DDR Usage Rate(%)              : 0
	DDR Hugepages Total(page)      : 0
	DDR Hugepages Usage Rate(%)    : 0
	HBM Capacity(MB)               : 65536
	HBM Usage Rate(%)              : 29
	Aicore Usage Rate(%)           : 78
	Aivector Usage Rate(%)         : 5
	Aicpu Usage Rate(%)            : 0
	Ctrlcpu Usage Rate(%)          : 4
	DDR Bandwidth Usage Rate(%)    : 0
	HBM Bandwidth Usage Rate(%)    : 53
	NPU Utilization(%)             : 89
	Aicube Usage Rate(%)           : 71
	Get pid name failed.
	Process id:1657446 Process name:                  Process memory(MB):16066
Error: cannot run top on container fca65b17c7696be0978c024206dce045576ad0d5017576dab9c64493f5b57e1c as it did not create a cgroup: this container does not have a cgroup
timestamp_ns=1785749804253860196
	DDR Capacity(MB)               : 0
	DDR Usage Rate(%)              : 0
	DDR Hugepages Total(page)      : 0
	DDR Hugepages Usage Rate(%)    : 0
	HBM Capacity(MB)               : 65536
	HBM Usage Rate(%)              : 29
	Aicore Usage Rate(%)           : 78
	Aivector Usage Rate(%)         : 5
	Aicpu Usage Rate(%)            : 0
	Ctrlcpu Usage Rate(%)          : 4
	DDR Bandwidth Usage Rate(%)    : 0
	HBM Bandwidth Usage Rate(%)    : 53
	NPU Utilization(%)             : 89
	Aicube Usage Rate(%)           : 71
	Get pid name failed.
	Process id:1657446 Process name:                  Process memory(MB):16066
Error: cannot run top on container fca65b17c7696be0978c024206dce045576ad0d5017576dab9c64493f5b57e1c as it did not create a cgroup: this container does not have a cgroup
timestamp_ns=1785749806412853335
	DDR Capacity(MB)               : 0
	DDR Usage Rate(%)              : 0
	DDR Hugepages Total(page)      : 0
	DDR Hugepages Usage Rate(%)    : 0
	HBM Capacity(MB)               : 65536
	HBM Usage Rate(%)              : 29
	Aicore Usage Rate(%)           : 77
	Aivector Usage Rate(%)         : 5
	Aicpu Usage Rate(%)            : 0
	Ctrlcpu Usage Rate(%)          : 6
	DDR Bandwidth Usage Rate(%)    : 0
	HBM Bandwidth Usage Rate(%)    : 52
	NPU Utilization(%)             : 89
	Aicube Usage Rate(%)           : 69
	Get pid name failed.
	Process id:1657446 Process name:                  Process memory(MB):16066
Error: cannot run top on container fca65b17c7696be0978c024206dce045576ad0d5017576dab9c64493f5b57e1c as it did not create a cgroup: this container does not have a cgroup
timestamp_ns=1785749808597795669
	DDR Capacity(MB)               : 0
	DDR Usage Rate(%)              : 0
	DDR Hugepages Total(page)      : 0
	DDR Hugepages Usage Rate(%)    : 0
	HBM Capacity(MB)               : 65536
	HBM Usage Rate(%)              : 29
	Aicore Usage Rate(%)           : 76
	Aivector Usage Rate(%)         : 5
	Aicpu Usage Rate(%)            : 0
	Ctrlcpu Usage Rate(%)          : 4
	DDR Bandwidth Usage Rate(%)    : 0
	HBM Bandwidth Usage Rate(%)    : 53
	NPU Utilization(%)             : 89
	Aicube Usage Rate(%)           : 69
	Get pid name failed.
	Process id:1657446 Process name:                  Process memory(MB):16066
Error: cannot run top on container fca65b17c7696be0978c024206dce045576ad0d5017576dab9c64493f5b57e1c as it did not create a cgroup: this container does not have a cgroup
timestamp_ns=1785749810756973667
	DDR Capacity(MB)               : 0
	DDR Usage Rate(%)              : 0
	DDR Hugepages Total(page)      : 0
	DDR Hugepages Usage Rate(%)    : 0
	HBM Capacity(MB)               : 65536
	HBM Usage Rate(%)              : 29
	Aicore Usage Rate(%)           : 76
	Aivector Usage Rate(%)         : 5
	Aicpu Usage Rate(%)            : 0
	Ctrlcpu Usage Rate(%)          : 4
	DDR Bandwidth Usage Rate(%)    : 0
	HBM Bandwidth Usage Rate(%)    : 52
	NPU Utilization(%)             : 86
	Aicube Usage Rate(%)           : 69
	Get pid name failed.
	Process id:1657446 Process name:                  Process memory(MB):16066
Error: cannot run top on container fca65b17c7696be0978c024206dce045576ad0d5017576dab9c64493f5b57e1c as it did not create a cgroup: this container does not have a cgroup
timestamp_ns=1785749812889995631
	DDR Capacity(MB)               : 0
	DDR Usage Rate(%)              : 0
	DDR Hugepages Total(page)      : 0
	DDR Hugepages Usage Rate(%)    : 0
	HBM Capacity(MB)               : 65536
	HBM Usage Rate(%)              : 29
	Aicore Usage Rate(%)           : 79
	Aivector Usage Rate(%)         : 5
	Aicpu Usage Rate(%)            : 0
	Ctrlcpu Usage Rate(%)          : 4
	DDR Bandwidth Usage Rate(%)    : 0
	HBM Bandwidth Usage Rate(%)    : 53
	NPU Utilization(%)             : 96
	Aicube Usage Rate(%)           : 72
	Get pid name failed.
	Process id:1657446 Process name:                  Process memory(MB):16066
Error: cannot run top on container fca65b17c7696be0978c024206dce045576ad0d5017576dab9c64493f5b57e1c as it did not create a cgroup: this container does not have a cgroup
timestamp_ns=1785749815041682593
	DDR Capacity(MB)               : 0
	DDR Usage Rate(%)              : 0
	DDR Hugepages Total(page)      : 0
	DDR Hugepages Usage Rate(%)    : 0
	HBM Capacity(MB)               : 65536
	HBM Usage Rate(%)              : 29
	Aicore Usage Rate(%)           : 79
	Aivector Usage Rate(%)         : 5
	Aicpu Usage Rate(%)            : 0
	Ctrlcpu Usage Rate(%)          : 1
	DDR Bandwidth Usage Rate(%)    : 0
	HBM Bandwidth Usage Rate(%)    : 53
	NPU Utilization(%)             : 89
	Aicube Usage Rate(%)           : 72
	Get pid name failed.
	Process id:1657446 Process name:                  Process memory(MB):16066
Error: cannot run top on container fca65b17c7696be0978c024206dce045576ad0d5017576dab9c64493f5b57e1c as it did not create a cgroup: this container does not have a cgroup
timestamp_ns=1785749817186928439
	DDR Capacity(MB)               : 0
	DDR Usage Rate(%)              : 0
	DDR Hugepages Total(page)      : 0
	DDR Hugepages Usage Rate(%)    : 0
	HBM Capacity(MB)               : 65536
	HBM Usage Rate(%)              : 29
	Aicore Usage Rate(%)           : 80
	Aivector Usage Rate(%)         : 5
	Aicpu Usage Rate(%)            : 0
	Ctrlcpu Usage Rate(%)          : 2
	DDR Bandwidth Usage Rate(%)    : 0
	HBM Bandwidth Usage Rate(%)    : 52
	NPU Utilization(%)             : 93
	Aicube Usage Rate(%)           : 73
	Get pid name failed.
	Process id:1657446 Process name:                  Process memory(MB):16066
Error: cannot run top on container fca65b17c7696be0978c024206dce045576ad0d5017576dab9c64493f5b57e1c as it did not create a cgroup: this container does not have a cgroup
timestamp_ns=1785749819332196308
	DDR Capacity(MB)               : 0
	DDR Usage Rate(%)              : 0
	DDR Hugepages Total(page)      : 0
	DDR Hugepages Usage Rate(%)    : 0
	HBM Capacity(MB)               : 65536
	HBM Usage Rate(%)              : 29
	Aicore Usage Rate(%)           : 78
	Aivector Usage Rate(%)         : 5
	Aicpu Usage Rate(%)            : 0
	Ctrlcpu Usage Rate(%)          : 1
	DDR Bandwidth Usage Rate(%)    : 0
	HBM Bandwidth Usage Rate(%)    : 54
	NPU Utilization(%)             : 89
	Aicube Usage Rate(%)           : 71
	Get pid name failed.
	Process id:1657446 Process name:                  Process memory(MB):16066
Error: cannot run top on container fca65b17c7696be0978c024206dce045576ad0d5017576dab9c64493f5b57e1c as it did not create a cgroup: this container does not have a cgroup
timestamp_ns=1785749821476189364
	DDR Capacity(MB)               : 0
	DDR Usage Rate(%)              : 0
	DDR Hugepages Total(page)      : 0
	DDR Hugepages Usage Rate(%)    : 0
	HBM Capacity(MB)               : 65536
	HBM Usage Rate(%)              : 29
	Aicore Usage Rate(%)           : 79
	Aivector Usage Rate(%)         : 5
	Aicpu Usage Rate(%)            : 0
	Ctrlcpu Usage Rate(%)          : 4
	DDR Bandwidth Usage Rate(%)    : 0
	HBM Bandwidth Usage Rate(%)    : 5
	NPU Utilization(%)             : 93
	Aicube Usage Rate(%)           : 72
	Get pid name failed.
	Process id:1657446 Process name:                  Process memory(MB):16066
Error: cannot run top on container fca65b17c7696be0978c024206dce045576ad0d5017576dab9c64493f5b57e1c as it did not create a cgroup: this container does not have a cgroup
timestamp_ns=1785749823621511091
	DDR Capacity(MB)               : 0
	DDR Usage Rate(%)              : 0
	DDR Hugepages Total(page)      : 0
	DDR Hugepages Usage Rate(%)    : 0
	HBM Capacity(MB)               : 65536
	HBM Usage Rate(%)              : 29
	Aicore Usage Rate(%)           : 71
	Aivector Usage Rate(%)         : 5
	Aicpu Usage Rate(%)            : 0
	Ctrlcpu Usage Rate(%)          : 2
	DDR Bandwidth Usage Rate(%)    : 0
	HBM Bandwidth Usage Rate(%)    : 51
	NPU Utilization(%)             : 89
	Aicube Usage Rate(%)           : 65
	Get pid name failed.
	Process id:1657446 Process name:                  Process memory(MB):16066
Error: cannot run top on container fca65b17c7696be0978c024206dce045576ad0d5017576dab9c64493f5b57e1c as it did not create a cgroup: this container does not have a cgroup
timestamp_ns=1785749825791528206
	DDR Capacity(MB)               : 0
	DDR Usage Rate(%)              : 0
	DDR Hugepages Total(page)      : 0
	DDR Hugepages Usage Rate(%)    : 0
	HBM Capacity(MB)               : 65536
	HBM Usage Rate(%)              : 29
	Aicore Usage Rate(%)           : 77
	Aivector Usage Rate(%)         : 5
	Aicpu Usage Rate(%)            : 0
	Ctrlcpu Usage Rate(%)          : 4
	DDR Bandwidth Usage Rate(%)    : 0
	HBM Bandwidth Usage Rate(%)    : 53
	NPU Utilization(%)             : 86
	Aicube Usage Rate(%)           : 70
	Get pid name failed.
	Process id:1657446 Process name:                  Process memory(MB):16066
Error: cannot run top on container fca65b17c7696be0978c024206dce045576ad0d5017576dab9c64493f5b57e1c as it did not create a cgroup: this container does not have a cgroup
timestamp_ns=1785749827924863270
	DDR Capacity(MB)               : 0
	DDR Usage Rate(%)              : 0
	DDR Hugepages Total(page)      : 0
	DDR Hugepages Usage Rate(%)    : 0
	HBM Capacity(MB)               : 65536
	HBM Usage Rate(%)              : 29
	Aicore Usage Rate(%)           : 79
	Aivector Usage Rate(%)         : 5
	Aicpu Usage Rate(%)            : 0
	Ctrlcpu Usage Rate(%)          : 4
	DDR Bandwidth Usage Rate(%)    : 0
	HBM Bandwidth Usage Rate(%)    : 53
	NPU Utilization(%)             : 86
	Aicube Usage Rate(%)           : 72
	Get pid name failed.
	Process id:1657446 Process name:                  Process memory(MB):16066
Error: cannot run top on container fca65b17c7696be0978c024206dce045576ad0d5017576dab9c64493f5b57e1c as it did not create a cgroup: this container does not have a cgroup
timestamp_ns=1785749830062121686
	DDR Capacity(MB)               : 0
	DDR Usage Rate(%)              : 0
	DDR Hugepages Total(page)      : 0
	DDR Hugepages Usage Rate(%)    : 0
	HBM Capacity(MB)               : 65536
	HBM Usage Rate(%)              : 29
	Aicore Usage Rate(%)           : 78
	Aivector Usage Rate(%)         : 5
	Aicpu Usage Rate(%)            : 0
	Ctrlcpu Usage Rate(%)          : 1
	DDR Bandwidth Usage Rate(%)    : 0
	HBM Bandwidth Usage Rate(%)    : 53
	NPU Utilization(%)             : 96
	Aicube Usage Rate(%)           : 70
	Get pid name failed.
	Process id:1657446 Process name:                  Process memory(MB):16066
Error: cannot run top on container fca65b17c7696be0978c024206dce045576ad0d5017576dab9c64493f5b57e1c as it did not create a cgroup: this container does not have a cgroup
timestamp_ns=1785749832204755183
	DDR Capacity(MB)               : 0
	DDR Usage Rate(%)              : 0
	DDR Hugepages Total(page)      : 0
	DDR Hugepages Usage Rate(%)    : 0
	HBM Capacity(MB)               : 65536
	HBM Usage Rate(%)              : 29
	Aicore Usage Rate(%)           : 77
	Aivector Usage Rate(%)         : 5
	Aicpu Usage Rate(%)            : 0
	Ctrlcpu Usage Rate(%)          : 5
	DDR Bandwidth Usage Rate(%)    : 0
	HBM Bandwidth Usage Rate(%)    : 52
	NPU Utilization(%)             : 89
	Aicube Usage Rate(%)           : 70
	Get pid name failed.
	Process id:1657446 Process name:                  Process memory(MB):16066
Error: cannot run top on container fca65b17c7696be0978c024206dce045576ad0d5017576dab9c64493f5b57e1c as it did not create a cgroup: this container does not have a cgroup
timestamp_ns=1785749834353241051
	DDR Capacity(MB)               : 0
	DDR Usage Rate(%)              : 0
	DDR Hugepages Total(page)      : 0
	DDR Hugepages Usage Rate(%)    : 0
	HBM Capacity(MB)               : 65536
	HBM Usage Rate(%)              : 29
	Aicore Usage Rate(%)           : 76
	Aivector Usage Rate(%)         : 5
	Aicpu Usage Rate(%)            : 0
	Ctrlcpu Usage Rate(%)          : 2
	DDR Bandwidth Usage Rate(%)    : 0
	HBM Bandwidth Usage Rate(%)    : 53
	NPU Utilization(%)             : 93
	Aicube Usage Rate(%)           : 69
	Get pid name failed.
	Process id:1657446 Process name:                  Process memory(MB):16066
Error: cannot run top on container fca65b17c7696be0978c024206dce045576ad0d5017576dab9c64493f5b57e1c as it did not create a cgroup: this container does not have a cgroup
timestamp_ns=1785749836498573020
	DDR Capacity(MB)               : 0
	DDR Usage Rate(%)              : 0
	DDR Hugepages Total(page)      : 0
	DDR Hugepages Usage Rate(%)    : 0
	HBM Capacity(MB)               : 65536
	HBM Usage Rate(%)              : 29
	Aicore Usage Rate(%)           : 81
	Aivector Usage Rate(%)         : 5
	Aicpu Usage Rate(%)            : 0
	Ctrlcpu Usage Rate(%)          : 6
	DDR Bandwidth Usage Rate(%)    : 0
	HBM Bandwidth Usage Rate(%)    : 53
	NPU Utilization(%)             : 96
	Aicube Usage Rate(%)           : 74
	Get pid name failed.
	Process id:1657446 Process name:                  Process memory(MB):16066
Error: cannot run top on container fca65b17c7696be0978c024206dce045576ad0d5017576dab9c64493f5b57e1c as it did not create a cgroup: this container does not have a cgroup
timestamp_ns=1785749838636435735
	DDR Capacity(MB)               : 0
	DDR Usage Rate(%)              : 0
	DDR Hugepages Total(page)      : 0
	DDR Hugepages Usage Rate(%)    : 0
	HBM Capacity(MB)               : 65536
	HBM Usage Rate(%)              : 29
	Aicore Usage Rate(%)           : 80
	Aivector Usage Rate(%)         : 5
	Aicpu Usage Rate(%)            : 0
	Ctrlcpu Usage Rate(%)          : 1
	DDR Bandwidth Usage Rate(%)    : 0
	HBM Bandwidth Usage Rate(%)    : 52
	NPU Utilization(%)             : 86
	Aicube Usage Rate(%)           : 73
	Get pid name failed.
	Process id:1657446 Process name:                  Process memory(MB):16066
Error: cannot run top on container fca65b17c7696be0978c024206dce045576ad0d5017576dab9c64493f5b57e1c as it did not create a cgroup: this container does not have a cgroup
timestamp_ns=1785749840767598980
	DDR Capacity(MB)               : 0
	DDR Usage Rate(%)              : 0
	DDR Hugepages Total(page)      : 0
	DDR Hugepages Usage Rate(%)    : 0
	HBM Capacity(MB)               : 65536
	HBM Usage Rate(%)              : 29
	Aicore Usage Rate(%)           : 78
	Aivector Usage Rate(%)         : 5
	Aicpu Usage Rate(%)            : 0
	Ctrlcpu Usage Rate(%)          : 2
	DDR Bandwidth Usage Rate(%)    : 0
	HBM Bandwidth Usage Rate(%)    : 53
	NPU Utilization(%)             : 86
	Aicube Usage Rate(%)           : 71
	Get pid name failed.
	Process id:1657446 Process name:                  Process memory(MB):16066
Error: cannot run top on container fca65b17c7696be0978c024206dce045576ad0d5017576dab9c64493f5b57e1c as it did not create a cgroup: this container does not have a cgroup
timestamp_ns=1785749842909653747
	DDR Capacity(MB)               : 0
	DDR Usage Rate(%)              : 0
	DDR Hugepages Total(page)      : 0
	DDR Hugepages Usage Rate(%)    : 0
	HBM Capacity(MB)               : 65536
	HBM Usage Rate(%)              : 29
	Aicore Usage Rate(%)           : 77
	Aivector Usage Rate(%)         : 5
	Aicpu Usage Rate(%)            : 0
	Ctrlcpu Usage Rate(%)          : 3
	DDR Bandwidth Usage Rate(%)    : 0
	HBM Bandwidth Usage Rate(%)    : 0
	NPU Utilization(%)             : 89
	Aicube Usage Rate(%)           : 70
	Get pid name failed.
	Process id:1657446 Process name:                  Process memory(MB):16066
Error: cannot run top on container fca65b17c7696be0978c024206dce045576ad0d5017576dab9c64493f5b57e1c as it did not create a cgroup: this container does not have a cgroup
timestamp_ns=1785749845055925652
	DDR Capacity(MB)               : 0
	DDR Usage Rate(%)              : 0
	DDR Hugepages Total(page)      : 0
	DDR Hugepages Usage Rate(%)    : 0
	HBM Capacity(MB)               : 65536
	HBM Usage Rate(%)              : 29
	Aicore Usage Rate(%)           : 75
	Aivector Usage Rate(%)         : 5
	Aicpu Usage Rate(%)            : 0
	Ctrlcpu Usage Rate(%)          : 1
	DDR Bandwidth Usage Rate(%)    : 0
	HBM Bandwidth Usage Rate(%)    : 54
	NPU Utilization(%)             : 89
	Aicube Usage Rate(%)           : 68
	Get pid name failed.
	Process id:1657446 Process name:                  Process memory(MB):16066
Error: cannot run top on container fca65b17c7696be0978c024206dce045576ad0d5017576dab9c64493f5b57e1c as it did not create a cgroup: this container does not have a cgroup
timestamp_ns=1785749847248593035
	DDR Capacity(MB)               : 0
	DDR Usage Rate(%)              : 0
	DDR Hugepages Total(page)      : 0
	DDR Hugepages Usage Rate(%)    : 0
	HBM Capacity(MB)               : 65536
	HBM Usage Rate(%)              : 29
	Aicore Usage Rate(%)           : 52
	Aivector Usage Rate(%)         : 10
	Aicpu Usage Rate(%)            : 0
	Ctrlcpu Usage Rate(%)          : 2
	DDR Bandwidth Usage Rate(%)    : 0
	HBM Bandwidth Usage Rate(%)    : 54
	NPU Utilization(%)             : 52
	Aicube Usage Rate(%)           : 40
	Get pid name failed.
	Process id:1657446 Process name:                  Process memory(MB):16066
Error: cannot run top on container fca65b17c7696be0978c024206dce045576ad0d5017576dab9c64493f5b57e1c as it did not create a cgroup: this container does not have a cgroup
timestamp_ns=1785749849537579118
	DDR Capacity(MB)               : 0
	DDR Usage Rate(%)              : 0
	DDR Hugepages Total(page)      : 0
	DDR Hugepages Usage Rate(%)    : 0
	HBM Capacity(MB)               : 65536
	HBM Usage Rate(%)              : 29
	Aicore Usage Rate(%)           : 78
	Aivector Usage Rate(%)         : 5
	Aicpu Usage Rate(%)            : 0
	Ctrlcpu Usage Rate(%)          : 0
	DDR Bandwidth Usage Rate(%)    : 0
	HBM Bandwidth Usage Rate(%)    : 52
	NPU Utilization(%)             : 89
	Aicube Usage Rate(%)           : 71
	Get pid name failed.
	Process id:1657446 Process name:                  Process memory(MB):16066
Error: cannot run top on container fca65b17c7696be0978c024206dce045576ad0d5017576dab9c64493f5b57e1c as it did not create a cgroup: this container does not have a cgroup
timestamp_ns=1785749851778555468
	DDR Capacity(MB)               : 0
	DDR Usage Rate(%)              : 0
	DDR Hugepages Total(page)      : 0
	DDR Hugepages Usage Rate(%)    : 0
	HBM Capacity(MB)               : 65536
	HBM Usage Rate(%)              : 29
	Aicore Usage Rate(%)           : 98
	Aivector Usage Rate(%)         : 18
	Aicpu Usage Rate(%)            : 0
	Ctrlcpu Usage Rate(%)          : 3
	DDR Bandwidth Usage Rate(%)    : 0
	HBM Bandwidth Usage Rate(%)    : 52
	NPU Utilization(%)             : 98
	Aicube Usage Rate(%)           : 77
	Get pid name failed.
	Process id:1657446 Process name:                  Process memory(MB):16066
Error: cannot run top on container fca65b17c7696be0978c024206dce045576ad0d5017576dab9c64493f5b57e1c as it did not create a cgroup: this container does not have a cgroup
timestamp_ns=1785749853995119916
	DDR Capacity(MB)               : 0
	DDR Usage Rate(%)              : 0
	DDR Hugepages Total(page)      : 0
	DDR Hugepages Usage Rate(%)    : 0
	HBM Capacity(MB)               : 65536
	HBM Usage Rate(%)              : 29
	Aicore Usage Rate(%)           : 80
	Aivector Usage Rate(%)         : 5
	Aicpu Usage Rate(%)            : 0
	Ctrlcpu Usage Rate(%)          : 8
	DDR Bandwidth Usage Rate(%)    : 0
	HBM Bandwidth Usage Rate(%)    : 53
	NPU Utilization(%)             : 93
	Aicube Usage Rate(%)           : 73
	Get pid name failed.
	Process id:1657446 Process name:                  Process memory(MB):16066
Error: cannot run top on container fca65b17c7696be0978c024206dce045576ad0d5017576dab9c64493f5b57e1c as it did not create a cgroup: this container does not have a cgroup
timestamp_ns=1785749856175527168
	DDR Capacity(MB)               : 0
	DDR Usage Rate(%)              : 0
	DDR Hugepages Total(page)      : 0
	DDR Hugepages Usage Rate(%)    : 0
	HBM Capacity(MB)               : 65536
	HBM Usage Rate(%)              : 29
	Aicore Usage Rate(%)           : 0
	Aivector Usage Rate(%)         : 0
	Aicpu Usage Rate(%)            : 0
	Ctrlcpu Usage Rate(%)          : 3
	DDR Bandwidth Usage Rate(%)    : 0
	HBM Bandwidth Usage Rate(%)    : 52
	NPU Utilization(%)             : 37
	Aicube Usage Rate(%)           : 0
	Get pid name failed.
	Process id:1657446 Process name:                  Process memory(MB):16066
Error: cannot run top on container fca65b17c7696be0978c024206dce045576ad0d5017576dab9c64493f5b57e1c as it did not create a cgroup: this container does not have a cgroup
timestamp_ns=1785749858404855776
	DDR Capacity(MB)               : 0
	DDR Usage Rate(%)              : 0
	DDR Hugepages Total(page)      : 0
	DDR Hugepages Usage Rate(%)    : 0
	HBM Capacity(MB)               : 65536
	HBM Usage Rate(%)              : 29
	Aicore Usage Rate(%)           : 78
	Aivector Usage Rate(%)         : 5
	Aicpu Usage Rate(%)            : 0
	Ctrlcpu Usage Rate(%)          : 5
	DDR Bandwidth Usage Rate(%)    : 0
	HBM Bandwidth Usage Rate(%)    : 50
	NPU Utilization(%)             : 82
	Aicube Usage Rate(%)           : 71
	Get pid name failed.
	Process id:1657446 Process name:                  Process memory(MB):16066
Error: cannot run top on container fca65b17c7696be0978c024206dce045576ad0d5017576dab9c64493f5b57e1c as it did not create a cgroup: this container does not have a cgroup
timestamp_ns=1785749860632151906
	DDR Capacity(MB)               : 0
	DDR Usage Rate(%)              : 0
	DDR Hugepages Total(page)      : 0
	DDR Hugepages Usage Rate(%)    : 0
	HBM Capacity(MB)               : 65536
	HBM Usage Rate(%)              : 29
	Aicore Usage Rate(%)           : 70
	Aivector Usage Rate(%)         : 4
	Aicpu Usage Rate(%)            : 0
	Ctrlcpu Usage Rate(%)          : 2
	DDR Bandwidth Usage Rate(%)    : 0
	HBM Bandwidth Usage Rate(%)    : 48
	NPU Utilization(%)             : 82
	Aicube Usage Rate(%)           : 62
	Get pid name failed.
	Process id:1657446 Process name:                  Process memory(MB):16066
Error: cannot run top on container fca65b17c7696be0978c024206dce045576ad0d5017576dab9c64493f5b57e1c as it did not create a cgroup: this container does not have a cgroup
timestamp_ns=1785749862813706154
	DDR Capacity(MB)               : 0
	DDR Usage Rate(%)              : 0
	DDR Hugepages Total(page)      : 0
	DDR Hugepages Usage Rate(%)    : 0
	HBM Capacity(MB)               : 65536
	HBM Usage Rate(%)              : 29
	Aicore Usage Rate(%)           : 76
	Aivector Usage Rate(%)         : 5
	Aicpu Usage Rate(%)            : 0
	Ctrlcpu Usage Rate(%)          : 6
	DDR Bandwidth Usage Rate(%)    : 0
	HBM Bandwidth Usage Rate(%)    : 51
	NPU Utilization(%)             : 89
	Aicube Usage Rate(%)           : 69
	Get pid name failed.
	Process id:1657446 Process name:                  Process memory(MB):16066
Error: cannot run top on container fca65b17c7696be0978c024206dce045576ad0d5017576dab9c64493f5b57e1c as it did not create a cgroup: this container does not have a cgroup
timestamp_ns=1785749865021142289
	DDR Capacity(MB)               : 0
	DDR Usage Rate(%)              : 0
	DDR Hugepages Total(page)      : 0
	DDR Hugepages Usage Rate(%)    : 0
	HBM Capacity(MB)               : 65536
	HBM Usage Rate(%)              : 29
	Aicore Usage Rate(%)           : 76
	Aivector Usage Rate(%)         : 5
	Aicpu Usage Rate(%)            : 0
	Ctrlcpu Usage Rate(%)          : 7
	DDR Bandwidth Usage Rate(%)    : 0
	HBM Bandwidth Usage Rate(%)    : 49
	NPU Utilization(%)             : 76
	Aicube Usage Rate(%)           : 68
	Get pid name failed.
	Process id:1657446 Process name:                  Process memory(MB):16066
Error: cannot run top on container fca65b17c7696be0978c024206dce045576ad0d5017576dab9c64493f5b57e1c as it did not create a cgroup: this container does not have a cgroup
timestamp_ns=1785749867262930837
	DDR Capacity(MB)               : 0
	DDR Usage Rate(%)              : 0
	DDR Hugepages Total(page)      : 0
	DDR Hugepages Usage Rate(%)    : 0
	HBM Capacity(MB)               : 65536
	HBM Usage Rate(%)              : 29
	Aicore Usage Rate(%)           : 77
	Aivector Usage Rate(%)         : 5
	Aicpu Usage Rate(%)            : 0
	Ctrlcpu Usage Rate(%)          : 4
	DDR Bandwidth Usage Rate(%)    : 0
	HBM Bandwidth Usage Rate(%)    : 52
	NPU Utilization(%)             : 89
	Aicube Usage Rate(%)           : 70
	Get pid name failed.
	Process id:1657446 Process name:                  Process memory(MB):16066
Error: cannot run top on container fca65b17c7696be0978c024206dce045576ad0d5017576dab9c64493f5b57e1c as it did not create a cgroup: this container does not have a cgroup
timestamp_ns=1785749869419680407
	DDR Capacity(MB)               : 0
	DDR Usage Rate(%)              : 0
	DDR Hugepages Total(page)      : 0
	DDR Hugepages Usage Rate(%)    : 0
	HBM Capacity(MB)               : 65536
	HBM Usage Rate(%)              : 29
	Aicore Usage Rate(%)           : 76
	Aivector Usage Rate(%)         : 5
	Aicpu Usage Rate(%)            : 0
	Ctrlcpu Usage Rate(%)          : 2
	DDR Bandwidth Usage Rate(%)    : 0
	HBM Bandwidth Usage Rate(%)    : 53
	NPU Utilization(%)             : 86
	Aicube Usage Rate(%)           : 69
	Get pid name failed.
	Process id:1657446 Process name:                  Process memory(MB):16066
Error: cannot run top on container fca65b17c7696be0978c024206dce045576ad0d5017576dab9c64493f5b57e1c as it did not create a cgroup: this container does not have a cgroup
timestamp_ns=1785749871568116097
	DDR Capacity(MB)               : 0
	DDR Usage Rate(%)              : 0
	DDR Hugepages Total(page)      : 0
	DDR Hugepages Usage Rate(%)    : 0
	HBM Capacity(MB)               : 65536
	HBM Usage Rate(%)              : 29
	Aicore Usage Rate(%)           : 79
	Aivector Usage Rate(%)         : 5
	Aicpu Usage Rate(%)            : 0
	Ctrlcpu Usage Rate(%)          : 4
	DDR Bandwidth Usage Rate(%)    : 0
	HBM Bandwidth Usage Rate(%)    : 42
	NPU Utilization(%)             : 93
	Aicube Usage Rate(%)           : 72
	Get pid name failed.
	Process id:1657446 Process name:                  Process memory(MB):16066
Error: cannot run top on container fca65b17c7696be0978c024206dce045576ad0d5017576dab9c64493f5b57e1c as it did not create a cgroup: this container does not have a cgroup
timestamp_ns=1785749873724820277
	DDR Capacity(MB)               : 0
	DDR Usage Rate(%)              : 0
	DDR Hugepages Total(page)      : 0
	DDR Hugepages Usage Rate(%)    : 0
	HBM Capacity(MB)               : 65536
	HBM Usage Rate(%)              : 29
	Aicore Usage Rate(%)           : 80
	Aivector Usage Rate(%)         : 5
	Aicpu Usage Rate(%)            : 0
	Ctrlcpu Usage Rate(%)          : 1
	DDR Bandwidth Usage Rate(%)    : 0
	HBM Bandwidth Usage Rate(%)    : 53
	NPU Utilization(%)             : 93
	Aicube Usage Rate(%)           : 72
	Get pid name failed.
	Process id:1657446 Process name:                  Process memory(MB):16066
Error: cannot run top on container fca65b17c7696be0978c024206dce045576ad0d5017576dab9c64493f5b57e1c as it did not create a cgroup: this container does not have a cgroup
timestamp_ns=1785749875879912261
	DDR Capacity(MB)               : 0
	DDR Usage Rate(%)              : 0
	DDR Hugepages Total(page)      : 0
	DDR Hugepages Usage Rate(%)    : 0
	HBM Capacity(MB)               : 65536
	HBM Usage Rate(%)              : 29
	Aicore Usage Rate(%)           : 78
	Aivector Usage Rate(%)         : 5
	Aicpu Usage Rate(%)            : 0
	Ctrlcpu Usage Rate(%)          : 6
	DDR Bandwidth Usage Rate(%)    : 0
	HBM Bandwidth Usage Rate(%)    : 32
	NPU Utilization(%)             : 89
	Aicube Usage Rate(%)           : 71
	Get pid name failed.
	Process id:1657446 Process name:                  Process memory(MB):16066
Error: cannot run top on container fca65b17c7696be0978c024206dce045576ad0d5017576dab9c64493f5b57e1c as it did not create a cgroup: this container does not have a cgroup
timestamp_ns=1785749878052774601
	DDR Capacity(MB)               : 0
	DDR Usage Rate(%)              : 0
	DDR Hugepages Total(page)      : 0
	DDR Hugepages Usage Rate(%)    : 0
	HBM Capacity(MB)               : 65536
	HBM Usage Rate(%)              : 29
	Aicore Usage Rate(%)           : 81
	Aivector Usage Rate(%)         : 5
	Aicpu Usage Rate(%)            : 0
	Ctrlcpu Usage Rate(%)          : 1
	DDR Bandwidth Usage Rate(%)    : 0
	HBM Bandwidth Usage Rate(%)    : 53
	NPU Utilization(%)             : 93
	Aicube Usage Rate(%)           : 73
	Get pid name failed.
	Process id:1657446 Process name:                  Process memory(MB):16066
Error: cannot run top on container fca65b17c7696be0978c024206dce045576ad0d5017576dab9c64493f5b57e1c as it did not create a cgroup: this container does not have a cgroup
timestamp_ns=1785749880200484070
	DDR Capacity(MB)               : 0
	DDR Usage Rate(%)              : 0
	DDR Hugepages Total(page)      : 0
	DDR Hugepages Usage Rate(%)    : 0
	HBM Capacity(MB)               : 65536
	HBM Usage Rate(%)              : 29
	Aicore Usage Rate(%)           : 81
	Aivector Usage Rate(%)         : 5
	Aicpu Usage Rate(%)            : 0
	Ctrlcpu Usage Rate(%)          : 1
	DDR Bandwidth Usage Rate(%)    : 0
	HBM Bandwidth Usage Rate(%)    : 54
	NPU Utilization(%)             : 89
	Aicube Usage Rate(%)           : 74
	Get pid name failed.
	Process id:1657446 Process name:                  Process memory(MB):16066
Error: cannot run top on container fca65b17c7696be0978c024206dce045576ad0d5017576dab9c64493f5b57e1c as it did not create a cgroup: this container does not have a cgroup
timestamp_ns=1785749882369207600
	DDR Capacity(MB)               : 0
	DDR Usage Rate(%)              : 0
	DDR Hugepages Total(page)      : 0
	DDR Hugepages Usage Rate(%)    : 0
	HBM Capacity(MB)               : 65536
	HBM Usage Rate(%)              : 29
	Aicore Usage Rate(%)           : 76
	Aivector Usage Rate(%)         : 5
	Aicpu Usage Rate(%)            : 0
	Ctrlcpu Usage Rate(%)          : 9
	DDR Bandwidth Usage Rate(%)    : 0
	HBM Bandwidth Usage Rate(%)    : 52
	NPU Utilization(%)             : 86
	Aicube Usage Rate(%)           : 68
	Get pid name failed.
	Process id:1657446 Process name:                  Process memory(MB):16066
Error: cannot run top on container fca65b17c7696be0978c024206dce045576ad0d5017576dab9c64493f5b57e1c as it did not create a cgroup: this container does not have a cgroup
timestamp_ns=1785749884556731176
	DDR Capacity(MB)               : 0
	DDR Usage Rate(%)              : 0
	DDR Hugepages Total(page)      : 0
	DDR Hugepages Usage Rate(%)    : 0
	HBM Capacity(MB)               : 65536
	HBM Usage Rate(%)              : 29
	Aicore Usage Rate(%)           : 80
	Aivector Usage Rate(%)         : 5
	Aicpu Usage Rate(%)            : 0
	Ctrlcpu Usage Rate(%)          : 3
	DDR Bandwidth Usage Rate(%)    : 0
	HBM Bandwidth Usage Rate(%)    : 52
	NPU Utilization(%)             : 93
	Aicube Usage Rate(%)           : 73
	Get pid name failed.
	Process id:1657446 Process name:                  Process memory(MB):16066
Error: cannot run top on container fca65b17c7696be0978c024206dce045576ad0d5017576dab9c64493f5b57e1c as it did not create a cgroup: this container does not have a cgroup
timestamp_ns=1785749886717256296
	DDR Capacity(MB)               : 0
	DDR Usage Rate(%)              : 0
	DDR Hugepages Total(page)      : 0
	DDR Hugepages Usage Rate(%)    : 0
	HBM Capacity(MB)               : 65536
	HBM Usage Rate(%)              : 29
	Aicore Usage Rate(%)           : 82
	Aivector Usage Rate(%)         : 5
	Aicpu Usage Rate(%)            : 0
	Ctrlcpu Usage Rate(%)          : 4
	DDR Bandwidth Usage Rate(%)    : 0
	HBM Bandwidth Usage Rate(%)    : 52
	NPU Utilization(%)             : 93
	Aicube Usage Rate(%)           : 73
	Get pid name failed.
	Process id:1657446 Process name:                  Process memory(MB):16066
Error: cannot run top on container fca65b17c7696be0978c024206dce045576ad0d5017576dab9c64493f5b57e1c as it did not create a cgroup: this container does not have a cgroup
timestamp_ns=1785749888881058027
	DDR Capacity(MB)               : 0
	DDR Usage Rate(%)              : 0
	DDR Hugepages Total(page)      : 0
	DDR Hugepages Usage Rate(%)    : 0
	HBM Capacity(MB)               : 65536
	HBM Usage Rate(%)              : 29
	Aicore Usage Rate(%)           : 80
	Aivector Usage Rate(%)         : 5
	Aicpu Usage Rate(%)            : 0
	Ctrlcpu Usage Rate(%)          : 3
	DDR Bandwidth Usage Rate(%)    : 0
	HBM Bandwidth Usage Rate(%)    : 52
	NPU Utilization(%)             : 93
	Aicube Usage Rate(%)           : 73
	Get pid name failed.
	Process id:1657446 Process name:                  Process memory(MB):16066
Error: cannot run top on container fca65b17c7696be0978c024206dce045576ad0d5017576dab9c64493f5b57e1c as it did not create a cgroup: this container does not have a cgroup
timestamp_ns=1785749891040788643
	DDR Capacity(MB)               : 0
	DDR Usage Rate(%)              : 0
	DDR Hugepages Total(page)      : 0
	DDR Hugepages Usage Rate(%)    : 0
	HBM Capacity(MB)               : 65536
	HBM Usage Rate(%)              : 29
	Aicore Usage Rate(%)           : 80
	Aivector Usage Rate(%)         : 5
	Aicpu Usage Rate(%)            : 0
	Ctrlcpu Usage Rate(%)          : 2
	DDR Bandwidth Usage Rate(%)    : 0
	HBM Bandwidth Usage Rate(%)    : 52
	NPU Utilization(%)             : 86
	Aicube Usage Rate(%)           : 72
	Get pid name failed.
	Process id:1657446 Process name:                  Process memory(MB):16066
Error: cannot run top on container fca65b17c7696be0978c024206dce045576ad0d5017576dab9c64493f5b57e1c as it did not create a cgroup: this container does not have a cgroup
timestamp_ns=1785749893190612371
	DDR Capacity(MB)               : 0
	DDR Usage Rate(%)              : 0
	DDR Hugepages Total(page)      : 0
	DDR Hugepages Usage Rate(%)    : 0
	HBM Capacity(MB)               : 65536
	HBM Usage Rate(%)              : 29
	Aicore Usage Rate(%)           : 76
	Aivector Usage Rate(%)         : 5
	Aicpu Usage Rate(%)            : 0
	Ctrlcpu Usage Rate(%)          : 0
	DDR Bandwidth Usage Rate(%)    : 0
	HBM Bandwidth Usage Rate(%)    : 53
	NPU Utilization(%)             : 86
	Aicube Usage Rate(%)           : 69
	Get pid name failed.
	Process id:1657446 Process name:                  Process memory(MB):16066
Error: cannot run top on container fca65b17c7696be0978c024206dce045576ad0d5017576dab9c64493f5b57e1c as it did not create a cgroup: this container does not have a cgroup
timestamp_ns=1785749895337089240
	DDR Capacity(MB)               : 0
	DDR Usage Rate(%)              : 0
	DDR Hugepages Total(page)      : 0
	DDR Hugepages Usage Rate(%)    : 0
	HBM Capacity(MB)               : 65536
	HBM Usage Rate(%)              : 29
	Aicore Usage Rate(%)           : 81
	Aivector Usage Rate(%)         : 5
	Aicpu Usage Rate(%)            : 0
	Ctrlcpu Usage Rate(%)          : 3
	DDR Bandwidth Usage Rate(%)    : 0
	HBM Bandwidth Usage Rate(%)    : 52
	NPU Utilization(%)             : 86
	Aicube Usage Rate(%)           : 73
	Get pid name failed.
	Process id:1657446 Process name:                  Process memory(MB):16066
Error: cannot run top on container fca65b17c7696be0978c024206dce045576ad0d5017576dab9c64493f5b57e1c as it did not create a cgroup: this container does not have a cgroup
timestamp_ns=1785749897488479323
	DDR Capacity(MB)               : 0
	DDR Usage Rate(%)              : 0
	DDR Hugepages Total(page)      : 0
	DDR Hugepages Usage Rate(%)    : 0
	HBM Capacity(MB)               : 65536
	HBM Usage Rate(%)              : 29
	Aicore Usage Rate(%)           : 78
	Aivector Usage Rate(%)         : 5
	Aicpu Usage Rate(%)            : 0
	Ctrlcpu Usage Rate(%)          : 7
	DDR Bandwidth Usage Rate(%)    : 0
	HBM Bandwidth Usage Rate(%)    : 36
	NPU Utilization(%)             : 93
	Aicube Usage Rate(%)           : 71
	Get pid name failed.
	Process id:1657446 Process name:                  Process memory(MB):16066
Error: cannot run top on container fca65b17c7696be0978c024206dce045576ad0d5017576dab9c64493f5b57e1c as it did not create a cgroup: this container does not have a cgroup
timestamp_ns=1785749899637268041
	DDR Capacity(MB)               : 0
	DDR Usage Rate(%)              : 0
	DDR Hugepages Total(page)      : 0
	DDR Hugepages Usage Rate(%)    : 0
	HBM Capacity(MB)               : 65536
	HBM Usage Rate(%)              : 29
	Aicore Usage Rate(%)           : 80
	Aivector Usage Rate(%)         : 5
	Aicpu Usage Rate(%)            : 0
	Ctrlcpu Usage Rate(%)          : 3
	DDR Bandwidth Usage Rate(%)    : 0
	HBM Bandwidth Usage Rate(%)    : 53
	NPU Utilization(%)             : 86
	Aicube Usage Rate(%)           : 71
	Get pid name failed.
	Process id:1657446 Process name:                  Process memory(MB):16066
Error: cannot run top on container fca65b17c7696be0978c024206dce045576ad0d5017576dab9c64493f5b57e1c as it did not create a cgroup: this container does not have a cgroup
timestamp_ns=1785749901826181384
	DDR Capacity(MB)               : 0
	DDR Usage Rate(%)              : 0
	DDR Hugepages Total(page)      : 0
	DDR Hugepages Usage Rate(%)    : 0
	HBM Capacity(MB)               : 65536
	HBM Usage Rate(%)              : 29
	Aicore Usage Rate(%)           : 78
	Aivector Usage Rate(%)         : 5
	Aicpu Usage Rate(%)            : 0
	Ctrlcpu Usage Rate(%)          : 2
	DDR Bandwidth Usage Rate(%)    : 0
	HBM Bandwidth Usage Rate(%)    : 54
	NPU Utilization(%)             : 89
	Aicube Usage Rate(%)           : 71
	Get pid name failed.
	Process id:1657446 Process name:                  Process memory(MB):16066
Error: cannot run top on container fca65b17c7696be0978c024206dce045576ad0d5017576dab9c64493f5b57e1c as it did not create a cgroup: this container does not have a cgroup
timestamp_ns=1785749903983618976
	DDR Capacity(MB)               : 0
	DDR Usage Rate(%)              : 0
	DDR Hugepages Total(page)      : 0
	DDR Hugepages Usage Rate(%)    : 0
	HBM Capacity(MB)               : 65536
	HBM Usage Rate(%)              : 29
	Aicore Usage Rate(%)           : 81
	Aivector Usage Rate(%)         : 5
	Aicpu Usage Rate(%)            : 0
	Ctrlcpu Usage Rate(%)          : 4
	DDR Bandwidth Usage Rate(%)    : 0
	HBM Bandwidth Usage Rate(%)    : 53
	NPU Utilization(%)             : 96
	Aicube Usage Rate(%)           : 73
	Get pid name failed.
	Process id:1657446 Process name:                  Process memory(MB):16066
Error: cannot run top on container fca65b17c7696be0978c024206dce045576ad0d5017576dab9c64493f5b57e1c as it did not create a cgroup: this container does not have a cgroup
timestamp_ns=1785749906149097553
	DDR Capacity(MB)               : 0
	DDR Usage Rate(%)              : 0
	DDR Hugepages Total(page)      : 0
	DDR Hugepages Usage Rate(%)    : 0
	HBM Capacity(MB)               : 65536
	HBM Usage Rate(%)              : 29
	Aicore Usage Rate(%)           : 80
	Aivector Usage Rate(%)         : 5
	Aicpu Usage Rate(%)            : 0
	Ctrlcpu Usage Rate(%)          : 3
	DDR Bandwidth Usage Rate(%)    : 0
	HBM Bandwidth Usage Rate(%)    : 53
	NPU Utilization(%)             : 96
	Aicube Usage Rate(%)           : 73
	Get pid name failed.
	Process id:1657446 Process name:                  Process memory(MB):16066
Error: cannot run top on container fca65b17c7696be0978c024206dce045576ad0d5017576dab9c64493f5b57e1c as it did not create a cgroup: this container does not have a cgroup
timestamp_ns=1785749908286588067
	DDR Capacity(MB)               : 0
	DDR Usage Rate(%)              : 0
	DDR Hugepages Total(page)      : 0
	DDR Hugepages Usage Rate(%)    : 0
	HBM Capacity(MB)               : 65536
	HBM Usage Rate(%)              : 29
	Aicore Usage Rate(%)           : 78
	Aivector Usage Rate(%)         : 5
	Aicpu Usage Rate(%)            : 0
	Ctrlcpu Usage Rate(%)          : 2
	DDR Bandwidth Usage Rate(%)    : 0
	HBM Bandwidth Usage Rate(%)    : 53
	NPU Utilization(%)             : 96
	Aicube Usage Rate(%)           : 70
	Get pid name failed.
	Process id:1657446 Process name:                  Process memory(MB):16066
Error: cannot run top on container fca65b17c7696be0978c024206dce045576ad0d5017576dab9c64493f5b57e1c as it did not create a cgroup: this container does not have a cgroup
timestamp_ns=1785749910436252198
	DDR Capacity(MB)               : 0
	DDR Usage Rate(%)              : 0
	DDR Hugepages Total(page)      : 0
	DDR Hugepages Usage Rate(%)    : 0
	HBM Capacity(MB)               : 65536
	HBM Usage Rate(%)              : 29
	Aicore Usage Rate(%)           : 80
	Aivector Usage Rate(%)         : 5
	Aicpu Usage Rate(%)            : 0
	Ctrlcpu Usage Rate(%)          : 1
	DDR Bandwidth Usage Rate(%)    : 0
	HBM Bandwidth Usage Rate(%)    : 52
	NPU Utilization(%)             : 82
	Aicube Usage Rate(%)           : 73
	Get pid name failed.
	Process id:1657446 Process name:                  Process memory(MB):16066
Error: cannot run top on container fca65b17c7696be0978c024206dce045576ad0d5017576dab9c64493f5b57e1c as it did not create a cgroup: this container does not have a cgroup
timestamp_ns=1785749912581311957
	DDR Capacity(MB)               : 0
	DDR Usage Rate(%)              : 0
	DDR Hugepages Total(page)      : 0
	DDR Hugepages Usage Rate(%)    : 0
	HBM Capacity(MB)               : 65536
	HBM Usage Rate(%)              : 29
	Aicore Usage Rate(%)           : 76
	Aivector Usage Rate(%)         : 5
	Aicpu Usage Rate(%)            : 0
	Ctrlcpu Usage Rate(%)          : 6
	DDR Bandwidth Usage Rate(%)    : 0
	HBM Bandwidth Usage Rate(%)    : 52
	NPU Utilization(%)             : 89
	Aicube Usage Rate(%)           : 69
	Get pid name failed.
	Process id:1657446 Process name:                  Process memory(MB):16066
Error: cannot run top on container fca65b17c7696be0978c024206dce045576ad0d5017576dab9c64493f5b57e1c as it did not create a cgroup: this container does not have a cgroup
timestamp_ns=1785749914734817418
	DDR Capacity(MB)               : 0
	DDR Usage Rate(%)              : 0
	DDR Hugepages Total(page)      : 0
	DDR Hugepages Usage Rate(%)    : 0
	HBM Capacity(MB)               : 65536
	HBM Usage Rate(%)              : 29
	Aicore Usage Rate(%)           : 80
	Aivector Usage Rate(%)         : 5
	Aicpu Usage Rate(%)            : 0
	Ctrlcpu Usage Rate(%)          : 2
	DDR Bandwidth Usage Rate(%)    : 0
	HBM Bandwidth Usage Rate(%)    : 54
	NPU Utilization(%)             : 82
	Aicube Usage Rate(%)           : 73
	Get pid name failed.
	Process id:1657446 Process name:                  Process memory(MB):16066
Error: cannot run top on container fca65b17c7696be0978c024206dce045576ad0d5017576dab9c64493f5b57e1c as it did not create a cgroup: this container does not have a cgroup
timestamp_ns=1785749916892057810
	DDR Capacity(MB)               : 0
	DDR Usage Rate(%)              : 0
	DDR Hugepages Total(page)      : 0
	DDR Hugepages Usage Rate(%)    : 0
	HBM Capacity(MB)               : 65536
	HBM Usage Rate(%)              : 29
	Aicore Usage Rate(%)           : 77
	Aivector Usage Rate(%)         : 5
	Aicpu Usage Rate(%)            : 0
	Ctrlcpu Usage Rate(%)          : 5
	DDR Bandwidth Usage Rate(%)    : 0
	HBM Bandwidth Usage Rate(%)    : 54
	NPU Utilization(%)             : 86
	Aicube Usage Rate(%)           : 70
	Get pid name failed.
	Process id:1657446 Process name:                  Process memory(MB):16066
Error: cannot run top on container fca65b17c7696be0978c024206dce045576ad0d5017576dab9c64493f5b57e1c as it did not create a cgroup: this container does not have a cgroup
timestamp_ns=1785749919025323652
	DDR Capacity(MB)               : 0
	DDR Usage Rate(%)              : 0
	DDR Hugepages Total(page)      : 0
	DDR Hugepages Usage Rate(%)    : 0
	HBM Capacity(MB)               : 65536
	HBM Usage Rate(%)              : 29
	Aicore Usage Rate(%)           : 80
	Aivector Usage Rate(%)         : 5
	Aicpu Usage Rate(%)            : 0
	Ctrlcpu Usage Rate(%)          : 4
	DDR Bandwidth Usage Rate(%)    : 0
	HBM Bandwidth Usage Rate(%)    : 23
	NPU Utilization(%)             : 89
	Aicube Usage Rate(%)           : 73
	Get pid name failed.
	Process id:1657446 Process name:                  Process memory(MB):16066
Error: cannot run top on container fca65b17c7696be0978c024206dce045576ad0d5017576dab9c64493f5b57e1c as it did not create a cgroup: this container does not have a cgroup
timestamp_ns=1785749921173250537
	DDR Capacity(MB)               : 0
	DDR Usage Rate(%)              : 0
	DDR Hugepages Total(page)      : 0
	DDR Hugepages Usage Rate(%)    : 0
	HBM Capacity(MB)               : 65536
	HBM Usage Rate(%)              : 29
	Aicore Usage Rate(%)           : 77
	Aivector Usage Rate(%)         : 5
	Aicpu Usage Rate(%)            : 0
	Ctrlcpu Usage Rate(%)          : 3
	DDR Bandwidth Usage Rate(%)    : 0
	HBM Bandwidth Usage Rate(%)    : 53
	NPU Utilization(%)             : 93
	Aicube Usage Rate(%)           : 70
	Get pid name failed.
	Process id:1657446 Process name:                  Process memory(MB):16066
Error: cannot run top on container fca65b17c7696be0978c024206dce045576ad0d5017576dab9c64493f5b57e1c as it did not create a cgroup: this container does not have a cgroup
timestamp_ns=1785749923310070524
	DDR Capacity(MB)               : 0
	DDR Usage Rate(%)              : 0
	DDR Hugepages Total(page)      : 0
	DDR Hugepages Usage Rate(%)    : 0
	HBM Capacity(MB)               : 65536
	HBM Usage Rate(%)              : 29
	Aicore Usage Rate(%)           : 78
	Aivector Usage Rate(%)         : 5
	Aicpu Usage Rate(%)            : 0
	Ctrlcpu Usage Rate(%)          : 1
	DDR Bandwidth Usage Rate(%)    : 0
	HBM Bandwidth Usage Rate(%)    : 52
	NPU Utilization(%)             : 86
	Aicube Usage Rate(%)           : 71
	Get pid name failed.
	Process id:1657446 Process name:                  Process memory(MB):16066
Error: cannot run top on container fca65b17c7696be0978c024206dce045576ad0d5017576dab9c64493f5b57e1c as it did not create a cgroup: this container does not have a cgroup
timestamp_ns=1785749925456417315
	DDR Capacity(MB)               : 0
	DDR Usage Rate(%)              : 0
	DDR Hugepages Total(page)      : 0
	DDR Hugepages Usage Rate(%)    : 0
	HBM Capacity(MB)               : 65536
	HBM Usage Rate(%)              : 29
	Aicore Usage Rate(%)           : 77
	Aivector Usage Rate(%)         : 5
	Aicpu Usage Rate(%)            : 0
	Ctrlcpu Usage Rate(%)          : 3
	DDR Bandwidth Usage Rate(%)    : 0
	HBM Bandwidth Usage Rate(%)    : 53
	NPU Utilization(%)             : 93
	Aicube Usage Rate(%)           : 70
	Get pid name failed.
	Process id:1657446 Process name:                  Process memory(MB):16066
Error: cannot run top on container fca65b17c7696be0978c024206dce045576ad0d5017576dab9c64493f5b57e1c as it did not create a cgroup: this container does not have a cgroup
timestamp_ns=1785749927894780968
	DDR Capacity(MB)               : 0
	DDR Usage Rate(%)              : 0
	DDR Hugepages Total(page)      : 0
	DDR Hugepages Usage Rate(%)    : 0
	HBM Capacity(MB)               : 65536
	HBM Usage Rate(%)              : 29
	Aicore Usage Rate(%)           : 79
	Aivector Usage Rate(%)         : 5
	Aicpu Usage Rate(%)            : 0
	Ctrlcpu Usage Rate(%)          : 6
	DDR Bandwidth Usage Rate(%)    : 0
	HBM Bandwidth Usage Rate(%)    : 54
	NPU Utilization(%)             : 89
	Aicube Usage Rate(%)           : 72
	Get pid name failed.
	Process id:1657446 Process name:                  Process memory(MB):16066
Error: cannot run top on container fca65b17c7696be0978c024206dce045576ad0d5017576dab9c64493f5b57e1c as it did not create a cgroup: this container does not have a cgroup
timestamp_ns=1785749930028537847
	DDR Capacity(MB)               : 0
	DDR Usage Rate(%)              : 0
	DDR Hugepages Total(page)      : 0
	DDR Hugepages Usage Rate(%)    : 0
	HBM Capacity(MB)               : 65536
	HBM Usage Rate(%)              : 29
	Aicore Usage Rate(%)           : 74
	Aivector Usage Rate(%)         : 5
	Aicpu Usage Rate(%)            : 0
	Ctrlcpu Usage Rate(%)          : 2
	DDR Bandwidth Usage Rate(%)    : 0
	HBM Bandwidth Usage Rate(%)    : 52
	NPU Utilization(%)             : 89
	Aicube Usage Rate(%)           : 68
	Get pid name failed.
	Process id:1657446 Process name:                  Process memory(MB):16066
Error: cannot run top on container fca65b17c7696be0978c024206dce045576ad0d5017576dab9c64493f5b57e1c as it did not create a cgroup: this container does not have a cgroup
timestamp_ns=1785749932168235770
	DDR Capacity(MB)               : 0
	DDR Usage Rate(%)              : 0
	DDR Hugepages Total(page)      : 0
	DDR Hugepages Usage Rate(%)    : 0
	HBM Capacity(MB)               : 65536
	HBM Usage Rate(%)              : 29
	Aicore Usage Rate(%)           : 77
	Aivector Usage Rate(%)         : 5
	Aicpu Usage Rate(%)            : 0
	Ctrlcpu Usage Rate(%)          : 8
	DDR Bandwidth Usage Rate(%)    : 0
	HBM Bandwidth Usage Rate(%)    : 52
	NPU Utilization(%)             : 86
	Aicube Usage Rate(%)           : 70
	Get pid name failed.
	Process id:1657446 Process name:                  Process memory(MB):16066
Error: cannot run top on container fca65b17c7696be0978c024206dce045576ad0d5017576dab9c64493f5b57e1c as it did not create a cgroup: this container does not have a cgroup
timestamp_ns=1785749934303192390
	DDR Capacity(MB)               : 0
	DDR Usage Rate(%)              : 0
	DDR Hugepages Total(page)      : 0
	DDR Hugepages Usage Rate(%)    : 0
	HBM Capacity(MB)               : 65536
	HBM Usage Rate(%)              : 29
	Aicore Usage Rate(%)           : 79
	Aivector Usage Rate(%)         : 5
	Aicpu Usage Rate(%)            : 0
	Ctrlcpu Usage Rate(%)          : 3
	DDR Bandwidth Usage Rate(%)    : 0
	HBM Bandwidth Usage Rate(%)    : 52
	NPU Utilization(%)             : 86
	Aicube Usage Rate(%)           : 72
	Get pid name failed.
	Process id:1657446 Process name:                  Process memory(MB):16066
Error: cannot run top on container fca65b17c7696be0978c024206dce045576ad0d5017576dab9c64493f5b57e1c as it did not create a cgroup: this container does not have a cgroup
timestamp_ns=1785749936452837914
	DDR Capacity(MB)               : 0
	DDR Usage Rate(%)              : 0
	DDR Hugepages Total(page)      : 0
	DDR Hugepages Usage Rate(%)    : 0
	HBM Capacity(MB)               : 65536
	HBM Usage Rate(%)              : 29
	Aicore Usage Rate(%)           : 81
	Aivector Usage Rate(%)         : 5
	Aicpu Usage Rate(%)            : 0
	Ctrlcpu Usage Rate(%)          : 5
	DDR Bandwidth Usage Rate(%)    : 0
	HBM Bandwidth Usage Rate(%)    : 53
	NPU Utilization(%)             : 89
	Aicube Usage Rate(%)           : 74
	Get pid name failed.
	Process id:1657446 Process name:                  Process memory(MB):16066
Error: cannot run top on container fca65b17c7696be0978c024206dce045576ad0d5017576dab9c64493f5b57e1c as it did not create a cgroup: this container does not have a cgroup
timestamp_ns=1785749938591982223
	DDR Capacity(MB)               : 0
	DDR Usage Rate(%)              : 0
	DDR Hugepages Total(page)      : 0
	DDR Hugepages Usage Rate(%)    : 0
	HBM Capacity(MB)               : 65536
	HBM Usage Rate(%)              : 29
	Aicore Usage Rate(%)           : 79
	Aivector Usage Rate(%)         : 5
	Aicpu Usage Rate(%)            : 0
	Ctrlcpu Usage Rate(%)          : 7
	DDR Bandwidth Usage Rate(%)    : 0
	HBM Bandwidth Usage Rate(%)    : 51
	NPU Utilization(%)             : 96
	Aicube Usage Rate(%)           : 72
	Get pid name failed.
	Process id:1657446 Process name:                  Process memory(MB):16066
Error: cannot run top on container fca65b17c7696be0978c024206dce045576ad0d5017576dab9c64493f5b57e1c as it did not create a cgroup: this container does not have a cgroup
timestamp_ns=1785749940748003309
	DDR Capacity(MB)               : 0
	DDR Usage Rate(%)              : 0
	DDR Hugepages Total(page)      : 0
	DDR Hugepages Usage Rate(%)    : 0
	HBM Capacity(MB)               : 65536
	HBM Usage Rate(%)              : 29
	Aicore Usage Rate(%)           : 76
	Aivector Usage Rate(%)         : 5
	Aicpu Usage Rate(%)            : 0
	Ctrlcpu Usage Rate(%)          : 3
	DDR Bandwidth Usage Rate(%)    : 0
	HBM Bandwidth Usage Rate(%)    : 52
	NPU Utilization(%)             : 93
	Aicube Usage Rate(%)           : 69
	Get pid name failed.
	Process id:1657446 Process name:                  Process memory(MB):16066
Error: cannot run top on container fca65b17c7696be0978c024206dce045576ad0d5017576dab9c64493f5b57e1c as it did not create a cgroup: this container does not have a cgroup
timestamp_ns=1785749942892138883
	DDR Capacity(MB)               : 0
	DDR Usage Rate(%)              : 0
	DDR Hugepages Total(page)      : 0
	DDR Hugepages Usage Rate(%)    : 0
	HBM Capacity(MB)               : 65536
	HBM Usage Rate(%)              : 29
	Aicore Usage Rate(%)           : 78
	Aivector Usage Rate(%)         : 5
	Aicpu Usage Rate(%)            : 0
	Ctrlcpu Usage Rate(%)          : 3
	DDR Bandwidth Usage Rate(%)    : 0
	HBM Bandwidth Usage Rate(%)    : 52
	NPU Utilization(%)             : 96
	Aicube Usage Rate(%)           : 71
	Get pid name failed.
	Process id:1657446 Process name:                  Process memory(MB):16066
Error: cannot run top on container fca65b17c7696be0978c024206dce045576ad0d5017576dab9c64493f5b57e1c as it did not create a cgroup: this container does not have a cgroup
timestamp_ns=1785749945038112092
	DDR Capacity(MB)               : 0
	DDR Usage Rate(%)              : 0
	DDR Hugepages Total(page)      : 0
	DDR Hugepages Usage Rate(%)    : 0
	HBM Capacity(MB)               : 65536
	HBM Usage Rate(%)              : 29
	Aicore Usage Rate(%)           : 78
	Aivector Usage Rate(%)         : 5
	Aicpu Usage Rate(%)            : 0
	Ctrlcpu Usage Rate(%)          : 3
	DDR Bandwidth Usage Rate(%)    : 0
	HBM Bandwidth Usage Rate(%)    : 19
	NPU Utilization(%)             : 96
	Aicube Usage Rate(%)           : 71
	Get pid name failed.
	Process id:1657446 Process name:                  Process memory(MB):16066
Error: cannot run top on container fca65b17c7696be0978c024206dce045576ad0d5017576dab9c64493f5b57e1c as it did not create a cgroup: this container does not have a cgroup
timestamp_ns=1785749947185439535
	DDR Capacity(MB)               : 0
	DDR Usage Rate(%)              : 0
	DDR Hugepages Total(page)      : 0
	DDR Hugepages Usage Rate(%)    : 0
	HBM Capacity(MB)               : 65536
	HBM Usage Rate(%)              : 29
	Aicore Usage Rate(%)           : 81
	Aivector Usage Rate(%)         : 5
	Aicpu Usage Rate(%)            : 0
	Ctrlcpu Usage Rate(%)          : 3
	DDR Bandwidth Usage Rate(%)    : 0
	HBM Bandwidth Usage Rate(%)    : 54
	NPU Utilization(%)             : 86
	Aicube Usage Rate(%)           : 74
	Get pid name failed.
	Process id:1657446 Process name:                  Process memory(MB):16066
Error: cannot run top on container fca65b17c7696be0978c024206dce045576ad0d5017576dab9c64493f5b57e1c as it did not create a cgroup: this container does not have a cgroup
timestamp_ns=1785749949337678983
	DDR Capacity(MB)               : 0
	DDR Usage Rate(%)              : 0
	DDR Hugepages Total(page)      : 0
	DDR Hugepages Usage Rate(%)    : 0
	HBM Capacity(MB)               : 65536
	HBM Usage Rate(%)              : 29
	Aicore Usage Rate(%)           : 78
	Aivector Usage Rate(%)         : 5
	Aicpu Usage Rate(%)            : 0
	Ctrlcpu Usage Rate(%)          : 1
	DDR Bandwidth Usage Rate(%)    : 0
	HBM Bandwidth Usage Rate(%)    : 54
	NPU Utilization(%)             : 93
	Aicube Usage Rate(%)           : 71
	Get pid name failed.
	Process id:1657446 Process name:                  Process memory(MB):16066
Error: cannot run top on container fca65b17c7696be0978c024206dce045576ad0d5017576dab9c64493f5b57e1c as it did not create a cgroup: this container does not have a cgroup
timestamp_ns=1785749951491969689
	DDR Capacity(MB)               : 0
	DDR Usage Rate(%)              : 0
	DDR Hugepages Total(page)      : 0
	DDR Hugepages Usage Rate(%)    : 0
	HBM Capacity(MB)               : 65536
	HBM Usage Rate(%)              : 29
	Aicore Usage Rate(%)           : 80
	Aivector Usage Rate(%)         : 5
	Aicpu Usage Rate(%)            : 0
	Ctrlcpu Usage Rate(%)          : 4
	DDR Bandwidth Usage Rate(%)    : 0
	HBM Bandwidth Usage Rate(%)    : 53
	NPU Utilization(%)             : 89
	Aicube Usage Rate(%)           : 73
	Get pid name failed.
	Process id:1657446 Process name:                  Process memory(MB):16066
Error: cannot run top on container fca65b17c7696be0978c024206dce045576ad0d5017576dab9c64493f5b57e1c as it did not create a cgroup: this container does not have a cgroup
timestamp_ns=1785749953643156055
	DDR Capacity(MB)               : 0
	DDR Usage Rate(%)              : 0
	DDR Hugepages Total(page)      : 0
	DDR Hugepages Usage Rate(%)    : 0
	HBM Capacity(MB)               : 65536
	HBM Usage Rate(%)              : 29
	Aicore Usage Rate(%)           : 80
	Aivector Usage Rate(%)         : 5
	Aicpu Usage Rate(%)            : 0
	Ctrlcpu Usage Rate(%)          : 1
	DDR Bandwidth Usage Rate(%)    : 0
	HBM Bandwidth Usage Rate(%)    : 53
	NPU Utilization(%)             : 96
	Aicube Usage Rate(%)           : 73
	Get pid name failed.
	Process id:1657446 Process name:                  Process memory(MB):16066
Error: cannot run top on container fca65b17c7696be0978c024206dce045576ad0d5017576dab9c64493f5b57e1c as it did not create a cgroup: this container does not have a cgroup
timestamp_ns=1785749955796393460
	DDR Capacity(MB)               : 0
	DDR Usage Rate(%)              : 0
	DDR Hugepages Total(page)      : 0
	DDR Hugepages Usage Rate(%)    : 0
	HBM Capacity(MB)               : 65536
	HBM Usage Rate(%)              : 29
	Aicore Usage Rate(%)           : 80
	Aivector Usage Rate(%)         : 5
	Aicpu Usage Rate(%)            : 0
	Ctrlcpu Usage Rate(%)          : 0
	DDR Bandwidth Usage Rate(%)    : 0
	HBM Bandwidth Usage Rate(%)    : 52
	NPU Utilization(%)             : 93
	Aicube Usage Rate(%)           : 73
	Get pid name failed.
	Process id:1657446 Process name:                  Process memory(MB):16066
Error: cannot run top on container fca65b17c7696be0978c024206dce045576ad0d5017576dab9c64493f5b57e1c as it did not create a cgroup: this container does not have a cgroup
timestamp_ns=1785749957955979558
	DDR Capacity(MB)               : 0
	DDR Usage Rate(%)              : 0
	DDR Hugepages Total(page)      : 0
	DDR Hugepages Usage Rate(%)    : 0
	HBM Capacity(MB)               : 65536
	HBM Usage Rate(%)              : 29
	Aicore Usage Rate(%)           : 80
	Aivector Usage Rate(%)         : 5
	Aicpu Usage Rate(%)            : 0
	Ctrlcpu Usage Rate(%)          : 4
	DDR Bandwidth Usage Rate(%)    : 0
	HBM Bandwidth Usage Rate(%)    : 52
	NPU Utilization(%)             : 86
	Aicube Usage Rate(%)           : 73
	Get pid name failed.
	Process id:1657446 Process name:                  Process memory(MB):16066
Error: cannot run top on container fca65b17c7696be0978c024206dce045576ad0d5017576dab9c64493f5b57e1c as it did not create a cgroup: this container does not have a cgroup
timestamp_ns=1785749960105029690
	DDR Capacity(MB)               : 0
	DDR Usage Rate(%)              : 0
	DDR Hugepages Total(page)      : 0
	DDR Hugepages Usage Rate(%)    : 0
	HBM Capacity(MB)               : 65536
	HBM Usage Rate(%)              : 29
	Aicore Usage Rate(%)           : 74
	Aivector Usage Rate(%)         : 5
	Aicpu Usage Rate(%)            : 0
	Ctrlcpu Usage Rate(%)          : 3
	DDR Bandwidth Usage Rate(%)    : 0
	HBM Bandwidth Usage Rate(%)    : 52
	NPU Utilization(%)             : 89
	Aicube Usage Rate(%)           : 68
	Get pid name failed.
	Process id:1657446 Process name:                  Process memory(MB):16066
Error: cannot run top on container fca65b17c7696be0978c024206dce045576ad0d5017576dab9c64493f5b57e1c as it did not create a cgroup: this container does not have a cgroup
timestamp_ns=1785749962259290513
	DDR Capacity(MB)               : 0
	DDR Usage Rate(%)              : 0
	DDR Hugepages Total(page)      : 0
	DDR Hugepages Usage Rate(%)    : 0
	HBM Capacity(MB)               : 65536
	HBM Usage Rate(%)              : 29
	Aicore Usage Rate(%)           : 78
	Aivector Usage Rate(%)         : 5
	Aicpu Usage Rate(%)            : 0
	Ctrlcpu Usage Rate(%)          : 4
	DDR Bandwidth Usage Rate(%)    : 0
	HBM Bandwidth Usage Rate(%)    : 53
	NPU Utilization(%)             : 93
	Aicube Usage Rate(%)           : 71
	Get pid name failed.
	Process id:1657446 Process name:                  Process memory(MB):16066
Error: cannot run top on container fca65b17c7696be0978c024206dce045576ad0d5017576dab9c64493f5b57e1c as it did not create a cgroup: this container does not have a cgroup
timestamp_ns=1785749964411510475
	DDR Capacity(MB)               : 0
	DDR Usage Rate(%)              : 0
	DDR Hugepages Total(page)      : 0
	DDR Hugepages Usage Rate(%)    : 0
	HBM Capacity(MB)               : 65536
	HBM Usage Rate(%)              : 29
	Aicore Usage Rate(%)           : 78
	Aivector Usage Rate(%)         : 5
	Aicpu Usage Rate(%)            : 0
	Ctrlcpu Usage Rate(%)          : 3
	DDR Bandwidth Usage Rate(%)    : 0
	HBM Bandwidth Usage Rate(%)    : 53
	NPU Utilization(%)             : 100
	Aicube Usage Rate(%)           : 71
	Get pid name failed.
	Process id:1657446 Process name:                  Process memory(MB):16066
Error: cannot run top on container fca65b17c7696be0978c024206dce045576ad0d5017576dab9c64493f5b57e1c as it did not create a cgroup: this container does not have a cgroup
timestamp_ns=1785749966550244638
	DDR Capacity(MB)               : 0
	DDR Usage Rate(%)              : 0
	DDR Hugepages Total(page)      : 0
	DDR Hugepages Usage Rate(%)    : 0
	HBM Capacity(MB)               : 65536
	HBM Usage Rate(%)              : 29
	Aicore Usage Rate(%)           : 76
	Aivector Usage Rate(%)         : 5
	Aicpu Usage Rate(%)            : 0
	Ctrlcpu Usage Rate(%)          : 5
	DDR Bandwidth Usage Rate(%)    : 0
	HBM Bandwidth Usage Rate(%)    : 53
	NPU Utilization(%)             : 89
	Aicube Usage Rate(%)           : 70
	Get pid name failed.
	Process id:1657446 Process name:                  Process memory(MB):16066
Error: cannot run top on container fca65b17c7696be0978c024206dce045576ad0d5017576dab9c64493f5b57e1c as it did not create a cgroup: this container does not have a cgroup
timestamp_ns=1785749968686855829
	DDR Capacity(MB)               : 0
	DDR Usage Rate(%)              : 0
	DDR Hugepages Total(page)      : 0
	DDR Hugepages Usage Rate(%)    : 0
	HBM Capacity(MB)               : 65536
	HBM Usage Rate(%)              : 29
	Aicore Usage Rate(%)           : 80
	Aivector Usage Rate(%)         : 5
	Aicpu Usage Rate(%)            : 0
	Ctrlcpu Usage Rate(%)          : 4
	DDR Bandwidth Usage Rate(%)    : 0
	HBM Bandwidth Usage Rate(%)    : 53
	NPU Utilization(%)             : 93
	Aicube Usage Rate(%)           : 73
	Get pid name failed.
	Process id:1657446 Process name:                  Process memory(MB):16066
Error: cannot run top on container fca65b17c7696be0978c024206dce045576ad0d5017576dab9c64493f5b57e1c as it did not create a cgroup: this container does not have a cgroup
timestamp_ns=1785749970835955171
	DDR Capacity(MB)               : 0
	DDR Usage Rate(%)              : 0
	DDR Hugepages Total(page)      : 0
	DDR Hugepages Usage Rate(%)    : 0
	HBM Capacity(MB)               : 65536
	HBM Usage Rate(%)              : 29
	Aicore Usage Rate(%)           : 77
	Aivector Usage Rate(%)         : 5
	Aicpu Usage Rate(%)            : 0
	Ctrlcpu Usage Rate(%)          : 3
	DDR Bandwidth Usage Rate(%)    : 0
	HBM Bandwidth Usage Rate(%)    : 30
	NPU Utilization(%)             : 100
	Aicube Usage Rate(%)           : 70
	Get pid name failed.
	Process id:1657446 Process name:                  Process memory(MB):16066
Error: cannot run top on container fca65b17c7696be0978c024206dce045576ad0d5017576dab9c64493f5b57e1c as it did not create a cgroup: this container does not have a cgroup
timestamp_ns=1785749972970823509
	DDR Capacity(MB)               : 0
	DDR Usage Rate(%)              : 0
	DDR Hugepages Total(page)      : 0
	DDR Hugepages Usage Rate(%)    : 0
	HBM Capacity(MB)               : 65536
	HBM Usage Rate(%)              : 29
	Aicore Usage Rate(%)           : 77
	Aivector Usage Rate(%)         : 5
	Aicpu Usage Rate(%)            : 0
	Ctrlcpu Usage Rate(%)          : 4
	DDR Bandwidth Usage Rate(%)    : 0
	HBM Bandwidth Usage Rate(%)    : 53
	NPU Utilization(%)             : 93
	Aicube Usage Rate(%)           : 70
	Get pid name failed.
	Process id:1657446 Process name:                  Process memory(MB):16066
Error: cannot run top on container fca65b17c7696be0978c024206dce045576ad0d5017576dab9c64493f5b57e1c as it did not create a cgroup: this container does not have a cgroup
timestamp_ns=1785749975112645271
	DDR Capacity(MB)               : 0
	DDR Usage Rate(%)              : 0
	DDR Hugepages Total(page)      : 0
	DDR Hugepages Usage Rate(%)    : 0
	HBM Capacity(MB)               : 65536
	HBM Usage Rate(%)              : 29
	Aicore Usage Rate(%)           : 77
	Aivector Usage Rate(%)         : 5
	Aicpu Usage Rate(%)            : 0
	Ctrlcpu Usage Rate(%)          : 3
	DDR Bandwidth Usage Rate(%)    : 0
	HBM Bandwidth Usage Rate(%)    : 51
	NPU Utilization(%)             : 89
	Aicube Usage Rate(%)           : 70
	Get pid name failed.
	Process id:1657446 Process name:                  Process memory(MB):16066
Error: cannot run top on container fca65b17c7696be0978c024206dce045576ad0d5017576dab9c64493f5b57e1c as it did not create a cgroup: this container does not have a cgroup
timestamp_ns=1785749977257161046
	DDR Capacity(MB)               : 0
	DDR Usage Rate(%)              : 0
	DDR Hugepages Total(page)      : 0
	DDR Hugepages Usage Rate(%)    : 0
	HBM Capacity(MB)               : 65536
	HBM Usage Rate(%)              : 29
	Aicore Usage Rate(%)           : 78
	Aivector Usage Rate(%)         : 5
	Aicpu Usage Rate(%)            : 0
	Ctrlcpu Usage Rate(%)          : 3
	DDR Bandwidth Usage Rate(%)    : 0
	HBM Bandwidth Usage Rate(%)    : 53
	NPU Utilization(%)             : 96
	Aicube Usage Rate(%)           : 71
	Get pid name failed.
	Process id:1657446 Process name:                  Process memory(MB):16066
Error: cannot run top on container fca65b17c7696be0978c024206dce045576ad0d5017576dab9c64493f5b57e1c as it did not create a cgroup: this container does not have a cgroup
timestamp_ns=1785749979385954107
	DDR Capacity(MB)               : 0
	DDR Usage Rate(%)              : 0
	DDR Hugepages Total(page)      : 0
	DDR Hugepages Usage Rate(%)    : 0
	HBM Capacity(MB)               : 65536
	HBM Usage Rate(%)              : 29
	Aicore Usage Rate(%)           : 79
	Aivector Usage Rate(%)         : 5
	Aicpu Usage Rate(%)            : 0
	Ctrlcpu Usage Rate(%)          : 6
	DDR Bandwidth Usage Rate(%)    : 0
	HBM Bandwidth Usage Rate(%)    : 53
	NPU Utilization(%)             : 86
	Aicube Usage Rate(%)           : 72
	Get pid name failed.
	Process id:1657446 Process name:                  Process memory(MB):16066
Error: cannot run top on container fca65b17c7696be0978c024206dce045576ad0d5017576dab9c64493f5b57e1c as it did not create a cgroup: this container does not have a cgroup
timestamp_ns=1785749981522472999
	DDR Capacity(MB)               : 0
	DDR Usage Rate(%)              : 0
	DDR Hugepages Total(page)      : 0
	DDR Hugepages Usage Rate(%)    : 0
	HBM Capacity(MB)               : 65536
	HBM Usage Rate(%)              : 29
	Aicore Usage Rate(%)           : 78
	Aivector Usage Rate(%)         : 5
	Aicpu Usage Rate(%)            : 0
	Ctrlcpu Usage Rate(%)          : 4
	DDR Bandwidth Usage Rate(%)    : 0
	HBM Bandwidth Usage Rate(%)    : 52
	NPU Utilization(%)             : 93
	Aicube Usage Rate(%)           : 71
	Get pid name failed.
	Process id:1657446 Process name:                  Process memory(MB):16066
Error: cannot run top on container fca65b17c7696be0978c024206dce045576ad0d5017576dab9c64493f5b57e1c as it did not create a cgroup: this container does not have a cgroup
timestamp_ns=1785749983676215892
	DDR Capacity(MB)               : 0
	DDR Usage Rate(%)              : 0
	DDR Hugepages Total(page)      : 0
	DDR Hugepages Usage Rate(%)    : 0
	HBM Capacity(MB)               : 65536
	HBM Usage Rate(%)              : 29
	Aicore Usage Rate(%)           : 80
	Aivector Usage Rate(%)         : 5
	Aicpu Usage Rate(%)            : 0
	Ctrlcpu Usage Rate(%)          : 1
	DDR Bandwidth Usage Rate(%)    : 0
	HBM Bandwidth Usage Rate(%)    : 53
	NPU Utilization(%)             : 89
	Aicube Usage Rate(%)           : 73
	Get pid name failed.
	Process id:1657446 Process name:                  Process memory(MB):16066
Error: cannot run top on container fca65b17c7696be0978c024206dce045576ad0d5017576dab9c64493f5b57e1c as it did not create a cgroup: this container does not have a cgroup
timestamp_ns=1785749985827104481
	DDR Capacity(MB)               : 0
	DDR Usage Rate(%)              : 0
	DDR Hugepages Total(page)      : 0
	DDR Hugepages Usage Rate(%)    : 0
	HBM Capacity(MB)               : 65536
	HBM Usage Rate(%)              : 29
	Aicore Usage Rate(%)           : 79
	Aivector Usage Rate(%)         : 5
	Aicpu Usage Rate(%)            : 0
	Ctrlcpu Usage Rate(%)          : 3
	DDR Bandwidth Usage Rate(%)    : 0
	HBM Bandwidth Usage Rate(%)    : 53
	NPU Utilization(%)             : 100
	Aicube Usage Rate(%)           : 72
	Get pid name failed.
	Process id:1657446 Process name:                  Process memory(MB):16066
Error: cannot run top on container fca65b17c7696be0978c024206dce045576ad0d5017576dab9c64493f5b57e1c as it did not create a cgroup: this container does not have a cgroup
timestamp_ns=1785749987962540604
	DDR Capacity(MB)               : 0
	DDR Usage Rate(%)              : 0
	DDR Hugepages Total(page)      : 0
	DDR Hugepages Usage Rate(%)    : 0
	HBM Capacity(MB)               : 65536
	HBM Usage Rate(%)              : 29
	Aicore Usage Rate(%)           : 79
	Aivector Usage Rate(%)         : 5
	Aicpu Usage Rate(%)            : 0
	Ctrlcpu Usage Rate(%)          : 10
	DDR Bandwidth Usage Rate(%)    : 0
	HBM Bandwidth Usage Rate(%)    : 53
	NPU Utilization(%)             : 89
	Aicube Usage Rate(%)           : 72
	Get pid name failed.
	Process id:1657446 Process name:                  Process memory(MB):16066
Error: cannot run top on container fca65b17c7696be0978c024206dce045576ad0d5017576dab9c64493f5b57e1c as it did not create a cgroup: this container does not have a cgroup
timestamp_ns=1785749990106612313
	DDR Capacity(MB)               : 0
	DDR Usage Rate(%)              : 0
	DDR Hugepages Total(page)      : 0
	DDR Hugepages Usage Rate(%)    : 0
	HBM Capacity(MB)               : 65536
	HBM Usage Rate(%)              : 29
	Aicore Usage Rate(%)           : 80
	Aivector Usage Rate(%)         : 5
	Aicpu Usage Rate(%)            : 0
	Ctrlcpu Usage Rate(%)          : 1
	DDR Bandwidth Usage Rate(%)    : 0
	HBM Bandwidth Usage Rate(%)    : 53
	NPU Utilization(%)             : 86
	Aicube Usage Rate(%)           : 73
	Get pid name failed.
	Process id:1657446 Process name:                  Process memory(MB):16066
Error: cannot run top on container fca65b17c7696be0978c024206dce045576ad0d5017576dab9c64493f5b57e1c as it did not create a cgroup: this container does not have a cgroup
timestamp_ns=1785749992248682125
	DDR Capacity(MB)               : 0
	DDR Usage Rate(%)              : 0
	DDR Hugepages Total(page)      : 0
	DDR Hugepages Usage Rate(%)    : 0
	HBM Capacity(MB)               : 65536
	HBM Usage Rate(%)              : 29
	Aicore Usage Rate(%)           : 80
	Aivector Usage Rate(%)         : 5
	Aicpu Usage Rate(%)            : 0
	Ctrlcpu Usage Rate(%)          : 6
	DDR Bandwidth Usage Rate(%)    : 0
	HBM Bandwidth Usage Rate(%)    : 53
	NPU Utilization(%)             : 86
	Aicube Usage Rate(%)           : 73
	Get pid name failed.
	Process id:1657446 Process name:                  Process memory(MB):16066
Error: cannot run top on container fca65b17c7696be0978c024206dce045576ad0d5017576dab9c64493f5b57e1c as it did not create a cgroup: this container does not have a cgroup
timestamp_ns=1785749994487507095
	DDR Capacity(MB)               : 0
	DDR Usage Rate(%)              : 0
	DDR Hugepages Total(page)      : 0
	DDR Hugepages Usage Rate(%)    : 0
	HBM Capacity(MB)               : 65536
	HBM Usage Rate(%)              : 29
	Aicore Usage Rate(%)           : 71
	Aivector Usage Rate(%)         : 4
	Aicpu Usage Rate(%)            : 0
	Ctrlcpu Usage Rate(%)          : 3
	DDR Bandwidth Usage Rate(%)    : 0
	HBM Bandwidth Usage Rate(%)    : 54
	NPU Utilization(%)             : 93
	Aicube Usage Rate(%)           : 66
	Get pid name failed.
	Process id:1657446 Process name:                  Process memory(MB):16066
Error: cannot run top on container fca65b17c7696be0978c024206dce045576ad0d5017576dab9c64493f5b57e1c as it did not create a cgroup: this container does not have a cgroup
timestamp_ns=1785749996680508146
	DDR Capacity(MB)               : 0
	DDR Usage Rate(%)              : 0
	DDR Hugepages Total(page)      : 0
	DDR Hugepages Usage Rate(%)    : 0
	HBM Capacity(MB)               : 65536
	HBM Usage Rate(%)              : 29
	Aicore Usage Rate(%)           : 38
	Aivector Usage Rate(%)         : 2
	Aicpu Usage Rate(%)            : 0
	Ctrlcpu Usage Rate(%)          : 6
	DDR Bandwidth Usage Rate(%)    : 0
	HBM Bandwidth Usage Rate(%)    : 32
	NPU Utilization(%)             : 96
	Aicube Usage Rate(%)           : 34
	Get pid name failed.
	Process id:1657446 Process name:                  Process memory(MB):16066
Error: cannot run top on container fca65b17c7696be0978c024206dce045576ad0d5017576dab9c64493f5b57e1c as it did not create a cgroup: this container does not have a cgroup
timestamp_ns=1785749998886718460
	DDR Capacity(MB)               : 0
	DDR Usage Rate(%)              : 0
	DDR Hugepages Total(page)      : 0
	DDR Hugepages Usage Rate(%)    : 0
	HBM Capacity(MB)               : 65536
	HBM Usage Rate(%)              : 29
	Aicore Usage Rate(%)           : 76
	Aivector Usage Rate(%)         : 5
	Aicpu Usage Rate(%)            : 0
	Ctrlcpu Usage Rate(%)          : 1
	DDR Bandwidth Usage Rate(%)    : 0
	HBM Bandwidth Usage Rate(%)    : 52
	NPU Utilization(%)             : 89
	Aicube Usage Rate(%)           : 69
	Get pid name failed.
	Process id:1657446 Process name:                  Process memory(MB):16066
Error: cannot run top on container fca65b17c7696be0978c024206dce045576ad0d5017576dab9c64493f5b57e1c as it did not create a cgroup: this container does not have a cgroup
timestamp_ns=1785750001065062150
	DDR Capacity(MB)               : 0
	DDR Usage Rate(%)              : 0
	DDR Hugepages Total(page)      : 0
	DDR Hugepages Usage Rate(%)    : 0
	HBM Capacity(MB)               : 65536
	HBM Usage Rate(%)              : 29
	Aicore Usage Rate(%)           : 57
	Aivector Usage Rate(%)         : 11
	Aicpu Usage Rate(%)            : 0
	Ctrlcpu Usage Rate(%)          : 5
	DDR Bandwidth Usage Rate(%)    : 0
	HBM Bandwidth Usage Rate(%)    : 52
	NPU Utilization(%)             : 62
	Aicube Usage Rate(%)           : 44
	Get pid name failed.
	Process id:1657446 Process name:                  Process memory(MB):16066
Error: cannot run top on container fca65b17c7696be0978c024206dce045576ad0d5017576dab9c64493f5b57e1c as it did not create a cgroup: this container does not have a cgroup
timestamp_ns=1785750003304551532
	DDR Capacity(MB)               : 0
	DDR Usage Rate(%)              : 0
	DDR Hugepages Total(page)      : 0
	DDR Hugepages Usage Rate(%)    : 0
	HBM Capacity(MB)               : 65536
	HBM Usage Rate(%)              : 29
	Aicore Usage Rate(%)           : 76
	Aivector Usage Rate(%)         : 5
	Aicpu Usage Rate(%)            : 0
	Ctrlcpu Usage Rate(%)          : 0
	DDR Bandwidth Usage Rate(%)    : 0
	HBM Bandwidth Usage Rate(%)    : 50
	NPU Utilization(%)             : 96
	Aicube Usage Rate(%)           : 68
	Get pid name failed.
	Process id:1657446 Process name:                  Process memory(MB):16066
Error: cannot run top on container fca65b17c7696be0978c024206dce045576ad0d5017576dab9c64493f5b57e1c as it did not create a cgroup: this container does not have a cgroup
timestamp_ns=1785750005545570463
	DDR Capacity(MB)               : 0
	DDR Usage Rate(%)              : 0
	DDR Hugepages Total(page)      : 0
	DDR Hugepages Usage Rate(%)    : 0
	HBM Capacity(MB)               : 65536
	HBM Usage Rate(%)              : 29
	Aicore Usage Rate(%)           : 0
	Aivector Usage Rate(%)         : 0
	Aicpu Usage Rate(%)            : 0
	Ctrlcpu Usage Rate(%)          : 2
	DDR Bandwidth Usage Rate(%)    : 0
	HBM Bandwidth Usage Rate(%)    : 51
	NPU Utilization(%)             : 17
	Aicube Usage Rate(%)           : 0
	Get pid name failed.
	Process id:1657446 Process name:                  Process memory(MB):16066
Error: cannot run top on container fca65b17c7696be0978c024206dce045576ad0d5017576dab9c64493f5b57e1c as it did not create a cgroup: this container does not have a cgroup
timestamp_ns=1785750007735637128
	DDR Capacity(MB)               : 0
	DDR Usage Rate(%)              : 0
	DDR Hugepages Total(page)      : 0
	DDR Hugepages Usage Rate(%)    : 0
	HBM Capacity(MB)               : 65536
	HBM Usage Rate(%)              : 29
	Aicore Usage Rate(%)           : 79
	Aivector Usage Rate(%)         : 5
	Aicpu Usage Rate(%)            : 0
	Ctrlcpu Usage Rate(%)          : 3
	DDR Bandwidth Usage Rate(%)    : 0
	HBM Bandwidth Usage Rate(%)    : 51
	NPU Utilization(%)             : 89
	Aicube Usage Rate(%)           : 72
	Get pid name failed.
	Process id:1657446 Process name:                  Process memory(MB):16066
Error: cannot run top on container fca65b17c7696be0978c024206dce045576ad0d5017576dab9c64493f5b57e1c as it did not create a cgroup: this container does not have a cgroup
timestamp_ns=1785750009906343664
	DDR Capacity(MB)               : 0
	DDR Usage Rate(%)              : 0
	DDR Hugepages Total(page)      : 0
	DDR Hugepages Usage Rate(%)    : 0
	HBM Capacity(MB)               : 65536
	HBM Usage Rate(%)              : 29
	Aicore Usage Rate(%)           : 81
	Aivector Usage Rate(%)         : 5
	Aicpu Usage Rate(%)            : 0
	Ctrlcpu Usage Rate(%)          : 1
	DDR Bandwidth Usage Rate(%)    : 0
	HBM Bandwidth Usage Rate(%)    : 44
	NPU Utilization(%)             : 86
	Aicube Usage Rate(%)           : 73
	Get pid name failed.
	Process id:1657446 Process name:                  Process memory(MB):16066
Error: cannot run top on container fca65b17c7696be0978c024206dce045576ad0d5017576dab9c64493f5b57e1c as it did not create a cgroup: this container does not have a cgroup
timestamp_ns=1785750012111622191
	DDR Capacity(MB)               : 0
	DDR Usage Rate(%)              : 0
	DDR Hugepages Total(page)      : 0
	DDR Hugepages Usage Rate(%)    : 0
	HBM Capacity(MB)               : 65536
	HBM Usage Rate(%)              : 29
	Aicore Usage Rate(%)           : 42
	Aivector Usage Rate(%)         : 2
	Aicpu Usage Rate(%)            : 0
	Ctrlcpu Usage Rate(%)          : 6
	DDR Bandwidth Usage Rate(%)    : 0
	HBM Bandwidth Usage Rate(%)    : 31
	NPU Utilization(%)             : 89
	Aicube Usage Rate(%)           : 38
	Get pid name failed.
	Process id:1657446 Process name:                  Process memory(MB):16066
Error: cannot run top on container fca65b17c7696be0978c024206dce045576ad0d5017576dab9c64493f5b57e1c as it did not create a cgroup: this container does not have a cgroup
timestamp_ns=1785750014294356479
	DDR Capacity(MB)               : 0
	DDR Usage Rate(%)              : 0
	DDR Hugepages Total(page)      : 0
	DDR Hugepages Usage Rate(%)    : 0
	HBM Capacity(MB)               : 65536
	HBM Usage Rate(%)              : 29
	Aicore Usage Rate(%)           : 79
	Aivector Usage Rate(%)         : 5
	Aicpu Usage Rate(%)            : 0
	Ctrlcpu Usage Rate(%)          : 1
	DDR Bandwidth Usage Rate(%)    : 0
	HBM Bandwidth Usage Rate(%)    : 53
	NPU Utilization(%)             : 82
	Aicube Usage Rate(%)           : 71
	Get pid name failed.
	Process id:1657446 Process name:                  Process memory(MB):16066
Error: cannot run top on container fca65b17c7696be0978c024206dce045576ad0d5017576dab9c64493f5b57e1c as it did not create a cgroup: this container does not have a cgroup
timestamp_ns=1785750016525983221
	DDR Capacity(MB)               : 0
	DDR Usage Rate(%)              : 0
	DDR Hugepages Total(page)      : 0
	DDR Hugepages Usage Rate(%)    : 0
	HBM Capacity(MB)               : 65536
	HBM Usage Rate(%)              : 29
	Aicore Usage Rate(%)           : 78
	Aivector Usage Rate(%)         : 5
	Aicpu Usage Rate(%)            : 0
	Ctrlcpu Usage Rate(%)          : 3
	DDR Bandwidth Usage Rate(%)    : 0
	HBM Bandwidth Usage Rate(%)    : 51
	NPU Utilization(%)             : 86
	Aicube Usage Rate(%)           : 70
	Get pid name failed.
	Process id:1657446 Process name:                  Process memory(MB):16066
Error: cannot run top on container fca65b17c7696be0978c024206dce045576ad0d5017576dab9c64493f5b57e1c as it did not create a cgroup: this container does not have a cgroup
timestamp_ns=1785750018863809604
	DDR Capacity(MB)               : 0
	DDR Usage Rate(%)              : 0
	DDR Hugepages Total(page)      : 0
	DDR Hugepages Usage Rate(%)    : 0
	HBM Capacity(MB)               : 65536
	HBM Usage Rate(%)              : 29
	Aicore Usage Rate(%)           : 79
	Aivector Usage Rate(%)         : 5
	Aicpu Usage Rate(%)            : 0
	Ctrlcpu Usage Rate(%)          : 4
	DDR Bandwidth Usage Rate(%)    : 0
	HBM Bandwidth Usage Rate(%)    : 52
	NPU Utilization(%)             : 93
	Aicube Usage Rate(%)           : 72
	Get pid name failed.
	Process id:1657446 Process name:                  Process memory(MB):16066
Error: cannot run top on container fca65b17c7696be0978c024206dce045576ad0d5017576dab9c64493f5b57e1c as it did not create a cgroup: this container does not have a cgroup
timestamp_ns=1785750021041150580
	DDR Capacity(MB)               : 0
	DDR Usage Rate(%)              : 0
	DDR Hugepages Total(page)      : 0
	DDR Hugepages Usage Rate(%)    : 0
	HBM Capacity(MB)               : 65536
	HBM Usage Rate(%)              : 29
	Aicore Usage Rate(%)           : 78
	Aivector Usage Rate(%)         : 5
	Aicpu Usage Rate(%)            : 0
	Ctrlcpu Usage Rate(%)          : 7
	DDR Bandwidth Usage Rate(%)    : 0
	HBM Bandwidth Usage Rate(%)    : 53
	NPU Utilization(%)             : 93
	Aicube Usage Rate(%)           : 71
	Get pid name failed.
	Process id:1657446 Process name:                  Process memory(MB):16066
Error: cannot run top on container fca65b17c7696be0978c024206dce045576ad0d5017576dab9c64493f5b57e1c as it did not create a cgroup: this container does not have a cgroup
timestamp_ns=1785750023261662091
	DDR Capacity(MB)               : 0
	DDR Usage Rate(%)              : 0
	DDR Hugepages Total(page)      : 0
	DDR Hugepages Usage Rate(%)    : 0
	HBM Capacity(MB)               : 65536
	HBM Usage Rate(%)              : 29
	Aicore Usage Rate(%)           : 82
	Aivector Usage Rate(%)         : 5
	Aicpu Usage Rate(%)            : 0
	Ctrlcpu Usage Rate(%)          : 4
	DDR Bandwidth Usage Rate(%)    : 0
	HBM Bandwidth Usage Rate(%)    : 53
	NPU Utilization(%)             : 89
	Aicube Usage Rate(%)           : 74
	Get pid name failed.
	Process id:1657446 Process name:                  Process memory(MB):16066
Error: cannot run top on container fca65b17c7696be0978c024206dce045576ad0d5017576dab9c64493f5b57e1c as it did not create a cgroup: this container does not have a cgroup
timestamp_ns=1785750025459139034
	DDR Capacity(MB)               : 0
	DDR Usage Rate(%)              : 0
	DDR Hugepages Total(page)      : 0
	DDR Hugepages Usage Rate(%)    : 0
	HBM Capacity(MB)               : 65536
	HBM Usage Rate(%)              : 29
	Aicore Usage Rate(%)           : 80
	Aivector Usage Rate(%)         : 5
	Aicpu Usage Rate(%)            : 0
	Ctrlcpu Usage Rate(%)          : 3
	DDR Bandwidth Usage Rate(%)    : 0
	HBM Bandwidth Usage Rate(%)    : 53
	NPU Utilization(%)             : 86
	Aicube Usage Rate(%)           : 73
	Get pid name failed.
	Process id:1657446 Process name:                  Process memory(MB):16066
Error: cannot run top on container fca65b17c7696be0978c024206dce045576ad0d5017576dab9c64493f5b57e1c as it did not create a cgroup: this container does not have a cgroup
timestamp_ns=1785750027731978095
	DDR Capacity(MB)               : 0
	DDR Usage Rate(%)              : 0
	DDR Hugepages Total(page)      : 0
	DDR Hugepages Usage Rate(%)    : 0
	HBM Capacity(MB)               : 65536
	HBM Usage Rate(%)              : 29
	Aicore Usage Rate(%)           : 80
	Aivector Usage Rate(%)         : 5
	Aicpu Usage Rate(%)            : 0
	Ctrlcpu Usage Rate(%)          : 6
	DDR Bandwidth Usage Rate(%)    : 0
	HBM Bandwidth Usage Rate(%)    : 52
	NPU Utilization(%)             : 96
	Aicube Usage Rate(%)           : 72
	Get pid name failed.
	Process id:1657446 Process name:                  Process memory(MB):16066
Error: cannot run top on container fca65b17c7696be0978c024206dce045576ad0d5017576dab9c64493f5b57e1c as it did not create a cgroup: this container does not have a cgroup
timestamp_ns=1785750029890481367
	DDR Capacity(MB)               : 0
	DDR Usage Rate(%)              : 0
	DDR Hugepages Total(page)      : 0
	DDR Hugepages Usage Rate(%)    : 0
	HBM Capacity(MB)               : 65536
	HBM Usage Rate(%)              : 29
	Aicore Usage Rate(%)           : 79
	Aivector Usage Rate(%)         : 5
	Aicpu Usage Rate(%)            : 0
	Ctrlcpu Usage Rate(%)          : 2
	DDR Bandwidth Usage Rate(%)    : 0
	HBM Bandwidth Usage Rate(%)    : 53
	NPU Utilization(%)             : 100
	Aicube Usage Rate(%)           : 71
	Get pid name failed.
	Process id:1657446 Process name:                  Process memory(MB):16066
Error: cannot run top on container fca65b17c7696be0978c024206dce045576ad0d5017576dab9c64493f5b57e1c as it did not create a cgroup: this container does not have a cgroup
timestamp_ns=1785750032062698032
	DDR Capacity(MB)               : 0
	DDR Usage Rate(%)              : 0
	DDR Hugepages Total(page)      : 0
	DDR Hugepages Usage Rate(%)    : 0
	HBM Capacity(MB)               : 65536
	HBM Usage Rate(%)              : 29
	Aicore Usage Rate(%)           : 78
	Aivector Usage Rate(%)         : 5
	Aicpu Usage Rate(%)            : 0
	Ctrlcpu Usage Rate(%)          : 5
	DDR Bandwidth Usage Rate(%)    : 0
	HBM Bandwidth Usage Rate(%)    : 53
	NPU Utilization(%)             : 89
	Aicube Usage Rate(%)           : 71
	Get pid name failed.
	Process id:1657446 Process name:                  Process memory(MB):16066
Error: cannot run top on container fca65b17c7696be0978c024206dce045576ad0d5017576dab9c64493f5b57e1c as it did not create a cgroup: this container does not have a cgroup
timestamp_ns=1785750034211599974
	DDR Capacity(MB)               : 0
	DDR Usage Rate(%)              : 0
	DDR Hugepages Total(page)      : 0
	DDR Hugepages Usage Rate(%)    : 0
	HBM Capacity(MB)               : 65536
	HBM Usage Rate(%)              : 29
	Aicore Usage Rate(%)           : 77
	Aivector Usage Rate(%)         : 5
	Aicpu Usage Rate(%)            : 0
	Ctrlcpu Usage Rate(%)          : 5
	DDR Bandwidth Usage Rate(%)    : 0
	HBM Bandwidth Usage Rate(%)    : 0
	NPU Utilization(%)             : 93
	Aicube Usage Rate(%)           : 70
	Get pid name failed.
	Process id:1657446 Process name:                  Process memory(MB):16066
Error: cannot run top on container fca65b17c7696be0978c024206dce045576ad0d5017576dab9c64493f5b57e1c as it did not create a cgroup: this container does not have a cgroup
timestamp_ns=1785750036352384805
	DDR Capacity(MB)               : 0
	DDR Usage Rate(%)              : 0
	DDR Hugepages Total(page)      : 0
	DDR Hugepages Usage Rate(%)    : 0
	HBM Capacity(MB)               : 65536
	HBM Usage Rate(%)              : 29
	Aicore Usage Rate(%)           : 80
	Aivector Usage Rate(%)         : 5
	Aicpu Usage Rate(%)            : 0
	Ctrlcpu Usage Rate(%)          : 3
	DDR Bandwidth Usage Rate(%)    : 0
	HBM Bandwidth Usage Rate(%)    : 53
	NPU Utilization(%)             : 89
	Aicube Usage Rate(%)           : 72
	Get pid name failed.
	Process id:1657446 Process name:                  Process memory(MB):16066
Error: cannot run top on container fca65b17c7696be0978c024206dce045576ad0d5017576dab9c64493f5b57e1c as it did not create a cgroup: this container does not have a cgroup
timestamp_ns=1785750038498631772
	DDR Capacity(MB)               : 0
	DDR Usage Rate(%)              : 0
	DDR Hugepages Total(page)      : 0
	DDR Hugepages Usage Rate(%)    : 0
	HBM Capacity(MB)               : 65536
	HBM Usage Rate(%)              : 29
	Aicore Usage Rate(%)           : 78
	Aivector Usage Rate(%)         : 5
	Aicpu Usage Rate(%)            : 0
	Ctrlcpu Usage Rate(%)          : 2
	DDR Bandwidth Usage Rate(%)    : 0
	HBM Bandwidth Usage Rate(%)    : 54
	NPU Utilization(%)             : 89
	Aicube Usage Rate(%)           : 71
	Get pid name failed.
	Process id:1657446 Process name:                  Process memory(MB):16066
Error: cannot run top on container fca65b17c7696be0978c024206dce045576ad0d5017576dab9c64493f5b57e1c as it did not create a cgroup: this container does not have a cgroup
timestamp_ns=1785750040654790820
	DDR Capacity(MB)               : 0
	DDR Usage Rate(%)              : 0
	DDR Hugepages Total(page)      : 0
	DDR Hugepages Usage Rate(%)    : 0
	HBM Capacity(MB)               : 65536
	HBM Usage Rate(%)              : 29
	Aicore Usage Rate(%)           : 80
	Aivector Usage Rate(%)         : 5
	Aicpu Usage Rate(%)            : 0
	Ctrlcpu Usage Rate(%)          : 1
	DDR Bandwidth Usage Rate(%)    : 0
	HBM Bandwidth Usage Rate(%)    : 54
	NPU Utilization(%)             : 89
	Aicube Usage Rate(%)           : 72
	Get pid name failed.
	Process id:1657446 Process name:                  Process memory(MB):16066
Error: cannot run top on container fca65b17c7696be0978c024206dce045576ad0d5017576dab9c64493f5b57e1c as it did not create a cgroup: this container does not have a cgroup
timestamp_ns=1785750042795888825
	DDR Capacity(MB)               : 0
	DDR Usage Rate(%)              : 0
	DDR Hugepages Total(page)      : 0
	DDR Hugepages Usage Rate(%)    : 0
	HBM Capacity(MB)               : 65536
	HBM Usage Rate(%)              : 29
	Aicore Usage Rate(%)           : 80
	Aivector Usage Rate(%)         : 5
	Aicpu Usage Rate(%)            : 0
	Ctrlcpu Usage Rate(%)          : 12
	DDR Bandwidth Usage Rate(%)    : 0
	HBM Bandwidth Usage Rate(%)    : 53
	NPU Utilization(%)             : 86
	Aicube Usage Rate(%)           : 73
	Get pid name failed.
	Process id:1657446 Process name:                  Process memory(MB):16066
Error: cannot run top on container fca65b17c7696be0978c024206dce045576ad0d5017576dab9c64493f5b57e1c as it did not create a cgroup: this container does not have a cgroup
timestamp_ns=1785750044945116467
	DDR Capacity(MB)               : 0
	DDR Usage Rate(%)              : 0
	DDR Hugepages Total(page)      : 0
	DDR Hugepages Usage Rate(%)    : 0
	HBM Capacity(MB)               : 65536
	HBM Usage Rate(%)              : 29
	Aicore Usage Rate(%)           : 78
	Aivector Usage Rate(%)         : 5
	Aicpu Usage Rate(%)            : 0
	Ctrlcpu Usage Rate(%)          : 5
	DDR Bandwidth Usage Rate(%)    : 0
	HBM Bandwidth Usage Rate(%)    : 53
	NPU Utilization(%)             : 96
	Aicube Usage Rate(%)           : 71
	Get pid name failed.
	Process id:1657446 Process name:                  Process memory(MB):16066
Error: cannot run top on container fca65b17c7696be0978c024206dce045576ad0d5017576dab9c64493f5b57e1c as it did not create a cgroup: this container does not have a cgroup
timestamp_ns=1785750047134538634
	DDR Capacity(MB)               : 0
	DDR Usage Rate(%)              : 0
	DDR Hugepages Total(page)      : 0
	DDR Hugepages Usage Rate(%)    : 0
	HBM Capacity(MB)               : 65536
	HBM Usage Rate(%)              : 29
	Aicore Usage Rate(%)           : 78
	Aivector Usage Rate(%)         : 5
	Aicpu Usage Rate(%)            : 0
	Ctrlcpu Usage Rate(%)          : 6
	DDR Bandwidth Usage Rate(%)    : 0
	HBM Bandwidth Usage Rate(%)    : 52
	NPU Utilization(%)             : 96
	Aicube Usage Rate(%)           : 71
	Get pid name failed.
	Process id:1657446 Process name:                  Process memory(MB):16066
Error: cannot run top on container fca65b17c7696be0978c024206dce045576ad0d5017576dab9c64493f5b57e1c as it did not create a cgroup: this container does not have a cgroup
timestamp_ns=1785750049297019303
	DDR Capacity(MB)               : 0
	DDR Usage Rate(%)              : 0
	DDR Hugepages Total(page)      : 0
	DDR Hugepages Usage Rate(%)    : 0
	HBM Capacity(MB)               : 65536
	HBM Usage Rate(%)              : 29
	Aicore Usage Rate(%)           : 80
	Aivector Usage Rate(%)         : 5
	Aicpu Usage Rate(%)            : 0
	Ctrlcpu Usage Rate(%)          : 4
	DDR Bandwidth Usage Rate(%)    : 0
	HBM Bandwidth Usage Rate(%)    : 52
	NPU Utilization(%)             : 93
	Aicube Usage Rate(%)           : 71
	Get pid name failed.
	Process id:1657446 Process name:                  Process memory(MB):16066
Error: cannot run top on container fca65b17c7696be0978c024206dce045576ad0d5017576dab9c64493f5b57e1c as it did not create a cgroup: this container does not have a cgroup
timestamp_ns=1785750051437326403
	DDR Capacity(MB)               : 0
	DDR Usage Rate(%)              : 0
	DDR Hugepages Total(page)      : 0
	DDR Hugepages Usage Rate(%)    : 0
	HBM Capacity(MB)               : 65536
	HBM Usage Rate(%)              : 29
	Aicore Usage Rate(%)           : 78
	Aivector Usage Rate(%)         : 5
	Aicpu Usage Rate(%)            : 0
	Ctrlcpu Usage Rate(%)          : 1
	DDR Bandwidth Usage Rate(%)    : 0
	HBM Bandwidth Usage Rate(%)    : 52
	NPU Utilization(%)             : 100
	Aicube Usage Rate(%)           : 71
	Get pid name failed.
	Process id:1657446 Process name:                  Process memory(MB):16066
Error: cannot run top on container fca65b17c7696be0978c024206dce045576ad0d5017576dab9c64493f5b57e1c as it did not create a cgroup: this container does not have a cgroup
timestamp_ns=1785750053590374908
	DDR Capacity(MB)               : 0
	DDR Usage Rate(%)              : 0
	DDR Hugepages Total(page)      : 0
	DDR Hugepages Usage Rate(%)    : 0
	HBM Capacity(MB)               : 65536
	HBM Usage Rate(%)              : 29
	Aicore Usage Rate(%)           : 80
	Aivector Usage Rate(%)         : 5
	Aicpu Usage Rate(%)            : 0
	Ctrlcpu Usage Rate(%)          : 1
	DDR Bandwidth Usage Rate(%)    : 0
	HBM Bandwidth Usage Rate(%)    : 53
	NPU Utilization(%)             : 93
	Aicube Usage Rate(%)           : 71
	Get pid name failed.
	Process id:1657446 Process name:                  Process memory(MB):16066
Error: cannot run top on container fca65b17c7696be0978c024206dce045576ad0d5017576dab9c64493f5b57e1c as it did not create a cgroup: this container does not have a cgroup
timestamp_ns=1785750055768839928
	DDR Capacity(MB)               : 0
	DDR Usage Rate(%)              : 0
	DDR Hugepages Total(page)      : 0
	DDR Hugepages Usage Rate(%)    : 0
	HBM Capacity(MB)               : 65536
	HBM Usage Rate(%)              : 29
	Aicore Usage Rate(%)           : 77
	Aivector Usage Rate(%)         : 5
	Aicpu Usage Rate(%)            : 0
	Ctrlcpu Usage Rate(%)          : 2
	DDR Bandwidth Usage Rate(%)    : 0
	HBM Bandwidth Usage Rate(%)    : 53
	NPU Utilization(%)             : 86
	Aicube Usage Rate(%)           : 70
	Get pid name failed.
	Process id:1657446 Process name:                  Process memory(MB):16066
Error: cannot run top on container fca65b17c7696be0978c024206dce045576ad0d5017576dab9c64493f5b57e1c as it did not create a cgroup: this container does not have a cgroup
timestamp_ns=1785750057916612949
	DDR Capacity(MB)               : 0
	DDR Usage Rate(%)              : 0
	DDR Hugepages Total(page)      : 0
	DDR Hugepages Usage Rate(%)    : 0
	HBM Capacity(MB)               : 65536
	HBM Usage Rate(%)              : 29
	Aicore Usage Rate(%)           : 80
	Aivector Usage Rate(%)         : 5
	Aicpu Usage Rate(%)            : 0
	Ctrlcpu Usage Rate(%)          : 3
	DDR Bandwidth Usage Rate(%)    : 0
	HBM Bandwidth Usage Rate(%)    : 53
	NPU Utilization(%)             : 93
	Aicube Usage Rate(%)           : 72
	Get pid name failed.
	Process id:1657446 Process name:                  Process memory(MB):16066
Error: cannot run top on container fca65b17c7696be0978c024206dce045576ad0d5017576dab9c64493f5b57e1c as it did not create a cgroup: this container does not have a cgroup
timestamp_ns=1785750060080211542
	DDR Capacity(MB)               : 0
	DDR Usage Rate(%)              : 0
	DDR Hugepages Total(page)      : 0
	DDR Hugepages Usage Rate(%)    : 0
	HBM Capacity(MB)               : 65536
	HBM Usage Rate(%)              : 29
	Aicore Usage Rate(%)           : 78
	Aivector Usage Rate(%)         : 5
	Aicpu Usage Rate(%)            : 0
	Ctrlcpu Usage Rate(%)          : 0
	DDR Bandwidth Usage Rate(%)    : 0
	HBM Bandwidth Usage Rate(%)    : 18
	NPU Utilization(%)             : 96
	Aicube Usage Rate(%)           : 71
	Get pid name failed.
	Process id:1657446 Process name:                  Process memory(MB):16066
Error: cannot run top on container fca65b17c7696be0978c024206dce045576ad0d5017576dab9c64493f5b57e1c as it did not create a cgroup: this container does not have a cgroup
timestamp_ns=1785750062242659337
	DDR Capacity(MB)               : 0
	DDR Usage Rate(%)              : 0
	DDR Hugepages Total(page)      : 0
	DDR Hugepages Usage Rate(%)    : 0
	HBM Capacity(MB)               : 65536
	HBM Usage Rate(%)              : 29
	Aicore Usage Rate(%)           : 82
	Aivector Usage Rate(%)         : 5
	Aicpu Usage Rate(%)            : 0
	Ctrlcpu Usage Rate(%)          : 9
	DDR Bandwidth Usage Rate(%)    : 0
	HBM Bandwidth Usage Rate(%)    : 53
	NPU Utilization(%)             : 89
	Aicube Usage Rate(%)           : 73
	Get pid name failed.
	Process id:1657446 Process name:                  Process memory(MB):16066
Error: cannot run top on container fca65b17c7696be0978c024206dce045576ad0d5017576dab9c64493f5b57e1c as it did not create a cgroup: this container does not have a cgroup
timestamp_ns=1785750064383237261
	DDR Capacity(MB)               : 0
	DDR Usage Rate(%)              : 0
	DDR Hugepages Total(page)      : 0
	DDR Hugepages Usage Rate(%)    : 0
	HBM Capacity(MB)               : 65536
	HBM Usage Rate(%)              : 29
	Aicore Usage Rate(%)           : 78
	Aivector Usage Rate(%)         : 5
	Aicpu Usage Rate(%)            : 0
	Ctrlcpu Usage Rate(%)          : 3
	DDR Bandwidth Usage Rate(%)    : 0
	HBM Bandwidth Usage Rate(%)    : 54
	NPU Utilization(%)             : 89
	Aicube Usage Rate(%)           : 71
	Get pid name failed.
	Process id:1657446 Process name:                  Process memory(MB):16066
Error: cannot run top on container fca65b17c7696be0978c024206dce045576ad0d5017576dab9c64493f5b57e1c as it did not create a cgroup: this container does not have a cgroup
timestamp_ns=1785750066527806224
	DDR Capacity(MB)               : 0
	DDR Usage Rate(%)              : 0
	DDR Hugepages Total(page)      : 0
	DDR Hugepages Usage Rate(%)    : 0
	HBM Capacity(MB)               : 65536
	HBM Usage Rate(%)              : 29
	Aicore Usage Rate(%)           : 81
	Aivector Usage Rate(%)         : 5
	Aicpu Usage Rate(%)            : 0
	Ctrlcpu Usage Rate(%)          : 2
	DDR Bandwidth Usage Rate(%)    : 0
	HBM Bandwidth Usage Rate(%)    : 53
	NPU Utilization(%)             : 89
	Aicube Usage Rate(%)           : 72
	Get pid name failed.
	Process id:1657446 Process name:                  Process memory(MB):16066
Error: cannot run top on container fca65b17c7696be0978c024206dce045576ad0d5017576dab9c64493f5b57e1c as it did not create a cgroup: this container does not have a cgroup
timestamp_ns=1785750068682562373
	DDR Capacity(MB)               : 0
	DDR Usage Rate(%)              : 0
	DDR Hugepages Total(page)      : 0
	DDR Hugepages Usage Rate(%)    : 0
	HBM Capacity(MB)               : 65536
	HBM Usage Rate(%)              : 29
	Aicore Usage Rate(%)           : 78
	Aivector Usage Rate(%)         : 5
	Aicpu Usage Rate(%)            : 0
	Ctrlcpu Usage Rate(%)          : 6
	DDR Bandwidth Usage Rate(%)    : 0
	HBM Bandwidth Usage Rate(%)    : 54
	NPU Utilization(%)             : 93
	Aicube Usage Rate(%)           : 71
	Get pid name failed.
	Process id:1657446 Process name:                  Process memory(MB):16066
Error: cannot run top on container fca65b17c7696be0978c024206dce045576ad0d5017576dab9c64493f5b57e1c as it did not create a cgroup: this container does not have a cgroup
timestamp_ns=1785750070855042331
	DDR Capacity(MB)               : 0
	DDR Usage Rate(%)              : 0
	DDR Hugepages Total(page)      : 0
	DDR Hugepages Usage Rate(%)    : 0
	HBM Capacity(MB)               : 65536
	HBM Usage Rate(%)              : 29
	Aicore Usage Rate(%)           : 80
	Aivector Usage Rate(%)         : 5
	Aicpu Usage Rate(%)            : 0
	Ctrlcpu Usage Rate(%)          : 2
	DDR Bandwidth Usage Rate(%)    : 0
	HBM Bandwidth Usage Rate(%)    : 54
	NPU Utilization(%)             : 93
	Aicube Usage Rate(%)           : 71
	Get pid name failed.
	Process id:1657446 Process name:                  Process memory(MB):16066
Error: cannot run top on container fca65b17c7696be0978c024206dce045576ad0d5017576dab9c64493f5b57e1c as it did not create a cgroup: this container does not have a cgroup
timestamp_ns=1785750072998795859
	DDR Capacity(MB)               : 0
	DDR Usage Rate(%)              : 0
	DDR Hugepages Total(page)      : 0
	DDR Hugepages Usage Rate(%)    : 0
	HBM Capacity(MB)               : 65536
	HBM Usage Rate(%)              : 29
	Aicore Usage Rate(%)           : 78
	Aivector Usage Rate(%)         : 5
	Aicpu Usage Rate(%)            : 0
	Ctrlcpu Usage Rate(%)          : 3
	DDR Bandwidth Usage Rate(%)    : 0
	HBM Bandwidth Usage Rate(%)    : 53
	NPU Utilization(%)             : 89
	Aicube Usage Rate(%)           : 71
	Get pid name failed.
	Process id:1657446 Process name:                  Process memory(MB):16066
Error: cannot run top on container fca65b17c7696be0978c024206dce045576ad0d5017576dab9c64493f5b57e1c as it did not create a cgroup: this container does not have a cgroup
timestamp_ns=1785750075154372914
	DDR Capacity(MB)               : 0
	DDR Usage Rate(%)              : 0
	DDR Hugepages Total(page)      : 0
	DDR Hugepages Usage Rate(%)    : 0
	HBM Capacity(MB)               : 65536
	HBM Usage Rate(%)              : 29
	Aicore Usage Rate(%)           : 82
	Aivector Usage Rate(%)         : 5
	Aicpu Usage Rate(%)            : 0
	Ctrlcpu Usage Rate(%)          : 3
	DDR Bandwidth Usage Rate(%)    : 0
	HBM Bandwidth Usage Rate(%)    : 53
	NPU Utilization(%)             : 89
	Aicube Usage Rate(%)           : 73
	Get pid name failed.
	Process id:1657446 Process name:                  Process memory(MB):16066
Error: cannot run top on container fca65b17c7696be0978c024206dce045576ad0d5017576dab9c64493f5b57e1c as it did not create a cgroup: this container does not have a cgroup
timestamp_ns=1785750077300308140
	DDR Capacity(MB)               : 0
	DDR Usage Rate(%)              : 0
	DDR Hugepages Total(page)      : 0
	DDR Hugepages Usage Rate(%)    : 0
	HBM Capacity(MB)               : 65536
	HBM Usage Rate(%)              : 29
	Aicore Usage Rate(%)           : 79
	Aivector Usage Rate(%)         : 5
	Aicpu Usage Rate(%)            : 0
	Ctrlcpu Usage Rate(%)          : 2
	DDR Bandwidth Usage Rate(%)    : 0
	HBM Bandwidth Usage Rate(%)    : 54
	NPU Utilization(%)             : 89
	Aicube Usage Rate(%)           : 72
	Get pid name failed.
	Process id:1657446 Process name:                  Process memory(MB):16066
Error: cannot run top on container fca65b17c7696be0978c024206dce045576ad0d5017576dab9c64493f5b57e1c as it did not create a cgroup: this container does not have a cgroup
timestamp_ns=1785750079463675940
	DDR Capacity(MB)               : 0
	DDR Usage Rate(%)              : 0
	DDR Hugepages Total(page)      : 0
	DDR Hugepages Usage Rate(%)    : 0
	HBM Capacity(MB)               : 65536
	HBM Usage Rate(%)              : 29
	Aicore Usage Rate(%)           : 83
	Aivector Usage Rate(%)         : 5
	Aicpu Usage Rate(%)            : 0
	Ctrlcpu Usage Rate(%)          : 4
	DDR Bandwidth Usage Rate(%)    : 0
	HBM Bandwidth Usage Rate(%)    : 52
	NPU Utilization(%)             : 89
	Aicube Usage Rate(%)           : 74
	Get pid name failed.
	Process id:1657446 Process name:                  Process memory(MB):16066
Error: cannot run top on container fca65b17c7696be0978c024206dce045576ad0d5017576dab9c64493f5b57e1c as it did not create a cgroup: this container does not have a cgroup
timestamp_ns=1785750081636864988
	DDR Capacity(MB)               : 0
	DDR Usage Rate(%)              : 0
	DDR Hugepages Total(page)      : 0
	DDR Hugepages Usage Rate(%)    : 0
	HBM Capacity(MB)               : 65536
	HBM Usage Rate(%)              : 29
	Aicore Usage Rate(%)           : 80
	Aivector Usage Rate(%)         : 5
	Aicpu Usage Rate(%)            : 0
	Ctrlcpu Usage Rate(%)          : 2
	DDR Bandwidth Usage Rate(%)    : 0
	HBM Bandwidth Usage Rate(%)    : 52
	NPU Utilization(%)             : 100
	Aicube Usage Rate(%)           : 73
	Get pid name failed.
	Process id:1657446 Process name:                  Process memory(MB):16066
Error: cannot run top on container fca65b17c7696be0978c024206dce045576ad0d5017576dab9c64493f5b57e1c as it did not create a cgroup: this container does not have a cgroup
timestamp_ns=1785750083766520619
	DDR Capacity(MB)               : 0
	DDR Usage Rate(%)              : 0
	DDR Hugepages Total(page)      : 0
	DDR Hugepages Usage Rate(%)    : 0
	HBM Capacity(MB)               : 65536
	HBM Usage Rate(%)              : 29
	Aicore Usage Rate(%)           : 31
	Aivector Usage Rate(%)         : 2
	Aicpu Usage Rate(%)            : 0
	Ctrlcpu Usage Rate(%)          : 2
	DDR Bandwidth Usage Rate(%)    : 0
	HBM Bandwidth Usage Rate(%)    : 54
	NPU Utilization(%)             : 82
	Aicube Usage Rate(%)           : 28
	Get pid name failed.
	Process id:1657446 Process name:                  Process memory(MB):16066
Error: cannot run top on container fca65b17c7696be0978c024206dce045576ad0d5017576dab9c64493f5b57e1c as it did not create a cgroup: this container does not have a cgroup
timestamp_ns=1785750085916395726
	DDR Capacity(MB)               : 0
	DDR Usage Rate(%)              : 0
	DDR Hugepages Total(page)      : 0
	DDR Hugepages Usage Rate(%)    : 0
	HBM Capacity(MB)               : 65536
	HBM Usage Rate(%)              : 29
	Aicore Usage Rate(%)           : 77
	Aivector Usage Rate(%)         : 5
	Aicpu Usage Rate(%)            : 0
	Ctrlcpu Usage Rate(%)          : 2
	DDR Bandwidth Usage Rate(%)    : 0
	HBM Bandwidth Usage Rate(%)    : 53
	NPU Utilization(%)             : 93
	Aicube Usage Rate(%)           : 70
	Get pid name failed.
	Process id:1657446 Process name:                  Process memory(MB):16066
Error: cannot run top on container fca65b17c7696be0978c024206dce045576ad0d5017576dab9c64493f5b57e1c as it did not create a cgroup: this container does not have a cgroup
timestamp_ns=1785750088106923652
	DDR Capacity(MB)               : 0
	DDR Usage Rate(%)              : 0
	DDR Hugepages Total(page)      : 0
	DDR Hugepages Usage Rate(%)    : 0
	HBM Capacity(MB)               : 65536
	HBM Usage Rate(%)              : 29
	Aicore Usage Rate(%)           : 8
	Aivector Usage Rate(%)         : 0
	Aicpu Usage Rate(%)            : 0
	Ctrlcpu Usage Rate(%)          : 9
	DDR Bandwidth Usage Rate(%)    : 0
	HBM Bandwidth Usage Rate(%)    : 53
	NPU Utilization(%)             : 75
	Aicube Usage Rate(%)           : 7
	Get pid name failed.
	Process id:1657446 Process name:                  Process memory(MB):16066
Error: cannot run top on container fca65b17c7696be0978c024206dce045576ad0d5017576dab9c64493f5b57e1c as it did not create a cgroup: this container does not have a cgroup
timestamp_ns=1785750090264341078
	DDR Capacity(MB)               : 0
	DDR Usage Rate(%)              : 0
	DDR Hugepages Total(page)      : 0
	DDR Hugepages Usage Rate(%)    : 0
	HBM Capacity(MB)               : 65536
	HBM Usage Rate(%)              : 29
	Aicore Usage Rate(%)           : 78
	Aivector Usage Rate(%)         : 5
	Aicpu Usage Rate(%)            : 0
	Ctrlcpu Usage Rate(%)          : 1
	DDR Bandwidth Usage Rate(%)    : 0
	HBM Bandwidth Usage Rate(%)    : 53
	NPU Utilization(%)             : 93
	Aicube Usage Rate(%)           : 71
	Get pid name failed.
	Process id:1657446 Process name:                  Process memory(MB):16066
Error: cannot run top on container fca65b17c7696be0978c024206dce045576ad0d5017576dab9c64493f5b57e1c as it did not create a cgroup: this container does not have a cgroup
timestamp_ns=1785750092436036837
	DDR Capacity(MB)               : 0
	DDR Usage Rate(%)              : 0
	DDR Hugepages Total(page)      : 0
	DDR Hugepages Usage Rate(%)    : 0
	HBM Capacity(MB)               : 65536
	HBM Usage Rate(%)              : 29
	Aicore Usage Rate(%)           : 66
	Aivector Usage Rate(%)         : 6
	Aicpu Usage Rate(%)            : 0
	Ctrlcpu Usage Rate(%)          : 5
	DDR Bandwidth Usage Rate(%)    : 0
	HBM Bandwidth Usage Rate(%)    : 8
	NPU Utilization(%)             : 66
	Aicube Usage Rate(%)           : 58
	Get pid name failed.
	Process id:1657446 Process name:                  Process memory(MB):16066
Error: cannot run top on container fca65b17c7696be0978c024206dce045576ad0d5017576dab9c64493f5b57e1c as it did not create a cgroup: this container does not have a cgroup
timestamp_ns=1785750094582921713
	DDR Capacity(MB)               : 0
	DDR Usage Rate(%)              : 0
	DDR Hugepages Total(page)      : 0
	DDR Hugepages Usage Rate(%)    : 0
	HBM Capacity(MB)               : 65536
	HBM Usage Rate(%)              : 29
	Aicore Usage Rate(%)           : 80
	Aivector Usage Rate(%)         : 5
	Aicpu Usage Rate(%)            : 0
	Ctrlcpu Usage Rate(%)          : 1
	DDR Bandwidth Usage Rate(%)    : 0
	HBM Bandwidth Usage Rate(%)    : 53
	NPU Utilization(%)             : 86
	Aicube Usage Rate(%)           : 73
	Get pid name failed.
	Process id:1657446 Process name:                  Process memory(MB):16066
Error: cannot run top on container fca65b17c7696be0978c024206dce045576ad0d5017576dab9c64493f5b57e1c as it did not create a cgroup: this container does not have a cgroup
timestamp_ns=1785750096743805017
	DDR Capacity(MB)               : 0
	DDR Usage Rate(%)              : 0
	DDR Hugepages Total(page)      : 0
	DDR Hugepages Usage Rate(%)    : 0
	HBM Capacity(MB)               : 65536
	HBM Usage Rate(%)              : 29
	Aicore Usage Rate(%)           : 78
	Aivector Usage Rate(%)         : 5
	Aicpu Usage Rate(%)            : 0
	Ctrlcpu Usage Rate(%)          : 2
	DDR Bandwidth Usage Rate(%)    : 0
	HBM Bandwidth Usage Rate(%)    : 53
	NPU Utilization(%)             : 96
	Aicube Usage Rate(%)           : 71
	Get pid name failed.
	Process id:1657446 Process name:                  Process memory(MB):16066
Error: cannot run top on container fca65b17c7696be0978c024206dce045576ad0d5017576dab9c64493f5b57e1c as it did not create a cgroup: this container does not have a cgroup
timestamp_ns=1785750098900212011
	DDR Capacity(MB)               : 0
	DDR Usage Rate(%)              : 0
	DDR Hugepages Total(page)      : 0
	DDR Hugepages Usage Rate(%)    : 0
	HBM Capacity(MB)               : 65536
	HBM Usage Rate(%)              : 29
	Aicore Usage Rate(%)           : 79
	Aivector Usage Rate(%)         : 5
	Aicpu Usage Rate(%)            : 0
	Ctrlcpu Usage Rate(%)          : 0
	DDR Bandwidth Usage Rate(%)    : 0
	HBM Bandwidth Usage Rate(%)    : 53
	NPU Utilization(%)             : 89
	Aicube Usage Rate(%)           : 72
	Get pid name failed.
	Process id:1657446 Process name:                  Process memory(MB):16066
Error: cannot run top on container fca65b17c7696be0978c024206dce045576ad0d5017576dab9c64493f5b57e1c as it did not create a cgroup: this container does not have a cgroup
timestamp_ns=1785750101045113173
	DDR Capacity(MB)               : 0
	DDR Usage Rate(%)              : 0
	DDR Hugepages Total(page)      : 0
	DDR Hugepages Usage Rate(%)    : 0
	HBM Capacity(MB)               : 65536
	HBM Usage Rate(%)              : 29
	Aicore Usage Rate(%)           : 79
	Aivector Usage Rate(%)         : 6
	Aicpu Usage Rate(%)            : 0
	Ctrlcpu Usage Rate(%)          : 1
	DDR Bandwidth Usage Rate(%)    : 0
	HBM Bandwidth Usage Rate(%)    : 53
	NPU Utilization(%)             : 100
	Aicube Usage Rate(%)           : 71
	Get pid name failed.
	Process id:1657446 Process name:                  Process memory(MB):16066
Error: cannot run top on container fca65b17c7696be0978c024206dce045576ad0d5017576dab9c64493f5b57e1c as it did not create a cgroup: this container does not have a cgroup
timestamp_ns=1785750103200043307
	DDR Capacity(MB)               : 0
	DDR Usage Rate(%)              : 0
	DDR Hugepages Total(page)      : 0
	DDR Hugepages Usage Rate(%)    : 0
	HBM Capacity(MB)               : 65536
	HBM Usage Rate(%)              : 29
	Aicore Usage Rate(%)           : 100
	Aivector Usage Rate(%)         : 24
	Aicpu Usage Rate(%)            : 0
	Ctrlcpu Usage Rate(%)          : 3
	DDR Bandwidth Usage Rate(%)    : 0
	HBM Bandwidth Usage Rate(%)    : 53
	NPU Utilization(%)             : 100
	Aicube Usage Rate(%)           : 86
	Get pid name failed.
	Process id:1657446 Process name:                  Process memory(MB):16066
Error: cannot run top on container fca65b17c7696be0978c024206dce045576ad0d5017576dab9c64493f5b57e1c as it did not create a cgroup: this container does not have a cgroup
timestamp_ns=1785750105366082665
	DDR Capacity(MB)               : 0
	DDR Usage Rate(%)              : 0
	DDR Hugepages Total(page)      : 0
	DDR Hugepages Usage Rate(%)    : 0
	HBM Capacity(MB)               : 65536
	HBM Usage Rate(%)              : 29
	Aicore Usage Rate(%)           : 79
	Aivector Usage Rate(%)         : 5
	Aicpu Usage Rate(%)            : 0
	Ctrlcpu Usage Rate(%)          : 3
	DDR Bandwidth Usage Rate(%)    : 0
	HBM Bandwidth Usage Rate(%)    : 54
	NPU Utilization(%)             : 82
	Aicube Usage Rate(%)           : 72
	Get pid name failed.
	Process id:1657446 Process name:                  Process memory(MB):16066
Error: cannot run top on container fca65b17c7696be0978c024206dce045576ad0d5017576dab9c64493f5b57e1c as it did not create a cgroup: this container does not have a cgroup
timestamp_ns=1785750107512953428
	DDR Capacity(MB)               : 0
	DDR Usage Rate(%)              : 0
	DDR Hugepages Total(page)      : 0
	DDR Hugepages Usage Rate(%)    : 0
	HBM Capacity(MB)               : 65536
	HBM Usage Rate(%)              : 29
	Aicore Usage Rate(%)           : 0
	Aivector Usage Rate(%)         : 0
	Aicpu Usage Rate(%)            : 0
	Ctrlcpu Usage Rate(%)          : 4
	DDR Bandwidth Usage Rate(%)    : 0
	HBM Bandwidth Usage Rate(%)    : 53
	NPU Utilization(%)             : 3
	Aicube Usage Rate(%)           : 0
	Get pid name failed.
	Process id:1657446 Process name:                  Process memory(MB):16066
Error: cannot run top on container fca65b17c7696be0978c024206dce045576ad0d5017576dab9c64493f5b57e1c as it did not create a cgroup: this container does not have a cgroup
timestamp_ns=1785750109683937557
	DDR Capacity(MB)               : 0
	DDR Usage Rate(%)              : 0
	DDR Hugepages Total(page)      : 0
	DDR Hugepages Usage Rate(%)    : 0
	HBM Capacity(MB)               : 65536
	HBM Usage Rate(%)              : 29
	Aicore Usage Rate(%)           : 79
	Aivector Usage Rate(%)         : 5
	Aicpu Usage Rate(%)            : 0
	Ctrlcpu Usage Rate(%)          : 6
	DDR Bandwidth Usage Rate(%)    : 0
	HBM Bandwidth Usage Rate(%)    : 53
	NPU Utilization(%)             : 89
	Aicube Usage Rate(%)           : 72
	Get pid name failed.
	Process id:1657446 Process name:                  Process memory(MB):16066
Error: cannot run top on container fca65b17c7696be0978c024206dce045576ad0d5017576dab9c64493f5b57e1c as it did not create a cgroup: this container does not have a cgroup
timestamp_ns=1785750111835656160
	DDR Capacity(MB)               : 0
	DDR Usage Rate(%)              : 0
	DDR Hugepages Total(page)      : 0
	DDR Hugepages Usage Rate(%)    : 0
	HBM Capacity(MB)               : 65536
	HBM Usage Rate(%)              : 29
	Aicore Usage Rate(%)           : 100
	Aivector Usage Rate(%)         : 19
	Aicpu Usage Rate(%)            : 0
	Ctrlcpu Usage Rate(%)          : 2
	DDR Bandwidth Usage Rate(%)    : 0
	HBM Bandwidth Usage Rate(%)    : 53
	NPU Utilization(%)             : 100
	Aicube Usage Rate(%)           : 82
	Get pid name failed.
	Process id:1657446 Process name:                  Process memory(MB):16066
Error: cannot run top on container fca65b17c7696be0978c024206dce045576ad0d5017576dab9c64493f5b57e1c as it did not create a cgroup: this container does not have a cgroup
timestamp_ns=1785750113987342487
	DDR Capacity(MB)               : 0
	DDR Usage Rate(%)              : 0
	DDR Hugepages Total(page)      : 0
	DDR Hugepages Usage Rate(%)    : 0
	HBM Capacity(MB)               : 65536
	HBM Usage Rate(%)              : 29
	Aicore Usage Rate(%)           : 81
	Aivector Usage Rate(%)         : 5
	Aicpu Usage Rate(%)            : 0
	Ctrlcpu Usage Rate(%)          : 1
	DDR Bandwidth Usage Rate(%)    : 0
	HBM Bandwidth Usage Rate(%)    : 53
	NPU Utilization(%)             : 86
	Aicube Usage Rate(%)           : 74
	Get pid name failed.
	Process id:1657446 Process name:                  Process memory(MB):16066
Error: cannot run top on container fca65b17c7696be0978c024206dce045576ad0d5017576dab9c64493f5b57e1c as it did not create a cgroup: this container does not have a cgroup
timestamp_ns=1785750116147344355
	DDR Capacity(MB)               : 0
	DDR Usage Rate(%)              : 0
	DDR Hugepages Total(page)      : 0
	DDR Hugepages Usage Rate(%)    : 0
	HBM Capacity(MB)               : 65536
	HBM Usage Rate(%)              : 29
	Aicore Usage Rate(%)           : 100
	Aivector Usage Rate(%)         : 23
	Aicpu Usage Rate(%)            : 0
	Ctrlcpu Usage Rate(%)          : 1
	DDR Bandwidth Usage Rate(%)    : 0
	HBM Bandwidth Usage Rate(%)    : 53
	NPU Utilization(%)             : 100
	Aicube Usage Rate(%)           : 87
	Get pid name failed.
	Process id:1657446 Process name:                  Process memory(MB):16066
Error: cannot run top on container fca65b17c7696be0978c024206dce045576ad0d5017576dab9c64493f5b57e1c as it did not create a cgroup: this container does not have a cgroup
timestamp_ns=1785750118283470630
	DDR Capacity(MB)               : 0
	DDR Usage Rate(%)              : 0
	DDR Hugepages Total(page)      : 0
	DDR Hugepages Usage Rate(%)    : 0
	HBM Capacity(MB)               : 65536
	HBM Usage Rate(%)              : 29
	Aicore Usage Rate(%)           : 80
	Aivector Usage Rate(%)         : 5
	Aicpu Usage Rate(%)            : 0
	Ctrlcpu Usage Rate(%)          : 2
	DDR Bandwidth Usage Rate(%)    : 0
	HBM Bandwidth Usage Rate(%)    : 53
	NPU Utilization(%)             : 93
	Aicube Usage Rate(%)           : 73
	Get pid name failed.
	Process id:1657446 Process name:                  Process memory(MB):16066
Error: cannot run top on container fca65b17c7696be0978c024206dce045576ad0d5017576dab9c64493f5b57e1c as it did not create a cgroup: this container does not have a cgroup
timestamp_ns=1785750120422470263
	DDR Capacity(MB)               : 0
	DDR Usage Rate(%)              : 0
	DDR Hugepages Total(page)      : 0
	DDR Hugepages Usage Rate(%)    : 0
	HBM Capacity(MB)               : 65536
	HBM Usage Rate(%)              : 29
	Aicore Usage Rate(%)           : 100
	Aivector Usage Rate(%)         : 23
	Aicpu Usage Rate(%)            : 0
	Ctrlcpu Usage Rate(%)          : 2
	DDR Bandwidth Usage Rate(%)    : 0
	HBM Bandwidth Usage Rate(%)    : 18
	NPU Utilization(%)             : 100
	Aicube Usage Rate(%)           : 87
	Get pid name failed.
	Process id:1657446 Process name:                  Process memory(MB):16066
Error: cannot run top on container fca65b17c7696be0978c024206dce045576ad0d5017576dab9c64493f5b57e1c as it did not create a cgroup: this container does not have a cgroup
timestamp_ns=1785750122599049007
	DDR Capacity(MB)               : 0
	DDR Usage Rate(%)              : 0
	DDR Hugepages Total(page)      : 0
	DDR Hugepages Usage Rate(%)    : 0
	HBM Capacity(MB)               : 65536
	HBM Usage Rate(%)              : 29
	Aicore Usage Rate(%)           : 81
	Aivector Usage Rate(%)         : 5
	Aicpu Usage Rate(%)            : 0
	Ctrlcpu Usage Rate(%)          : 7
	DDR Bandwidth Usage Rate(%)    : 0
	HBM Bandwidth Usage Rate(%)    : 53
	NPU Utilization(%)             : 96
	Aicube Usage Rate(%)           : 73
	Get pid name failed.
	Process id:1657446 Process name:                  Process memory(MB):16066
Error: cannot run top on container fca65b17c7696be0978c024206dce045576ad0d5017576dab9c64493f5b57e1c as it did not create a cgroup: this container does not have a cgroup
timestamp_ns=1785750124845123706
	DDR Capacity(MB)               : 0
	DDR Usage Rate(%)              : 0
	DDR Hugepages Total(page)      : 0
	DDR Hugepages Usage Rate(%)    : 0
	HBM Capacity(MB)               : 65536
	HBM Usage Rate(%)              : 29
	Aicore Usage Rate(%)           : 36
	Aivector Usage Rate(%)         : 8
	Aicpu Usage Rate(%)            : 0
	Ctrlcpu Usage Rate(%)          : 2
	DDR Bandwidth Usage Rate(%)    : 0
	HBM Bandwidth Usage Rate(%)    : 54
	NPU Utilization(%)             : 36
	Aicube Usage Rate(%)           : 27
	Get pid name failed.
	Process id:1657446 Process name:                  Process memory(MB):16066
Error: cannot run top on container fca65b17c7696be0978c024206dce045576ad0d5017576dab9c64493f5b57e1c as it did not create a cgroup: this container does not have a cgroup
timestamp_ns=1785750126979935187
	DDR Capacity(MB)               : 0
	DDR Usage Rate(%)              : 0
	DDR Hugepages Total(page)      : 0
	DDR Hugepages Usage Rate(%)    : 0
	HBM Capacity(MB)               : 65536
	HBM Usage Rate(%)              : 29
	Aicore Usage Rate(%)           : 80
	Aivector Usage Rate(%)         : 5
	Aicpu Usage Rate(%)            : 0
	Ctrlcpu Usage Rate(%)          : 6
	DDR Bandwidth Usage Rate(%)    : 0
	HBM Bandwidth Usage Rate(%)    : 53
	NPU Utilization(%)             : 86
	Aicube Usage Rate(%)           : 73
	Get pid name failed.
	Process id:1657446 Process name:                  Process memory(MB):16066
Error: cannot run top on container fca65b17c7696be0978c024206dce045576ad0d5017576dab9c64493f5b57e1c as it did not create a cgroup: this container does not have a cgroup
timestamp_ns=1785750129129567300
	DDR Capacity(MB)               : 0
	DDR Usage Rate(%)              : 0
	DDR Hugepages Total(page)      : 0
	DDR Hugepages Usage Rate(%)    : 0
	HBM Capacity(MB)               : 65536
	HBM Usage Rate(%)              : 29
	Aicore Usage Rate(%)           : 100
	Aivector Usage Rate(%)         : 23
	Aicpu Usage Rate(%)            : 0
	Ctrlcpu Usage Rate(%)          : 6
	DDR Bandwidth Usage Rate(%)    : 0
	HBM Bandwidth Usage Rate(%)    : 51
	NPU Utilization(%)             : 100
	Aicube Usage Rate(%)           : 87
	Get pid name failed.
	Process id:1657446 Process name:                  Process memory(MB):16066
Error: cannot run top on container fca65b17c7696be0978c024206dce045576ad0d5017576dab9c64493f5b57e1c as it did not create a cgroup: this container does not have a cgroup
timestamp_ns=1785750131283332775
	DDR Capacity(MB)               : 0
	DDR Usage Rate(%)              : 0
	DDR Hugepages Total(page)      : 0
	DDR Hugepages Usage Rate(%)    : 0
	HBM Capacity(MB)               : 65536
	HBM Usage Rate(%)              : 29
	Aicore Usage Rate(%)           : 81
	Aivector Usage Rate(%)         : 5
	Aicpu Usage Rate(%)            : 0
	Ctrlcpu Usage Rate(%)          : 1
	DDR Bandwidth Usage Rate(%)    : 0
	HBM Bandwidth Usage Rate(%)    : 53
	NPU Utilization(%)             : 93
	Aicube Usage Rate(%)           : 73
	Get pid name failed.
	Process id:1657446 Process name:                  Process memory(MB):16066
Error: cannot run top on container fca65b17c7696be0978c024206dce045576ad0d5017576dab9c64493f5b57e1c as it did not create a cgroup: this container does not have a cgroup
timestamp_ns=1785750133429684708
	DDR Capacity(MB)               : 0
	DDR Usage Rate(%)              : 0
	DDR Hugepages Total(page)      : 0
	DDR Hugepages Usage Rate(%)    : 0
	HBM Capacity(MB)               : 65536
	HBM Usage Rate(%)              : 29
	Aicore Usage Rate(%)           : 100
	Aivector Usage Rate(%)         : 24
	Aicpu Usage Rate(%)            : 0
	Ctrlcpu Usage Rate(%)          : 4
	DDR Bandwidth Usage Rate(%)    : 0
	HBM Bandwidth Usage Rate(%)    : 53
	NPU Utilization(%)             : 100
	Aicube Usage Rate(%)           : 87
	Get pid name failed.
	Process id:1657446 Process name:                  Process memory(MB):16066
Error: cannot run top on container fca65b17c7696be0978c024206dce045576ad0d5017576dab9c64493f5b57e1c as it did not create a cgroup: this container does not have a cgroup
timestamp_ns=1785750135574736231
	DDR Capacity(MB)               : 0
	DDR Usage Rate(%)              : 0
	DDR Hugepages Total(page)      : 0
	DDR Hugepages Usage Rate(%)    : 0
	HBM Capacity(MB)               : 65536
	HBM Usage Rate(%)              : 29
	Aicore Usage Rate(%)           : 80
	Aivector Usage Rate(%)         : 5
	Aicpu Usage Rate(%)            : 0
	Ctrlcpu Usage Rate(%)          : 2
	DDR Bandwidth Usage Rate(%)    : 0
	HBM Bandwidth Usage Rate(%)    : 52
	NPU Utilization(%)             : 86
	Aicube Usage Rate(%)           : 73
	Get pid name failed.
	Process id:1657446 Process name:                  Process memory(MB):16066
Error: cannot run top on container fca65b17c7696be0978c024206dce045576ad0d5017576dab9c64493f5b57e1c as it did not create a cgroup: this container does not have a cgroup
timestamp_ns=1785750137727691748
	DDR Capacity(MB)               : 0
	DDR Usage Rate(%)              : 0
	DDR Hugepages Total(page)      : 0
	DDR Hugepages Usage Rate(%)    : 0
	HBM Capacity(MB)               : 65536
	HBM Usage Rate(%)              : 29
	Aicore Usage Rate(%)           : 100
	Aivector Usage Rate(%)         : 24
	Aicpu Usage Rate(%)            : 0
	Ctrlcpu Usage Rate(%)          : 4
	DDR Bandwidth Usage Rate(%)    : 0
	HBM Bandwidth Usage Rate(%)    : 53
	NPU Utilization(%)             : 100
	Aicube Usage Rate(%)           : 87
	Get pid name failed.
	Process id:1657446 Process name:                  Process memory(MB):16066
Error: cannot run top on container fca65b17c7696be0978c024206dce045576ad0d5017576dab9c64493f5b57e1c as it did not create a cgroup: this container does not have a cgroup
timestamp_ns=1785750139880091211
	DDR Capacity(MB)               : 0
	DDR Usage Rate(%)              : 0
	DDR Hugepages Total(page)      : 0
	DDR Hugepages Usage Rate(%)    : 0
	HBM Capacity(MB)               : 65536
	HBM Usage Rate(%)              : 29
	Aicore Usage Rate(%)           : 100
	Aivector Usage Rate(%)         : 17
	Aicpu Usage Rate(%)            : 0
	Ctrlcpu Usage Rate(%)          : 1
	DDR Bandwidth Usage Rate(%)    : 0
	HBM Bandwidth Usage Rate(%)    : 53
	NPU Utilization(%)             : 100
	Aicube Usage Rate(%)           : 86
	Get pid name failed.
	Process id:1657446 Process name:                  Process memory(MB):16066
Error: cannot run top on container fca65b17c7696be0978c024206dce045576ad0d5017576dab9c64493f5b57e1c as it did not create a cgroup: this container does not have a cgroup
timestamp_ns=1785750142021970912
	DDR Capacity(MB)               : 0
	DDR Usage Rate(%)              : 0
	DDR Hugepages Total(page)      : 0
	DDR Hugepages Usage Rate(%)    : 0
	HBM Capacity(MB)               : 65536
	HBM Usage Rate(%)              : 29
	Aicore Usage Rate(%)           : 78
	Aivector Usage Rate(%)         : 5
	Aicpu Usage Rate(%)            : 0
	Ctrlcpu Usage Rate(%)          : 8
	DDR Bandwidth Usage Rate(%)    : 0
	HBM Bandwidth Usage Rate(%)    : 53
	NPU Utilization(%)             : 89
	Aicube Usage Rate(%)           : 71
	Get pid name failed.
	Process id:1657446 Process name:                  Process memory(MB):16066
Error: cannot run top on container fca65b17c7696be0978c024206dce045576ad0d5017576dab9c64493f5b57e1c as it did not create a cgroup: this container does not have a cgroup
timestamp_ns=1785750144173513649
	DDR Capacity(MB)               : 0
	DDR Usage Rate(%)              : 0
	DDR Hugepages Total(page)      : 0
	DDR Hugepages Usage Rate(%)    : 0
	HBM Capacity(MB)               : 65536
	HBM Usage Rate(%)              : 29
	Aicore Usage Rate(%)           : 0
	Aivector Usage Rate(%)         : 0
	Aicpu Usage Rate(%)            : 0
	Ctrlcpu Usage Rate(%)          : 4
	DDR Bandwidth Usage Rate(%)    : 0
	HBM Bandwidth Usage Rate(%)    : 53
	NPU Utilization(%)             : 51
	Aicube Usage Rate(%)           : 0
	Get pid name failed.
	Process id:1657446 Process name:                  Process memory(MB):16066
Error: cannot run top on container fca65b17c7696be0978c024206dce045576ad0d5017576dab9c64493f5b57e1c as it did not create a cgroup: this container does not have a cgroup
timestamp_ns=1785750146352857921
	DDR Capacity(MB)               : 0
	DDR Usage Rate(%)              : 0
	DDR Hugepages Total(page)      : 0
	DDR Hugepages Usage Rate(%)    : 0
	HBM Capacity(MB)               : 65536
	HBM Usage Rate(%)              : 29
	Aicore Usage Rate(%)           : 74
	Aivector Usage Rate(%)         : 5
	Aicpu Usage Rate(%)            : 0
	Ctrlcpu Usage Rate(%)          : 2
	DDR Bandwidth Usage Rate(%)    : 0
	HBM Bandwidth Usage Rate(%)    : 25
	NPU Utilization(%)             : 75
	Aicube Usage Rate(%)           : 68
	Get pid name failed.
	Process id:1657446 Process name:                  Process memory(MB):16066
Error: cannot run top on container fca65b17c7696be0978c024206dce045576ad0d5017576dab9c64493f5b57e1c as it did not create a cgroup: this container does not have a cgroup
timestamp_ns=1785750148670149181
	DDR Capacity(MB)               : 0
	DDR Usage Rate(%)              : 0
	DDR Hugepages Total(page)      : 0
	DDR Hugepages Usage Rate(%)    : 0
	HBM Capacity(MB)               : 65536
	HBM Usage Rate(%)              : 29
	Aicore Usage Rate(%)           : 78
	Aivector Usage Rate(%)         : 5
	Aicpu Usage Rate(%)            : 0
	Ctrlcpu Usage Rate(%)          : 4
	DDR Bandwidth Usage Rate(%)    : 0
	HBM Bandwidth Usage Rate(%)    : 53
	NPU Utilization(%)             : 79
	Aicube Usage Rate(%)           : 70
	Get pid name failed.
	Process id:1657446 Process name:                  Process memory(MB):16066
Error: cannot run top on container fca65b17c7696be0978c024206dce045576ad0d5017576dab9c64493f5b57e1c as it did not create a cgroup: this container does not have a cgroup
timestamp_ns=1785750150867991628
	DDR Capacity(MB)               : 0
	DDR Usage Rate(%)              : 0
	DDR Hugepages Total(page)      : 0
	DDR Hugepages Usage Rate(%)    : 0
	HBM Capacity(MB)               : 65536
	HBM Usage Rate(%)              : 29
	Aicore Usage Rate(%)           : 80
	Aivector Usage Rate(%)         : 5
	Aicpu Usage Rate(%)            : 0
	Ctrlcpu Usage Rate(%)          : 4
	DDR Bandwidth Usage Rate(%)    : 0
	HBM Bandwidth Usage Rate(%)    : 53
	NPU Utilization(%)             : 89
	Aicube Usage Rate(%)           : 73
	Get pid name failed.
	Process id:1657446 Process name:                  Process memory(MB):16066
Error: cannot run top on container fca65b17c7696be0978c024206dce045576ad0d5017576dab9c64493f5b57e1c as it did not create a cgroup: this container does not have a cgroup
timestamp_ns=1785750153019868614
	DDR Capacity(MB)               : 0
	DDR Usage Rate(%)              : 0
	DDR Hugepages Total(page)      : 0
	DDR Hugepages Usage Rate(%)    : 0
	HBM Capacity(MB)               : 65536
	HBM Usage Rate(%)              : 29
	Aicore Usage Rate(%)           : 82
	Aivector Usage Rate(%)         : 5
	Aicpu Usage Rate(%)            : 0
	Ctrlcpu Usage Rate(%)          : 2
	DDR Bandwidth Usage Rate(%)    : 0
	HBM Bandwidth Usage Rate(%)    : 51
	NPU Utilization(%)             : 86
	Aicube Usage Rate(%)           : 74
	Get pid name failed.
	Process id:1657446 Process name:                  Process memory(MB):16066
Error: cannot run top on container fca65b17c7696be0978c024206dce045576ad0d5017576dab9c64493f5b57e1c as it did not create a cgroup: this container does not have a cgroup
timestamp_ns=1785750155218882773
	DDR Capacity(MB)               : 0
	DDR Usage Rate(%)              : 0
	DDR Hugepages Total(page)      : 0
	DDR Hugepages Usage Rate(%)    : 0
	HBM Capacity(MB)               : 65536
	HBM Usage Rate(%)              : 29
	Aicore Usage Rate(%)           : 75
	Aivector Usage Rate(%)         : 5
	Aicpu Usage Rate(%)            : 0
	Ctrlcpu Usage Rate(%)          : 1
	DDR Bandwidth Usage Rate(%)    : 0
	HBM Bandwidth Usage Rate(%)    : 52
	NPU Utilization(%)             : 86
	Aicube Usage Rate(%)           : 69
	Get pid name failed.
	Process id:1657446 Process name:                  Process memory(MB):16066
Error: cannot run top on container fca65b17c7696be0978c024206dce045576ad0d5017576dab9c64493f5b57e1c as it did not create a cgroup: this container does not have a cgroup
timestamp_ns=1785750157389385607
	DDR Capacity(MB)               : 0
	DDR Usage Rate(%)              : 0
	DDR Hugepages Total(page)      : 0
	DDR Hugepages Usage Rate(%)    : 0
	HBM Capacity(MB)               : 65536
	HBM Usage Rate(%)              : 29
	Aicore Usage Rate(%)           : 78
	Aivector Usage Rate(%)         : 5
	Aicpu Usage Rate(%)            : 0
	Ctrlcpu Usage Rate(%)          : 5
	DDR Bandwidth Usage Rate(%)    : 0
	HBM Bandwidth Usage Rate(%)    : 50
	NPU Utilization(%)             : 96
	Aicube Usage Rate(%)           : 70
	Get pid name failed.
	Process id:1657446 Process name:                  Process memory(MB):16066
Error: cannot run top on container fca65b17c7696be0978c024206dce045576ad0d5017576dab9c64493f5b57e1c as it did not create a cgroup: this container does not have a cgroup
timestamp_ns=1785750159551378868
	DDR Capacity(MB)               : 0
	DDR Usage Rate(%)              : 0
	DDR Hugepages Total(page)      : 0
	DDR Hugepages Usage Rate(%)    : 0
	HBM Capacity(MB)               : 65536
	HBM Usage Rate(%)              : 29
	Aicore Usage Rate(%)           : 80
	Aivector Usage Rate(%)         : 5
	Aicpu Usage Rate(%)            : 0
	Ctrlcpu Usage Rate(%)          : 1
	DDR Bandwidth Usage Rate(%)    : 0
	HBM Bandwidth Usage Rate(%)    : 53
	NPU Utilization(%)             : 96
	Aicube Usage Rate(%)           : 73
	Get pid name failed.
	Process id:1657446 Process name:                  Process memory(MB):16066
Error: cannot run top on container fca65b17c7696be0978c024206dce045576ad0d5017576dab9c64493f5b57e1c as it did not create a cgroup: this container does not have a cgroup
timestamp_ns=1785750161729541816
	DDR Capacity(MB)               : 0
	DDR Usage Rate(%)              : 0
	DDR Hugepages Total(page)      : 0
	DDR Hugepages Usage Rate(%)    : 0
	HBM Capacity(MB)               : 65536
	HBM Usage Rate(%)              : 29
	Aicore Usage Rate(%)           : 81
	Aivector Usage Rate(%)         : 5
	Aicpu Usage Rate(%)            : 0
	Ctrlcpu Usage Rate(%)          : 1
	DDR Bandwidth Usage Rate(%)    : 0
	HBM Bandwidth Usage Rate(%)    : 53
	NPU Utilization(%)             : 86
	Aicube Usage Rate(%)           : 72
	Get pid name failed.
	Process id:1657446 Process name:                  Process memory(MB):16066
Error: cannot run top on container fca65b17c7696be0978c024206dce045576ad0d5017576dab9c64493f5b57e1c as it did not create a cgroup: this container does not have a cgroup
timestamp_ns=1785750163884480758
	DDR Capacity(MB)               : 0
	DDR Usage Rate(%)              : 0
	DDR Hugepages Total(page)      : 0
	DDR Hugepages Usage Rate(%)    : 0
	HBM Capacity(MB)               : 65536
	HBM Usage Rate(%)              : 29
	Aicore Usage Rate(%)           : 78
	Aivector Usage Rate(%)         : 5
	Aicpu Usage Rate(%)            : 0
	Ctrlcpu Usage Rate(%)          : 3
	DDR Bandwidth Usage Rate(%)    : 0
	HBM Bandwidth Usage Rate(%)    : 53
	NPU Utilization(%)             : 89
	Aicube Usage Rate(%)           : 71
	Get pid name failed.
	Process id:1657446 Process name:                  Process memory(MB):16066
Error: cannot run top on container fca65b17c7696be0978c024206dce045576ad0d5017576dab9c64493f5b57e1c as it did not create a cgroup: this container does not have a cgroup
timestamp_ns=1785750166048700669
	DDR Capacity(MB)               : 0
	DDR Usage Rate(%)              : 0
	DDR Hugepages Total(page)      : 0
	DDR Hugepages Usage Rate(%)    : 0
	HBM Capacity(MB)               : 65536
	HBM Usage Rate(%)              : 29
	Aicore Usage Rate(%)           : 79
	Aivector Usage Rate(%)         : 5
	Aicpu Usage Rate(%)            : 0
	Ctrlcpu Usage Rate(%)          : 3
	DDR Bandwidth Usage Rate(%)    : 0
	HBM Bandwidth Usage Rate(%)    : 53
	NPU Utilization(%)             : 86
	Aicube Usage Rate(%)           : 71
	Get pid name failed.
	Process id:1657446 Process name:                  Process memory(MB):16066
Error: cannot run top on container fca65b17c7696be0978c024206dce045576ad0d5017576dab9c64493f5b57e1c as it did not create a cgroup: this container does not have a cgroup
timestamp_ns=1785750168212370666
	DDR Capacity(MB)               : 0
	DDR Usage Rate(%)              : 0
	DDR Hugepages Total(page)      : 0
	DDR Hugepages Usage Rate(%)    : 0
	HBM Capacity(MB)               : 65536
	HBM Usage Rate(%)              : 29
	Aicore Usage Rate(%)           : 76
	Aivector Usage Rate(%)         : 5
	Aicpu Usage Rate(%)            : 0
	Ctrlcpu Usage Rate(%)          : 2
	DDR Bandwidth Usage Rate(%)    : 0
	HBM Bandwidth Usage Rate(%)    : 18
	NPU Utilization(%)             : 93
	Aicube Usage Rate(%)           : 69
	Get pid name failed.
	Process id:1657446 Process name:                  Process memory(MB):16066
Error: cannot run top on container fca65b17c7696be0978c024206dce045576ad0d5017576dab9c64493f5b57e1c as it did not create a cgroup: this container does not have a cgroup
timestamp_ns=1785750170392704339
	DDR Capacity(MB)               : 0
	DDR Usage Rate(%)              : 0
	DDR Hugepages Total(page)      : 0
	DDR Hugepages Usage Rate(%)    : 0
	HBM Capacity(MB)               : 65536
	HBM Usage Rate(%)              : 29
	Aicore Usage Rate(%)           : 76
	Aivector Usage Rate(%)         : 5
	Aicpu Usage Rate(%)            : 0
	Ctrlcpu Usage Rate(%)          : 0
	DDR Bandwidth Usage Rate(%)    : 0
	HBM Bandwidth Usage Rate(%)    : 51
	NPU Utilization(%)             : 93
	Aicube Usage Rate(%)           : 69
	Get pid name failed.
	Process id:1657446 Process name:                  Process memory(MB):16066
Error: cannot run top on container fca65b17c7696be0978c024206dce045576ad0d5017576dab9c64493f5b57e1c as it did not create a cgroup: this container does not have a cgroup
timestamp_ns=1785750172609510565
	DDR Capacity(MB)               : 0
	DDR Usage Rate(%)              : 0
	DDR Hugepages Total(page)      : 0
	DDR Hugepages Usage Rate(%)    : 0
	HBM Capacity(MB)               : 65536
	HBM Usage Rate(%)              : 29
	Aicore Usage Rate(%)           : 78
	Aivector Usage Rate(%)         : 5
	Aicpu Usage Rate(%)            : 0
	Ctrlcpu Usage Rate(%)          : 11
	DDR Bandwidth Usage Rate(%)    : 0
	HBM Bandwidth Usage Rate(%)    : 51
	NPU Utilization(%)             : 89
	Aicube Usage Rate(%)           : 71
	Get pid name failed.
	Process id:1657446 Process name:                  Process memory(MB):16066
Error: cannot run top on container fca65b17c7696be0978c024206dce045576ad0d5017576dab9c64493f5b57e1c as it did not create a cgroup: this container does not have a cgroup
timestamp_ns=1785750174762414660
	DDR Capacity(MB)               : 0
	DDR Usage Rate(%)              : 0
	DDR Hugepages Total(page)      : 0
	DDR Hugepages Usage Rate(%)    : 0
	HBM Capacity(MB)               : 65536
	HBM Usage Rate(%)              : 29
	Aicore Usage Rate(%)           : 82
	Aivector Usage Rate(%)         : 5
	Aicpu Usage Rate(%)            : 0
	Ctrlcpu Usage Rate(%)          : 1
	DDR Bandwidth Usage Rate(%)    : 0
	HBM Bandwidth Usage Rate(%)    : 53
	NPU Utilization(%)             : 86
	Aicube Usage Rate(%)           : 74
	Get pid name failed.
	Process id:1657446 Process name:                  Process memory(MB):16066
Error: cannot run top on container fca65b17c7696be0978c024206dce045576ad0d5017576dab9c64493f5b57e1c as it did not create a cgroup: this container does not have a cgroup
timestamp_ns=1785750176913017999
	DDR Capacity(MB)               : 0
	DDR Usage Rate(%)              : 0
	DDR Hugepages Total(page)      : 0
	DDR Hugepages Usage Rate(%)    : 0
	HBM Capacity(MB)               : 65536
	HBM Usage Rate(%)              : 29
	Aicore Usage Rate(%)           : 77
	Aivector Usage Rate(%)         : 5
	Aicpu Usage Rate(%)            : 0
	Ctrlcpu Usage Rate(%)          : 3
	DDR Bandwidth Usage Rate(%)    : 0
	HBM Bandwidth Usage Rate(%)    : 51
	NPU Utilization(%)             : 89
	Aicube Usage Rate(%)           : 70
	Get pid name failed.
	Process id:1657446 Process name:                  Process memory(MB):16066
Error: cannot run top on container fca65b17c7696be0978c024206dce045576ad0d5017576dab9c64493f5b57e1c as it did not create a cgroup: this container does not have a cgroup
timestamp_ns=1785750179065444609
	DDR Capacity(MB)               : 0
	DDR Usage Rate(%)              : 0
	DDR Hugepages Total(page)      : 0
	DDR Hugepages Usage Rate(%)    : 0
	HBM Capacity(MB)               : 65536
	HBM Usage Rate(%)              : 29
	Aicore Usage Rate(%)           : 81
	Aivector Usage Rate(%)         : 5
	Aicpu Usage Rate(%)            : 0
	Ctrlcpu Usage Rate(%)          : 1
	DDR Bandwidth Usage Rate(%)    : 0
	HBM Bandwidth Usage Rate(%)    : 52
	NPU Utilization(%)             : 93
	Aicube Usage Rate(%)           : 73
	Get pid name failed.
	Process id:1657446 Process name:                  Process memory(MB):16066
Error: cannot run top on container fca65b17c7696be0978c024206dce045576ad0d5017576dab9c64493f5b57e1c as it did not create a cgroup: this container does not have a cgroup
timestamp_ns=1785750181234081056
	DDR Capacity(MB)               : 0
	DDR Usage Rate(%)              : 0
	DDR Hugepages Total(page)      : 0
	DDR Hugepages Usage Rate(%)    : 0
	HBM Capacity(MB)               : 65536
	HBM Usage Rate(%)              : 29
	Aicore Usage Rate(%)           : 78
	Aivector Usage Rate(%)         : 5
	Aicpu Usage Rate(%)            : 0
	Ctrlcpu Usage Rate(%)          : 2
	DDR Bandwidth Usage Rate(%)    : 0
	HBM Bandwidth Usage Rate(%)    : 53
	NPU Utilization(%)             : 93
	Aicube Usage Rate(%)           : 71
	Get pid name failed.
	Process id:1657446 Process name:                  Process memory(MB):16066
Error: cannot run top on container fca65b17c7696be0978c024206dce045576ad0d5017576dab9c64493f5b57e1c as it did not create a cgroup: this container does not have a cgroup
timestamp_ns=1785750183379124431
	DDR Capacity(MB)               : 0
	DDR Usage Rate(%)              : 0
	DDR Hugepages Total(page)      : 0
	DDR Hugepages Usage Rate(%)    : 0
	HBM Capacity(MB)               : 65536
	HBM Usage Rate(%)              : 29
	Aicore Usage Rate(%)           : 80
	Aivector Usage Rate(%)         : 5
	Aicpu Usage Rate(%)            : 0
	Ctrlcpu Usage Rate(%)          : 0
	DDR Bandwidth Usage Rate(%)    : 0
	HBM Bandwidth Usage Rate(%)    : 53
	NPU Utilization(%)             : 100
	Aicube Usage Rate(%)           : 71
	Get pid name failed.
	Process id:1657446 Process name:                  Process memory(MB):16066
Error: cannot run top on container fca65b17c7696be0978c024206dce045576ad0d5017576dab9c64493f5b57e1c as it did not create a cgroup: this container does not have a cgroup
timestamp_ns=1785750185531306176
	DDR Capacity(MB)               : 0
	DDR Usage Rate(%)              : 0
	DDR Hugepages Total(page)      : 0
	DDR Hugepages Usage Rate(%)    : 0
	HBM Capacity(MB)               : 65536
	HBM Usage Rate(%)              : 29
	Aicore Usage Rate(%)           : 81
	Aivector Usage Rate(%)         : 5
	Aicpu Usage Rate(%)            : 0
	Ctrlcpu Usage Rate(%)          : 1
	DDR Bandwidth Usage Rate(%)    : 0
	HBM Bandwidth Usage Rate(%)    : 17
	NPU Utilization(%)             : 96
	Aicube Usage Rate(%)           : 74
	Get pid name failed.
	Process id:1657446 Process name:                  Process memory(MB):16066
Error: cannot run top on container fca65b17c7696be0978c024206dce045576ad0d5017576dab9c64493f5b57e1c as it did not create a cgroup: this container does not have a cgroup
timestamp_ns=1785750187672812650
	DDR Capacity(MB)               : 0
	DDR Usage Rate(%)              : 0
	DDR Hugepages Total(page)      : 0
	DDR Hugepages Usage Rate(%)    : 0
	HBM Capacity(MB)               : 65536
	HBM Usage Rate(%)              : 29
	Aicore Usage Rate(%)           : 79
	Aivector Usage Rate(%)         : 5
	Aicpu Usage Rate(%)            : 0
	Ctrlcpu Usage Rate(%)          : 4
	DDR Bandwidth Usage Rate(%)    : 0
	HBM Bandwidth Usage Rate(%)    : 48
	NPU Utilization(%)             : 89
	Aicube Usage Rate(%)           : 72
	Get pid name failed.
	Process id:1657446 Process name:                  Process memory(MB):16066
Error: cannot run top on container fca65b17c7696be0978c024206dce045576ad0d5017576dab9c64493f5b57e1c as it did not create a cgroup: this container does not have a cgroup
timestamp_ns=1785750189819017059
	DDR Capacity(MB)               : 0
	DDR Usage Rate(%)              : 0
	DDR Hugepages Total(page)      : 0
	DDR Hugepages Usage Rate(%)    : 0
	HBM Capacity(MB)               : 65536
	HBM Usage Rate(%)              : 29
	Aicore Usage Rate(%)           : 78
	Aivector Usage Rate(%)         : 5
	Aicpu Usage Rate(%)            : 0
	Ctrlcpu Usage Rate(%)          : 1
	DDR Bandwidth Usage Rate(%)    : 0
	HBM Bandwidth Usage Rate(%)    : 53
	NPU Utilization(%)             : 93
	Aicube Usage Rate(%)           : 71
	Get pid name failed.
	Process id:1657446 Process name:                  Process memory(MB):16066
Error: cannot run top on container fca65b17c7696be0978c024206dce045576ad0d5017576dab9c64493f5b57e1c as it did not create a cgroup: this container does not have a cgroup
timestamp_ns=1785750192013903536
	DDR Capacity(MB)               : 0
	DDR Usage Rate(%)              : 0
	DDR Hugepages Total(page)      : 0
	DDR Hugepages Usage Rate(%)    : 0
	HBM Capacity(MB)               : 65536
	HBM Usage Rate(%)              : 29
	Aicore Usage Rate(%)           : 79
	Aivector Usage Rate(%)         : 5
	Aicpu Usage Rate(%)            : 0
	Ctrlcpu Usage Rate(%)          : 11
	DDR Bandwidth Usage Rate(%)    : 0
	HBM Bandwidth Usage Rate(%)    : 54
	NPU Utilization(%)             : 89
	Aicube Usage Rate(%)           : 71
	Get pid name failed.
	Process id:1657446 Process name:                  Process memory(MB):16066
Error: cannot run top on container fca65b17c7696be0978c024206dce045576ad0d5017576dab9c64493f5b57e1c as it did not create a cgroup: this container does not have a cgroup
timestamp_ns=1785750194175340619
	DDR Capacity(MB)               : 0
	DDR Usage Rate(%)              : 0
	DDR Hugepages Total(page)      : 0
	DDR Hugepages Usage Rate(%)    : 0
	HBM Capacity(MB)               : 65536
	HBM Usage Rate(%)              : 29
	Aicore Usage Rate(%)           : 78
	Aivector Usage Rate(%)         : 5
	Aicpu Usage Rate(%)            : 0
	Ctrlcpu Usage Rate(%)          : 2
	DDR Bandwidth Usage Rate(%)    : 0
	HBM Bandwidth Usage Rate(%)    : 53
	NPU Utilization(%)             : 89
	Aicube Usage Rate(%)           : 71
	Get pid name failed.
	Process id:1657446 Process name:                  Process memory(MB):16066
Error: cannot run top on container fca65b17c7696be0978c024206dce045576ad0d5017576dab9c64493f5b57e1c as it did not create a cgroup: this container does not have a cgroup
timestamp_ns=1785750196328483066
	DDR Capacity(MB)               : 0
	DDR Usage Rate(%)              : 0
	DDR Hugepages Total(page)      : 0
	DDR Hugepages Usage Rate(%)    : 0
	HBM Capacity(MB)               : 65536
	HBM Usage Rate(%)              : 29
	Aicore Usage Rate(%)           : 78
	Aivector Usage Rate(%)         : 5
	Aicpu Usage Rate(%)            : 0
	Ctrlcpu Usage Rate(%)          : 4
	DDR Bandwidth Usage Rate(%)    : 0
	HBM Bandwidth Usage Rate(%)    : 54
	NPU Utilization(%)             : 100
	Aicube Usage Rate(%)           : 71
	Get pid name failed.
	Process id:1657446 Process name:                  Process memory(MB):16066
Error: cannot run top on container fca65b17c7696be0978c024206dce045576ad0d5017576dab9c64493f5b57e1c as it did not create a cgroup: this container does not have a cgroup
timestamp_ns=1785750198473255816
	DDR Capacity(MB)               : 0
	DDR Usage Rate(%)              : 0
	DDR Hugepages Total(page)      : 0
	DDR Hugepages Usage Rate(%)    : 0
	HBM Capacity(MB)               : 65536
	HBM Usage Rate(%)              : 29
	Aicore Usage Rate(%)           : 81
	Aivector Usage Rate(%)         : 5
	Aicpu Usage Rate(%)            : 0
	Ctrlcpu Usage Rate(%)          : 2
	DDR Bandwidth Usage Rate(%)    : 0
	HBM Bandwidth Usage Rate(%)    : 53
	NPU Utilization(%)             : 96
	Aicube Usage Rate(%)           : 73
	Get pid name failed.
	Process id:1657446 Process name:                  Process memory(MB):16066
Error: cannot run top on container fca65b17c7696be0978c024206dce045576ad0d5017576dab9c64493f5b57e1c as it did not create a cgroup: this container does not have a cgroup
timestamp_ns=1785750200611155985
	DDR Capacity(MB)               : 0
	DDR Usage Rate(%)              : 0
	DDR Hugepages Total(page)      : 0
	DDR Hugepages Usage Rate(%)    : 0
	HBM Capacity(MB)               : 65536
	HBM Usage Rate(%)              : 29
	Aicore Usage Rate(%)           : 79
	Aivector Usage Rate(%)         : 5
	Aicpu Usage Rate(%)            : 0
	Ctrlcpu Usage Rate(%)          : 1
	DDR Bandwidth Usage Rate(%)    : 0
	HBM Bandwidth Usage Rate(%)    : 53
	NPU Utilization(%)             : 89
	Aicube Usage Rate(%)           : 72
	Get pid name failed.
	Process id:1657446 Process name:                  Process memory(MB):16066
Error: cannot run top on container fca65b17c7696be0978c024206dce045576ad0d5017576dab9c64493f5b57e1c as it did not create a cgroup: this container does not have a cgroup
timestamp_ns=1785750202749101133
	DDR Capacity(MB)               : 0
	DDR Usage Rate(%)              : 0
	DDR Hugepages Total(page)      : 0
	DDR Hugepages Usage Rate(%)    : 0
	HBM Capacity(MB)               : 65536
	HBM Usage Rate(%)              : 29
	Aicore Usage Rate(%)           : 81
	Aivector Usage Rate(%)         : 5
	Aicpu Usage Rate(%)            : 0
	Ctrlcpu Usage Rate(%)          : 6
	DDR Bandwidth Usage Rate(%)    : 0
	HBM Bandwidth Usage Rate(%)    : 54
	NPU Utilization(%)             : 86
	Aicube Usage Rate(%)           : 72
	Get pid name failed.
	Process id:1657446 Process name:                  Process memory(MB):16066
Error: cannot run top on container fca65b17c7696be0978c024206dce045576ad0d5017576dab9c64493f5b57e1c as it did not create a cgroup: this container does not have a cgroup
timestamp_ns=1785750204911011712
	DDR Capacity(MB)               : 0
	DDR Usage Rate(%)              : 0
	DDR Hugepages Total(page)      : 0
	DDR Hugepages Usage Rate(%)    : 0
	HBM Capacity(MB)               : 65536
	HBM Usage Rate(%)              : 29
	Aicore Usage Rate(%)           : 79
	Aivector Usage Rate(%)         : 5
	Aicpu Usage Rate(%)            : 0
	Ctrlcpu Usage Rate(%)          : 2
	DDR Bandwidth Usage Rate(%)    : 0
	HBM Bandwidth Usage Rate(%)    : 53
	NPU Utilization(%)             : 86
	Aicube Usage Rate(%)           : 72
	Get pid name failed.
	Process id:1657446 Process name:                  Process memory(MB):16066
Error: cannot run top on container fca65b17c7696be0978c024206dce045576ad0d5017576dab9c64493f5b57e1c as it did not create a cgroup: this container does not have a cgroup
timestamp_ns=1785750207057035693
	DDR Capacity(MB)               : 0
	DDR Usage Rate(%)              : 0
	DDR Hugepages Total(page)      : 0
	DDR Hugepages Usage Rate(%)    : 0
	HBM Capacity(MB)               : 65536
	HBM Usage Rate(%)              : 29
	Aicore Usage Rate(%)           : 79
	Aivector Usage Rate(%)         : 5
	Aicpu Usage Rate(%)            : 0
	Ctrlcpu Usage Rate(%)          : 3
	DDR Bandwidth Usage Rate(%)    : 0
	HBM Bandwidth Usage Rate(%)    : 53
	NPU Utilization(%)             : 96
	Aicube Usage Rate(%)           : 72
	Get pid name failed.
	Process id:1657446 Process name:                  Process memory(MB):16066
Error: cannot run top on container fca65b17c7696be0978c024206dce045576ad0d5017576dab9c64493f5b57e1c as it did not create a cgroup: this container does not have a cgroup
timestamp_ns=1785750209198000339
	DDR Capacity(MB)               : 0
	DDR Usage Rate(%)              : 0
	DDR Hugepages Total(page)      : 0
	DDR Hugepages Usage Rate(%)    : 0
	HBM Capacity(MB)               : 65536
	HBM Usage Rate(%)              : 29
	Aicore Usage Rate(%)           : 79
	Aivector Usage Rate(%)         : 5
	Aicpu Usage Rate(%)            : 0
	Ctrlcpu Usage Rate(%)          : 1
	DDR Bandwidth Usage Rate(%)    : 0
	HBM Bandwidth Usage Rate(%)    : 53
	NPU Utilization(%)             : 100
	Aicube Usage Rate(%)           : 72
	Get pid name failed.
	Process id:1657446 Process name:                  Process memory(MB):16066
Error: cannot run top on container fca65b17c7696be0978c024206dce045576ad0d5017576dab9c64493f5b57e1c as it did not create a cgroup: this container does not have a cgroup
timestamp_ns=1785750211361240324
	DDR Capacity(MB)               : 0
	DDR Usage Rate(%)              : 0
	DDR Hugepages Total(page)      : 0
	DDR Hugepages Usage Rate(%)    : 0
	HBM Capacity(MB)               : 65536
	HBM Usage Rate(%)              : 29
	Aicore Usage Rate(%)           : 81
	Aivector Usage Rate(%)         : 5
	Aicpu Usage Rate(%)            : 0
	Ctrlcpu Usage Rate(%)          : 3
	DDR Bandwidth Usage Rate(%)    : 0
	HBM Bandwidth Usage Rate(%)    : 53
	NPU Utilization(%)             : 96
	Aicube Usage Rate(%)           : 73
	Get pid name failed.
	Process id:1657446 Process name:                  Process memory(MB):16066
Error: cannot run top on container fca65b17c7696be0978c024206dce045576ad0d5017576dab9c64493f5b57e1c as it did not create a cgroup: this container does not have a cgroup
timestamp_ns=1785750213506413292
	DDR Capacity(MB)               : 0
	DDR Usage Rate(%)              : 0
	DDR Hugepages Total(page)      : 0
	DDR Hugepages Usage Rate(%)    : 0
	HBM Capacity(MB)               : 65536
	HBM Usage Rate(%)              : 29
	Aicore Usage Rate(%)           : 78
	Aivector Usage Rate(%)         : 5
	Aicpu Usage Rate(%)            : 0
	Ctrlcpu Usage Rate(%)          : 8
	DDR Bandwidth Usage Rate(%)    : 0
	HBM Bandwidth Usage Rate(%)    : 18
	NPU Utilization(%)             : 86
	Aicube Usage Rate(%)           : 71
	Get pid name failed.
	Process id:1657446 Process name:                  Process memory(MB):16066
Error: cannot run top on container fca65b17c7696be0978c024206dce045576ad0d5017576dab9c64493f5b57e1c as it did not create a cgroup: this container does not have a cgroup
timestamp_ns=1785750215639788591
	DDR Capacity(MB)               : 0
	DDR Usage Rate(%)              : 0
	DDR Hugepages Total(page)      : 0
	DDR Hugepages Usage Rate(%)    : 0
	HBM Capacity(MB)               : 65536
	HBM Usage Rate(%)              : 29
	Aicore Usage Rate(%)           : 78
	Aivector Usage Rate(%)         : 5
	Aicpu Usage Rate(%)            : 0
	Ctrlcpu Usage Rate(%)          : 2
	DDR Bandwidth Usage Rate(%)    : 0
	HBM Bandwidth Usage Rate(%)    : 53
	NPU Utilization(%)             : 89
	Aicube Usage Rate(%)           : 70
	Get pid name failed.
	Process id:1657446 Process name:                  Process memory(MB):16066
Error: cannot run top on container fca65b17c7696be0978c024206dce045576ad0d5017576dab9c64493f5b57e1c as it did not create a cgroup: this container does not have a cgroup
timestamp_ns=1785750217783958856
	DDR Capacity(MB)               : 0
	DDR Usage Rate(%)              : 0
	DDR Hugepages Total(page)      : 0
	DDR Hugepages Usage Rate(%)    : 0
	HBM Capacity(MB)               : 65536
	HBM Usage Rate(%)              : 29
	Aicore Usage Rate(%)           : 79
	Aivector Usage Rate(%)         : 5
	Aicpu Usage Rate(%)            : 0
	Ctrlcpu Usage Rate(%)          : 4
	DDR Bandwidth Usage Rate(%)    : 0
	HBM Bandwidth Usage Rate(%)    : 53
	NPU Utilization(%)             : 100
	Aicube Usage Rate(%)           : 71
	Get pid name failed.
	Process id:1657446 Process name:                  Process memory(MB):16066
Error: cannot run top on container fca65b17c7696be0978c024206dce045576ad0d5017576dab9c64493f5b57e1c as it did not create a cgroup: this container does not have a cgroup
timestamp_ns=1785750219920983467
	DDR Capacity(MB)               : 0
	DDR Usage Rate(%)              : 0
	DDR Hugepages Total(page)      : 0
	DDR Hugepages Usage Rate(%)    : 0
	HBM Capacity(MB)               : 65536
	HBM Usage Rate(%)              : 29
	Aicore Usage Rate(%)           : 78
	Aivector Usage Rate(%)         : 5
	Aicpu Usage Rate(%)            : 0
	Ctrlcpu Usage Rate(%)          : 1
	DDR Bandwidth Usage Rate(%)    : 0
	HBM Bandwidth Usage Rate(%)    : 53
	NPU Utilization(%)             : 89
	Aicube Usage Rate(%)           : 71
	Get pid name failed.
	Process id:1657446 Process name:                  Process memory(MB):16066
Error: cannot run top on container fca65b17c7696be0978c024206dce045576ad0d5017576dab9c64493f5b57e1c as it did not create a cgroup: this container does not have a cgroup
timestamp_ns=1785750222072541004
	DDR Capacity(MB)               : 0
	DDR Usage Rate(%)              : 0
	DDR Hugepages Total(page)      : 0
	DDR Hugepages Usage Rate(%)    : 0
	HBM Capacity(MB)               : 65536
	HBM Usage Rate(%)              : 29
	Aicore Usage Rate(%)           : 78
	Aivector Usage Rate(%)         : 5
	Aicpu Usage Rate(%)            : 0
	Ctrlcpu Usage Rate(%)          : 8
	DDR Bandwidth Usage Rate(%)    : 0
	HBM Bandwidth Usage Rate(%)    : 54
	NPU Utilization(%)             : 96
	Aicube Usage Rate(%)           : 71
	Get pid name failed.
	Process id:1657446 Process name:                  Process memory(MB):16066
Error: cannot run top on container fca65b17c7696be0978c024206dce045576ad0d5017576dab9c64493f5b57e1c as it did not create a cgroup: this container does not have a cgroup
timestamp_ns=1785750224203079762
	DDR Capacity(MB)               : 0
	DDR Usage Rate(%)              : 0
	DDR Hugepages Total(page)      : 0
	DDR Hugepages Usage Rate(%)    : 0
	HBM Capacity(MB)               : 65536
	HBM Usage Rate(%)              : 29
	Aicore Usage Rate(%)           : 80
	Aivector Usage Rate(%)         : 5
	Aicpu Usage Rate(%)            : 0
	Ctrlcpu Usage Rate(%)          : 5
	DDR Bandwidth Usage Rate(%)    : 0
	HBM Bandwidth Usage Rate(%)    : 53
	NPU Utilization(%)             : 93
	Aicube Usage Rate(%)           : 71
	Get pid name failed.
	Process id:1657446 Process name:                  Process memory(MB):16066
Error: cannot run top on container fca65b17c7696be0978c024206dce045576ad0d5017576dab9c64493f5b57e1c as it did not create a cgroup: this container does not have a cgroup
timestamp_ns=1785750226359120907
	DDR Capacity(MB)               : 0
	DDR Usage Rate(%)              : 0
	DDR Hugepages Total(page)      : 0
	DDR Hugepages Usage Rate(%)    : 0
	HBM Capacity(MB)               : 65536
	HBM Usage Rate(%)              : 29
	Aicore Usage Rate(%)           : 78
	Aivector Usage Rate(%)         : 5
	Aicpu Usage Rate(%)            : 0
	Ctrlcpu Usage Rate(%)          : 8
	DDR Bandwidth Usage Rate(%)    : 0
	HBM Bandwidth Usage Rate(%)    : 54
	NPU Utilization(%)             : 86
	Aicube Usage Rate(%)           : 71
	Get pid name failed.
	Process id:1657446 Process name:                  Process memory(MB):16066
Error: cannot run top on container fca65b17c7696be0978c024206dce045576ad0d5017576dab9c64493f5b57e1c as it did not create a cgroup: this container does not have a cgroup
timestamp_ns=1785750228529946022
	DDR Capacity(MB)               : 0
	DDR Usage Rate(%)              : 0
	DDR Hugepages Total(page)      : 0
	DDR Hugepages Usage Rate(%)    : 0
	HBM Capacity(MB)               : 65536
	HBM Usage Rate(%)              : 29
	Aicore Usage Rate(%)           : 79
	Aivector Usage Rate(%)         : 5
	Aicpu Usage Rate(%)            : 0
	Ctrlcpu Usage Rate(%)          : 5
	DDR Bandwidth Usage Rate(%)    : 0
	HBM Bandwidth Usage Rate(%)    : 53
	NPU Utilization(%)             : 86
	Aicube Usage Rate(%)           : 72
	Get pid name failed.
	Process id:1657446 Process name:                  Process memory(MB):16066
Error: cannot run top on container fca65b17c7696be0978c024206dce045576ad0d5017576dab9c64493f5b57e1c as it did not create a cgroup: this container does not have a cgroup
timestamp_ns=1785750230678998635
	DDR Capacity(MB)               : 0
	DDR Usage Rate(%)              : 0
	DDR Hugepages Total(page)      : 0
	DDR Hugepages Usage Rate(%)    : 0
	HBM Capacity(MB)               : 65536
	HBM Usage Rate(%)              : 29
	Aicore Usage Rate(%)           : 81
	Aivector Usage Rate(%)         : 5
	Aicpu Usage Rate(%)            : 0
	Ctrlcpu Usage Rate(%)          : 2
	DDR Bandwidth Usage Rate(%)    : 0
	HBM Bandwidth Usage Rate(%)    : 52
	NPU Utilization(%)             : 89
	Aicube Usage Rate(%)           : 74
	Get pid name failed.
	Process id:1657446 Process name:                  Process memory(MB):16066
Error: cannot run top on container fca65b17c7696be0978c024206dce045576ad0d5017576dab9c64493f5b57e1c as it did not create a cgroup: this container does not have a cgroup
timestamp_ns=1785750232827456704
	DDR Capacity(MB)               : 0
	DDR Usage Rate(%)              : 0
	DDR Hugepages Total(page)      : 0
	DDR Hugepages Usage Rate(%)    : 0
	HBM Capacity(MB)               : 65536
	HBM Usage Rate(%)              : 29
	Aicore Usage Rate(%)           : 80
	Aivector Usage Rate(%)         : 5
	Aicpu Usage Rate(%)            : 0
	Ctrlcpu Usage Rate(%)          : 7
	DDR Bandwidth Usage Rate(%)    : 0
	HBM Bandwidth Usage Rate(%)    : 53
	NPU Utilization(%)             : 93
	Aicube Usage Rate(%)           : 71
	Get pid name failed.
	Process id:1657446 Process name:                  Process memory(MB):16066
Error: cannot run top on container fca65b17c7696be0978c024206dce045576ad0d5017576dab9c64493f5b57e1c as it did not create a cgroup: this container does not have a cgroup
timestamp_ns=1785750235019788539
	DDR Capacity(MB)               : 0
	DDR Usage Rate(%)              : 0
	DDR Hugepages Total(page)      : 0
	DDR Hugepages Usage Rate(%)    : 0
	HBM Capacity(MB)               : 65536
	HBM Usage Rate(%)              : 29
	Aicore Usage Rate(%)           : 78
	Aivector Usage Rate(%)         : 5
	Aicpu Usage Rate(%)            : 0
	Ctrlcpu Usage Rate(%)          : 7
	DDR Bandwidth Usage Rate(%)    : 0
	HBM Bandwidth Usage Rate(%)    : 53
	NPU Utilization(%)             : 93
	Aicube Usage Rate(%)           : 71
	Get pid name failed.
	Process id:1657446 Process name:                  Process memory(MB):16066
Error: cannot run top on container fca65b17c7696be0978c024206dce045576ad0d5017576dab9c64493f5b57e1c as it did not create a cgroup: this container does not have a cgroup
timestamp_ns=1785750237183978494
	DDR Capacity(MB)               : 0
	DDR Usage Rate(%)              : 0
	DDR Hugepages Total(page)      : 0
	DDR Hugepages Usage Rate(%)    : 0
	HBM Capacity(MB)               : 65536
	HBM Usage Rate(%)              : 29
	Aicore Usage Rate(%)           : 79
	Aivector Usage Rate(%)         : 5
	Aicpu Usage Rate(%)            : 0
	Ctrlcpu Usage Rate(%)          : 2
	DDR Bandwidth Usage Rate(%)    : 0
	HBM Bandwidth Usage Rate(%)    : 53
	NPU Utilization(%)             : 89
	Aicube Usage Rate(%)           : 71
	Get pid name failed.
	Process id:1657446 Process name:                  Process memory(MB):16066
Error: cannot run top on container fca65b17c7696be0978c024206dce045576ad0d5017576dab9c64493f5b57e1c as it did not create a cgroup: this container does not have a cgroup
timestamp_ns=1785750239331071732
	DDR Capacity(MB)               : 0
	DDR Usage Rate(%)              : 0
	DDR Hugepages Total(page)      : 0
	DDR Hugepages Usage Rate(%)    : 0
	HBM Capacity(MB)               : 65536
	HBM Usage Rate(%)              : 29
	Aicore Usage Rate(%)           : 80
	Aivector Usage Rate(%)         : 5
	Aicpu Usage Rate(%)            : 0
	Ctrlcpu Usage Rate(%)          : 2
	DDR Bandwidth Usage Rate(%)    : 0
	HBM Bandwidth Usage Rate(%)    : 53
	NPU Utilization(%)             : 86
	Aicube Usage Rate(%)           : 73
	Get pid name failed.
	Process id:1657446 Process name:                  Process memory(MB):16066
Error: cannot run top on container fca65b17c7696be0978c024206dce045576ad0d5017576dab9c64493f5b57e1c as it did not create a cgroup: this container does not have a cgroup
timestamp_ns=1785750241595902213
	DDR Capacity(MB)               : 0
	DDR Usage Rate(%)              : 0
	DDR Hugepages Total(page)      : 0
	DDR Hugepages Usage Rate(%)    : 0
	HBM Capacity(MB)               : 65536
	HBM Usage Rate(%)              : 29
	Aicore Usage Rate(%)           : 80
	Aivector Usage Rate(%)         : 5
	Aicpu Usage Rate(%)            : 0
	Ctrlcpu Usage Rate(%)          : 4
	DDR Bandwidth Usage Rate(%)    : 0
	HBM Bandwidth Usage Rate(%)    : 53
	NPU Utilization(%)             : 93
	Aicube Usage Rate(%)           : 72
	Get pid name failed.
	Process id:1657446 Process name:                  Process memory(MB):16066
Error: cannot run top on container fca65b17c7696be0978c024206dce045576ad0d5017576dab9c64493f5b57e1c as it did not create a cgroup: this container does not have a cgroup
timestamp_ns=1785750243745761048
	DDR Capacity(MB)               : 0
	DDR Usage Rate(%)              : 0
	DDR Hugepages Total(page)      : 0
	DDR Hugepages Usage Rate(%)    : 0
	HBM Capacity(MB)               : 65536
	HBM Usage Rate(%)              : 29
	Aicore Usage Rate(%)           : 81
	Aivector Usage Rate(%)         : 5
	Aicpu Usage Rate(%)            : 0
	Ctrlcpu Usage Rate(%)          : 1
	DDR Bandwidth Usage Rate(%)    : 0
	HBM Bandwidth Usage Rate(%)    : 53
	NPU Utilization(%)             : 86
	Aicube Usage Rate(%)           : 74
	Get pid name failed.
	Process id:1657446 Process name:                  Process memory(MB):16066
Error: cannot run top on container fca65b17c7696be0978c024206dce045576ad0d5017576dab9c64493f5b57e1c as it did not create a cgroup: this container does not have a cgroup
timestamp_ns=1785750245892255249
	DDR Capacity(MB)               : 0
	DDR Usage Rate(%)              : 0
	DDR Hugepages Total(page)      : 0
	DDR Hugepages Usage Rate(%)    : 0
	HBM Capacity(MB)               : 65536
	HBM Usage Rate(%)              : 29
	Aicore Usage Rate(%)           : 78
	Aivector Usage Rate(%)         : 5
	Aicpu Usage Rate(%)            : 0
	Ctrlcpu Usage Rate(%)          : 2
	DDR Bandwidth Usage Rate(%)    : 0
	HBM Bandwidth Usage Rate(%)    : 53
	NPU Utilization(%)             : 82
	Aicube Usage Rate(%)           : 71
	Get pid name failed.
	Process id:1657446 Process name:                  Process memory(MB):16066
Error: cannot run top on container fca65b17c7696be0978c024206dce045576ad0d5017576dab9c64493f5b57e1c as it did not create a cgroup: this container does not have a cgroup
timestamp_ns=1785750248046395909
	DDR Capacity(MB)               : 0
	DDR Usage Rate(%)              : 0
	DDR Hugepages Total(page)      : 0
	DDR Hugepages Usage Rate(%)    : 0
	HBM Capacity(MB)               : 65536
	HBM Usage Rate(%)              : 29
	Aicore Usage Rate(%)           : 78
	Aivector Usage Rate(%)         : 5
	Aicpu Usage Rate(%)            : 0
	Ctrlcpu Usage Rate(%)          : 0
	DDR Bandwidth Usage Rate(%)    : 0
	HBM Bandwidth Usage Rate(%)    : 17
	NPU Utilization(%)             : 86
	Aicube Usage Rate(%)           : 71
	Get pid name failed.
	Process id:1657446 Process name:                  Process memory(MB):16066
Error: cannot run top on container fca65b17c7696be0978c024206dce045576ad0d5017576dab9c64493f5b57e1c as it did not create a cgroup: this container does not have a cgroup
timestamp_ns=1785750250204763115
	DDR Capacity(MB)               : 0
	DDR Usage Rate(%)              : 0
	DDR Hugepages Total(page)      : 0
	DDR Hugepages Usage Rate(%)    : 0
	HBM Capacity(MB)               : 65536
	HBM Usage Rate(%)              : 29
	Aicore Usage Rate(%)           : 77
	Aivector Usage Rate(%)         : 5
	Aicpu Usage Rate(%)            : 0
	Ctrlcpu Usage Rate(%)          : 1
	DDR Bandwidth Usage Rate(%)    : 0
	HBM Bandwidth Usage Rate(%)    : 53
	NPU Utilization(%)             : 96
	Aicube Usage Rate(%)           : 69
	Get pid name failed.
	Process id:1657446 Process name:                  Process memory(MB):16066
Error: cannot run top on container fca65b17c7696be0978c024206dce045576ad0d5017576dab9c64493f5b57e1c as it did not create a cgroup: this container does not have a cgroup
timestamp_ns=1785750252344628159
	DDR Capacity(MB)               : 0
	DDR Usage Rate(%)              : 0
	DDR Hugepages Total(page)      : 0
	DDR Hugepages Usage Rate(%)    : 0
	HBM Capacity(MB)               : 65536
	HBM Usage Rate(%)              : 29
	Aicore Usage Rate(%)           : 78
	Aivector Usage Rate(%)         : 5
	Aicpu Usage Rate(%)            : 0
	Ctrlcpu Usage Rate(%)          : 5
	DDR Bandwidth Usage Rate(%)    : 0
	HBM Bandwidth Usage Rate(%)    : 53
	NPU Utilization(%)             : 89
	Aicube Usage Rate(%)           : 71
	Get pid name failed.
	Process id:1657446 Process name:                  Process memory(MB):16066
Error: cannot run top on container fca65b17c7696be0978c024206dce045576ad0d5017576dab9c64493f5b57e1c as it did not create a cgroup: this container does not have a cgroup
timestamp_ns=1785750254498862996
	DDR Capacity(MB)               : 0
	DDR Usage Rate(%)              : 0
	DDR Hugepages Total(page)      : 0
	DDR Hugepages Usage Rate(%)    : 0
	HBM Capacity(MB)               : 65536
	HBM Usage Rate(%)              : 29
	Aicore Usage Rate(%)           : 79
	Aivector Usage Rate(%)         : 5
	Aicpu Usage Rate(%)            : 0
	Ctrlcpu Usage Rate(%)          : 2
	DDR Bandwidth Usage Rate(%)    : 0
	HBM Bandwidth Usage Rate(%)    : 53
	NPU Utilization(%)             : 86
	Aicube Usage Rate(%)           : 71
	Get pid name failed.
	Process id:1657446 Process name:                  Process memory(MB):16066
Error: cannot run top on container fca65b17c7696be0978c024206dce045576ad0d5017576dab9c64493f5b57e1c as it did not create a cgroup: this container does not have a cgroup
timestamp_ns=1785750256688153875
	DDR Capacity(MB)               : 0
	DDR Usage Rate(%)              : 0
	DDR Hugepages Total(page)      : 0
	DDR Hugepages Usage Rate(%)    : 0
	HBM Capacity(MB)               : 65536
	HBM Usage Rate(%)              : 29
	Aicore Usage Rate(%)           : 78
	Aivector Usage Rate(%)         : 5
	Aicpu Usage Rate(%)            : 0
	Ctrlcpu Usage Rate(%)          : 10
	DDR Bandwidth Usage Rate(%)    : 0
	HBM Bandwidth Usage Rate(%)    : 53
	NPU Utilization(%)             : 89
	Aicube Usage Rate(%)           : 70
	Get pid name failed.
	Process id:1657446 Process name:                  Process memory(MB):16066
Error: cannot run top on container fca65b17c7696be0978c024206dce045576ad0d5017576dab9c64493f5b57e1c as it did not create a cgroup: this container does not have a cgroup
timestamp_ns=1785750258838008708
	DDR Capacity(MB)               : 0
	DDR Usage Rate(%)              : 0
	DDR Hugepages Total(page)      : 0
	DDR Hugepages Usage Rate(%)    : 0
	HBM Capacity(MB)               : 65536
	HBM Usage Rate(%)              : 29
	Aicore Usage Rate(%)           : 78
	Aivector Usage Rate(%)         : 5
	Aicpu Usage Rate(%)            : 0
	Ctrlcpu Usage Rate(%)          : 3
	DDR Bandwidth Usage Rate(%)    : 0
	HBM Bandwidth Usage Rate(%)    : 53
	NPU Utilization(%)             : 93
	Aicube Usage Rate(%)           : 70
	Get pid name failed.
	Process id:1657446 Process name:                  Process memory(MB):16066
Error: cannot run top on container fca65b17c7696be0978c024206dce045576ad0d5017576dab9c64493f5b57e1c as it did not create a cgroup: this container does not have a cgroup
timestamp_ns=1785750260970265467
	DDR Capacity(MB)               : 0
	DDR Usage Rate(%)              : 0
	DDR Hugepages Total(page)      : 0
	DDR Hugepages Usage Rate(%)    : 0
	HBM Capacity(MB)               : 65536
	HBM Usage Rate(%)              : 29
	Aicore Usage Rate(%)           : 81
	Aivector Usage Rate(%)         : 5
	Aicpu Usage Rate(%)            : 0
	Ctrlcpu Usage Rate(%)          : 3
	DDR Bandwidth Usage Rate(%)    : 0
	HBM Bandwidth Usage Rate(%)    : 53
	NPU Utilization(%)             : 93
	Aicube Usage Rate(%)           : 72
	Get pid name failed.
	Process id:1657446 Process name:                  Process memory(MB):16066
Error: cannot run top on container fca65b17c7696be0978c024206dce045576ad0d5017576dab9c64493f5b57e1c as it did not create a cgroup: this container does not have a cgroup
timestamp_ns=1785750263107970515
	DDR Capacity(MB)               : 0
	DDR Usage Rate(%)              : 0
	DDR Hugepages Total(page)      : 0
	DDR Hugepages Usage Rate(%)    : 0
	HBM Capacity(MB)               : 65536
	HBM Usage Rate(%)              : 29
	Aicore Usage Rate(%)           : 77
	Aivector Usage Rate(%)         : 5
	Aicpu Usage Rate(%)            : 0
	Ctrlcpu Usage Rate(%)          : 1
	DDR Bandwidth Usage Rate(%)    : 0
	HBM Bandwidth Usage Rate(%)    : 54
	NPU Utilization(%)             : 93
	Aicube Usage Rate(%)           : 69
	Get pid name failed.
	Process id:1657446 Process name:                  Process memory(MB):16066
Error: cannot run top on container fca65b17c7696be0978c024206dce045576ad0d5017576dab9c64493f5b57e1c as it did not create a cgroup: this container does not have a cgroup
timestamp_ns=1785750265265552606
	DDR Capacity(MB)               : 0
	DDR Usage Rate(%)              : 0
	DDR Hugepages Total(page)      : 0
	DDR Hugepages Usage Rate(%)    : 0
	HBM Capacity(MB)               : 65536
	HBM Usage Rate(%)              : 29
	Aicore Usage Rate(%)           : 79
	Aivector Usage Rate(%)         : 5
	Aicpu Usage Rate(%)            : 0
	Ctrlcpu Usage Rate(%)          : 4
	DDR Bandwidth Usage Rate(%)    : 0
	HBM Bandwidth Usage Rate(%)    : 53
	NPU Utilization(%)             : 93
	Aicube Usage Rate(%)           : 71
	Get pid name failed.
	Process id:1657446 Process name:                  Process memory(MB):16066
Error: cannot run top on container fca65b17c7696be0978c024206dce045576ad0d5017576dab9c64493f5b57e1c as it did not create a cgroup: this container does not have a cgroup
timestamp_ns=1785750267425143223
	DDR Capacity(MB)               : 0
	DDR Usage Rate(%)              : 0
	DDR Hugepages Total(page)      : 0
	DDR Hugepages Usage Rate(%)    : 0
	HBM Capacity(MB)               : 65536
	HBM Usage Rate(%)              : 29
	Aicore Usage Rate(%)           : 81
	Aivector Usage Rate(%)         : 5
	Aicpu Usage Rate(%)            : 0
	Ctrlcpu Usage Rate(%)          : 2
	DDR Bandwidth Usage Rate(%)    : 0
	HBM Bandwidth Usage Rate(%)    : 53
	NPU Utilization(%)             : 100
	Aicube Usage Rate(%)           : 73
	Get pid name failed.
	Process id:1657446 Process name:                  Process memory(MB):16066
Error: cannot run top on container fca65b17c7696be0978c024206dce045576ad0d5017576dab9c64493f5b57e1c as it did not create a cgroup: this container does not have a cgroup
timestamp_ns=1785750269583446234
	DDR Capacity(MB)               : 0
	DDR Usage Rate(%)              : 0
	DDR Hugepages Total(page)      : 0
	DDR Hugepages Usage Rate(%)    : 0
	HBM Capacity(MB)               : 65536
	HBM Usage Rate(%)              : 29
	Aicore Usage Rate(%)           : 83
	Aivector Usage Rate(%)         : 5
	Aicpu Usage Rate(%)            : 0
	Ctrlcpu Usage Rate(%)          : 0
	DDR Bandwidth Usage Rate(%)    : 0
	HBM Bandwidth Usage Rate(%)    : 53
	NPU Utilization(%)             : 96
	Aicube Usage Rate(%)           : 74
	Get pid name failed.
	Process id:1657446 Process name:                  Process memory(MB):16066
Error: cannot run top on container fca65b17c7696be0978c024206dce045576ad0d5017576dab9c64493f5b57e1c as it did not create a cgroup: this container does not have a cgroup
timestamp_ns=1785750271731588529
	DDR Capacity(MB)               : 0
	DDR Usage Rate(%)              : 0
	DDR Hugepages Total(page)      : 0
	DDR Hugepages Usage Rate(%)    : 0
	HBM Capacity(MB)               : 65536
	HBM Usage Rate(%)              : 29
	Aicore Usage Rate(%)           : 78
	Aivector Usage Rate(%)         : 5
	Aicpu Usage Rate(%)            : 0
	Ctrlcpu Usage Rate(%)          : 0
	DDR Bandwidth Usage Rate(%)    : 0
	HBM Bandwidth Usage Rate(%)    : 50
	NPU Utilization(%)             : 96
	Aicube Usage Rate(%)           : 71
	Get pid name failed.
	Process id:1657446 Process name:                  Process memory(MB):16066
Error: cannot run top on container fca65b17c7696be0978c024206dce045576ad0d5017576dab9c64493f5b57e1c as it did not create a cgroup: this container does not have a cgroup
timestamp_ns=1785750273874113459
	DDR Capacity(MB)               : 0
	DDR Usage Rate(%)              : 0
	DDR Hugepages Total(page)      : 0
	DDR Hugepages Usage Rate(%)    : 0
	HBM Capacity(MB)               : 65536
	HBM Usage Rate(%)              : 29
	Aicore Usage Rate(%)           : 79
	Aivector Usage Rate(%)         : 5
	Aicpu Usage Rate(%)            : 0
	Ctrlcpu Usage Rate(%)          : 3
	DDR Bandwidth Usage Rate(%)    : 0
	HBM Bandwidth Usage Rate(%)    : 53
	NPU Utilization(%)             : 96
	Aicube Usage Rate(%)           : 71
	Get pid name failed.
	Process id:1657446 Process name:                  Process memory(MB):16066
Error: cannot run top on container fca65b17c7696be0978c024206dce045576ad0d5017576dab9c64493f5b57e1c as it did not create a cgroup: this container does not have a cgroup
timestamp_ns=1785750276019692904
	DDR Capacity(MB)               : 0
	DDR Usage Rate(%)              : 0
	DDR Hugepages Total(page)      : 0
	DDR Hugepages Usage Rate(%)    : 0
	HBM Capacity(MB)               : 65536
	HBM Usage Rate(%)              : 29
	Aicore Usage Rate(%)           : 76
	Aivector Usage Rate(%)         : 5
	Aicpu Usage Rate(%)            : 0
	Ctrlcpu Usage Rate(%)          : 3
	DDR Bandwidth Usage Rate(%)    : 0
	HBM Bandwidth Usage Rate(%)    : 38
	NPU Utilization(%)             : 89
	Aicube Usage Rate(%)           : 69
	Get pid name failed.
	Process id:1657446 Process name:                  Process memory(MB):16066
Error: cannot run top on container fca65b17c7696be0978c024206dce045576ad0d5017576dab9c64493f5b57e1c as it did not create a cgroup: this container does not have a cgroup
timestamp_ns=1785750278167117212
	DDR Capacity(MB)               : 0
	DDR Usage Rate(%)              : 0
	DDR Hugepages Total(page)      : 0
	DDR Hugepages Usage Rate(%)    : 0
	HBM Capacity(MB)               : 65536
	HBM Usage Rate(%)              : 29
	Aicore Usage Rate(%)           : 79
	Aivector Usage Rate(%)         : 5
	Aicpu Usage Rate(%)            : 0
	Ctrlcpu Usage Rate(%)          : 6
	DDR Bandwidth Usage Rate(%)    : 0
	HBM Bandwidth Usage Rate(%)    : 53
	NPU Utilization(%)             : 96
	Aicube Usage Rate(%)           : 71
	Get pid name failed.
	Process id:1657446 Process name:                  Process memory(MB):16066
Error: cannot run top on container fca65b17c7696be0978c024206dce045576ad0d5017576dab9c64493f5b57e1c as it did not create a cgroup: this container does not have a cgroup
timestamp_ns=1785750280313349497
	DDR Capacity(MB)               : 0
	DDR Usage Rate(%)              : 0
	DDR Hugepages Total(page)      : 0
	DDR Hugepages Usage Rate(%)    : 0
	HBM Capacity(MB)               : 65536
	HBM Usage Rate(%)              : 29
	Aicore Usage Rate(%)           : 77
	Aivector Usage Rate(%)         : 5
	Aicpu Usage Rate(%)            : 0
	Ctrlcpu Usage Rate(%)          : 4
	DDR Bandwidth Usage Rate(%)    : 0
	HBM Bandwidth Usage Rate(%)    : 41
	NPU Utilization(%)             : 100
	Aicube Usage Rate(%)           : 70
	Get pid name failed.
	Process id:1657446 Process name:                  Process memory(MB):16066
Error: cannot run top on container fca65b17c7696be0978c024206dce045576ad0d5017576dab9c64493f5b57e1c as it did not create a cgroup: this container does not have a cgroup
timestamp_ns=1785750282456540966
	DDR Capacity(MB)               : 0
	DDR Usage Rate(%)              : 0
	DDR Hugepages Total(page)      : 0
	DDR Hugepages Usage Rate(%)    : 0
	HBM Capacity(MB)               : 65536
	HBM Usage Rate(%)              : 29
	Aicore Usage Rate(%)           : 80
	Aivector Usage Rate(%)         : 5
	Aicpu Usage Rate(%)            : 0
	Ctrlcpu Usage Rate(%)          : 5
	DDR Bandwidth Usage Rate(%)    : 0
	HBM Bandwidth Usage Rate(%)    : 53
	NPU Utilization(%)             : 89
	Aicube Usage Rate(%)           : 71
	Get pid name failed.
	Process id:1657446 Process name:                  Process memory(MB):16066
Error: cannot run top on container fca65b17c7696be0978c024206dce045576ad0d5017576dab9c64493f5b57e1c as it did not create a cgroup: this container does not have a cgroup
timestamp_ns=1785750284597284039
	DDR Capacity(MB)               : 0
	DDR Usage Rate(%)              : 0
	DDR Hugepages Total(page)      : 0
	DDR Hugepages Usage Rate(%)    : 0
	HBM Capacity(MB)               : 65536
	HBM Usage Rate(%)              : 29
	Aicore Usage Rate(%)           : 80
	Aivector Usage Rate(%)         : 5
	Aicpu Usage Rate(%)            : 0
	Ctrlcpu Usage Rate(%)          : 4
	DDR Bandwidth Usage Rate(%)    : 0
	HBM Bandwidth Usage Rate(%)    : 53
	NPU Utilization(%)             : 93
	Aicube Usage Rate(%)           : 73
	Get pid name failed.
	Process id:1657446 Process name:                  Process memory(MB):16066
Error: cannot run top on container fca65b17c7696be0978c024206dce045576ad0d5017576dab9c64493f5b57e1c as it did not create a cgroup: this container does not have a cgroup
timestamp_ns=1785750286745229784
	DDR Capacity(MB)               : 0
	DDR Usage Rate(%)              : 0
	DDR Hugepages Total(page)      : 0
	DDR Hugepages Usage Rate(%)    : 0
	HBM Capacity(MB)               : 65536
	HBM Usage Rate(%)              : 29
	Aicore Usage Rate(%)           : 80
	Aivector Usage Rate(%)         : 5
	Aicpu Usage Rate(%)            : 0
	Ctrlcpu Usage Rate(%)          : 5
	DDR Bandwidth Usage Rate(%)    : 0
	HBM Bandwidth Usage Rate(%)    : 54
	NPU Utilization(%)             : 89
	Aicube Usage Rate(%)           : 71
	Get pid name failed.
	Process id:1657446 Process name:                  Process memory(MB):16066
Error: cannot run top on container fca65b17c7696be0978c024206dce045576ad0d5017576dab9c64493f5b57e1c as it did not create a cgroup: this container does not have a cgroup
timestamp_ns=1785750288904174918
	DDR Capacity(MB)               : 0
	DDR Usage Rate(%)              : 0
	DDR Hugepages Total(page)      : 0
	DDR Hugepages Usage Rate(%)    : 0
	HBM Capacity(MB)               : 65536
	HBM Usage Rate(%)              : 29
	Aicore Usage Rate(%)           : 81
	Aivector Usage Rate(%)         : 5
	Aicpu Usage Rate(%)            : 0
	Ctrlcpu Usage Rate(%)          : 4
	DDR Bandwidth Usage Rate(%)    : 0
	HBM Bandwidth Usage Rate(%)    : 53
	NPU Utilization(%)             : 86
	Aicube Usage Rate(%)           : 74
	Get pid name failed.
	Process id:1657446 Process name:                  Process memory(MB):16066
Error: cannot run top on container fca65b17c7696be0978c024206dce045576ad0d5017576dab9c64493f5b57e1c as it did not create a cgroup: this container does not have a cgroup
timestamp_ns=1785750291061884359
	DDR Capacity(MB)               : 0
	DDR Usage Rate(%)              : 0
	DDR Hugepages Total(page)      : 0
	DDR Hugepages Usage Rate(%)    : 0
	HBM Capacity(MB)               : 65536
	HBM Usage Rate(%)              : 29
	Aicore Usage Rate(%)           : 36
	Aivector Usage Rate(%)         : 2
	Aicpu Usage Rate(%)            : 0
	Ctrlcpu Usage Rate(%)          : 0
	DDR Bandwidth Usage Rate(%)    : 0
	HBM Bandwidth Usage Rate(%)    : 53
	NPU Utilization(%)             : 82
	Aicube Usage Rate(%)           : 32
	Get pid name failed.
	Process id:1657446 Process name:                  Process memory(MB):16066
Error: cannot run top on container fca65b17c7696be0978c024206dce045576ad0d5017576dab9c64493f5b57e1c as it did not create a cgroup: this container does not have a cgroup
timestamp_ns=1785750293201133582
	DDR Capacity(MB)               : 0
	DDR Usage Rate(%)              : 0
	DDR Hugepages Total(page)      : 0
	DDR Hugepages Usage Rate(%)    : 0
	HBM Capacity(MB)               : 65536
	HBM Usage Rate(%)              : 29
	Aicore Usage Rate(%)           : 78
	Aivector Usage Rate(%)         : 5
	Aicpu Usage Rate(%)            : 0
	Ctrlcpu Usage Rate(%)          : 1
	DDR Bandwidth Usage Rate(%)    : 0
	HBM Bandwidth Usage Rate(%)    : 53
	NPU Utilization(%)             : 86
	Aicube Usage Rate(%)           : 71
	Get pid name failed.
	Process id:1657446 Process name:                  Process memory(MB):16066
Error: cannot run top on container fca65b17c7696be0978c024206dce045576ad0d5017576dab9c64493f5b57e1c as it did not create a cgroup: this container does not have a cgroup
timestamp_ns=1785750295357838173
	DDR Capacity(MB)               : 0
	DDR Usage Rate(%)              : 0
	DDR Hugepages Total(page)      : 0
	DDR Hugepages Usage Rate(%)    : 0
	HBM Capacity(MB)               : 65536
	HBM Usage Rate(%)              : 29
	Aicore Usage Rate(%)           : 67
	Aivector Usage Rate(%)         : 6
	Aicpu Usage Rate(%)            : 0
	Ctrlcpu Usage Rate(%)          : 3
	DDR Bandwidth Usage Rate(%)    : 0
	HBM Bandwidth Usage Rate(%)    : 53
	NPU Utilization(%)             : 67
	Aicube Usage Rate(%)           : 58
	Get pid name failed.
	Process id:1657446 Process name:                  Process memory(MB):16066
Error: cannot run top on container fca65b17c7696be0978c024206dce045576ad0d5017576dab9c64493f5b57e1c as it did not create a cgroup: this container does not have a cgroup
timestamp_ns=1785750297518052188
	DDR Capacity(MB)               : 0
	DDR Usage Rate(%)              : 0
	DDR Hugepages Total(page)      : 0
	DDR Hugepages Usage Rate(%)    : 0
	HBM Capacity(MB)               : 65536
	HBM Usage Rate(%)              : 29
	Aicore Usage Rate(%)           : 77
	Aivector Usage Rate(%)         : 5
	Aicpu Usage Rate(%)            : 0
	Ctrlcpu Usage Rate(%)          : 4
	DDR Bandwidth Usage Rate(%)    : 0
	HBM Bandwidth Usage Rate(%)    : 53
	NPU Utilization(%)             : 86
	Aicube Usage Rate(%)           : 70
	Get pid name failed.
	Process id:1657446 Process name:                  Process memory(MB):16066
Error: cannot run top on container fca65b17c7696be0978c024206dce045576ad0d5017576dab9c64493f5b57e1c as it did not create a cgroup: this container does not have a cgroup
timestamp_ns=1785750299663528903
	DDR Capacity(MB)               : 0
	DDR Usage Rate(%)              : 0
	DDR Hugepages Total(page)      : 0
	DDR Hugepages Usage Rate(%)    : 0
	HBM Capacity(MB)               : 65536
	HBM Usage Rate(%)              : 29
	Aicore Usage Rate(%)           : 78
	Aivector Usage Rate(%)         : 5
	Aicpu Usage Rate(%)            : 0
	Ctrlcpu Usage Rate(%)          : 1
	DDR Bandwidth Usage Rate(%)    : 0
	HBM Bandwidth Usage Rate(%)    : 53
	NPU Utilization(%)             : 78
	Aicube Usage Rate(%)           : 71
	Get pid name failed.
	Process id:1657446 Process name:                  Process memory(MB):16066
Error: cannot run top on container fca65b17c7696be0978c024206dce045576ad0d5017576dab9c64493f5b57e1c as it did not create a cgroup: this container does not have a cgroup
timestamp_ns=1785750301825657491
	DDR Capacity(MB)               : 0
	DDR Usage Rate(%)              : 0
	DDR Hugepages Total(page)      : 0
	DDR Hugepages Usage Rate(%)    : 0
	HBM Capacity(MB)               : 65536
	HBM Usage Rate(%)              : 29
	Aicore Usage Rate(%)           : 81
	Aivector Usage Rate(%)         : 5
	Aicpu Usage Rate(%)            : 0
	Ctrlcpu Usage Rate(%)          : 4
	DDR Bandwidth Usage Rate(%)    : 0
	HBM Bandwidth Usage Rate(%)    : 52
	NPU Utilization(%)             : 89
	Aicube Usage Rate(%)           : 74
	Get pid name failed.
	Process id:1657446 Process name:                  Process memory(MB):16066
Error: cannot run top on container fca65b17c7696be0978c024206dce045576ad0d5017576dab9c64493f5b57e1c as it did not create a cgroup: this container does not have a cgroup
timestamp_ns=1785750303970676607
	DDR Capacity(MB)               : 0
	DDR Usage Rate(%)              : 0
	DDR Hugepages Total(page)      : 0
	DDR Hugepages Usage Rate(%)    : 0
	HBM Capacity(MB)               : 65536
	HBM Usage Rate(%)              : 29
	Aicore Usage Rate(%)           : 60
	Aivector Usage Rate(%)         : 6
	Aicpu Usage Rate(%)            : 0
	Ctrlcpu Usage Rate(%)          : 6
	DDR Bandwidth Usage Rate(%)    : 0
	HBM Bandwidth Usage Rate(%)    : 53
	NPU Utilization(%)             : 60
	Aicube Usage Rate(%)           : 53
	Get pid name failed.
	Process id:1657446 Process name:                  Process memory(MB):16066
Error: cannot run top on container fca65b17c7696be0978c024206dce045576ad0d5017576dab9c64493f5b57e1c as it did not create a cgroup: this container does not have a cgroup
timestamp_ns=1785750306158927381
	DDR Capacity(MB)               : 0
	DDR Usage Rate(%)              : 0
	DDR Hugepages Total(page)      : 0
	DDR Hugepages Usage Rate(%)    : 0
	HBM Capacity(MB)               : 65536
	HBM Usage Rate(%)              : 29
	Aicore Usage Rate(%)           : 78
	Aivector Usage Rate(%)         : 5
	Aicpu Usage Rate(%)            : 0
	Ctrlcpu Usage Rate(%)          : 1
	DDR Bandwidth Usage Rate(%)    : 0
	HBM Bandwidth Usage Rate(%)    : 53
	NPU Utilization(%)             : 93
	Aicube Usage Rate(%)           : 71
	Get pid name failed.
	Process id:1657446 Process name:                  Process memory(MB):16066
Error: cannot run top on container fca65b17c7696be0978c024206dce045576ad0d5017576dab9c64493f5b57e1c as it did not create a cgroup: this container does not have a cgroup
timestamp_ns=1785750308311927211
	DDR Capacity(MB)               : 0
	DDR Usage Rate(%)              : 0
	DDR Hugepages Total(page)      : 0
	DDR Hugepages Usage Rate(%)    : 0
	HBM Capacity(MB)               : 65536
	HBM Usage Rate(%)              : 29
	Aicore Usage Rate(%)           : 72
	Aivector Usage Rate(%)         : 4
	Aicpu Usage Rate(%)            : 0
	Ctrlcpu Usage Rate(%)          : 1
	DDR Bandwidth Usage Rate(%)    : 0
	HBM Bandwidth Usage Rate(%)    : 53
	NPU Utilization(%)             : 86
	Aicube Usage Rate(%)           : 65
	Get pid name failed.
	Process id:1657446 Process name:                  Process memory(MB):16066
Error: cannot run top on container fca65b17c7696be0978c024206dce045576ad0d5017576dab9c64493f5b57e1c as it did not create a cgroup: this container does not have a cgroup
timestamp_ns=1785750310503865140
	DDR Capacity(MB)               : 0
	DDR Usage Rate(%)              : 0
	DDR Hugepages Total(page)      : 0
	DDR Hugepages Usage Rate(%)    : 0
	HBM Capacity(MB)               : 65536
	HBM Usage Rate(%)              : 29
	Aicore Usage Rate(%)           : 78
	Aivector Usage Rate(%)         : 5
	Aicpu Usage Rate(%)            : 0
	Ctrlcpu Usage Rate(%)          : 4
	DDR Bandwidth Usage Rate(%)    : 0
	HBM Bandwidth Usage Rate(%)    : 51
	NPU Utilization(%)             : 93
	Aicube Usage Rate(%)           : 71
	Get pid name failed.
	Process id:1657446 Process name:                  Process memory(MB):16066
Error: cannot run top on container fca65b17c7696be0978c024206dce045576ad0d5017576dab9c64493f5b57e1c as it did not create a cgroup: this container does not have a cgroup
timestamp_ns=1785750312686785785
	DDR Capacity(MB)               : 0
	DDR Usage Rate(%)              : 0
	DDR Hugepages Total(page)      : 0
	DDR Hugepages Usage Rate(%)    : 0
	HBM Capacity(MB)               : 65536
	HBM Usage Rate(%)              : 29
	Aicore Usage Rate(%)           : 76
	Aivector Usage Rate(%)         : 5
	Aicpu Usage Rate(%)            : 0
	Ctrlcpu Usage Rate(%)          : 6
	DDR Bandwidth Usage Rate(%)    : 0
	HBM Bandwidth Usage Rate(%)    : 49
	NPU Utilization(%)             : 96
	Aicube Usage Rate(%)           : 68
	Get pid name failed.
	Process id:1657446 Process name:                  Process memory(MB):16066
Error: cannot run top on container fca65b17c7696be0978c024206dce045576ad0d5017576dab9c64493f5b57e1c as it did not create a cgroup: this container does not have a cgroup
timestamp_ns=1785750314854209997
	DDR Capacity(MB)               : 0
	DDR Usage Rate(%)              : 0
	DDR Hugepages Total(page)      : 0
	DDR Hugepages Usage Rate(%)    : 0
	HBM Capacity(MB)               : 65536
	HBM Usage Rate(%)              : 29
	Aicore Usage Rate(%)           : 77
	Aivector Usage Rate(%)         : 5
	Aicpu Usage Rate(%)            : 0
	Ctrlcpu Usage Rate(%)          : 1
	DDR Bandwidth Usage Rate(%)    : 0
	HBM Bandwidth Usage Rate(%)    : 51
	NPU Utilization(%)             : 86
	Aicube Usage Rate(%)           : 70
	Get pid name failed.
	Process id:1657446 Process name:                  Process memory(MB):16066
Error: cannot run top on container fca65b17c7696be0978c024206dce045576ad0d5017576dab9c64493f5b57e1c as it did not create a cgroup: this container does not have a cgroup
timestamp_ns=1785750317069400178
	DDR Capacity(MB)               : 0
	DDR Usage Rate(%)              : 0
	DDR Hugepages Total(page)      : 0
	DDR Hugepages Usage Rate(%)    : 0
	HBM Capacity(MB)               : 65536
	HBM Usage Rate(%)              : 29
	Aicore Usage Rate(%)           : 79
	Aivector Usage Rate(%)         : 5
	Aicpu Usage Rate(%)            : 0
	Ctrlcpu Usage Rate(%)          : 2
	DDR Bandwidth Usage Rate(%)    : 0
	HBM Bandwidth Usage Rate(%)    : 52
	NPU Utilization(%)             : 89
	Aicube Usage Rate(%)           : 71
	Get pid name failed.
	Process id:1657446 Process name:                  Process memory(MB):16066
Error: cannot run top on container fca65b17c7696be0978c024206dce045576ad0d5017576dab9c64493f5b57e1c as it did not create a cgroup: this container does not have a cgroup
timestamp_ns=1785750319234131660
	DDR Capacity(MB)               : 0
	DDR Usage Rate(%)              : 0
	DDR Hugepages Total(page)      : 0
	DDR Hugepages Usage Rate(%)    : 0
	HBM Capacity(MB)               : 65536
	HBM Usage Rate(%)              : 29
	Aicore Usage Rate(%)           : 81
	Aivector Usage Rate(%)         : 5
	Aicpu Usage Rate(%)            : 0
	Ctrlcpu Usage Rate(%)          : 5
	DDR Bandwidth Usage Rate(%)    : 0
	HBM Bandwidth Usage Rate(%)    : 53
	NPU Utilization(%)             : 86
	Aicube Usage Rate(%)           : 74
	Get pid name failed.
	Process id:1657446 Process name:                  Process memory(MB):16066
Error: cannot run top on container fca65b17c7696be0978c024206dce045576ad0d5017576dab9c64493f5b57e1c as it did not create a cgroup: this container does not have a cgroup
timestamp_ns=1785750321399133846
	DDR Capacity(MB)               : 0
	DDR Usage Rate(%)              : 0
	DDR Hugepages Total(page)      : 0
	DDR Hugepages Usage Rate(%)    : 0
	HBM Capacity(MB)               : 65536
	HBM Usage Rate(%)              : 29
	Aicore Usage Rate(%)           : 79
	Aivector Usage Rate(%)         : 5
	Aicpu Usage Rate(%)            : 0
	Ctrlcpu Usage Rate(%)          : 1
	DDR Bandwidth Usage Rate(%)    : 0
	HBM Bandwidth Usage Rate(%)    : 52
	NPU Utilization(%)             : 93
	Aicube Usage Rate(%)           : 71
	Get pid name failed.
	Process id:1657446 Process name:                  Process memory(MB):16066
Error: cannot run top on container fca65b17c7696be0978c024206dce045576ad0d5017576dab9c64493f5b57e1c as it did not create a cgroup: this container does not have a cgroup
timestamp_ns=1785750323590245577
	DDR Capacity(MB)               : 0
	DDR Usage Rate(%)              : 0
	DDR Hugepages Total(page)      : 0
	DDR Hugepages Usage Rate(%)    : 0
	HBM Capacity(MB)               : 65536
	HBM Usage Rate(%)              : 29
	Aicore Usage Rate(%)           : 73
	Aivector Usage Rate(%)         : 5
	Aicpu Usage Rate(%)            : 0
	Ctrlcpu Usage Rate(%)          : 2
	DDR Bandwidth Usage Rate(%)    : 0
	HBM Bandwidth Usage Rate(%)    : 51
	NPU Utilization(%)             : 89
	Aicube Usage Rate(%)           : 67
	Get pid name failed.
	Process id:1657446 Process name:                  Process memory(MB):16066
Error: cannot run top on container fca65b17c7696be0978c024206dce045576ad0d5017576dab9c64493f5b57e1c as it did not create a cgroup: this container does not have a cgroup
timestamp_ns=1785750325767707850
	DDR Capacity(MB)               : 0
	DDR Usage Rate(%)              : 0
	DDR Hugepages Total(page)      : 0
	DDR Hugepages Usage Rate(%)    : 0
	HBM Capacity(MB)               : 65536
	HBM Usage Rate(%)              : 29
	Aicore Usage Rate(%)           : 77
	Aivector Usage Rate(%)         : 5
	Aicpu Usage Rate(%)            : 0
	Ctrlcpu Usage Rate(%)          : 5
	DDR Bandwidth Usage Rate(%)    : 0
	HBM Bandwidth Usage Rate(%)    : 53
	NPU Utilization(%)             : 96
	Aicube Usage Rate(%)           : 70
	Get pid name failed.
	Process id:1657446 Process name:                  Process memory(MB):16066
Error: cannot run top on container fca65b17c7696be0978c024206dce045576ad0d5017576dab9c64493f5b57e1c as it did not create a cgroup: this container does not have a cgroup
timestamp_ns=1785750327938218026
	DDR Capacity(MB)               : 0
	DDR Usage Rate(%)              : 0
	DDR Hugepages Total(page)      : 0
	DDR Hugepages Usage Rate(%)    : 0
	HBM Capacity(MB)               : 65536
	HBM Usage Rate(%)              : 29
	Aicore Usage Rate(%)           : 79
	Aivector Usage Rate(%)         : 5
	Aicpu Usage Rate(%)            : 0
	Ctrlcpu Usage Rate(%)          : 3
	DDR Bandwidth Usage Rate(%)    : 0
	HBM Bandwidth Usage Rate(%)    : 36
	NPU Utilization(%)             : 100
	Aicube Usage Rate(%)           : 71
	Get pid name failed.
	Process id:1657446 Process name:                  Process memory(MB):16066
Error: cannot run top on container fca65b17c7696be0978c024206dce045576ad0d5017576dab9c64493f5b57e1c as it did not create a cgroup: this container does not have a cgroup
timestamp_ns=1785750330092401695
	DDR Capacity(MB)               : 0
	DDR Usage Rate(%)              : 0
	DDR Hugepages Total(page)      : 0
	DDR Hugepages Usage Rate(%)    : 0
	HBM Capacity(MB)               : 65536
	HBM Usage Rate(%)              : 29
	Aicore Usage Rate(%)           : 78
	Aivector Usage Rate(%)         : 5
	Aicpu Usage Rate(%)            : 0
	Ctrlcpu Usage Rate(%)          : 1
	DDR Bandwidth Usage Rate(%)    : 0
	HBM Bandwidth Usage Rate(%)    : 53
	NPU Utilization(%)             : 86
	Aicube Usage Rate(%)           : 71
	Get pid name failed.
	Process id:1657446 Process name:                  Process memory(MB):16066
Error: cannot run top on container fca65b17c7696be0978c024206dce045576ad0d5017576dab9c64493f5b57e1c as it did not create a cgroup: this container does not have a cgroup
timestamp_ns=1785750332250904072
	DDR Capacity(MB)               : 0
	DDR Usage Rate(%)              : 0
	DDR Hugepages Total(page)      : 0
	DDR Hugepages Usage Rate(%)    : 0
	HBM Capacity(MB)               : 65536
	HBM Usage Rate(%)              : 29
	Aicore Usage Rate(%)           : 79
	Aivector Usage Rate(%)         : 5
	Aicpu Usage Rate(%)            : 0
	Ctrlcpu Usage Rate(%)          : 6
	DDR Bandwidth Usage Rate(%)    : 0
	HBM Bandwidth Usage Rate(%)    : 53
	NPU Utilization(%)             : 86
	Aicube Usage Rate(%)           : 71
	Get pid name failed.
	Process id:1657446 Process name:                  Process memory(MB):16066
Error: cannot run top on container fca65b17c7696be0978c024206dce045576ad0d5017576dab9c64493f5b57e1c as it did not create a cgroup: this container does not have a cgroup
timestamp_ns=1785750334383920916
	DDR Capacity(MB)               : 0
	DDR Usage Rate(%)              : 0
	DDR Hugepages Total(page)      : 0
	DDR Hugepages Usage Rate(%)    : 0
	HBM Capacity(MB)               : 65536
	HBM Usage Rate(%)              : 29
	Aicore Usage Rate(%)           : 78
	Aivector Usage Rate(%)         : 5
	Aicpu Usage Rate(%)            : 0
	Ctrlcpu Usage Rate(%)          : 3
	DDR Bandwidth Usage Rate(%)    : 0
	HBM Bandwidth Usage Rate(%)    : 53
	NPU Utilization(%)             : 100
	Aicube Usage Rate(%)           : 71
	Get pid name failed.
	Process id:1657446 Process name:                  Process memory(MB):16066
Error: cannot run top on container fca65b17c7696be0978c024206dce045576ad0d5017576dab9c64493f5b57e1c as it did not create a cgroup: this container does not have a cgroup
timestamp_ns=1785750336541700470
	DDR Capacity(MB)               : 0
	DDR Usage Rate(%)              : 0
	DDR Hugepages Total(page)      : 0
	DDR Hugepages Usage Rate(%)    : 0
	HBM Capacity(MB)               : 65536
	HBM Usage Rate(%)              : 29
	Aicore Usage Rate(%)           : 79
	Aivector Usage Rate(%)         : 5
	Aicpu Usage Rate(%)            : 0
	Ctrlcpu Usage Rate(%)          : 4
	DDR Bandwidth Usage Rate(%)    : 0
	HBM Bandwidth Usage Rate(%)    : 53
	NPU Utilization(%)             : 93
	Aicube Usage Rate(%)           : 71
	Get pid name failed.
	Process id:1657446 Process name:                  Process memory(MB):16066
Error: cannot run top on container fca65b17c7696be0978c024206dce045576ad0d5017576dab9c64493f5b57e1c as it did not create a cgroup: this container does not have a cgroup
timestamp_ns=1785750338675840556
	DDR Capacity(MB)               : 0
	DDR Usage Rate(%)              : 0
	DDR Hugepages Total(page)      : 0
	DDR Hugepages Usage Rate(%)    : 0
	HBM Capacity(MB)               : 65536
	HBM Usage Rate(%)              : 29
	Aicore Usage Rate(%)           : 77
	Aivector Usage Rate(%)         : 5
	Aicpu Usage Rate(%)            : 0
	Ctrlcpu Usage Rate(%)          : 1
	DDR Bandwidth Usage Rate(%)    : 0
	HBM Bandwidth Usage Rate(%)    : 52
	NPU Utilization(%)             : 86
	Aicube Usage Rate(%)           : 70
	Get pid name failed.
	Process id:1657446 Process name:                  Process memory(MB):16066
Error: cannot run top on container fca65b17c7696be0978c024206dce045576ad0d5017576dab9c64493f5b57e1c as it did not create a cgroup: this container does not have a cgroup
timestamp_ns=1785750340835626337
	DDR Capacity(MB)               : 0
	DDR Usage Rate(%)              : 0
	DDR Hugepages Total(page)      : 0
	DDR Hugepages Usage Rate(%)    : 0
	HBM Capacity(MB)               : 65536
	HBM Usage Rate(%)              : 29
	Aicore Usage Rate(%)           : 80
	Aivector Usage Rate(%)         : 5
	Aicpu Usage Rate(%)            : 0
	Ctrlcpu Usage Rate(%)          : 4
	DDR Bandwidth Usage Rate(%)    : 0
	HBM Bandwidth Usage Rate(%)    : 53
	NPU Utilization(%)             : 93
	Aicube Usage Rate(%)           : 71
	Get pid name failed.
	Process id:1657446 Process name:                  Process memory(MB):16066
Error: cannot run top on container fca65b17c7696be0978c024206dce045576ad0d5017576dab9c64493f5b57e1c as it did not create a cgroup: this container does not have a cgroup
timestamp_ns=1785750342970214701
	DDR Capacity(MB)               : 0
	DDR Usage Rate(%)              : 0
	DDR Hugepages Total(page)      : 0
	DDR Hugepages Usage Rate(%)    : 0
	HBM Capacity(MB)               : 65536
	HBM Usage Rate(%)              : 29
	Aicore Usage Rate(%)           : 78
	Aivector Usage Rate(%)         : 5
	Aicpu Usage Rate(%)            : 0
	Ctrlcpu Usage Rate(%)          : 4
	DDR Bandwidth Usage Rate(%)    : 0
	HBM Bandwidth Usage Rate(%)    : 52
	NPU Utilization(%)             : 93
	Aicube Usage Rate(%)           : 70
	Get pid name failed.
	Process id:1657446 Process name:                  Process memory(MB):16066
Error: cannot run top on container fca65b17c7696be0978c024206dce045576ad0d5017576dab9c64493f5b57e1c as it did not create a cgroup: this container does not have a cgroup
timestamp_ns=1785750345128327983
	DDR Capacity(MB)               : 0
	DDR Usage Rate(%)              : 0
	DDR Hugepages Total(page)      : 0
	DDR Hugepages Usage Rate(%)    : 0
	HBM Capacity(MB)               : 65536
	HBM Usage Rate(%)              : 29
	Aicore Usage Rate(%)           : 79
	Aivector Usage Rate(%)         : 5
	Aicpu Usage Rate(%)            : 0
	Ctrlcpu Usage Rate(%)          : 4
	DDR Bandwidth Usage Rate(%)    : 0
	HBM Bandwidth Usage Rate(%)    : 53
	NPU Utilization(%)             : 89
	Aicube Usage Rate(%)           : 71
	Get pid name failed.
	Process id:1657446 Process name:                  Process memory(MB):16066
Error: cannot run top on container fca65b17c7696be0978c024206dce045576ad0d5017576dab9c64493f5b57e1c as it did not create a cgroup: this container does not have a cgroup
timestamp_ns=1785750347318500346
	DDR Capacity(MB)               : 0
	DDR Usage Rate(%)              : 0
	DDR Hugepages Total(page)      : 0
	DDR Hugepages Usage Rate(%)    : 0
	HBM Capacity(MB)               : 65536
	HBM Usage Rate(%)              : 29
	Aicore Usage Rate(%)           : 81
	Aivector Usage Rate(%)         : 5
	Aicpu Usage Rate(%)            : 0
	Ctrlcpu Usage Rate(%)          : 6
	DDR Bandwidth Usage Rate(%)    : 0
	HBM Bandwidth Usage Rate(%)    : 53
	NPU Utilization(%)             : 86
	Aicube Usage Rate(%)           : 73
	Get pid name failed.
	Process id:1657446 Process name:                  Process memory(MB):16066
Error: cannot run top on container fca65b17c7696be0978c024206dce045576ad0d5017576dab9c64493f5b57e1c as it did not create a cgroup: this container does not have a cgroup
timestamp_ns=1785750349460548897
	DDR Capacity(MB)               : 0
	DDR Usage Rate(%)              : 0
	DDR Hugepages Total(page)      : 0
	DDR Hugepages Usage Rate(%)    : 0
	HBM Capacity(MB)               : 65536
	HBM Usage Rate(%)              : 29
	Aicore Usage Rate(%)           : 78
	Aivector Usage Rate(%)         : 5
	Aicpu Usage Rate(%)            : 0
	Ctrlcpu Usage Rate(%)          : 5
	DDR Bandwidth Usage Rate(%)    : 0
	HBM Bandwidth Usage Rate(%)    : 53
	NPU Utilization(%)             : 89
	Aicube Usage Rate(%)           : 71
	Get pid name failed.
	Process id:1657446 Process name:                  Process memory(MB):16066
Error: cannot run top on container fca65b17c7696be0978c024206dce045576ad0d5017576dab9c64493f5b57e1c as it did not create a cgroup: this container does not have a cgroup
timestamp_ns=1785750351651003376
	DDR Capacity(MB)               : 0
	DDR Usage Rate(%)              : 0
	DDR Hugepages Total(page)      : 0
	DDR Hugepages Usage Rate(%)    : 0
	HBM Capacity(MB)               : 65536
	HBM Usage Rate(%)              : 29
	Aicore Usage Rate(%)           : 78
	Aivector Usage Rate(%)         : 5
	Aicpu Usage Rate(%)            : 0
	Ctrlcpu Usage Rate(%)          : 2
	DDR Bandwidth Usage Rate(%)    : 0
	HBM Bandwidth Usage Rate(%)    : 11
	NPU Utilization(%)             : 86
	Aicube Usage Rate(%)           : 70
	Get pid name failed.
	Process id:1657446 Process name:                  Process memory(MB):16066
Error: cannot run top on container fca65b17c7696be0978c024206dce045576ad0d5017576dab9c64493f5b57e1c as it did not create a cgroup: this container does not have a cgroup
timestamp_ns=1785750353824314664
	DDR Capacity(MB)               : 0
	DDR Usage Rate(%)              : 0
	DDR Hugepages Total(page)      : 0
	DDR Hugepages Usage Rate(%)    : 0
	HBM Capacity(MB)               : 65536
	HBM Usage Rate(%)              : 29
	Aicore Usage Rate(%)           : 80
	Aivector Usage Rate(%)         : 5
	Aicpu Usage Rate(%)            : 0
	Ctrlcpu Usage Rate(%)          : 1
	DDR Bandwidth Usage Rate(%)    : 0
	HBM Bandwidth Usage Rate(%)    : 53
	NPU Utilization(%)             : 89
	Aicube Usage Rate(%)           : 72
	Get pid name failed.
	Process id:1657446 Process name:                  Process memory(MB):16066
Error: cannot run top on container fca65b17c7696be0978c024206dce045576ad0d5017576dab9c64493f5b57e1c as it did not create a cgroup: this container does not have a cgroup
timestamp_ns=1785750355968276821
	DDR Capacity(MB)               : 0
	DDR Usage Rate(%)              : 0
	DDR Hugepages Total(page)      : 0
	DDR Hugepages Usage Rate(%)    : 0
	HBM Capacity(MB)               : 65536
	HBM Usage Rate(%)              : 29
	Aicore Usage Rate(%)           : 77
	Aivector Usage Rate(%)         : 5
	Aicpu Usage Rate(%)            : 0
	Ctrlcpu Usage Rate(%)          : 4
	DDR Bandwidth Usage Rate(%)    : 0
	HBM Bandwidth Usage Rate(%)    : 54
	NPU Utilization(%)             : 100
	Aicube Usage Rate(%)           : 70
	Get pid name failed.
	Process id:1657446 Process name:                  Process memory(MB):16066
Error: cannot run top on container fca65b17c7696be0978c024206dce045576ad0d5017576dab9c64493f5b57e1c as it did not create a cgroup: this container does not have a cgroup
timestamp_ns=1785750358121638649
	DDR Capacity(MB)               : 0
	DDR Usage Rate(%)              : 0
	DDR Hugepages Total(page)      : 0
	DDR Hugepages Usage Rate(%)    : 0
	HBM Capacity(MB)               : 65536
	HBM Usage Rate(%)              : 29
	Aicore Usage Rate(%)           : 79
	Aivector Usage Rate(%)         : 5
	Aicpu Usage Rate(%)            : 0
	Ctrlcpu Usage Rate(%)          : 1
	DDR Bandwidth Usage Rate(%)    : 0
	HBM Bandwidth Usage Rate(%)    : 53
	NPU Utilization(%)             : 93
	Aicube Usage Rate(%)           : 71
	Get pid name failed.
	Process id:1657446 Process name:                  Process memory(MB):16066
Error: cannot run top on container fca65b17c7696be0978c024206dce045576ad0d5017576dab9c64493f5b57e1c as it did not create a cgroup: this container does not have a cgroup
timestamp_ns=1785750360279549169
	DDR Capacity(MB)               : 0
	DDR Usage Rate(%)              : 0
	DDR Hugepages Total(page)      : 0
	DDR Hugepages Usage Rate(%)    : 0
	HBM Capacity(MB)               : 65536
	HBM Usage Rate(%)              : 29
	Aicore Usage Rate(%)           : 78
	Aivector Usage Rate(%)         : 5
	Aicpu Usage Rate(%)            : 0
	Ctrlcpu Usage Rate(%)          : 0
	DDR Bandwidth Usage Rate(%)    : 0
	HBM Bandwidth Usage Rate(%)    : 54
	NPU Utilization(%)             : 100
	Aicube Usage Rate(%)           : 71
	Get pid name failed.
	Process id:1657446 Process name:                  Process memory(MB):16066
Error: cannot run top on container fca65b17c7696be0978c024206dce045576ad0d5017576dab9c64493f5b57e1c as it did not create a cgroup: this container does not have a cgroup
timestamp_ns=1785750362421761346
	DDR Capacity(MB)               : 0
	DDR Usage Rate(%)              : 0
	DDR Hugepages Total(page)      : 0
	DDR Hugepages Usage Rate(%)    : 0
	HBM Capacity(MB)               : 65536
	HBM Usage Rate(%)              : 29
	Aicore Usage Rate(%)           : 81
	Aivector Usage Rate(%)         : 5
	Aicpu Usage Rate(%)            : 0
	Ctrlcpu Usage Rate(%)          : 6
	DDR Bandwidth Usage Rate(%)    : 0
	HBM Bandwidth Usage Rate(%)    : 53
	NPU Utilization(%)             : 100
	Aicube Usage Rate(%)           : 72
	Get pid name failed.
	Process id:1657446 Process name:                  Process memory(MB):16066
Error: cannot run top on container fca65b17c7696be0978c024206dce045576ad0d5017576dab9c64493f5b57e1c as it did not create a cgroup: this container does not have a cgroup
timestamp_ns=1785750364583099630
	DDR Capacity(MB)               : 0
	DDR Usage Rate(%)              : 0
	DDR Hugepages Total(page)      : 0
	DDR Hugepages Usage Rate(%)    : 0
	HBM Capacity(MB)               : 65536
	HBM Usage Rate(%)              : 29
	Aicore Usage Rate(%)           : 81
	Aivector Usage Rate(%)         : 5
	Aicpu Usage Rate(%)            : 0
	Ctrlcpu Usage Rate(%)          : 11
	DDR Bandwidth Usage Rate(%)    : 0
	HBM Bandwidth Usage Rate(%)    : 53
	NPU Utilization(%)             : 93
	Aicube Usage Rate(%)           : 74
	Get pid name failed.
	Process id:1657446 Process name:                  Process memory(MB):16066
Error: cannot run top on container fca65b17c7696be0978c024206dce045576ad0d5017576dab9c64493f5b57e1c as it did not create a cgroup: this container does not have a cgroup
timestamp_ns=1785750366735641085
	DDR Capacity(MB)               : 0
	DDR Usage Rate(%)              : 0
	DDR Hugepages Total(page)      : 0
	DDR Hugepages Usage Rate(%)    : 0
	HBM Capacity(MB)               : 65536
	HBM Usage Rate(%)              : 29
	Aicore Usage Rate(%)           : 81
	Aivector Usage Rate(%)         : 5
	Aicpu Usage Rate(%)            : 0
	Ctrlcpu Usage Rate(%)          : 3
	DDR Bandwidth Usage Rate(%)    : 0
	HBM Bandwidth Usage Rate(%)    : 51
	NPU Utilization(%)             : 93
	Aicube Usage Rate(%)           : 72
	Get pid name failed.
	Process id:1657446 Process name:                  Process memory(MB):16066
Error: cannot run top on container fca65b17c7696be0978c024206dce045576ad0d5017576dab9c64493f5b57e1c as it did not create a cgroup: this container does not have a cgroup
timestamp_ns=1785750368977438418
	DDR Capacity(MB)               : 0
	DDR Usage Rate(%)              : 0
	DDR Hugepages Total(page)      : 0
	DDR Hugepages Usage Rate(%)    : 0
	HBM Capacity(MB)               : 65536
	HBM Usage Rate(%)              : 29
	Aicore Usage Rate(%)           : 77
	Aivector Usage Rate(%)         : 5
	Aicpu Usage Rate(%)            : 0
	Ctrlcpu Usage Rate(%)          : 0
	DDR Bandwidth Usage Rate(%)    : 0
	HBM Bandwidth Usage Rate(%)    : 53
	NPU Utilization(%)             : 100
	Aicube Usage Rate(%)           : 70
	Get pid name failed.
	Process id:1657446 Process name:                  Process memory(MB):16066
Error: cannot run top on container fca65b17c7696be0978c024206dce045576ad0d5017576dab9c64493f5b57e1c as it did not create a cgroup: this container does not have a cgroup
timestamp_ns=1785750371195861356
	DDR Capacity(MB)               : 0
	DDR Usage Rate(%)              : 0
	DDR Hugepages Total(page)      : 0
	DDR Hugepages Usage Rate(%)    : 0
	HBM Capacity(MB)               : 65536
	HBM Usage Rate(%)              : 29
	Aicore Usage Rate(%)           : 80
	Aivector Usage Rate(%)         : 5
	Aicpu Usage Rate(%)            : 0
	Ctrlcpu Usage Rate(%)          : 3
	DDR Bandwidth Usage Rate(%)    : 0
	HBM Bandwidth Usage Rate(%)    : 53
	NPU Utilization(%)             : 89
	Aicube Usage Rate(%)           : 71
	Get pid name failed.
	Process id:1657446 Process name:                  Process memory(MB):16066
Error: cannot run top on container fca65b17c7696be0978c024206dce045576ad0d5017576dab9c64493f5b57e1c as it did not create a cgroup: this container does not have a cgroup
timestamp_ns=1785750373443429893
	DDR Capacity(MB)               : 0
	DDR Usage Rate(%)              : 0
	DDR Hugepages Total(page)      : 0
	DDR Hugepages Usage Rate(%)    : 0
	HBM Capacity(MB)               : 65536
	HBM Usage Rate(%)              : 29
	Aicore Usage Rate(%)           : 80
	Aivector Usage Rate(%)         : 5
	Aicpu Usage Rate(%)            : 0
	Ctrlcpu Usage Rate(%)          : 0
	DDR Bandwidth Usage Rate(%)    : 0
	HBM Bandwidth Usage Rate(%)    : 53
	NPU Utilization(%)             : 96
	Aicube Usage Rate(%)           : 73
	Get pid name failed.
	Process id:1657446 Process name:                  Process memory(MB):16066
Error: cannot run top on container fca65b17c7696be0978c024206dce045576ad0d5017576dab9c64493f5b57e1c as it did not create a cgroup: this container does not have a cgroup
timestamp_ns=1785750375671302113
	DDR Capacity(MB)               : 0
	DDR Usage Rate(%)              : 0
	DDR Hugepages Total(page)      : 0
	DDR Hugepages Usage Rate(%)    : 0
	HBM Capacity(MB)               : 65536
	HBM Usage Rate(%)              : 29
	Aicore Usage Rate(%)           : 79
	Aivector Usage Rate(%)         : 5
	Aicpu Usage Rate(%)            : 0
	Ctrlcpu Usage Rate(%)          : 1
	DDR Bandwidth Usage Rate(%)    : 0
	HBM Bandwidth Usage Rate(%)    : 53
	NPU Utilization(%)             : 93
	Aicube Usage Rate(%)           : 71
	Get pid name failed.
	Process id:1657446 Process name:                  Process memory(MB):16066
Error: cannot run top on container fca65b17c7696be0978c024206dce045576ad0d5017576dab9c64493f5b57e1c as it did not create a cgroup: this container does not have a cgroup
timestamp_ns=1785750377816310905
	DDR Capacity(MB)               : 0
	DDR Usage Rate(%)              : 0
	DDR Hugepages Total(page)      : 0
	DDR Hugepages Usage Rate(%)    : 0
	HBM Capacity(MB)               : 65536
	HBM Usage Rate(%)              : 29
	Aicore Usage Rate(%)           : 78
	Aivector Usage Rate(%)         : 5
	Aicpu Usage Rate(%)            : 0
	Ctrlcpu Usage Rate(%)          : 1
	DDR Bandwidth Usage Rate(%)    : 0
	HBM Bandwidth Usage Rate(%)    : 53
	NPU Utilization(%)             : 89
	Aicube Usage Rate(%)           : 71
	Get pid name failed.
	Process id:1657446 Process name:                  Process memory(MB):16066
Error: cannot run top on container fca65b17c7696be0978c024206dce045576ad0d5017576dab9c64493f5b57e1c as it did not create a cgroup: this container does not have a cgroup
timestamp_ns=1785750379956990970
	DDR Capacity(MB)               : 0
	DDR Usage Rate(%)              : 0
	DDR Hugepages Total(page)      : 0
	DDR Hugepages Usage Rate(%)    : 0
	HBM Capacity(MB)               : 65536
	HBM Usage Rate(%)              : 29
	Aicore Usage Rate(%)           : 79
	Aivector Usage Rate(%)         : 5
	Aicpu Usage Rate(%)            : 0
	Ctrlcpu Usage Rate(%)          : 3
	DDR Bandwidth Usage Rate(%)    : 0
	HBM Bandwidth Usage Rate(%)    : 53
	NPU Utilization(%)             : 100
	Aicube Usage Rate(%)           : 71
	Get pid name failed.
	Process id:1657446 Process name:                  Process memory(MB):16066
Error: cannot run top on container fca65b17c7696be0978c024206dce045576ad0d5017576dab9c64493f5b57e1c as it did not create a cgroup: this container does not have a cgroup
timestamp_ns=1785750382103084544
	DDR Capacity(MB)               : 0
	DDR Usage Rate(%)              : 0
	DDR Hugepages Total(page)      : 0
	DDR Hugepages Usage Rate(%)    : 0
	HBM Capacity(MB)               : 65536
	HBM Usage Rate(%)              : 29
	Aicore Usage Rate(%)           : 72
	Aivector Usage Rate(%)         : 4
	Aicpu Usage Rate(%)            : 0
	Ctrlcpu Usage Rate(%)          : 6
	DDR Bandwidth Usage Rate(%)    : 0
	HBM Bandwidth Usage Rate(%)    : 19
	NPU Utilization(%)             : 93
	Aicube Usage Rate(%)           : 64
	Get pid name failed.
	Process id:1657446 Process name:                  Process memory(MB):16066
Error: cannot run top on container fca65b17c7696be0978c024206dce045576ad0d5017576dab9c64493f5b57e1c as it did not create a cgroup: this container does not have a cgroup
timestamp_ns=1785750384259639687
	DDR Capacity(MB)               : 0
	DDR Usage Rate(%)              : 0
	DDR Hugepages Total(page)      : 0
	DDR Hugepages Usage Rate(%)    : 0
	HBM Capacity(MB)               : 65536
	HBM Usage Rate(%)              : 29
	Aicore Usage Rate(%)           : 81
	Aivector Usage Rate(%)         : 5
	Aicpu Usage Rate(%)            : 0
	Ctrlcpu Usage Rate(%)          : 4
	DDR Bandwidth Usage Rate(%)    : 0
	HBM Bandwidth Usage Rate(%)    : 44
	NPU Utilization(%)             : 86
	Aicube Usage Rate(%)           : 74
	Get pid name failed.
	Process id:1657446 Process name:                  Process memory(MB):16066
Error: cannot run top on container fca65b17c7696be0978c024206dce045576ad0d5017576dab9c64493f5b57e1c as it did not create a cgroup: this container does not have a cgroup
timestamp_ns=1785750386449945592
	DDR Capacity(MB)               : 0
	DDR Usage Rate(%)              : 0
	DDR Hugepages Total(page)      : 0
	DDR Hugepages Usage Rate(%)    : 0
	HBM Capacity(MB)               : 65536
	HBM Usage Rate(%)              : 29
	Aicore Usage Rate(%)           : 80
	Aivector Usage Rate(%)         : 5
	Aicpu Usage Rate(%)            : 0
	Ctrlcpu Usage Rate(%)          : 5
	DDR Bandwidth Usage Rate(%)    : 0
	HBM Bandwidth Usage Rate(%)    : 53
	NPU Utilization(%)             : 93
	Aicube Usage Rate(%)           : 72
	Get pid name failed.
	Process id:1657446 Process name:                  Process memory(MB):16066
Error: cannot run top on container fca65b17c7696be0978c024206dce045576ad0d5017576dab9c64493f5b57e1c as it did not create a cgroup: this container does not have a cgroup
timestamp_ns=1785750388633474635
	DDR Capacity(MB)               : 0
	DDR Usage Rate(%)              : 0
	DDR Hugepages Total(page)      : 0
	DDR Hugepages Usage Rate(%)    : 0
	HBM Capacity(MB)               : 65536
	HBM Usage Rate(%)              : 29
	Aicore Usage Rate(%)           : 79
	Aivector Usage Rate(%)         : 5
	Aicpu Usage Rate(%)            : 0
	Ctrlcpu Usage Rate(%)          : 4
	DDR Bandwidth Usage Rate(%)    : 0
	HBM Bandwidth Usage Rate(%)    : 53
	NPU Utilization(%)             : 93
	Aicube Usage Rate(%)           : 72
	Get pid name failed.
	Process id:1657446 Process name:                  Process memory(MB):16066
Error: cannot run top on container fca65b17c7696be0978c024206dce045576ad0d5017576dab9c64493f5b57e1c as it did not create a cgroup: this container does not have a cgroup
timestamp_ns=1785750390817114461
	DDR Capacity(MB)               : 0
	DDR Usage Rate(%)              : 0
	DDR Hugepages Total(page)      : 0
	DDR Hugepages Usage Rate(%)    : 0
	HBM Capacity(MB)               : 65536
	HBM Usage Rate(%)              : 29
	Aicore Usage Rate(%)           : 78
	Aivector Usage Rate(%)         : 5
	Aicpu Usage Rate(%)            : 0
	Ctrlcpu Usage Rate(%)          : 1
	DDR Bandwidth Usage Rate(%)    : 0
	HBM Bandwidth Usage Rate(%)    : 53
	NPU Utilization(%)             : 93
	Aicube Usage Rate(%)           : 70
	Get pid name failed.
	Process id:1657446 Process name:                  Process memory(MB):16066
Error: cannot run top on container fca65b17c7696be0978c024206dce045576ad0d5017576dab9c64493f5b57e1c as it did not create a cgroup: this container does not have a cgroup
timestamp_ns=1785750392967947645
	DDR Capacity(MB)               : 0
	DDR Usage Rate(%)              : 0
	DDR Hugepages Total(page)      : 0
	DDR Hugepages Usage Rate(%)    : 0
	HBM Capacity(MB)               : 65536
	HBM Usage Rate(%)              : 29
	Aicore Usage Rate(%)           : 82
	Aivector Usage Rate(%)         : 5
	Aicpu Usage Rate(%)            : 0
	Ctrlcpu Usage Rate(%)          : 2
	DDR Bandwidth Usage Rate(%)    : 0
	HBM Bandwidth Usage Rate(%)    : 53
	NPU Utilization(%)             : 100
	Aicube Usage Rate(%)           : 74
	Get pid name failed.
	Process id:1657446 Process name:                  Process memory(MB):16066
Error: cannot run top on container fca65b17c7696be0978c024206dce045576ad0d5017576dab9c64493f5b57e1c as it did not create a cgroup: this container does not have a cgroup
timestamp_ns=1785750395112378515
	DDR Capacity(MB)               : 0
	DDR Usage Rate(%)              : 0
	DDR Hugepages Total(page)      : 0
	DDR Hugepages Usage Rate(%)    : 0
	HBM Capacity(MB)               : 65536
	HBM Usage Rate(%)              : 29
	Aicore Usage Rate(%)           : 78
	Aivector Usage Rate(%)         : 5
	Aicpu Usage Rate(%)            : 0
	Ctrlcpu Usage Rate(%)          : 4
	DDR Bandwidth Usage Rate(%)    : 0
	HBM Bandwidth Usage Rate(%)    : 53
	NPU Utilization(%)             : 100
	Aicube Usage Rate(%)           : 71
	Get pid name failed.
	Process id:1657446 Process name:                  Process memory(MB):16066
Error: cannot run top on container fca65b17c7696be0978c024206dce045576ad0d5017576dab9c64493f5b57e1c as it did not create a cgroup: this container does not have a cgroup
timestamp_ns=1785750397268357765
	DDR Capacity(MB)               : 0
	DDR Usage Rate(%)              : 0
	DDR Hugepages Total(page)      : 0
	DDR Hugepages Usage Rate(%)    : 0
	HBM Capacity(MB)               : 65536
	HBM Usage Rate(%)              : 29
	Aicore Usage Rate(%)           : 79
	Aivector Usage Rate(%)         : 5
	Aicpu Usage Rate(%)            : 0
	Ctrlcpu Usage Rate(%)          : 2
	DDR Bandwidth Usage Rate(%)    : 0
	HBM Bandwidth Usage Rate(%)    : 53
	NPU Utilization(%)             : 89
	Aicube Usage Rate(%)           : 71
	Get pid name failed.
	Process id:1657446 Process name:                  Process memory(MB):16066
Error: cannot run top on container fca65b17c7696be0978c024206dce045576ad0d5017576dab9c64493f5b57e1c as it did not create a cgroup: this container does not have a cgroup
timestamp_ns=1785750399407959870
	DDR Capacity(MB)               : 0
	DDR Usage Rate(%)              : 0
	DDR Hugepages Total(page)      : 0
	DDR Hugepages Usage Rate(%)    : 0
	HBM Capacity(MB)               : 65536
	HBM Usage Rate(%)              : 29
	Aicore Usage Rate(%)           : 81
	Aivector Usage Rate(%)         : 5
	Aicpu Usage Rate(%)            : 0
	Ctrlcpu Usage Rate(%)          : 1
	DDR Bandwidth Usage Rate(%)    : 0
	HBM Bandwidth Usage Rate(%)    : 53
	NPU Utilization(%)             : 86
	Aicube Usage Rate(%)           : 74
	Get pid name failed.
	Process id:1657446 Process name:                  Process memory(MB):16066
Error: cannot run top on container fca65b17c7696be0978c024206dce045576ad0d5017576dab9c64493f5b57e1c as it did not create a cgroup: this container does not have a cgroup
timestamp_ns=1785750401543770589
	DDR Capacity(MB)               : 0
	DDR Usage Rate(%)              : 0
	DDR Hugepages Total(page)      : 0
	DDR Hugepages Usage Rate(%)    : 0
	HBM Capacity(MB)               : 65536
	HBM Usage Rate(%)              : 29
	Aicore Usage Rate(%)           : 80
	Aivector Usage Rate(%)         : 5
	Aicpu Usage Rate(%)            : 0
	Ctrlcpu Usage Rate(%)          : 3
	DDR Bandwidth Usage Rate(%)    : 0
	HBM Bandwidth Usage Rate(%)    : 53
	NPU Utilization(%)             : 93
	Aicube Usage Rate(%)           : 71
	Get pid name failed.
	Process id:1657446 Process name:                  Process memory(MB):16066
Error: cannot run top on container fca65b17c7696be0978c024206dce045576ad0d5017576dab9c64493f5b57e1c as it did not create a cgroup: this container does not have a cgroup
timestamp_ns=1785750403694383396
	DDR Capacity(MB)               : 0
	DDR Usage Rate(%)              : 0
	DDR Hugepages Total(page)      : 0
	DDR Hugepages Usage Rate(%)    : 0
	HBM Capacity(MB)               : 65536
	HBM Usage Rate(%)              : 29
	Aicore Usage Rate(%)           : 76
	Aivector Usage Rate(%)         : 5
	Aicpu Usage Rate(%)            : 0
	Ctrlcpu Usage Rate(%)          : 3
	DDR Bandwidth Usage Rate(%)    : 0
	HBM Bandwidth Usage Rate(%)    : 53
	NPU Utilization(%)             : 82
	Aicube Usage Rate(%)           : 69
	Get pid name failed.
	Process id:1657446 Process name:                  Process memory(MB):16066
Error: cannot run top on container fca65b17c7696be0978c024206dce045576ad0d5017576dab9c64493f5b57e1c as it did not create a cgroup: this container does not have a cgroup
timestamp_ns=1785750405840950081
	DDR Capacity(MB)               : 0
	DDR Usage Rate(%)              : 0
	DDR Hugepages Total(page)      : 0
	DDR Hugepages Usage Rate(%)    : 0
	HBM Capacity(MB)               : 65536
	HBM Usage Rate(%)              : 29
	Aicore Usage Rate(%)           : 80
	Aivector Usage Rate(%)         : 5
	Aicpu Usage Rate(%)            : 0
	Ctrlcpu Usage Rate(%)          : 9
	DDR Bandwidth Usage Rate(%)    : 0
	HBM Bandwidth Usage Rate(%)    : 53
	NPU Utilization(%)             : 93
	Aicube Usage Rate(%)           : 71
	Get pid name failed.
	Process id:1657446 Process name:                  Process memory(MB):16066
Error: cannot run top on container fca65b17c7696be0978c024206dce045576ad0d5017576dab9c64493f5b57e1c as it did not create a cgroup: this container does not have a cgroup
timestamp_ns=1785750407980376000
	DDR Capacity(MB)               : 0
	DDR Usage Rate(%)              : 0
	DDR Hugepages Total(page)      : 0
	DDR Hugepages Usage Rate(%)    : 0
	HBM Capacity(MB)               : 65536
	HBM Usage Rate(%)              : 29
	Aicore Usage Rate(%)           : 80
	Aivector Usage Rate(%)         : 5
	Aicpu Usage Rate(%)            : 0
	Ctrlcpu Usage Rate(%)          : 6
	DDR Bandwidth Usage Rate(%)    : 0
	HBM Bandwidth Usage Rate(%)    : 23
	NPU Utilization(%)             : 86
	Aicube Usage Rate(%)           : 72
	Get pid name failed.
	Process id:1657446 Process name:                  Process memory(MB):16066
Error: cannot run top on container fca65b17c7696be0978c024206dce045576ad0d5017576dab9c64493f5b57e1c as it did not create a cgroup: this container does not have a cgroup
timestamp_ns=1785750410136341498
	DDR Capacity(MB)               : 0
	DDR Usage Rate(%)              : 0
	DDR Hugepages Total(page)      : 0
	DDR Hugepages Usage Rate(%)    : 0
	HBM Capacity(MB)               : 65536
	HBM Usage Rate(%)              : 29
	Aicore Usage Rate(%)           : 79
	Aivector Usage Rate(%)         : 5
	Aicpu Usage Rate(%)            : 0
	Ctrlcpu Usage Rate(%)          : 3
	DDR Bandwidth Usage Rate(%)    : 0
	HBM Bandwidth Usage Rate(%)    : 39
	NPU Utilization(%)             : 86
	Aicube Usage Rate(%)           : 71
	Get pid name failed.
	Process id:1657446 Process name:                  Process memory(MB):16066
Error: cannot run top on container fca65b17c7696be0978c024206dce045576ad0d5017576dab9c64493f5b57e1c as it did not create a cgroup: this container does not have a cgroup
timestamp_ns=1785750412274231331
	DDR Capacity(MB)               : 0
	DDR Usage Rate(%)              : 0
	DDR Hugepages Total(page)      : 0
	DDR Hugepages Usage Rate(%)    : 0
	HBM Capacity(MB)               : 65536
	HBM Usage Rate(%)              : 29
	Aicore Usage Rate(%)           : 79
	Aivector Usage Rate(%)         : 5
	Aicpu Usage Rate(%)            : 0
	Ctrlcpu Usage Rate(%)          : 8
	DDR Bandwidth Usage Rate(%)    : 0
	HBM Bandwidth Usage Rate(%)    : 54
	NPU Utilization(%)             : 89
	Aicube Usage Rate(%)           : 71
	Get pid name failed.
	Process id:1657446 Process name:                  Process memory(MB):16066
Error: cannot run top on container fca65b17c7696be0978c024206dce045576ad0d5017576dab9c64493f5b57e1c as it did not create a cgroup: this container does not have a cgroup
timestamp_ns=1785750414414094622
	DDR Capacity(MB)               : 0
	DDR Usage Rate(%)              : 0
	DDR Hugepages Total(page)      : 0
	DDR Hugepages Usage Rate(%)    : 0
	HBM Capacity(MB)               : 65536
	HBM Usage Rate(%)              : 29
	Aicore Usage Rate(%)           : 82
	Aivector Usage Rate(%)         : 5
	Aicpu Usage Rate(%)            : 0
	Ctrlcpu Usage Rate(%)          : 3
	DDR Bandwidth Usage Rate(%)    : 0
	HBM Bandwidth Usage Rate(%)    : 53
	NPU Utilization(%)             : 100
	Aicube Usage Rate(%)           : 74
	Get pid name failed.
	Process id:1657446 Process name:                  Process memory(MB):16066
Error: cannot run top on container fca65b17c7696be0978c024206dce045576ad0d5017576dab9c64493f5b57e1c as it did not create a cgroup: this container does not have a cgroup
timestamp_ns=1785750416553560057
	DDR Capacity(MB)               : 0
	DDR Usage Rate(%)              : 0
	DDR Hugepages Total(page)      : 0
	DDR Hugepages Usage Rate(%)    : 0
	HBM Capacity(MB)               : 65536
	HBM Usage Rate(%)              : 29
	Aicore Usage Rate(%)           : 81
	Aivector Usage Rate(%)         : 5
	Aicpu Usage Rate(%)            : 0
	Ctrlcpu Usage Rate(%)          : 3
	DDR Bandwidth Usage Rate(%)    : 0
	HBM Bandwidth Usage Rate(%)    : 53
	NPU Utilization(%)             : 86
	Aicube Usage Rate(%)           : 74
	Get pid name failed.
	Process id:1657446 Process name:                  Process memory(MB):16066
Error: cannot run top on container fca65b17c7696be0978c024206dce045576ad0d5017576dab9c64493f5b57e1c as it did not create a cgroup: this container does not have a cgroup
timestamp_ns=1785750418704081933
	DDR Capacity(MB)               : 0
	DDR Usage Rate(%)              : 0
	DDR Hugepages Total(page)      : 0
	DDR Hugepages Usage Rate(%)    : 0
	HBM Capacity(MB)               : 65536
	HBM Usage Rate(%)              : 29
	Aicore Usage Rate(%)           : 80
	Aivector Usage Rate(%)         : 5
	Aicpu Usage Rate(%)            : 0
	Ctrlcpu Usage Rate(%)          : 4
	DDR Bandwidth Usage Rate(%)    : 0
	HBM Bandwidth Usage Rate(%)    : 54
	NPU Utilization(%)             : 96
	Aicube Usage Rate(%)           : 73
	Get pid name failed.
	Process id:1657446 Process name:                  Process memory(MB):16066
Error: cannot run top on container fca65b17c7696be0978c024206dce045576ad0d5017576dab9c64493f5b57e1c as it did not create a cgroup: this container does not have a cgroup
timestamp_ns=1785750420855987156
	DDR Capacity(MB)               : 0
	DDR Usage Rate(%)              : 0
	DDR Hugepages Total(page)      : 0
	DDR Hugepages Usage Rate(%)    : 0
	HBM Capacity(MB)               : 65536
	HBM Usage Rate(%)              : 29
	Aicore Usage Rate(%)           : 81
	Aivector Usage Rate(%)         : 5
	Aicpu Usage Rate(%)            : 0
	Ctrlcpu Usage Rate(%)          : 3
	DDR Bandwidth Usage Rate(%)    : 0
	HBM Bandwidth Usage Rate(%)    : 53
	NPU Utilization(%)             : 100
	Aicube Usage Rate(%)           : 74
	Get pid name failed.
	Process id:1657446 Process name:                  Process memory(MB):16066
Error: cannot run top on container fca65b17c7696be0978c024206dce045576ad0d5017576dab9c64493f5b57e1c as it did not create a cgroup: this container does not have a cgroup
timestamp_ns=1785750423000330425
	DDR Capacity(MB)               : 0
	DDR Usage Rate(%)              : 0
	DDR Hugepages Total(page)      : 0
	DDR Hugepages Usage Rate(%)    : 0
	HBM Capacity(MB)               : 65536
	HBM Usage Rate(%)              : 29
	Aicore Usage Rate(%)           : 0
	Aivector Usage Rate(%)         : 0
	Aicpu Usage Rate(%)            : 0
	Ctrlcpu Usage Rate(%)          : 2
	DDR Bandwidth Usage Rate(%)    : 0
	HBM Bandwidth Usage Rate(%)    : 0
	NPU Utilization(%)             : 0
	Aicube Usage Rate(%)           : 0
	Get pid name failed.
	Process id:1657446 Process name:                  Process memory(MB):16066
Error: cannot run top on container fca65b17c7696be0978c024206dce045576ad0d5017576dab9c64493f5b57e1c as it did not create a cgroup: this container does not have a cgroup
timestamp_ns=1785750425150370677
	DDR Capacity(MB)               : 0
	DDR Usage Rate(%)              : 0
	DDR Hugepages Total(page)      : 0
	DDR Hugepages Usage Rate(%)    : 0
	HBM Capacity(MB)               : 65536
	HBM Usage Rate(%)              : 29
	Aicore Usage Rate(%)           : 0
	Aivector Usage Rate(%)         : 0
	Aicpu Usage Rate(%)            : 0
	Ctrlcpu Usage Rate(%)          : 4
	DDR Bandwidth Usage Rate(%)    : 0
	HBM Bandwidth Usage Rate(%)    : 0
	NPU Utilization(%)             : 0
	Aicube Usage Rate(%)           : 0
	Get pid name failed.
	Process id:1657446 Process name:                  Process memory(MB):16066
Error: cannot run top on container fca65b17c7696be0978c024206dce045576ad0d5017576dab9c64493f5b57e1c as it did not create a cgroup: this container does not have a cgroup
timestamp_ns=1785750427297213194
	DDR Capacity(MB)               : 0
	DDR Usage Rate(%)              : 0
	DDR Hugepages Total(page)      : 0
	DDR Hugepages Usage Rate(%)    : 0
	HBM Capacity(MB)               : 65536
	HBM Usage Rate(%)              : 29
	Aicore Usage Rate(%)           : 0
	Aivector Usage Rate(%)         : 0
	Aicpu Usage Rate(%)            : 0
	Ctrlcpu Usage Rate(%)          : 9
	DDR Bandwidth Usage Rate(%)    : 0
	HBM Bandwidth Usage Rate(%)    : 0
	NPU Utilization(%)             : 0
	Aicube Usage Rate(%)           : 0
	Get pid name failed.
	Process id:1657446 Process name:                  Process memory(MB):16066
Error: cannot run top on container fca65b17c7696be0978c024206dce045576ad0d5017576dab9c64493f5b57e1c as it did not create a cgroup: this container does not have a cgroup
timestamp_ns=1785750429436923964
	DDR Capacity(MB)               : 0
	DDR Usage Rate(%)              : 0
	DDR Hugepages Total(page)      : 0
	DDR Hugepages Usage Rate(%)    : 0
	HBM Capacity(MB)               : 65536
	HBM Usage Rate(%)              : 29
	Aicore Usage Rate(%)           : 0
	Aivector Usage Rate(%)         : 0
	Aicpu Usage Rate(%)            : 0
	Ctrlcpu Usage Rate(%)          : 2
	DDR Bandwidth Usage Rate(%)    : 0
	HBM Bandwidth Usage Rate(%)    : 0
	NPU Utilization(%)             : 0
	Aicube Usage Rate(%)           : 0
	Get pid name failed.
	Process id:1657446 Process name:                  Process memory(MB):16066
Error: cannot run top on container fca65b17c7696be0978c024206dce045576ad0d5017576dab9c64493f5b57e1c as it did not create a cgroup: this container does not have a cgroup
timestamp_ns=1785750431570017277
	DDR Capacity(MB)               : 0
	DDR Usage Rate(%)              : 0
	DDR Hugepages Total(page)      : 0
	DDR Hugepages Usage Rate(%)    : 0
	HBM Capacity(MB)               : 65536
	HBM Usage Rate(%)              : 29
	Aicore Usage Rate(%)           : 0
	Aivector Usage Rate(%)         : 0
	Aicpu Usage Rate(%)            : 0
	Ctrlcpu Usage Rate(%)          : 2
	DDR Bandwidth Usage Rate(%)    : 0
	HBM Bandwidth Usage Rate(%)    : 0
	NPU Utilization(%)             : 0
	Aicube Usage Rate(%)           : 0
	Get pid name failed.
	Process id:1657446 Process name:                  Process memory(MB):16066
Error: cannot run top on container fca65b17c7696be0978c024206dce045576ad0d5017576dab9c64493f5b57e1c as it did not create a cgroup: this container does not have a cgroup
timestamp_ns=1785750433708647142
	DDR Capacity(MB)               : 0
	DDR Usage Rate(%)              : 0
	DDR Hugepages Total(page)      : 0
	DDR Hugepages Usage Rate(%)    : 0
	HBM Capacity(MB)               : 65536
	HBM Usage Rate(%)              : 29
	Aicore Usage Rate(%)           : 0
	Aivector Usage Rate(%)         : 0
	Aicpu Usage Rate(%)            : 0
	Ctrlcpu Usage Rate(%)          : 4
	DDR Bandwidth Usage Rate(%)    : 0
	HBM Bandwidth Usage Rate(%)    : 0
	NPU Utilization(%)             : 0
	Aicube Usage Rate(%)           : 0
	Get pid name failed.
	Process id:1657446 Process name:                  Process memory(MB):16066
Error: cannot run top on container fca65b17c7696be0978c024206dce045576ad0d5017576dab9c64493f5b57e1c as it did not create a cgroup: this container does not have a cgroup
timestamp_ns=1785750435840146391
	DDR Capacity(MB)               : 0
	DDR Usage Rate(%)              : 0
	DDR Hugepages Total(page)      : 0
	DDR Hugepages Usage Rate(%)    : 0
	HBM Capacity(MB)               : 65536
	HBM Usage Rate(%)              : 29
	Aicore Usage Rate(%)           : 0
	Aivector Usage Rate(%)         : 0
	Aicpu Usage Rate(%)            : 0
	Ctrlcpu Usage Rate(%)          : 1
	DDR Bandwidth Usage Rate(%)    : 0
	HBM Bandwidth Usage Rate(%)    : 0
	NPU Utilization(%)             : 0
	Aicube Usage Rate(%)           : 0
	Get pid name failed.
	Process id:1657446 Process name:                  Process memory(MB):16066
Error: cannot run top on container fca65b17c7696be0978c024206dce045576ad0d5017576dab9c64493f5b57e1c as it did not create a cgroup: this container does not have a cgroup
timestamp_ns=1785750437977911984
	DDR Capacity(MB)               : 0
	DDR Usage Rate(%)              : 0
	DDR Hugepages Total(page)      : 0
	DDR Hugepages Usage Rate(%)    : 0
	HBM Capacity(MB)               : 65536
	HBM Usage Rate(%)              : 29
	Aicore Usage Rate(%)           : 0
	Aivector Usage Rate(%)         : 0
	Aicpu Usage Rate(%)            : 0
	Ctrlcpu Usage Rate(%)          : 1
	DDR Bandwidth Usage Rate(%)    : 0
	HBM Bandwidth Usage Rate(%)    : 0
	NPU Utilization(%)             : 0
	Aicube Usage Rate(%)           : 0
	Get pid name failed.
	Process id:1657446 Process name:                  Process memory(MB):16066
Error: cannot run top on container fca65b17c7696be0978c024206dce045576ad0d5017576dab9c64493f5b57e1c as it did not create a cgroup: this container does not have a cgroup
timestamp_ns=1785750440126887371
	DDR Capacity(MB)               : 0
	DDR Usage Rate(%)              : 0
	DDR Hugepages Total(page)      : 0
	DDR Hugepages Usage Rate(%)    : 0
	HBM Capacity(MB)               : 65536
	HBM Usage Rate(%)              : 29
	Aicore Usage Rate(%)           : 0
	Aivector Usage Rate(%)         : 0
	Aicpu Usage Rate(%)            : 0
	Ctrlcpu Usage Rate(%)          : 4
	DDR Bandwidth Usage Rate(%)    : 0
	HBM Bandwidth Usage Rate(%)    : 0
	NPU Utilization(%)             : 0
	Aicube Usage Rate(%)           : 0
	Get pid name failed.
	Process id:1657446 Process name:                  Process memory(MB):16066
Error: cannot run top on container fca65b17c7696be0978c024206dce045576ad0d5017576dab9c64493f5b57e1c as it did not create a cgroup: this container does not have a cgroup
timestamp_ns=1785750442263263113
	DDR Capacity(MB)               : 0
	DDR Usage Rate(%)              : 0
	DDR Hugepages Total(page)      : 0
	DDR Hugepages Usage Rate(%)    : 0
	HBM Capacity(MB)               : 65536
	HBM Usage Rate(%)              : 29
	Aicore Usage Rate(%)           : 0
	Aivector Usage Rate(%)         : 0
	Aicpu Usage Rate(%)            : 0
	Ctrlcpu Usage Rate(%)          : 4
	DDR Bandwidth Usage Rate(%)    : 0
	HBM Bandwidth Usage Rate(%)    : 0
	NPU Utilization(%)             : 0
	Aicube Usage Rate(%)           : 0
	Get pid name failed.
	Process id:1657446 Process name:                  Process memory(MB):16066
Error: cannot run top on container fca65b17c7696be0978c024206dce045576ad0d5017576dab9c64493f5b57e1c as it did not create a cgroup: this container does not have a cgroup
timestamp_ns=1785750444392816035
	DDR Capacity(MB)               : 0
	DDR Usage Rate(%)              : 0
	DDR Hugepages Total(page)      : 0
	DDR Hugepages Usage Rate(%)    : 0
	HBM Capacity(MB)               : 65536
	HBM Usage Rate(%)              : 29
	Aicore Usage Rate(%)           : 0
	Aivector Usage Rate(%)         : 0
	Aicpu Usage Rate(%)            : 0
	Ctrlcpu Usage Rate(%)          : 2
	DDR Bandwidth Usage Rate(%)    : 0
	HBM Bandwidth Usage Rate(%)    : 0
	NPU Utilization(%)             : 0
	Aicube Usage Rate(%)           : 0
	Get pid name failed.
	Process id:1657446 Process name:                  Process memory(MB):16066
Error: cannot run top on container fca65b17c7696be0978c024206dce045576ad0d5017576dab9c64493f5b57e1c as it did not create a cgroup: this container does not have a cgroup
timestamp_ns=1785750446527810897
	DDR Capacity(MB)               : 0
	DDR Usage Rate(%)              : 0
	DDR Hugepages Total(page)      : 0
	DDR Hugepages Usage Rate(%)    : 0
	HBM Capacity(MB)               : 65536
	HBM Usage Rate(%)              : 29
	Aicore Usage Rate(%)           : 0
	Aivector Usage Rate(%)         : 0
	Aicpu Usage Rate(%)            : 0
	Ctrlcpu Usage Rate(%)          : 0
	DDR Bandwidth Usage Rate(%)    : 0
	HBM Bandwidth Usage Rate(%)    : 0
	NPU Utilization(%)             : 0
	Aicube Usage Rate(%)           : 0
	Get pid name failed.
	Process id:1657446 Process name:                  Process memory(MB):16066
Error: cannot run top on container fca65b17c7696be0978c024206dce045576ad0d5017576dab9c64493f5b57e1c as it did not create a cgroup: this container does not have a cgroup
timestamp_ns=1785750448661201963
	DDR Capacity(MB)               : 0
	DDR Usage Rate(%)              : 0
	DDR Hugepages Total(page)      : 0
	DDR Hugepages Usage Rate(%)    : 0
	HBM Capacity(MB)               : 65536
	HBM Usage Rate(%)              : 29
	Aicore Usage Rate(%)           : 0
	Aivector Usage Rate(%)         : 0
	Aicpu Usage Rate(%)            : 0
	Ctrlcpu Usage Rate(%)          : 5
	DDR Bandwidth Usage Rate(%)    : 0
	HBM Bandwidth Usage Rate(%)    : 0
	NPU Utilization(%)             : 0
	Aicube Usage Rate(%)           : 0
	Get pid name failed.
	Process id:1657446 Process name:                  Process memory(MB):16066
Error: cannot run top on container fca65b17c7696be0978c024206dce045576ad0d5017576dab9c64493f5b57e1c as it did not create a cgroup: this container does not have a cgroup
timestamp_ns=1785750450794037170
	DDR Capacity(MB)               : 0
	DDR Usage Rate(%)              : 0
	DDR Hugepages Total(page)      : 0
	DDR Hugepages Usage Rate(%)    : 0
	HBM Capacity(MB)               : 65536
	HBM Usage Rate(%)              : 29
	Aicore Usage Rate(%)           : 0
	Aivector Usage Rate(%)         : 0
	Aicpu Usage Rate(%)            : 0
	Ctrlcpu Usage Rate(%)          : 1
	DDR Bandwidth Usage Rate(%)    : 0
	HBM Bandwidth Usage Rate(%)    : 0
	NPU Utilization(%)             : 0
	Aicube Usage Rate(%)           : 0
	Get pid name failed.
	Process id:1657446 Process name:                  Process memory(MB):16066
Error: cannot run top on container fca65b17c7696be0978c024206dce045576ad0d5017576dab9c64493f5b57e1c as it did not create a cgroup: this container does not have a cgroup
timestamp_ns=1785750452931270599
	DDR Capacity(MB)               : 0
	DDR Usage Rate(%)              : 0
	DDR Hugepages Total(page)      : 0
	DDR Hugepages Usage Rate(%)    : 0
	HBM Capacity(MB)               : 65536
	HBM Usage Rate(%)              : 29
	Aicore Usage Rate(%)           : 0
	Aivector Usage Rate(%)         : 0
	Aicpu Usage Rate(%)            : 0
	Ctrlcpu Usage Rate(%)          : 2
	DDR Bandwidth Usage Rate(%)    : 0
	HBM Bandwidth Usage Rate(%)    : 0
	NPU Utilization(%)             : 0
	Aicube Usage Rate(%)           : 0
	Get pid name failed.
	Process id:1657446 Process name:                  Process memory(MB):16066
Error: cannot run top on container fca65b17c7696be0978c024206dce045576ad0d5017576dab9c64493f5b57e1c as it did not create a cgroup: this container does not have a cgroup
timestamp_ns=1785750455095991584
	DDR Capacity(MB)               : 0
	DDR Usage Rate(%)              : 0
	DDR Hugepages Total(page)      : 0
	DDR Hugepages Usage Rate(%)    : 0
	HBM Capacity(MB)               : 65536
	HBM Usage Rate(%)              : 27
	Aicore Usage Rate(%)           : 0
	Aivector Usage Rate(%)         : 0
	Aicpu Usage Rate(%)            : 0
	Ctrlcpu Usage Rate(%)          : 6
	DDR Bandwidth Usage Rate(%)    : 0
	HBM Bandwidth Usage Rate(%)    : 0
	NPU Utilization(%)             : 0
	Aicube Usage Rate(%)           : 0
	Get pid name failed.
	Process id:1657446 Process name:                  Process memory(MB):14616
Error: cannot run top on container fca65b17c7696be0978c024206dce045576ad0d5017576dab9c64493f5b57e1c as it did not create a cgroup: this container does not have a cgroup
timestamp_ns=1785750457302043312
	DDR Capacity(MB)               : 0
	DDR Usage Rate(%)              : 0
	DDR Hugepages Total(page)      : 0
	DDR Hugepages Usage Rate(%)    : 0
	HBM Capacity(MB)               : 65536
	HBM Usage Rate(%)              : 27
	Aicore Usage Rate(%)           : 0
	Aivector Usage Rate(%)         : 0
	Aicpu Usage Rate(%)            : 0
	Ctrlcpu Usage Rate(%)          : 3
	DDR Bandwidth Usage Rate(%)    : 0
	HBM Bandwidth Usage Rate(%)    : 0
	NPU Utilization(%)             : 0
	Aicube Usage Rate(%)           : 0
	Get pid name failed.
	Process id:1657446 Process name:                  Process memory(MB):14616
Error: cannot run top on container fca65b17c7696be0978c024206dce045576ad0d5017576dab9c64493f5b57e1c as it did not create a cgroup: this container does not have a cgroup
timestamp_ns=1785750459526908190
	DDR Capacity(MB)               : 0
	DDR Usage Rate(%)              : 0
	DDR Hugepages Total(page)      : 0
	DDR Hugepages Usage Rate(%)    : 0
	HBM Capacity(MB)               : 65536
	HBM Usage Rate(%)              : 27
	Aicore Usage Rate(%)           : 0
	Aivector Usage Rate(%)         : 0
	Aicpu Usage Rate(%)            : 0
	Ctrlcpu Usage Rate(%)          : 3
	DDR Bandwidth Usage Rate(%)    : 0
	HBM Bandwidth Usage Rate(%)    : 0
	NPU Utilization(%)             : 0
	Aicube Usage Rate(%)           : 0
	No process in device.
Error: cannot run top on container fca65b17c7696be0978c024206dce045576ad0d5017576dab9c64493f5b57e1c as it did not create a cgroup: this container does not have a cgroup
timestamp_ns=1785750461741593017
	DDR Capacity(MB)               : 0
	DDR Usage Rate(%)              : 0
	DDR Hugepages Total(page)      : 0
	DDR Hugepages Usage Rate(%)    : 0
	HBM Capacity(MB)               : 65536
	HBM Usage Rate(%)              : 5
	Aicore Usage Rate(%)           : 0
	Aivector Usage Rate(%)         : 0
	Aicpu Usage Rate(%)            : 0
	Ctrlcpu Usage Rate(%)          : 34
	DDR Bandwidth Usage Rate(%)    : 0
	HBM Bandwidth Usage Rate(%)    : 16
	NPU Utilization(%)             : 0
	Aicube Usage Rate(%)           : 0
	No process in device.
Error: cannot run top on container fca65b17c7696be0978c024206dce045576ad0d5017576dab9c64493f5b57e1c as it did not create a cgroup: this container does not have a cgroup
