timestamp_ns=1785752662786416715
	DDR Capacity(MB)               : 0
	DDR Usage Rate(%)              : 0
	DDR Hugepages Total(page)      : 0
	DDR Hugepages Usage Rate(%)    : 0
	HBM Capacity(MB)               : 65536
	HBM Usage Rate(%)              : 5
	Aicore Usage Rate(%)           : 0
	Aivector Usage Rate(%)         : 0
	Aicpu Usage Rate(%)            : 0
	Ctrlcpu Usage Rate(%)          : 6
	DDR Bandwidth Usage Rate(%)    : 0
	HBM Bandwidth Usage Rate(%)    : 0
	NPU Utilization(%)             : 0
	Aicube Usage Rate(%)           : 0
	No process in device.
Error: cannot run top on container aceaef212ad03c546a6eb710fca4fd3c10f869d0c7973db9955d514211247daa as it did not create a cgroup: this container does not have a cgroup
timestamp_ns=1785752664965923455
	DDR Capacity(MB)               : 0
	DDR Usage Rate(%)              : 0
	DDR Hugepages Total(page)      : 0
	DDR Hugepages Usage Rate(%)    : 0
	HBM Capacity(MB)               : 65536
	HBM Usage Rate(%)              : 5
	Aicore Usage Rate(%)           : 0
	Aivector Usage Rate(%)         : 0
	Aicpu Usage Rate(%)            : 0
	Ctrlcpu Usage Rate(%)          : 4
	DDR Bandwidth Usage Rate(%)    : 0
	HBM Bandwidth Usage Rate(%)    : 0
	NPU Utilization(%)             : 0
	Aicube Usage Rate(%)           : 0
	No process in device.
Error: cannot run top on container aceaef212ad03c546a6eb710fca4fd3c10f869d0c7973db9955d514211247daa as it did not create a cgroup: this container does not have a cgroup
timestamp_ns=1785752667116576010
	DDR Capacity(MB)               : 0
	DDR Usage Rate(%)              : 0
	DDR Hugepages Total(page)      : 0
	DDR Hugepages Usage Rate(%)    : 0
	HBM Capacity(MB)               : 65536
	HBM Usage Rate(%)              : 5
	Aicore Usage Rate(%)           : 0
	Aivector Usage Rate(%)         : 0
	Aicpu Usage Rate(%)            : 0
	Ctrlcpu Usage Rate(%)          : 2
	DDR Bandwidth Usage Rate(%)    : 0
	HBM Bandwidth Usage Rate(%)    : 0
	NPU Utilization(%)             : 0
	Aicube Usage Rate(%)           : 0
	No process in device.
Error: cannot run top on container aceaef212ad03c546a6eb710fca4fd3c10f869d0c7973db9955d514211247daa as it did not create a cgroup: this container does not have a cgroup
timestamp_ns=1785752669275651824
	DDR Capacity(MB)               : 0
	DDR Usage Rate(%)              : 0
	DDR Hugepages Total(page)      : 0
	DDR Hugepages Usage Rate(%)    : 0
	HBM Capacity(MB)               : 65536
	HBM Usage Rate(%)              : 5
	Aicore Usage Rate(%)           : 0
	Aivector Usage Rate(%)         : 0
	Aicpu Usage Rate(%)            : 0
	Ctrlcpu Usage Rate(%)          : 0
	DDR Bandwidth Usage Rate(%)    : 0
	HBM Bandwidth Usage Rate(%)    : 0
	NPU Utilization(%)             : 0
	Aicube Usage Rate(%)           : 0
	No process in device.
Error: cannot run top on container aceaef212ad03c546a6eb710fca4fd3c10f869d0c7973db9955d514211247daa as it did not create a cgroup: this container does not have a cgroup
timestamp_ns=1785752671410514404
	DDR Capacity(MB)               : 0
	DDR Usage Rate(%)              : 0
	DDR Hugepages Total(page)      : 0
	DDR Hugepages Usage Rate(%)    : 0
	HBM Capacity(MB)               : 65536
	HBM Usage Rate(%)              : 5
	Aicore Usage Rate(%)           : 0
	Aivector Usage Rate(%)         : 0
	Aicpu Usage Rate(%)            : 0
	Ctrlcpu Usage Rate(%)          : 3
	DDR Bandwidth Usage Rate(%)    : 0
	HBM Bandwidth Usage Rate(%)    : 0
	NPU Utilization(%)             : 0
	Aicube Usage Rate(%)           : 0
	No process in device.
Error: cannot run top on container aceaef212ad03c546a6eb710fca4fd3c10f869d0c7973db9955d514211247daa as it did not create a cgroup: this container does not have a cgroup
timestamp_ns=1785752673568360698
	DDR Capacity(MB)               : 0
	DDR Usage Rate(%)              : 0
	DDR Hugepages Total(page)      : 0
	DDR Hugepages Usage Rate(%)    : 0
	HBM Capacity(MB)               : 65536
	HBM Usage Rate(%)              : 5
	Aicore Usage Rate(%)           : 0
	Aivector Usage Rate(%)         : 0
	Aicpu Usage Rate(%)            : 0
	Ctrlcpu Usage Rate(%)          : 3
	DDR Bandwidth Usage Rate(%)    : 0
	HBM Bandwidth Usage Rate(%)    : 0
	NPU Utilization(%)             : 0
	Aicube Usage Rate(%)           : 0
	No process in device.
Error: cannot run top on container aceaef212ad03c546a6eb710fca4fd3c10f869d0c7973db9955d514211247daa as it did not create a cgroup: this container does not have a cgroup
timestamp_ns=1785752675748166396
	DDR Capacity(MB)               : 0
	DDR Usage Rate(%)              : 0
	DDR Hugepages Total(page)      : 0
	DDR Hugepages Usage Rate(%)    : 0
	HBM Capacity(MB)               : 65536
	HBM Usage Rate(%)              : 5
	Aicore Usage Rate(%)           : 0
	Aivector Usage Rate(%)         : 0
	Aicpu Usage Rate(%)            : 0
	Ctrlcpu Usage Rate(%)          : 1
	DDR Bandwidth Usage Rate(%)    : 0
	HBM Bandwidth Usage Rate(%)    : 0
	NPU Utilization(%)             : 0
	Aicube Usage Rate(%)           : 0
	No process in device.
Error: cannot run top on container aceaef212ad03c546a6eb710fca4fd3c10f869d0c7973db9955d514211247daa as it did not create a cgroup: this container does not have a cgroup
timestamp_ns=1785752677897372754
	DDR Capacity(MB)               : 0
	DDR Usage Rate(%)              : 0
	DDR Hugepages Total(page)      : 0
	DDR Hugepages Usage Rate(%)    : 0
	HBM Capacity(MB)               : 65536
	HBM Usage Rate(%)              : 5
	Aicore Usage Rate(%)           : 0
	Aivector Usage Rate(%)         : 0
	Aicpu Usage Rate(%)            : 0
	Ctrlcpu Usage Rate(%)          : 2
	DDR Bandwidth Usage Rate(%)    : 0
	HBM Bandwidth Usage Rate(%)    : 0
	NPU Utilization(%)             : 0
	Aicube Usage Rate(%)           : 0
	No process in device.
Error: cannot run top on container aceaef212ad03c546a6eb710fca4fd3c10f869d0c7973db9955d514211247daa as it did not create a cgroup: this container does not have a cgroup
timestamp_ns=1785752680069856322
	DDR Capacity(MB)               : 0
	DDR Usage Rate(%)              : 0
	DDR Hugepages Total(page)      : 0
	DDR Hugepages Usage Rate(%)    : 0
	HBM Capacity(MB)               : 65536
	HBM Usage Rate(%)              : 5
	Aicore Usage Rate(%)           : 0
	Aivector Usage Rate(%)         : 0
	Aicpu Usage Rate(%)            : 0
	Ctrlcpu Usage Rate(%)          : 4
	DDR Bandwidth Usage Rate(%)    : 0
	HBM Bandwidth Usage Rate(%)    : 0
	NPU Utilization(%)             : 0
	Aicube Usage Rate(%)           : 0
	No process in device.
Error: cannot run top on container aceaef212ad03c546a6eb710fca4fd3c10f869d0c7973db9955d514211247daa as it did not create a cgroup: this container does not have a cgroup
timestamp_ns=1785752682215916131
	DDR Capacity(MB)               : 0
	DDR Usage Rate(%)              : 0
	DDR Hugepages Total(page)      : 0
	DDR Hugepages Usage Rate(%)    : 0
	HBM Capacity(MB)               : 65536
	HBM Usage Rate(%)              : 5
	Aicore Usage Rate(%)           : 0
	Aivector Usage Rate(%)         : 0
	Aicpu Usage Rate(%)            : 0
	Ctrlcpu Usage Rate(%)          : 4
	DDR Bandwidth Usage Rate(%)    : 0
	HBM Bandwidth Usage Rate(%)    : 0
	NPU Utilization(%)             : 0
	Aicube Usage Rate(%)           : 0
	No process in device.
Error: cannot run top on container aceaef212ad03c546a6eb710fca4fd3c10f869d0c7973db9955d514211247daa as it did not create a cgroup: this container does not have a cgroup
timestamp_ns=1785752684405179599
	DDR Capacity(MB)               : 0
	DDR Usage Rate(%)              : 0
	DDR Hugepages Total(page)      : 0
	DDR Hugepages Usage Rate(%)    : 0
	HBM Capacity(MB)               : 65536
	HBM Usage Rate(%)              : 5
	Aicore Usage Rate(%)           : 0
	Aivector Usage Rate(%)         : 0
	Aicpu Usage Rate(%)            : 0
	Ctrlcpu Usage Rate(%)          : 2
	DDR Bandwidth Usage Rate(%)    : 0
	HBM Bandwidth Usage Rate(%)    : 0
	NPU Utilization(%)             : 0
	Aicube Usage Rate(%)           : 0
	No process in device.
Error: cannot run top on container aceaef212ad03c546a6eb710fca4fd3c10f869d0c7973db9955d514211247daa as it did not create a cgroup: this container does not have a cgroup
timestamp_ns=1785752686610919193
	DDR Capacity(MB)               : 0
	DDR Usage Rate(%)              : 0
	DDR Hugepages Total(page)      : 0
	DDR Hugepages Usage Rate(%)    : 0
	HBM Capacity(MB)               : 65536
	HBM Usage Rate(%)              : 5
	Aicore Usage Rate(%)           : 0
	Aivector Usage Rate(%)         : 0
	Aicpu Usage Rate(%)            : 0
	Ctrlcpu Usage Rate(%)          : 3
	DDR Bandwidth Usage Rate(%)    : 0
	HBM Bandwidth Usage Rate(%)    : 0
	NPU Utilization(%)             : 0
	Aicube Usage Rate(%)           : 0
	No process in device.
Error: cannot run top on container aceaef212ad03c546a6eb710fca4fd3c10f869d0c7973db9955d514211247daa as it did not create a cgroup: this container does not have a cgroup
timestamp_ns=1785752688785254613
	DDR Capacity(MB)               : 0
	DDR Usage Rate(%)              : 0
	DDR Hugepages Total(page)      : 0
	DDR Hugepages Usage Rate(%)    : 0
	HBM Capacity(MB)               : 65536
	HBM Usage Rate(%)              : 5
	Aicore Usage Rate(%)           : 0
	Aivector Usage Rate(%)         : 0
	Aicpu Usage Rate(%)            : 0
	Ctrlcpu Usage Rate(%)          : 2
	DDR Bandwidth Usage Rate(%)    : 0
	HBM Bandwidth Usage Rate(%)    : 0
	NPU Utilization(%)             : 0
	Aicube Usage Rate(%)           : 0
	No process in device.
Error: cannot run top on container aceaef212ad03c546a6eb710fca4fd3c10f869d0c7973db9955d514211247daa as it did not create a cgroup: this container does not have a cgroup
timestamp_ns=1785752690953295496
	DDR Capacity(MB)               : 0
	DDR Usage Rate(%)              : 0
	DDR Hugepages Total(page)      : 0
	DDR Hugepages Usage Rate(%)    : 0
	HBM Capacity(MB)               : 65536
	HBM Usage Rate(%)              : 5
	Aicore Usage Rate(%)           : 0
	Aivector Usage Rate(%)         : 0
	Aicpu Usage Rate(%)            : 0
	Ctrlcpu Usage Rate(%)          : 7
	DDR Bandwidth Usage Rate(%)    : 0
	HBM Bandwidth Usage Rate(%)    : 0
	NPU Utilization(%)             : 0
	Aicube Usage Rate(%)           : 0
	No process in device.
Error: cannot run top on container aceaef212ad03c546a6eb710fca4fd3c10f869d0c7973db9955d514211247daa as it did not create a cgroup: this container does not have a cgroup
timestamp_ns=1785752693119317847
	DDR Capacity(MB)               : 0
	DDR Usage Rate(%)              : 0
	DDR Hugepages Total(page)      : 0
	DDR Hugepages Usage Rate(%)    : 0
	HBM Capacity(MB)               : 65536
	HBM Usage Rate(%)              : 5
	Aicore Usage Rate(%)           : 0
	Aivector Usage Rate(%)         : 0
	Aicpu Usage Rate(%)            : 0
	Ctrlcpu Usage Rate(%)          : 2
	DDR Bandwidth Usage Rate(%)    : 0
	HBM Bandwidth Usage Rate(%)    : 0
	NPU Utilization(%)             : 0
	Aicube Usage Rate(%)           : 0
	No process in device.
Error: cannot run top on container aceaef212ad03c546a6eb710fca4fd3c10f869d0c7973db9955d514211247daa as it did not create a cgroup: this container does not have a cgroup
timestamp_ns=1785752695299190904
	DDR Capacity(MB)               : 0
	DDR Usage Rate(%)              : 0
	DDR Hugepages Total(page)      : 0
	DDR Hugepages Usage Rate(%)    : 0
	HBM Capacity(MB)               : 65536
	HBM Usage Rate(%)              : 5
	Aicore Usage Rate(%)           : 0
	Aivector Usage Rate(%)         : 0
	Aicpu Usage Rate(%)            : 0
	Ctrlcpu Usage Rate(%)          : 2
	DDR Bandwidth Usage Rate(%)    : 0
	HBM Bandwidth Usage Rate(%)    : 0
	NPU Utilization(%)             : 0
	Aicube Usage Rate(%)           : 0
	No process in device.
Error: cannot run top on container aceaef212ad03c546a6eb710fca4fd3c10f869d0c7973db9955d514211247daa as it did not create a cgroup: this container does not have a cgroup
timestamp_ns=1785752697478871213
	DDR Capacity(MB)               : 0
	DDR Usage Rate(%)              : 0
	DDR Hugepages Total(page)      : 0
	DDR Hugepages Usage Rate(%)    : 0
	HBM Capacity(MB)               : 65536
	HBM Usage Rate(%)              : 5
	Aicore Usage Rate(%)           : 0
	Aivector Usage Rate(%)         : 0
	Aicpu Usage Rate(%)            : 0
	Ctrlcpu Usage Rate(%)          : 2
	DDR Bandwidth Usage Rate(%)    : 0
	HBM Bandwidth Usage Rate(%)    : 0
	NPU Utilization(%)             : 0
	Aicube Usage Rate(%)           : 0
	No process in device.
Error: cannot run top on container aceaef212ad03c546a6eb710fca4fd3c10f869d0c7973db9955d514211247daa as it did not create a cgroup: this container does not have a cgroup
timestamp_ns=1785752699647285550
	DDR Capacity(MB)               : 0
	DDR Usage Rate(%)              : 0
	DDR Hugepages Total(page)      : 0
	DDR Hugepages Usage Rate(%)    : 0
	HBM Capacity(MB)               : 65536
	HBM Usage Rate(%)              : 5
	Aicore Usage Rate(%)           : 0
	Aivector Usage Rate(%)         : 0
	Aicpu Usage Rate(%)            : 0
	Ctrlcpu Usage Rate(%)          : 0
	DDR Bandwidth Usage Rate(%)    : 0
	HBM Bandwidth Usage Rate(%)    : 0
	NPU Utilization(%)             : 0
	Aicube Usage Rate(%)           : 0
	No process in device.
Error: cannot run top on container aceaef212ad03c546a6eb710fca4fd3c10f869d0c7973db9955d514211247daa as it did not create a cgroup: this container does not have a cgroup
timestamp_ns=1785752701822588457
	DDR Capacity(MB)               : 0
	DDR Usage Rate(%)              : 0
	DDR Hugepages Total(page)      : 0
	DDR Hugepages Usage Rate(%)    : 0
	HBM Capacity(MB)               : 65536
	HBM Usage Rate(%)              : 5
	Aicore Usage Rate(%)           : 0
	Aivector Usage Rate(%)         : 0
	Aicpu Usage Rate(%)            : 0
	Ctrlcpu Usage Rate(%)          : 1
	DDR Bandwidth Usage Rate(%)    : 0
	HBM Bandwidth Usage Rate(%)    : 0
	NPU Utilization(%)             : 0
	Aicube Usage Rate(%)           : 0
	No process in device.
Error: cannot run top on container aceaef212ad03c546a6eb710fca4fd3c10f869d0c7973db9955d514211247daa as it did not create a cgroup: this container does not have a cgroup
timestamp_ns=1785752703975816451
	DDR Capacity(MB)               : 0
	DDR Usage Rate(%)              : 0
	DDR Hugepages Total(page)      : 0
	DDR Hugepages Usage Rate(%)    : 0
	HBM Capacity(MB)               : 65536
	HBM Usage Rate(%)              : 5
	Aicore Usage Rate(%)           : 0
	Aivector Usage Rate(%)         : 0
	Aicpu Usage Rate(%)            : 0
	Ctrlcpu Usage Rate(%)          : 9
	DDR Bandwidth Usage Rate(%)    : 0
	HBM Bandwidth Usage Rate(%)    : 0
	NPU Utilization(%)             : 0
	Aicube Usage Rate(%)           : 0
	No process in device.
Error: cannot run top on container aceaef212ad03c546a6eb710fca4fd3c10f869d0c7973db9955d514211247daa as it did not create a cgroup: this container does not have a cgroup
timestamp_ns=1785752706136450146
	DDR Capacity(MB)               : 0
	DDR Usage Rate(%)              : 0
	DDR Hugepages Total(page)      : 0
	DDR Hugepages Usage Rate(%)    : 0
	HBM Capacity(MB)               : 65536
	HBM Usage Rate(%)              : 5
	Aicore Usage Rate(%)           : 0
	Aivector Usage Rate(%)         : 0
	Aicpu Usage Rate(%)            : 0
	Ctrlcpu Usage Rate(%)          : 2
	DDR Bandwidth Usage Rate(%)    : 0
	HBM Bandwidth Usage Rate(%)    : 0
	NPU Utilization(%)             : 0
	Aicube Usage Rate(%)           : 0
	No process in device.
Error: cannot run top on container aceaef212ad03c546a6eb710fca4fd3c10f869d0c7973db9955d514211247daa as it did not create a cgroup: this container does not have a cgroup
timestamp_ns=1785752708312498777
	DDR Capacity(MB)               : 0
	DDR Usage Rate(%)              : 0
	DDR Hugepages Total(page)      : 0
	DDR Hugepages Usage Rate(%)    : 0
	HBM Capacity(MB)               : 65536
	HBM Usage Rate(%)              : 5
	Aicore Usage Rate(%)           : 0
	Aivector Usage Rate(%)         : 0
	Aicpu Usage Rate(%)            : 0
	Ctrlcpu Usage Rate(%)          : 2
	DDR Bandwidth Usage Rate(%)    : 0
	HBM Bandwidth Usage Rate(%)    : 0
	NPU Utilization(%)             : 0
	Aicube Usage Rate(%)           : 0
	No process in device.
Error: cannot run top on container aceaef212ad03c546a6eb710fca4fd3c10f869d0c7973db9955d514211247daa as it did not create a cgroup: this container does not have a cgroup
timestamp_ns=1785752710476185585
	DDR Capacity(MB)               : 0
	DDR Usage Rate(%)              : 0
	DDR Hugepages Total(page)      : 0
	DDR Hugepages Usage Rate(%)    : 0
	HBM Capacity(MB)               : 65536
	HBM Usage Rate(%)              : 5
	Aicore Usage Rate(%)           : 0
	Aivector Usage Rate(%)         : 0
	Aicpu Usage Rate(%)            : 0
	Ctrlcpu Usage Rate(%)          : 1
	DDR Bandwidth Usage Rate(%)    : 0
	HBM Bandwidth Usage Rate(%)    : 0
	NPU Utilization(%)             : 0
	Aicube Usage Rate(%)           : 0
	No process in device.
Error: cannot run top on container aceaef212ad03c546a6eb710fca4fd3c10f869d0c7973db9955d514211247daa as it did not create a cgroup: this container does not have a cgroup
timestamp_ns=1785752712655236408
	DDR Capacity(MB)               : 0
	DDR Usage Rate(%)              : 0
	DDR Hugepages Total(page)      : 0
	DDR Hugepages Usage Rate(%)    : 0
	HBM Capacity(MB)               : 65536
	HBM Usage Rate(%)              : 5
	Aicore Usage Rate(%)           : 0
	Aivector Usage Rate(%)         : 0
	Aicpu Usage Rate(%)            : 0
	Ctrlcpu Usage Rate(%)          : 1
	DDR Bandwidth Usage Rate(%)    : 0
	HBM Bandwidth Usage Rate(%)    : 0
	NPU Utilization(%)             : 0
	Aicube Usage Rate(%)           : 0
	No process in device.
Error: cannot run top on container aceaef212ad03c546a6eb710fca4fd3c10f869d0c7973db9955d514211247daa as it did not create a cgroup: this container does not have a cgroup
timestamp_ns=1785752714842991886
	DDR Capacity(MB)               : 0
	DDR Usage Rate(%)              : 0
	DDR Hugepages Total(page)      : 0
	DDR Hugepages Usage Rate(%)    : 0
	HBM Capacity(MB)               : 65536
	HBM Usage Rate(%)              : 5
	Aicore Usage Rate(%)           : 0
	Aivector Usage Rate(%)         : 0
	Aicpu Usage Rate(%)            : 0
	Ctrlcpu Usage Rate(%)          : 1
	DDR Bandwidth Usage Rate(%)    : 0
	HBM Bandwidth Usage Rate(%)    : 0
	NPU Utilization(%)             : 0
	Aicube Usage Rate(%)           : 0
	No process in device.
Error: cannot run top on container aceaef212ad03c546a6eb710fca4fd3c10f869d0c7973db9955d514211247daa as it did not create a cgroup: this container does not have a cgroup
timestamp_ns=1785752717000107206
	DDR Capacity(MB)               : 0
	DDR Usage Rate(%)              : 0
	DDR Hugepages Total(page)      : 0
	DDR Hugepages Usage Rate(%)    : 0
	HBM Capacity(MB)               : 65536
	HBM Usage Rate(%)              : 5
	Aicore Usage Rate(%)           : 0
	Aivector Usage Rate(%)         : 0
	Aicpu Usage Rate(%)            : 0
	Ctrlcpu Usage Rate(%)          : 1
	DDR Bandwidth Usage Rate(%)    : 0
	HBM Bandwidth Usage Rate(%)    : 0
	NPU Utilization(%)             : 0
	Aicube Usage Rate(%)           : 0
	No process in device.
Error: cannot run top on container aceaef212ad03c546a6eb710fca4fd3c10f869d0c7973db9955d514211247daa as it did not create a cgroup: this container does not have a cgroup
timestamp_ns=1785752719176957486
	DDR Capacity(MB)               : 0
	DDR Usage Rate(%)              : 0
	DDR Hugepages Total(page)      : 0
	DDR Hugepages Usage Rate(%)    : 0
	HBM Capacity(MB)               : 65536
	HBM Usage Rate(%)              : 5
	Aicore Usage Rate(%)           : 0
	Aivector Usage Rate(%)         : 0
	Aicpu Usage Rate(%)            : 0
	Ctrlcpu Usage Rate(%)          : 4
	DDR Bandwidth Usage Rate(%)    : 0
	HBM Bandwidth Usage Rate(%)    : 0
	NPU Utilization(%)             : 0
	Aicube Usage Rate(%)           : 0
	No process in device.
Error: cannot run top on container aceaef212ad03c546a6eb710fca4fd3c10f869d0c7973db9955d514211247daa as it did not create a cgroup: this container does not have a cgroup
timestamp_ns=1785752721337824801
	DDR Capacity(MB)               : 0
	DDR Usage Rate(%)              : 0
	DDR Hugepages Total(page)      : 0
	DDR Hugepages Usage Rate(%)    : 0
	HBM Capacity(MB)               : 65536
	HBM Usage Rate(%)              : 5
	Aicore Usage Rate(%)           : 0
	Aivector Usage Rate(%)         : 0
	Aicpu Usage Rate(%)            : 0
	Ctrlcpu Usage Rate(%)          : 2
	DDR Bandwidth Usage Rate(%)    : 0
	HBM Bandwidth Usage Rate(%)    : 0
	NPU Utilization(%)             : 0
	Aicube Usage Rate(%)           : 0
	No process in device.
Error: cannot run top on container aceaef212ad03c546a6eb710fca4fd3c10f869d0c7973db9955d514211247daa as it did not create a cgroup: this container does not have a cgroup
timestamp_ns=1785752723507092217
	DDR Capacity(MB)               : 0
	DDR Usage Rate(%)              : 0
	DDR Hugepages Total(page)      : 0
	DDR Hugepages Usage Rate(%)    : 0
	HBM Capacity(MB)               : 65536
	HBM Usage Rate(%)              : 5
	Aicore Usage Rate(%)           : 0
	Aivector Usage Rate(%)         : 0
	Aicpu Usage Rate(%)            : 0
	Ctrlcpu Usage Rate(%)          : 3
	DDR Bandwidth Usage Rate(%)    : 0
	HBM Bandwidth Usage Rate(%)    : 0
	NPU Utilization(%)             : 0
	Aicube Usage Rate(%)           : 0
	No process in device.
Error: cannot run top on container aceaef212ad03c546a6eb710fca4fd3c10f869d0c7973db9955d514211247daa as it did not create a cgroup: this container does not have a cgroup
timestamp_ns=1785752725729417841
	DDR Capacity(MB)               : 0
	DDR Usage Rate(%)              : 0
	DDR Hugepages Total(page)      : 0
	DDR Hugepages Usage Rate(%)    : 0
	HBM Capacity(MB)               : 65536
	HBM Usage Rate(%)              : 5
	Aicore Usage Rate(%)           : 0
	Aivector Usage Rate(%)         : 0
	Aicpu Usage Rate(%)            : 0
	Ctrlcpu Usage Rate(%)          : 4
	DDR Bandwidth Usage Rate(%)    : 0
	HBM Bandwidth Usage Rate(%)    : 0
	NPU Utilization(%)             : 0
	Aicube Usage Rate(%)           : 0
	No process in device.
Error: cannot run top on container aceaef212ad03c546a6eb710fca4fd3c10f869d0c7973db9955d514211247daa as it did not create a cgroup: this container does not have a cgroup
timestamp_ns=1785752727997562432
	DDR Capacity(MB)               : 0
	DDR Usage Rate(%)              : 0
	DDR Hugepages Total(page)      : 0
	DDR Hugepages Usage Rate(%)    : 0
	HBM Capacity(MB)               : 65536
	HBM Usage Rate(%)              : 5
	Aicore Usage Rate(%)           : 0
	Aivector Usage Rate(%)         : 0
	Aicpu Usage Rate(%)            : 0
	Ctrlcpu Usage Rate(%)          : 5
	DDR Bandwidth Usage Rate(%)    : 0
	HBM Bandwidth Usage Rate(%)    : 0
	NPU Utilization(%)             : 0
	Aicube Usage Rate(%)           : 0
	No process in device.
Error: cannot run top on container aceaef212ad03c546a6eb710fca4fd3c10f869d0c7973db9955d514211247daa as it did not create a cgroup: this container does not have a cgroup
timestamp_ns=1785752730222662353
	DDR Capacity(MB)               : 0
	DDR Usage Rate(%)              : 0
	DDR Hugepages Total(page)      : 0
	DDR Hugepages Usage Rate(%)    : 0
	HBM Capacity(MB)               : 65536
	HBM Usage Rate(%)              : 5
	Aicore Usage Rate(%)           : 0
	Aivector Usage Rate(%)         : 0
	Aicpu Usage Rate(%)            : 0
	Ctrlcpu Usage Rate(%)          : 2
	DDR Bandwidth Usage Rate(%)    : 0
	HBM Bandwidth Usage Rate(%)    : 0
	NPU Utilization(%)             : 0
	Aicube Usage Rate(%)           : 0
	No process in device.
Error: cannot run top on container aceaef212ad03c546a6eb710fca4fd3c10f869d0c7973db9955d514211247daa as it did not create a cgroup: this container does not have a cgroup
timestamp_ns=1785752732370110251
	DDR Capacity(MB)               : 0
	DDR Usage Rate(%)              : 0
	DDR Hugepages Total(page)      : 0
	DDR Hugepages Usage Rate(%)    : 0
	HBM Capacity(MB)               : 65536
	HBM Usage Rate(%)              : 5
	Aicore Usage Rate(%)           : 0
	Aivector Usage Rate(%)         : 0
	Aicpu Usage Rate(%)            : 0
	Ctrlcpu Usage Rate(%)          : 3
	DDR Bandwidth Usage Rate(%)    : 0
	HBM Bandwidth Usage Rate(%)    : 0
	NPU Utilization(%)             : 0
	Aicube Usage Rate(%)           : 0
	No process in device.
Error: cannot run top on container aceaef212ad03c546a6eb710fca4fd3c10f869d0c7973db9955d514211247daa as it did not create a cgroup: this container does not have a cgroup
timestamp_ns=1785752734649975940
	DDR Capacity(MB)               : 0
	DDR Usage Rate(%)              : 0
	DDR Hugepages Total(page)      : 0
	DDR Hugepages Usage Rate(%)    : 0
	HBM Capacity(MB)               : 65536
	HBM Usage Rate(%)              : 5
	Aicore Usage Rate(%)           : 0
	Aivector Usage Rate(%)         : 0
	Aicpu Usage Rate(%)            : 0
	Ctrlcpu Usage Rate(%)          : 4
	DDR Bandwidth Usage Rate(%)    : 0
	HBM Bandwidth Usage Rate(%)    : 0
	NPU Utilization(%)             : 0
	Aicube Usage Rate(%)           : 0
	No process in device.
Error: cannot run top on container aceaef212ad03c546a6eb710fca4fd3c10f869d0c7973db9955d514211247daa as it did not create a cgroup: this container does not have a cgroup
timestamp_ns=1785752736842829854
	DDR Capacity(MB)               : 0
	DDR Usage Rate(%)              : 0
	DDR Hugepages Total(page)      : 0
	DDR Hugepages Usage Rate(%)    : 0
	HBM Capacity(MB)               : 65536
	HBM Usage Rate(%)              : 5
	Aicore Usage Rate(%)           : 0
	Aivector Usage Rate(%)         : 0
	Aicpu Usage Rate(%)            : 0
	Ctrlcpu Usage Rate(%)          : 3
	DDR Bandwidth Usage Rate(%)    : 0
	HBM Bandwidth Usage Rate(%)    : 0
	NPU Utilization(%)             : 0
	Aicube Usage Rate(%)           : 0
	Get pid name failed.
	Process id:2090693 Process name:                  Process memory(MB):112
Error: cannot run top on container aceaef212ad03c546a6eb710fca4fd3c10f869d0c7973db9955d514211247daa as it did not create a cgroup: this container does not have a cgroup
timestamp_ns=1785752739000542162
	DDR Capacity(MB)               : 0
	DDR Usage Rate(%)              : 0
	DDR Hugepages Total(page)      : 0
	DDR Hugepages Usage Rate(%)    : 0
	HBM Capacity(MB)               : 65536
	HBM Usage Rate(%)              : 15
	Aicore Usage Rate(%)           : 0
	Aivector Usage Rate(%)         : 0
	Aicpu Usage Rate(%)            : 0
	Ctrlcpu Usage Rate(%)          : 9
	DDR Bandwidth Usage Rate(%)    : 0
	HBM Bandwidth Usage Rate(%)    : 0
	NPU Utilization(%)             : 0
	Aicube Usage Rate(%)           : 0
	Get pid name failed.
	Process id:2090693 Process name:                  Process memory(MB):8770
Error: cannot run top on container aceaef212ad03c546a6eb710fca4fd3c10f869d0c7973db9955d514211247daa as it did not create a cgroup: this container does not have a cgroup
timestamp_ns=1785752741155759278
	DDR Capacity(MB)               : 0
	DDR Usage Rate(%)              : 0
	DDR Hugepages Total(page)      : 0
	DDR Hugepages Usage Rate(%)    : 0
	HBM Capacity(MB)               : 65536
	HBM Usage Rate(%)              : 27
	Aicore Usage Rate(%)           : 0
	Aivector Usage Rate(%)         : 0
	Aicpu Usage Rate(%)            : 0
	Ctrlcpu Usage Rate(%)          : 2
	DDR Bandwidth Usage Rate(%)    : 0
	HBM Bandwidth Usage Rate(%)    : 0
	NPU Utilization(%)             : 0
	Aicube Usage Rate(%)           : 0
	Get pid name failed.
	Process id:2090693 Process name:                  Process memory(MB):14710
Error: cannot run top on container aceaef212ad03c546a6eb710fca4fd3c10f869d0c7973db9955d514211247daa as it did not create a cgroup: this container does not have a cgroup
timestamp_ns=1785752743322658588
	DDR Capacity(MB)               : 0
	DDR Usage Rate(%)              : 0
	DDR Hugepages Total(page)      : 0
	DDR Hugepages Usage Rate(%)    : 0
	HBM Capacity(MB)               : 65536
	HBM Usage Rate(%)              : 27
	Aicore Usage Rate(%)           : 0
	Aivector Usage Rate(%)         : 0
	Aicpu Usage Rate(%)            : 0
	Ctrlcpu Usage Rate(%)          : 4
	DDR Bandwidth Usage Rate(%)    : 0
	HBM Bandwidth Usage Rate(%)    : 0
	NPU Utilization(%)             : 0
	Aicube Usage Rate(%)           : 0
	Get pid name failed.
	Process id:2090693 Process name:                  Process memory(MB):14710
Error: cannot run top on container aceaef212ad03c546a6eb710fca4fd3c10f869d0c7973db9955d514211247daa as it did not create a cgroup: this container does not have a cgroup
timestamp_ns=1785752745473570364
	DDR Capacity(MB)               : 0
	DDR Usage Rate(%)              : 0
	DDR Hugepages Total(page)      : 0
	DDR Hugepages Usage Rate(%)    : 0
	HBM Capacity(MB)               : 65536
	HBM Usage Rate(%)              : 27
	Aicore Usage Rate(%)           : 0
	Aivector Usage Rate(%)         : 0
	Aicpu Usage Rate(%)            : 0
	Ctrlcpu Usage Rate(%)          : 3
	DDR Bandwidth Usage Rate(%)    : 0
	HBM Bandwidth Usage Rate(%)    : 0
	NPU Utilization(%)             : 0
	Aicube Usage Rate(%)           : 0
	Get pid name failed.
	Process id:2090693 Process name:                  Process memory(MB):14710
Error: cannot run top on container aceaef212ad03c546a6eb710fca4fd3c10f869d0c7973db9955d514211247daa as it did not create a cgroup: this container does not have a cgroup
timestamp_ns=1785752747679331732
	DDR Capacity(MB)               : 0
	DDR Usage Rate(%)              : 0
	DDR Hugepages Total(page)      : 0
	DDR Hugepages Usage Rate(%)    : 0
	HBM Capacity(MB)               : 65536
	HBM Usage Rate(%)              : 27
	Aicore Usage Rate(%)           : 0
	Aivector Usage Rate(%)         : 0
	Aicpu Usage Rate(%)            : 0
	Ctrlcpu Usage Rate(%)          : 3
	DDR Bandwidth Usage Rate(%)    : 0
	HBM Bandwidth Usage Rate(%)    : 0
	NPU Utilization(%)             : 0
	Aicube Usage Rate(%)           : 0
	Get pid name failed.
	Process id:2090693 Process name:                  Process memory(MB):14710
Error: cannot run top on container aceaef212ad03c546a6eb710fca4fd3c10f869d0c7973db9955d514211247daa as it did not create a cgroup: this container does not have a cgroup
timestamp_ns=1785752749849238481
	DDR Capacity(MB)               : 0
	DDR Usage Rate(%)              : 0
	DDR Hugepages Total(page)      : 0
	DDR Hugepages Usage Rate(%)    : 0
	HBM Capacity(MB)               : 65536
	HBM Usage Rate(%)              : 27
	Aicore Usage Rate(%)           : 0
	Aivector Usage Rate(%)         : 0
	Aicpu Usage Rate(%)            : 0
	Ctrlcpu Usage Rate(%)          : 5
	DDR Bandwidth Usage Rate(%)    : 0
	HBM Bandwidth Usage Rate(%)    : 0
	NPU Utilization(%)             : 0
	Aicube Usage Rate(%)           : 0
	Get pid name failed.
	Process id:2090693 Process name:                  Process memory(MB):14710
Error: cannot run top on container aceaef212ad03c546a6eb710fca4fd3c10f869d0c7973db9955d514211247daa as it did not create a cgroup: this container does not have a cgroup
timestamp_ns=1785752752053936843
	DDR Capacity(MB)               : 0
	DDR Usage Rate(%)              : 0
	DDR Hugepages Total(page)      : 0
	DDR Hugepages Usage Rate(%)    : 0
	HBM Capacity(MB)               : 65536
	HBM Usage Rate(%)              : 27
	Aicore Usage Rate(%)           : 0
	Aivector Usage Rate(%)         : 0
	Aicpu Usage Rate(%)            : 0
	Ctrlcpu Usage Rate(%)          : 3
	DDR Bandwidth Usage Rate(%)    : 0
	HBM Bandwidth Usage Rate(%)    : 0
	NPU Utilization(%)             : 0
	Aicube Usage Rate(%)           : 0
	Get pid name failed.
	Process id:2090693 Process name:                  Process memory(MB):14710
Error: cannot run top on container aceaef212ad03c546a6eb710fca4fd3c10f869d0c7973db9955d514211247daa as it did not create a cgroup: this container does not have a cgroup
timestamp_ns=1785752754207519908
	DDR Capacity(MB)               : 0
	DDR Usage Rate(%)              : 0
	DDR Hugepages Total(page)      : 0
	DDR Hugepages Usage Rate(%)    : 0
	HBM Capacity(MB)               : 65536
	HBM Usage Rate(%)              : 27
	Aicore Usage Rate(%)           : 0
	Aivector Usage Rate(%)         : 0
	Aicpu Usage Rate(%)            : 0
	Ctrlcpu Usage Rate(%)          : 4
	DDR Bandwidth Usage Rate(%)    : 0
	HBM Bandwidth Usage Rate(%)    : 0
	NPU Utilization(%)             : 0
	Aicube Usage Rate(%)           : 0
	Get pid name failed.
	Process id:2090693 Process name:                  Process memory(MB):14710
Error: cannot run top on container aceaef212ad03c546a6eb710fca4fd3c10f869d0c7973db9955d514211247daa as it did not create a cgroup: this container does not have a cgroup
timestamp_ns=1785752756340091153
	DDR Capacity(MB)               : 0
	DDR Usage Rate(%)              : 0
	DDR Hugepages Total(page)      : 0
	DDR Hugepages Usage Rate(%)    : 0
	HBM Capacity(MB)               : 65536
	HBM Usage Rate(%)              : 27
	Aicore Usage Rate(%)           : 0
	Aivector Usage Rate(%)         : 0
	Aicpu Usage Rate(%)            : 0
	Ctrlcpu Usage Rate(%)          : 2
	DDR Bandwidth Usage Rate(%)    : 0
	HBM Bandwidth Usage Rate(%)    : 0
	NPU Utilization(%)             : 0
	Aicube Usage Rate(%)           : 0
	Get pid name failed.
	Process id:2090693 Process name:                  Process memory(MB):14710
Error: cannot run top on container aceaef212ad03c546a6eb710fca4fd3c10f869d0c7973db9955d514211247daa as it did not create a cgroup: this container does not have a cgroup
timestamp_ns=1785752758503069584
	DDR Capacity(MB)               : 0
	DDR Usage Rate(%)              : 0
	DDR Hugepages Total(page)      : 0
	DDR Hugepages Usage Rate(%)    : 0
	HBM Capacity(MB)               : 65536
	HBM Usage Rate(%)              : 27
	Aicore Usage Rate(%)           : 0
	Aivector Usage Rate(%)         : 0
	Aicpu Usage Rate(%)            : 0
	Ctrlcpu Usage Rate(%)          : 2
	DDR Bandwidth Usage Rate(%)    : 0
	HBM Bandwidth Usage Rate(%)    : 0
	NPU Utilization(%)             : 0
	Aicube Usage Rate(%)           : 0
	Get pid name failed.
	Process id:2090693 Process name:                  Process memory(MB):14710
Error: cannot run top on container aceaef212ad03c546a6eb710fca4fd3c10f869d0c7973db9955d514211247daa as it did not create a cgroup: this container does not have a cgroup
timestamp_ns=1785752760675309383
	DDR Capacity(MB)               : 0
	DDR Usage Rate(%)              : 0
	DDR Hugepages Total(page)      : 0
	DDR Hugepages Usage Rate(%)    : 0
	HBM Capacity(MB)               : 65536
	HBM Usage Rate(%)              : 27
	Aicore Usage Rate(%)           : 0
	Aivector Usage Rate(%)         : 0
	Aicpu Usage Rate(%)            : 0
	Ctrlcpu Usage Rate(%)          : 2
	DDR Bandwidth Usage Rate(%)    : 0
	HBM Bandwidth Usage Rate(%)    : 0
	NPU Utilization(%)             : 0
	Aicube Usage Rate(%)           : 0
	Get pid name failed.
	Process id:2090693 Process name:                  Process memory(MB):14710
Error: cannot run top on container aceaef212ad03c546a6eb710fca4fd3c10f869d0c7973db9955d514211247daa as it did not create a cgroup: this container does not have a cgroup
timestamp_ns=1785752762826286766
	DDR Capacity(MB)               : 0
	DDR Usage Rate(%)              : 0
	DDR Hugepages Total(page)      : 0
	DDR Hugepages Usage Rate(%)    : 0
	HBM Capacity(MB)               : 65536
	HBM Usage Rate(%)              : 27
	Aicore Usage Rate(%)           : 0
	Aivector Usage Rate(%)         : 0
	Aicpu Usage Rate(%)            : 0
	Ctrlcpu Usage Rate(%)          : 2
	DDR Bandwidth Usage Rate(%)    : 0
	HBM Bandwidth Usage Rate(%)    : 0
	NPU Utilization(%)             : 0
	Aicube Usage Rate(%)           : 0
	Get pid name failed.
	Process id:2090693 Process name:                  Process memory(MB):14710
Error: cannot run top on container aceaef212ad03c546a6eb710fca4fd3c10f869d0c7973db9955d514211247daa as it did not create a cgroup: this container does not have a cgroup
timestamp_ns=1785752764976161574
	DDR Capacity(MB)               : 0
	DDR Usage Rate(%)              : 0
	DDR Hugepages Total(page)      : 0
	DDR Hugepages Usage Rate(%)    : 0
	HBM Capacity(MB)               : 65536
	HBM Usage Rate(%)              : 27
	Aicore Usage Rate(%)           : 0
	Aivector Usage Rate(%)         : 0
	Aicpu Usage Rate(%)            : 0
	Ctrlcpu Usage Rate(%)          : 3
	DDR Bandwidth Usage Rate(%)    : 0
	HBM Bandwidth Usage Rate(%)    : 0
	NPU Utilization(%)             : 0
	Aicube Usage Rate(%)           : 0
	Get pid name failed.
	Process id:2090693 Process name:                  Process memory(MB):14710
Error: cannot run top on container aceaef212ad03c546a6eb710fca4fd3c10f869d0c7973db9955d514211247daa as it did not create a cgroup: this container does not have a cgroup
timestamp_ns=1785752767136364619
	DDR Capacity(MB)               : 0
	DDR Usage Rate(%)              : 0
	DDR Hugepages Total(page)      : 0
	DDR Hugepages Usage Rate(%)    : 0
	HBM Capacity(MB)               : 65536
	HBM Usage Rate(%)              : 27
	Aicore Usage Rate(%)           : 0
	Aivector Usage Rate(%)         : 0
	Aicpu Usage Rate(%)            : 0
	Ctrlcpu Usage Rate(%)          : 2
	DDR Bandwidth Usage Rate(%)    : 0
	HBM Bandwidth Usage Rate(%)    : 0
	NPU Utilization(%)             : 0
	Aicube Usage Rate(%)           : 0
	Get pid name failed.
	Process id:2090693 Process name:                  Process memory(MB):14710
Error: cannot run top on container aceaef212ad03c546a6eb710fca4fd3c10f869d0c7973db9955d514211247daa as it did not create a cgroup: this container does not have a cgroup
timestamp_ns=1785752769277947981
	DDR Capacity(MB)               : 0
	DDR Usage Rate(%)              : 0
	DDR Hugepages Total(page)      : 0
	DDR Hugepages Usage Rate(%)    : 0
	HBM Capacity(MB)               : 65536
	HBM Usage Rate(%)              : 27
	Aicore Usage Rate(%)           : 0
	Aivector Usage Rate(%)         : 0
	Aicpu Usage Rate(%)            : 0
	Ctrlcpu Usage Rate(%)          : 6
	DDR Bandwidth Usage Rate(%)    : 0
	HBM Bandwidth Usage Rate(%)    : 0
	NPU Utilization(%)             : 0
	Aicube Usage Rate(%)           : 0
	Get pid name failed.
	Process id:2090693 Process name:                  Process memory(MB):14710
Error: cannot run top on container aceaef212ad03c546a6eb710fca4fd3c10f869d0c7973db9955d514211247daa as it did not create a cgroup: this container does not have a cgroup
timestamp_ns=1785752771428023684
	DDR Capacity(MB)               : 0
	DDR Usage Rate(%)              : 0
	DDR Hugepages Total(page)      : 0
	DDR Hugepages Usage Rate(%)    : 0
	HBM Capacity(MB)               : 65536
	HBM Usage Rate(%)              : 27
	Aicore Usage Rate(%)           : 0
	Aivector Usage Rate(%)         : 0
	Aicpu Usage Rate(%)            : 0
	Ctrlcpu Usage Rate(%)          : 3
	DDR Bandwidth Usage Rate(%)    : 0
	HBM Bandwidth Usage Rate(%)    : 0
	NPU Utilization(%)             : 0
	Aicube Usage Rate(%)           : 0
	Get pid name failed.
	Process id:2090693 Process name:                  Process memory(MB):14714
Error: cannot run top on container aceaef212ad03c546a6eb710fca4fd3c10f869d0c7973db9955d514211247daa as it did not create a cgroup: this container does not have a cgroup
timestamp_ns=1785752773587724881
	DDR Capacity(MB)               : 0
	DDR Usage Rate(%)              : 0
	DDR Hugepages Total(page)      : 0
	DDR Hugepages Usage Rate(%)    : 0
	HBM Capacity(MB)               : 65536
	HBM Usage Rate(%)              : 27
	Aicore Usage Rate(%)           : 0
	Aivector Usage Rate(%)         : 0
	Aicpu Usage Rate(%)            : 0
	Ctrlcpu Usage Rate(%)          : 3
	DDR Bandwidth Usage Rate(%)    : 0
	HBM Bandwidth Usage Rate(%)    : 0
	NPU Utilization(%)             : 0
	Aicube Usage Rate(%)           : 0
	Get pid name failed.
	Process id:2090693 Process name:                  Process memory(MB):14714
Error: cannot run top on container aceaef212ad03c546a6eb710fca4fd3c10f869d0c7973db9955d514211247daa as it did not create a cgroup: this container does not have a cgroup
timestamp_ns=1785752775732264231
	DDR Capacity(MB)               : 0
	DDR Usage Rate(%)              : 0
	DDR Hugepages Total(page)      : 0
	DDR Hugepages Usage Rate(%)    : 0
	HBM Capacity(MB)               : 65536
	HBM Usage Rate(%)              : 27
	Aicore Usage Rate(%)           : 0
	Aivector Usage Rate(%)         : 0
	Aicpu Usage Rate(%)            : 0
	Ctrlcpu Usage Rate(%)          : 1
	DDR Bandwidth Usage Rate(%)    : 0
	HBM Bandwidth Usage Rate(%)    : 0
	NPU Utilization(%)             : 0
	Aicube Usage Rate(%)           : 0
	Get pid name failed.
	Process id:2090693 Process name:                  Process memory(MB):14714
Error: cannot run top on container aceaef212ad03c546a6eb710fca4fd3c10f869d0c7973db9955d514211247daa as it did not create a cgroup: this container does not have a cgroup
timestamp_ns=1785752777879182254
	DDR Capacity(MB)               : 0
	DDR Usage Rate(%)              : 0
	DDR Hugepages Total(page)      : 0
	DDR Hugepages Usage Rate(%)    : 0
	HBM Capacity(MB)               : 65536
	HBM Usage Rate(%)              : 27
	Aicore Usage Rate(%)           : 0
	Aivector Usage Rate(%)         : 0
	Aicpu Usage Rate(%)            : 0
	Ctrlcpu Usage Rate(%)          : 3
	DDR Bandwidth Usage Rate(%)    : 0
	HBM Bandwidth Usage Rate(%)    : 0
	NPU Utilization(%)             : 0
	Aicube Usage Rate(%)           : 0
	Get pid name failed.
	Process id:2090693 Process name:                  Process memory(MB):14714
Error: cannot run top on container aceaef212ad03c546a6eb710fca4fd3c10f869d0c7973db9955d514211247daa as it did not create a cgroup: this container does not have a cgroup
timestamp_ns=1785752780031141612
	DDR Capacity(MB)               : 0
	DDR Usage Rate(%)              : 0
	DDR Hugepages Total(page)      : 0
	DDR Hugepages Usage Rate(%)    : 0
	HBM Capacity(MB)               : 65536
	HBM Usage Rate(%)              : 27
	Aicore Usage Rate(%)           : 0
	Aivector Usage Rate(%)         : 0
	Aicpu Usage Rate(%)            : 0
	Ctrlcpu Usage Rate(%)          : 4
	DDR Bandwidth Usage Rate(%)    : 0
	HBM Bandwidth Usage Rate(%)    : 0
	NPU Utilization(%)             : 0
	Aicube Usage Rate(%)           : 0
	Get pid name failed.
	Process id:2090693 Process name:                  Process memory(MB):14714
Error: cannot run top on container aceaef212ad03c546a6eb710fca4fd3c10f869d0c7973db9955d514211247daa as it did not create a cgroup: this container does not have a cgroup
timestamp_ns=1785752782218805389
	DDR Capacity(MB)               : 0
	DDR Usage Rate(%)              : 0
	DDR Hugepages Total(page)      : 0
	DDR Hugepages Usage Rate(%)    : 0
	HBM Capacity(MB)               : 65536
	HBM Usage Rate(%)              : 27
	Aicore Usage Rate(%)           : 0
	Aivector Usage Rate(%)         : 0
	Aicpu Usage Rate(%)            : 0
	Ctrlcpu Usage Rate(%)          : 3
	DDR Bandwidth Usage Rate(%)    : 0
	HBM Bandwidth Usage Rate(%)    : 0
	NPU Utilization(%)             : 0
	Aicube Usage Rate(%)           : 0
	Get pid name failed.
	Process id:2090693 Process name:                  Process memory(MB):14714
Error: cannot run top on container aceaef212ad03c546a6eb710fca4fd3c10f869d0c7973db9955d514211247daa as it did not create a cgroup: this container does not have a cgroup
timestamp_ns=1785752784585716951
	DDR Capacity(MB)               : 0
	DDR Usage Rate(%)              : 0
	DDR Hugepages Total(page)      : 0
	DDR Hugepages Usage Rate(%)    : 0
	HBM Capacity(MB)               : 65536
	HBM Usage Rate(%)              : 27
	Aicore Usage Rate(%)           : 0
	Aivector Usage Rate(%)         : 0
	Aicpu Usage Rate(%)            : 0
	Ctrlcpu Usage Rate(%)          : 5
	DDR Bandwidth Usage Rate(%)    : 0
	HBM Bandwidth Usage Rate(%)    : 0
	NPU Utilization(%)             : 0
	Aicube Usage Rate(%)           : 0
	Get pid name failed.
	Process id:2090693 Process name:                  Process memory(MB):14714
Error: cannot run top on container aceaef212ad03c546a6eb710fca4fd3c10f869d0c7973db9955d514211247daa as it did not create a cgroup: this container does not have a cgroup
timestamp_ns=1785752786761757037
	DDR Capacity(MB)               : 0
	DDR Usage Rate(%)              : 0
	DDR Hugepages Total(page)      : 0
	DDR Hugepages Usage Rate(%)    : 0
	HBM Capacity(MB)               : 65536
	HBM Usage Rate(%)              : 27
	Aicore Usage Rate(%)           : 0
	Aivector Usage Rate(%)         : 0
	Aicpu Usage Rate(%)            : 0
	Ctrlcpu Usage Rate(%)          : 4
	DDR Bandwidth Usage Rate(%)    : 0
	HBM Bandwidth Usage Rate(%)    : 0
	NPU Utilization(%)             : 0
	Aicube Usage Rate(%)           : 0
	Get pid name failed.
	Process id:2090693 Process name:                  Process memory(MB):14714
Error: cannot run top on container aceaef212ad03c546a6eb710fca4fd3c10f869d0c7973db9955d514211247daa as it did not create a cgroup: this container does not have a cgroup
timestamp_ns=1785752788956822810
	DDR Capacity(MB)               : 0
	DDR Usage Rate(%)              : 0
	DDR Hugepages Total(page)      : 0
	DDR Hugepages Usage Rate(%)    : 0
	HBM Capacity(MB)               : 65536
	HBM Usage Rate(%)              : 27
	Aicore Usage Rate(%)           : 0
	Aivector Usage Rate(%)         : 0
	Aicpu Usage Rate(%)            : 0
	Ctrlcpu Usage Rate(%)          : 10
	DDR Bandwidth Usage Rate(%)    : 0
	HBM Bandwidth Usage Rate(%)    : 0
	NPU Utilization(%)             : 0
	Aicube Usage Rate(%)           : 0
	Get pid name failed.
	Process id:2090693 Process name:                  Process memory(MB):14782
Error: cannot run top on container aceaef212ad03c546a6eb710fca4fd3c10f869d0c7973db9955d514211247daa as it did not create a cgroup: this container does not have a cgroup
timestamp_ns=1785752791146279910
	DDR Capacity(MB)               : 0
	DDR Usage Rate(%)              : 0
	DDR Hugepages Total(page)      : 0
	DDR Hugepages Usage Rate(%)    : 0
	HBM Capacity(MB)               : 65536
	HBM Usage Rate(%)              : 28
	Aicore Usage Rate(%)           : 16
	Aivector Usage Rate(%)         : 0
	Aicpu Usage Rate(%)            : 0
	Ctrlcpu Usage Rate(%)          : 4
	DDR Bandwidth Usage Rate(%)    : 0
	HBM Bandwidth Usage Rate(%)    : 0
	NPU Utilization(%)             : 16
	Aicube Usage Rate(%)           : 15
	Get pid name failed.
	Process id:2090693 Process name:                  Process memory(MB):15134
Error: cannot run top on container aceaef212ad03c546a6eb710fca4fd3c10f869d0c7973db9955d514211247daa as it did not create a cgroup: this container does not have a cgroup
timestamp_ns=1785752793347875943
	DDR Capacity(MB)               : 0
	DDR Usage Rate(%)              : 0
	DDR Hugepages Total(page)      : 0
	DDR Hugepages Usage Rate(%)    : 0
	HBM Capacity(MB)               : 65536
	HBM Usage Rate(%)              : 28
	Aicore Usage Rate(%)           : 0
	Aivector Usage Rate(%)         : 0
	Aicpu Usage Rate(%)            : 0
	Ctrlcpu Usage Rate(%)          : 4
	DDR Bandwidth Usage Rate(%)    : 0
	HBM Bandwidth Usage Rate(%)    : 2
	NPU Utilization(%)             : 0
	Aicube Usage Rate(%)           : 0
	Get pid name failed.
	Process id:2090693 Process name:                  Process memory(MB):15632
Error: cannot run top on container aceaef212ad03c546a6eb710fca4fd3c10f869d0c7973db9955d514211247daa as it did not create a cgroup: this container does not have a cgroup
timestamp_ns=1785752795542506657
	DDR Capacity(MB)               : 0
	DDR Usage Rate(%)              : 0
	DDR Hugepages Total(page)      : 0
	DDR Hugepages Usage Rate(%)    : 0
	HBM Capacity(MB)               : 65536
	HBM Usage Rate(%)              : 28
	Aicore Usage Rate(%)           : 0
	Aivector Usage Rate(%)         : 0
	Aicpu Usage Rate(%)            : 0
	Ctrlcpu Usage Rate(%)          : 4
	DDR Bandwidth Usage Rate(%)    : 0
	HBM Bandwidth Usage Rate(%)    : 0
	NPU Utilization(%)             : 0
	Aicube Usage Rate(%)           : 0
	Get pid name failed.
	Process id:2090693 Process name:                  Process memory(MB):15630
Error: cannot run top on container aceaef212ad03c546a6eb710fca4fd3c10f869d0c7973db9955d514211247daa as it did not create a cgroup: this container does not have a cgroup
timestamp_ns=1785752797715203264
	DDR Capacity(MB)               : 0
	DDR Usage Rate(%)              : 0
	DDR Hugepages Total(page)      : 0
	DDR Hugepages Usage Rate(%)    : 0
	HBM Capacity(MB)               : 65536
	HBM Usage Rate(%)              : 28
	Aicore Usage Rate(%)           : 0
	Aivector Usage Rate(%)         : 0
	Aicpu Usage Rate(%)            : 0
	Ctrlcpu Usage Rate(%)          : 2
	DDR Bandwidth Usage Rate(%)    : 0
	HBM Bandwidth Usage Rate(%)    : 0
	NPU Utilization(%)             : 0
	Aicube Usage Rate(%)           : 0
	Get pid name failed.
	Process id:2090693 Process name:                  Process memory(MB):15630
Error: cannot run top on container aceaef212ad03c546a6eb710fca4fd3c10f869d0c7973db9955d514211247daa as it did not create a cgroup: this container does not have a cgroup
timestamp_ns=1785752799878805551
	DDR Capacity(MB)               : 0
	DDR Usage Rate(%)              : 0
	DDR Hugepages Total(page)      : 0
	DDR Hugepages Usage Rate(%)    : 0
	HBM Capacity(MB)               : 65536
	HBM Usage Rate(%)              : 28
	Aicore Usage Rate(%)           : 0
	Aivector Usage Rate(%)         : 0
	Aicpu Usage Rate(%)            : 0
	Ctrlcpu Usage Rate(%)          : 1
	DDR Bandwidth Usage Rate(%)    : 0
	HBM Bandwidth Usage Rate(%)    : 0
	NPU Utilization(%)             : 0
	Aicube Usage Rate(%)           : 0
	Get pid name failed.
	Process id:2090693 Process name:                  Process memory(MB):15630
Error: cannot run top on container aceaef212ad03c546a6eb710fca4fd3c10f869d0c7973db9955d514211247daa as it did not create a cgroup: this container does not have a cgroup
timestamp_ns=1785752802083022163
	DDR Capacity(MB)               : 0
	DDR Usage Rate(%)              : 0
	DDR Hugepages Total(page)      : 0
	DDR Hugepages Usage Rate(%)    : 0
	HBM Capacity(MB)               : 65536
	HBM Usage Rate(%)              : 28
	Aicore Usage Rate(%)           : 0
	Aivector Usage Rate(%)         : 0
	Aicpu Usage Rate(%)            : 0
	Ctrlcpu Usage Rate(%)          : 1
	DDR Bandwidth Usage Rate(%)    : 0
	HBM Bandwidth Usage Rate(%)    : 0
	NPU Utilization(%)             : 0
	Aicube Usage Rate(%)           : 0
	Get pid name failed.
	Process id:2090693 Process name:                  Process memory(MB):15630
Error: cannot run top on container aceaef212ad03c546a6eb710fca4fd3c10f869d0c7973db9955d514211247daa as it did not create a cgroup: this container does not have a cgroup
timestamp_ns=1785752804278524573
	DDR Capacity(MB)               : 0
	DDR Usage Rate(%)              : 0
	DDR Hugepages Total(page)      : 0
	DDR Hugepages Usage Rate(%)    : 0
	HBM Capacity(MB)               : 65536
	HBM Usage Rate(%)              : 28
	Aicore Usage Rate(%)           : 0
	Aivector Usage Rate(%)         : 0
	Aicpu Usage Rate(%)            : 0
	Ctrlcpu Usage Rate(%)          : 7
	DDR Bandwidth Usage Rate(%)    : 0
	HBM Bandwidth Usage Rate(%)    : 0
	NPU Utilization(%)             : 0
	Aicube Usage Rate(%)           : 0
	Get pid name failed.
	Process id:2090693 Process name:                  Process memory(MB):15630
Error: cannot run top on container aceaef212ad03c546a6eb710fca4fd3c10f869d0c7973db9955d514211247daa as it did not create a cgroup: this container does not have a cgroup
timestamp_ns=1785752806465266640
	DDR Capacity(MB)               : 0
	DDR Usage Rate(%)              : 0
	DDR Hugepages Total(page)      : 0
	DDR Hugepages Usage Rate(%)    : 0
	HBM Capacity(MB)               : 65536
	HBM Usage Rate(%)              : 28
	Aicore Usage Rate(%)           : 0
	Aivector Usage Rate(%)         : 0
	Aicpu Usage Rate(%)            : 0
	Ctrlcpu Usage Rate(%)          : 5
	DDR Bandwidth Usage Rate(%)    : 0
	HBM Bandwidth Usage Rate(%)    : 0
	NPU Utilization(%)             : 0
	Aicube Usage Rate(%)           : 0
	Get pid name failed.
	Process id:2090693 Process name:                  Process memory(MB):15630
Error: cannot run top on container aceaef212ad03c546a6eb710fca4fd3c10f869d0c7973db9955d514211247daa as it did not create a cgroup: this container does not have a cgroup
timestamp_ns=1785752808779885603
	DDR Capacity(MB)               : 0
	DDR Usage Rate(%)              : 0
	DDR Hugepages Total(page)      : 0
	DDR Hugepages Usage Rate(%)    : 0
	HBM Capacity(MB)               : 65536
	HBM Usage Rate(%)              : 28
	Aicore Usage Rate(%)           : 0
	Aivector Usage Rate(%)         : 0
	Aicpu Usage Rate(%)            : 0
	Ctrlcpu Usage Rate(%)          : 1
	DDR Bandwidth Usage Rate(%)    : 0
	HBM Bandwidth Usage Rate(%)    : 0
	NPU Utilization(%)             : 0
	Aicube Usage Rate(%)           : 0
	Get pid name failed.
	Process id:2090693 Process name:                  Process memory(MB):15630
Error: cannot run top on container aceaef212ad03c546a6eb710fca4fd3c10f869d0c7973db9955d514211247daa as it did not create a cgroup: this container does not have a cgroup
timestamp_ns=1785752810946649697
	DDR Capacity(MB)               : 0
	DDR Usage Rate(%)              : 0
	DDR Hugepages Total(page)      : 0
	DDR Hugepages Usage Rate(%)    : 0
	HBM Capacity(MB)               : 65536
	HBM Usage Rate(%)              : 28
	Aicore Usage Rate(%)           : 0
	Aivector Usage Rate(%)         : 0
	Aicpu Usage Rate(%)            : 0
	Ctrlcpu Usage Rate(%)          : 10
	DDR Bandwidth Usage Rate(%)    : 0
	HBM Bandwidth Usage Rate(%)    : 0
	NPU Utilization(%)             : 0
	Aicube Usage Rate(%)           : 0
	Get pid name failed.
	Process id:2090693 Process name:                  Process memory(MB):15630
Error: cannot run top on container aceaef212ad03c546a6eb710fca4fd3c10f869d0c7973db9955d514211247daa as it did not create a cgroup: this container does not have a cgroup
timestamp_ns=1785752813099919437
	DDR Capacity(MB)               : 0
	DDR Usage Rate(%)              : 0
	DDR Hugepages Total(page)      : 0
	DDR Hugepages Usage Rate(%)    : 0
	HBM Capacity(MB)               : 65536
	HBM Usage Rate(%)              : 28
	Aicore Usage Rate(%)           : 0
	Aivector Usage Rate(%)         : 0
	Aicpu Usage Rate(%)            : 0
	Ctrlcpu Usage Rate(%)          : 1
	DDR Bandwidth Usage Rate(%)    : 0
	HBM Bandwidth Usage Rate(%)    : 0
	NPU Utilization(%)             : 0
	Aicube Usage Rate(%)           : 0
	Get pid name failed.
	Process id:2090693 Process name:                  Process memory(MB):15630
Error: cannot run top on container aceaef212ad03c546a6eb710fca4fd3c10f869d0c7973db9955d514211247daa as it did not create a cgroup: this container does not have a cgroup
timestamp_ns=1785752815265484962
	DDR Capacity(MB)               : 0
	DDR Usage Rate(%)              : 0
	DDR Hugepages Total(page)      : 0
	DDR Hugepages Usage Rate(%)    : 0
	HBM Capacity(MB)               : 65536
	HBM Usage Rate(%)              : 28
	Aicore Usage Rate(%)           : 0
	Aivector Usage Rate(%)         : 0
	Aicpu Usage Rate(%)            : 0
	Ctrlcpu Usage Rate(%)          : 1
	DDR Bandwidth Usage Rate(%)    : 0
	HBM Bandwidth Usage Rate(%)    : 0
	NPU Utilization(%)             : 0
	Aicube Usage Rate(%)           : 0
	Get pid name failed.
	Process id:2090693 Process name:                  Process memory(MB):15630
Error: cannot run top on container aceaef212ad03c546a6eb710fca4fd3c10f869d0c7973db9955d514211247daa as it did not create a cgroup: this container does not have a cgroup
timestamp_ns=1785752817457363565
	DDR Capacity(MB)               : 0
	DDR Usage Rate(%)              : 0
	DDR Hugepages Total(page)      : 0
	DDR Hugepages Usage Rate(%)    : 0
	HBM Capacity(MB)               : 65536
	HBM Usage Rate(%)              : 28
	Aicore Usage Rate(%)           : 0
	Aivector Usage Rate(%)         : 0
	Aicpu Usage Rate(%)            : 0
	Ctrlcpu Usage Rate(%)          : 1
	DDR Bandwidth Usage Rate(%)    : 0
	HBM Bandwidth Usage Rate(%)    : 0
	NPU Utilization(%)             : 0
	Aicube Usage Rate(%)           : 0
	Get pid name failed.
	Process id:2090693 Process name:                  Process memory(MB):15630
Error: cannot run top on container aceaef212ad03c546a6eb710fca4fd3c10f869d0c7973db9955d514211247daa as it did not create a cgroup: this container does not have a cgroup
timestamp_ns=1785752819638742221
	DDR Capacity(MB)               : 0
	DDR Usage Rate(%)              : 0
	DDR Hugepages Total(page)      : 0
	DDR Hugepages Usage Rate(%)    : 0
	HBM Capacity(MB)               : 65536
	HBM Usage Rate(%)              : 28
	Aicore Usage Rate(%)           : 0
	Aivector Usage Rate(%)         : 0
	Aicpu Usage Rate(%)            : 0
	Ctrlcpu Usage Rate(%)          : 4
	DDR Bandwidth Usage Rate(%)    : 0
	HBM Bandwidth Usage Rate(%)    : 0
	NPU Utilization(%)             : 0
	Aicube Usage Rate(%)           : 0
	Get pid name failed.
	Process id:2090693 Process name:                  Process memory(MB):15630
Error: cannot run top on container aceaef212ad03c546a6eb710fca4fd3c10f869d0c7973db9955d514211247daa as it did not create a cgroup: this container does not have a cgroup
timestamp_ns=1785752821803250158
	DDR Capacity(MB)               : 0
	DDR Usage Rate(%)              : 0
	DDR Hugepages Total(page)      : 0
	DDR Hugepages Usage Rate(%)    : 0
	HBM Capacity(MB)               : 65536
	HBM Usage Rate(%)              : 28
	Aicore Usage Rate(%)           : 0
	Aivector Usage Rate(%)         : 0
	Aicpu Usage Rate(%)            : 0
	Ctrlcpu Usage Rate(%)          : 3
	DDR Bandwidth Usage Rate(%)    : 0
	HBM Bandwidth Usage Rate(%)    : 0
	NPU Utilization(%)             : 0
	Aicube Usage Rate(%)           : 0
	Get pid name failed.
	Process id:2090693 Process name:                  Process memory(MB):15630
Error: cannot run top on container aceaef212ad03c546a6eb710fca4fd3c10f869d0c7973db9955d514211247daa as it did not create a cgroup: this container does not have a cgroup
timestamp_ns=1785752823982269333
	DDR Capacity(MB)               : 0
	DDR Usage Rate(%)              : 0
	DDR Hugepages Total(page)      : 0
	DDR Hugepages Usage Rate(%)    : 0
	HBM Capacity(MB)               : 65536
	HBM Usage Rate(%)              : 28
	Aicore Usage Rate(%)           : 0
	Aivector Usage Rate(%)         : 0
	Aicpu Usage Rate(%)            : 0
	Ctrlcpu Usage Rate(%)          : 2
	DDR Bandwidth Usage Rate(%)    : 0
	HBM Bandwidth Usage Rate(%)    : 0
	NPU Utilization(%)             : 0
	Aicube Usage Rate(%)           : 0
	Get pid name failed.
	Process id:2090693 Process name:                  Process memory(MB):15630
Error: cannot run top on container aceaef212ad03c546a6eb710fca4fd3c10f869d0c7973db9955d514211247daa as it did not create a cgroup: this container does not have a cgroup
timestamp_ns=1785752826174189545
	DDR Capacity(MB)               : 0
	DDR Usage Rate(%)              : 0
	DDR Hugepages Total(page)      : 0
	DDR Hugepages Usage Rate(%)    : 0
	HBM Capacity(MB)               : 65536
	HBM Usage Rate(%)              : 29
	Aicore Usage Rate(%)           : 77
	Aivector Usage Rate(%)         : 4
	Aicpu Usage Rate(%)            : 0
	Ctrlcpu Usage Rate(%)          : 3
	DDR Bandwidth Usage Rate(%)    : 0
	HBM Bandwidth Usage Rate(%)    : 0
	NPU Utilization(%)             : 93
	Aicube Usage Rate(%)           : 71
	Get pid name failed.
	Process id:2090693 Process name:                  Process memory(MB):15960
Error: cannot run top on container aceaef212ad03c546a6eb710fca4fd3c10f869d0c7973db9955d514211247daa as it did not create a cgroup: this container does not have a cgroup
timestamp_ns=1785752828325487197
	DDR Capacity(MB)               : 0
	DDR Usage Rate(%)              : 0
	DDR Hugepages Total(page)      : 0
	DDR Hugepages Usage Rate(%)    : 0
	HBM Capacity(MB)               : 65536
	HBM Usage Rate(%)              : 29
	Aicore Usage Rate(%)           : 78
	Aivector Usage Rate(%)         : 4
	Aicpu Usage Rate(%)            : 0
	Ctrlcpu Usage Rate(%)          : 2
	DDR Bandwidth Usage Rate(%)    : 0
	HBM Bandwidth Usage Rate(%)    : 53
	NPU Utilization(%)             : 89
	Aicube Usage Rate(%)           : 70
	Get pid name failed.
	Process id:2090693 Process name:                  Process memory(MB):15960
Error: cannot run top on container aceaef212ad03c546a6eb710fca4fd3c10f869d0c7973db9955d514211247daa as it did not create a cgroup: this container does not have a cgroup
timestamp_ns=1785752830474252058
	DDR Capacity(MB)               : 0
	DDR Usage Rate(%)              : 0
	DDR Hugepages Total(page)      : 0
	DDR Hugepages Usage Rate(%)    : 0
	HBM Capacity(MB)               : 65536
	HBM Usage Rate(%)              : 29
	Aicore Usage Rate(%)           : 80
	Aivector Usage Rate(%)         : 5
	Aicpu Usage Rate(%)            : 0
	Ctrlcpu Usage Rate(%)          : 1
	DDR Bandwidth Usage Rate(%)    : 0
	HBM Bandwidth Usage Rate(%)    : 53
	NPU Utilization(%)             : 86
	Aicube Usage Rate(%)           : 73
	Get pid name failed.
	Process id:2090693 Process name:                  Process memory(MB):15960
Error: cannot run top on container aceaef212ad03c546a6eb710fca4fd3c10f869d0c7973db9955d514211247daa as it did not create a cgroup: this container does not have a cgroup
timestamp_ns=1785752832623897453
	DDR Capacity(MB)               : 0
	DDR Usage Rate(%)              : 0
	DDR Hugepages Total(page)      : 0
	DDR Hugepages Usage Rate(%)    : 0
	HBM Capacity(MB)               : 65536
	HBM Usage Rate(%)              : 29
	Aicore Usage Rate(%)           : 77
	Aivector Usage Rate(%)         : 4
	Aicpu Usage Rate(%)            : 0
	Ctrlcpu Usage Rate(%)          : 2
	DDR Bandwidth Usage Rate(%)    : 0
	HBM Bandwidth Usage Rate(%)    : 53
	NPU Utilization(%)             : 96
	Aicube Usage Rate(%)           : 69
	Get pid name failed.
	Process id:2090693 Process name:                  Process memory(MB):15960
Error: cannot run top on container aceaef212ad03c546a6eb710fca4fd3c10f869d0c7973db9955d514211247daa as it did not create a cgroup: this container does not have a cgroup
timestamp_ns=1785752834800053238
	DDR Capacity(MB)               : 0
	DDR Usage Rate(%)              : 0
	DDR Hugepages Total(page)      : 0
	DDR Hugepages Usage Rate(%)    : 0
	HBM Capacity(MB)               : 65536
	HBM Usage Rate(%)              : 29
	Aicore Usage Rate(%)           : 76
	Aivector Usage Rate(%)         : 4
	Aicpu Usage Rate(%)            : 0
	Ctrlcpu Usage Rate(%)          : 7
	DDR Bandwidth Usage Rate(%)    : 0
	HBM Bandwidth Usage Rate(%)    : 53
	NPU Utilization(%)             : 89
	Aicube Usage Rate(%)           : 69
	Get pid name failed.
	Process id:2090693 Process name:                  Process memory(MB):15960
Error: cannot run top on container aceaef212ad03c546a6eb710fca4fd3c10f869d0c7973db9955d514211247daa as it did not create a cgroup: this container does not have a cgroup
timestamp_ns=1785752836952598114
	DDR Capacity(MB)               : 0
	DDR Usage Rate(%)              : 0
	DDR Hugepages Total(page)      : 0
	DDR Hugepages Usage Rate(%)    : 0
	HBM Capacity(MB)               : 65536
	HBM Usage Rate(%)              : 29
	Aicore Usage Rate(%)           : 80
	Aivector Usage Rate(%)         : 5
	Aicpu Usage Rate(%)            : 0
	Ctrlcpu Usage Rate(%)          : 3
	DDR Bandwidth Usage Rate(%)    : 0
	HBM Bandwidth Usage Rate(%)    : 53
	NPU Utilization(%)             : 86
	Aicube Usage Rate(%)           : 73
	Get pid name failed.
	Process id:2090693 Process name:                  Process memory(MB):15960
Error: cannot run top on container aceaef212ad03c546a6eb710fca4fd3c10f869d0c7973db9955d514211247daa as it did not create a cgroup: this container does not have a cgroup
timestamp_ns=1785752839112430569
	DDR Capacity(MB)               : 0
	DDR Usage Rate(%)              : 0
	DDR Hugepages Total(page)      : 0
	DDR Hugepages Usage Rate(%)    : 0
	HBM Capacity(MB)               : 65536
	HBM Usage Rate(%)              : 29
	Aicore Usage Rate(%)           : 80
	Aivector Usage Rate(%)         : 5
	Aicpu Usage Rate(%)            : 0
	Ctrlcpu Usage Rate(%)          : 3
	DDR Bandwidth Usage Rate(%)    : 0
	HBM Bandwidth Usage Rate(%)    : 53
	NPU Utilization(%)             : 96
	Aicube Usage Rate(%)           : 73
	Get pid name failed.
	Process id:2090693 Process name:                  Process memory(MB):15960
Error: cannot run top on container aceaef212ad03c546a6eb710fca4fd3c10f869d0c7973db9955d514211247daa as it did not create a cgroup: this container does not have a cgroup
timestamp_ns=1785752841273479474
	DDR Capacity(MB)               : 0
	DDR Usage Rate(%)              : 0
	DDR Hugepages Total(page)      : 0
	DDR Hugepages Usage Rate(%)    : 0
	HBM Capacity(MB)               : 65536
	HBM Usage Rate(%)              : 29
	Aicore Usage Rate(%)           : 79
	Aivector Usage Rate(%)         : 4
	Aicpu Usage Rate(%)            : 0
	Ctrlcpu Usage Rate(%)          : 5
	DDR Bandwidth Usage Rate(%)    : 0
	HBM Bandwidth Usage Rate(%)    : 54
	NPU Utilization(%)             : 93
	Aicube Usage Rate(%)           : 71
	Get pid name failed.
	Process id:2090693 Process name:                  Process memory(MB):15960
Error: cannot run top on container aceaef212ad03c546a6eb710fca4fd3c10f869d0c7973db9955d514211247daa as it did not create a cgroup: this container does not have a cgroup
timestamp_ns=1785752843421159408
	DDR Capacity(MB)               : 0
	DDR Usage Rate(%)              : 0
	DDR Hugepages Total(page)      : 0
	DDR Hugepages Usage Rate(%)    : 0
	HBM Capacity(MB)               : 65536
	HBM Usage Rate(%)              : 29
	Aicore Usage Rate(%)           : 77
	Aivector Usage Rate(%)         : 5
	Aicpu Usage Rate(%)            : 0
	Ctrlcpu Usage Rate(%)          : 1
	DDR Bandwidth Usage Rate(%)    : 0
	HBM Bandwidth Usage Rate(%)    : 53
	NPU Utilization(%)             : 93
	Aicube Usage Rate(%)           : 71
	Get pid name failed.
	Process id:2090693 Process name:                  Process memory(MB):15960
Error: cannot run top on container aceaef212ad03c546a6eb710fca4fd3c10f869d0c7973db9955d514211247daa as it did not create a cgroup: this container does not have a cgroup
timestamp_ns=1785752845571705825
	DDR Capacity(MB)               : 0
	DDR Usage Rate(%)              : 0
	DDR Hugepages Total(page)      : 0
	DDR Hugepages Usage Rate(%)    : 0
	HBM Capacity(MB)               : 65536
	HBM Usage Rate(%)              : 29
	Aicore Usage Rate(%)           : 79
	Aivector Usage Rate(%)         : 4
	Aicpu Usage Rate(%)            : 0
	Ctrlcpu Usage Rate(%)          : 0
	DDR Bandwidth Usage Rate(%)    : 0
	HBM Bandwidth Usage Rate(%)    : 53
	NPU Utilization(%)             : 89
	Aicube Usage Rate(%)           : 71
	Get pid name failed.
	Process id:2090693 Process name:                  Process memory(MB):15960
Error: cannot run top on container aceaef212ad03c546a6eb710fca4fd3c10f869d0c7973db9955d514211247daa as it did not create a cgroup: this container does not have a cgroup
timestamp_ns=1785752847733434495
	DDR Capacity(MB)               : 0
	DDR Usage Rate(%)              : 0
	DDR Hugepages Total(page)      : 0
	DDR Hugepages Usage Rate(%)    : 0
	HBM Capacity(MB)               : 65536
	HBM Usage Rate(%)              : 29
	Aicore Usage Rate(%)           : 77
	Aivector Usage Rate(%)         : 4
	Aicpu Usage Rate(%)            : 0
	Ctrlcpu Usage Rate(%)          : 1
	DDR Bandwidth Usage Rate(%)    : 0
	HBM Bandwidth Usage Rate(%)    : 17
	NPU Utilization(%)             : 96
	Aicube Usage Rate(%)           : 71
	Get pid name failed.
	Process id:2090693 Process name:                  Process memory(MB):15980
Error: cannot run top on container aceaef212ad03c546a6eb710fca4fd3c10f869d0c7973db9955d514211247daa as it did not create a cgroup: this container does not have a cgroup
timestamp_ns=1785752849896746091
	DDR Capacity(MB)               : 0
	DDR Usage Rate(%)              : 0
	DDR Hugepages Total(page)      : 0
	DDR Hugepages Usage Rate(%)    : 0
	HBM Capacity(MB)               : 65536
	HBM Usage Rate(%)              : 29
	Aicore Usage Rate(%)           : 79
	Aivector Usage Rate(%)         : 5
	Aicpu Usage Rate(%)            : 0
	Ctrlcpu Usage Rate(%)          : 4
	DDR Bandwidth Usage Rate(%)    : 0
	HBM Bandwidth Usage Rate(%)    : 54
	NPU Utilization(%)             : 93
	Aicube Usage Rate(%)           : 71
	Get pid name failed.
	Process id:2090693 Process name:                  Process memory(MB):15980
Error: cannot run top on container aceaef212ad03c546a6eb710fca4fd3c10f869d0c7973db9955d514211247daa as it did not create a cgroup: this container does not have a cgroup
timestamp_ns=1785752852043247151
	DDR Capacity(MB)               : 0
	DDR Usage Rate(%)              : 0
	DDR Hugepages Total(page)      : 0
	DDR Hugepages Usage Rate(%)    : 0
	HBM Capacity(MB)               : 65536
	HBM Usage Rate(%)              : 29
	Aicore Usage Rate(%)           : 77
	Aivector Usage Rate(%)         : 5
	Aicpu Usage Rate(%)            : 0
	Ctrlcpu Usage Rate(%)          : 2
	DDR Bandwidth Usage Rate(%)    : 0
	HBM Bandwidth Usage Rate(%)    : 54
	NPU Utilization(%)             : 89
	Aicube Usage Rate(%)           : 70
	Get pid name failed.
	Process id:2090693 Process name:                  Process memory(MB):16000
Error: cannot run top on container aceaef212ad03c546a6eb710fca4fd3c10f869d0c7973db9955d514211247daa as it did not create a cgroup: this container does not have a cgroup
timestamp_ns=1785752854206055165
	DDR Capacity(MB)               : 0
	DDR Usage Rate(%)              : 0
	DDR Hugepages Total(page)      : 0
	DDR Hugepages Usage Rate(%)    : 0
	HBM Capacity(MB)               : 65536
	HBM Usage Rate(%)              : 29
	Aicore Usage Rate(%)           : 79
	Aivector Usage Rate(%)         : 5
	Aicpu Usage Rate(%)            : 0
	Ctrlcpu Usage Rate(%)          : 5
	DDR Bandwidth Usage Rate(%)    : 0
	HBM Bandwidth Usage Rate(%)    : 53
	NPU Utilization(%)             : 86
	Aicube Usage Rate(%)           : 73
	Get pid name failed.
	Process id:2090693 Process name:                  Process memory(MB):16000
Error: cannot run top on container aceaef212ad03c546a6eb710fca4fd3c10f869d0c7973db9955d514211247daa as it did not create a cgroup: this container does not have a cgroup
timestamp_ns=1785752856359024332
	DDR Capacity(MB)               : 0
	DDR Usage Rate(%)              : 0
	DDR Hugepages Total(page)      : 0
	DDR Hugepages Usage Rate(%)    : 0
	HBM Capacity(MB)               : 65536
	HBM Usage Rate(%)              : 29
	Aicore Usage Rate(%)           : 79
	Aivector Usage Rate(%)         : 5
	Aicpu Usage Rate(%)            : 0
	Ctrlcpu Usage Rate(%)          : 5
	DDR Bandwidth Usage Rate(%)    : 0
	HBM Bandwidth Usage Rate(%)    : 53
	NPU Utilization(%)             : 89
	Aicube Usage Rate(%)           : 71
	Get pid name failed.
	Process id:2090693 Process name:                  Process memory(MB):16000
Error: cannot run top on container aceaef212ad03c546a6eb710fca4fd3c10f869d0c7973db9955d514211247daa as it did not create a cgroup: this container does not have a cgroup
timestamp_ns=1785752858533033124
	DDR Capacity(MB)               : 0
	DDR Usage Rate(%)              : 0
	DDR Hugepages Total(page)      : 0
	DDR Hugepages Usage Rate(%)    : 0
	HBM Capacity(MB)               : 65536
	HBM Usage Rate(%)              : 29
	Aicore Usage Rate(%)           : 77
	Aivector Usage Rate(%)         : 5
	Aicpu Usage Rate(%)            : 0
	Ctrlcpu Usage Rate(%)          : 5
	DDR Bandwidth Usage Rate(%)    : 0
	HBM Bandwidth Usage Rate(%)    : 53
	NPU Utilization(%)             : 93
	Aicube Usage Rate(%)           : 71
	Get pid name failed.
	Process id:2090693 Process name:                  Process memory(MB):16000
Error: cannot run top on container aceaef212ad03c546a6eb710fca4fd3c10f869d0c7973db9955d514211247daa as it did not create a cgroup: this container does not have a cgroup
timestamp_ns=1785752860669081883
	DDR Capacity(MB)               : 0
	DDR Usage Rate(%)              : 0
	DDR Hugepages Total(page)      : 0
	DDR Hugepages Usage Rate(%)    : 0
	HBM Capacity(MB)               : 65536
	HBM Usage Rate(%)              : 29
	Aicore Usage Rate(%)           : 81
	Aivector Usage Rate(%)         : 5
	Aicpu Usage Rate(%)            : 0
	Ctrlcpu Usage Rate(%)          : 6
	DDR Bandwidth Usage Rate(%)    : 0
	HBM Bandwidth Usage Rate(%)    : 53
	NPU Utilization(%)             : 93
	Aicube Usage Rate(%)           : 73
	Get pid name failed.
	Process id:2090693 Process name:                  Process memory(MB):16000
Error: cannot run top on container aceaef212ad03c546a6eb710fca4fd3c10f869d0c7973db9955d514211247daa as it did not create a cgroup: this container does not have a cgroup
timestamp_ns=1785752862851971268
	DDR Capacity(MB)               : 0
	DDR Usage Rate(%)              : 0
	DDR Hugepages Total(page)      : 0
	DDR Hugepages Usage Rate(%)    : 0
	HBM Capacity(MB)               : 65536
	HBM Usage Rate(%)              : 29
	Aicore Usage Rate(%)           : 81
	Aivector Usage Rate(%)         : 5
	Aicpu Usage Rate(%)            : 0
	Ctrlcpu Usage Rate(%)          : 2
	DDR Bandwidth Usage Rate(%)    : 0
	HBM Bandwidth Usage Rate(%)    : 53
	NPU Utilization(%)             : 89
	Aicube Usage Rate(%)           : 73
	Get pid name failed.
	Process id:2090693 Process name:                  Process memory(MB):16000
Error: cannot run top on container aceaef212ad03c546a6eb710fca4fd3c10f869d0c7973db9955d514211247daa as it did not create a cgroup: this container does not have a cgroup
timestamp_ns=1785752865012045610
	DDR Capacity(MB)               : 0
	DDR Usage Rate(%)              : 0
	DDR Hugepages Total(page)      : 0
	DDR Hugepages Usage Rate(%)    : 0
	HBM Capacity(MB)               : 65536
	HBM Usage Rate(%)              : 29
	Aicore Usage Rate(%)           : 81
	Aivector Usage Rate(%)         : 5
	Aicpu Usage Rate(%)            : 0
	Ctrlcpu Usage Rate(%)          : 4
	DDR Bandwidth Usage Rate(%)    : 0
	HBM Bandwidth Usage Rate(%)    : 54
	NPU Utilization(%)             : 86
	Aicube Usage Rate(%)           : 74
	Get pid name failed.
	Process id:2090693 Process name:                  Process memory(MB):16000
Error: cannot run top on container aceaef212ad03c546a6eb710fca4fd3c10f869d0c7973db9955d514211247daa as it did not create a cgroup: this container does not have a cgroup
timestamp_ns=1785752867169439459
	DDR Capacity(MB)               : 0
	DDR Usage Rate(%)              : 0
	DDR Hugepages Total(page)      : 0
	DDR Hugepages Usage Rate(%)    : 0
	HBM Capacity(MB)               : 65536
	HBM Usage Rate(%)              : 29
	Aicore Usage Rate(%)           : 69
	Aivector Usage Rate(%)         : 5
	Aicpu Usage Rate(%)            : 0
	Ctrlcpu Usage Rate(%)          : 4
	DDR Bandwidth Usage Rate(%)    : 0
	HBM Bandwidth Usage Rate(%)    : 53
	NPU Utilization(%)             : 86
	Aicube Usage Rate(%)           : 62
	Get pid name failed.
	Process id:2090693 Process name:                  Process memory(MB):16006
Error: cannot run top on container aceaef212ad03c546a6eb710fca4fd3c10f869d0c7973db9955d514211247daa as it did not create a cgroup: this container does not have a cgroup
timestamp_ns=1785752869329732966
	DDR Capacity(MB)               : 0
	DDR Usage Rate(%)              : 0
	DDR Hugepages Total(page)      : 0
	DDR Hugepages Usage Rate(%)    : 0
	HBM Capacity(MB)               : 65536
	HBM Usage Rate(%)              : 29
	Aicore Usage Rate(%)           : 77
	Aivector Usage Rate(%)         : 5
	Aicpu Usage Rate(%)            : 0
	Ctrlcpu Usage Rate(%)          : 2
	DDR Bandwidth Usage Rate(%)    : 0
	HBM Bandwidth Usage Rate(%)    : 53
	NPU Utilization(%)             : 86
	Aicube Usage Rate(%)           : 71
	Get pid name failed.
	Process id:2090693 Process name:                  Process memory(MB):16006
Error: cannot run top on container aceaef212ad03c546a6eb710fca4fd3c10f869d0c7973db9955d514211247daa as it did not create a cgroup: this container does not have a cgroup
timestamp_ns=1785752871463304120
	DDR Capacity(MB)               : 0
	DDR Usage Rate(%)              : 0
	DDR Hugepages Total(page)      : 0
	DDR Hugepages Usage Rate(%)    : 0
	HBM Capacity(MB)               : 65536
	HBM Usage Rate(%)              : 29
	Aicore Usage Rate(%)           : 91
	Aivector Usage Rate(%)         : 14
	Aicpu Usage Rate(%)            : 0
	Ctrlcpu Usage Rate(%)          : 6
	DDR Bandwidth Usage Rate(%)    : 0
	HBM Bandwidth Usage Rate(%)    : 53
	NPU Utilization(%)             : 93
	Aicube Usage Rate(%)           : 73
	Get pid name failed.
	Process id:2090693 Process name:                  Process memory(MB):16006
Error: cannot run top on container aceaef212ad03c546a6eb710fca4fd3c10f869d0c7973db9955d514211247daa as it did not create a cgroup: this container does not have a cgroup
timestamp_ns=1785752873619545866
	DDR Capacity(MB)               : 0
	DDR Usage Rate(%)              : 0
	DDR Hugepages Total(page)      : 0
	DDR Hugepages Usage Rate(%)    : 0
	HBM Capacity(MB)               : 65536
	HBM Usage Rate(%)              : 29
	Aicore Usage Rate(%)           : 77
	Aivector Usage Rate(%)         : 4
	Aicpu Usage Rate(%)            : 0
	Ctrlcpu Usage Rate(%)          : 3
	DDR Bandwidth Usage Rate(%)    : 0
	HBM Bandwidth Usage Rate(%)    : 53
	NPU Utilization(%)             : 93
	Aicube Usage Rate(%)           : 71
	Get pid name failed.
	Process id:2090693 Process name:                  Process memory(MB):16006
Error: cannot run top on container aceaef212ad03c546a6eb710fca4fd3c10f869d0c7973db9955d514211247daa as it did not create a cgroup: this container does not have a cgroup
timestamp_ns=1785752875781378570
	DDR Capacity(MB)               : 0
	DDR Usage Rate(%)              : 0
	DDR Hugepages Total(page)      : 0
	DDR Hugepages Usage Rate(%)    : 0
	HBM Capacity(MB)               : 65536
	HBM Usage Rate(%)              : 29
	Aicore Usage Rate(%)           : 100
	Aivector Usage Rate(%)         : 17
	Aicpu Usage Rate(%)            : 0
	Ctrlcpu Usage Rate(%)          : 1
	DDR Bandwidth Usage Rate(%)    : 0
	HBM Bandwidth Usage Rate(%)    : 54
	NPU Utilization(%)             : 100
	Aicube Usage Rate(%)           : 85
	Get pid name failed.
	Process id:2090693 Process name:                  Process memory(MB):16006
Error: cannot run top on container aceaef212ad03c546a6eb710fca4fd3c10f869d0c7973db9955d514211247daa as it did not create a cgroup: this container does not have a cgroup
timestamp_ns=1785752877948922646
	DDR Capacity(MB)               : 0
	DDR Usage Rate(%)              : 0
	DDR Hugepages Total(page)      : 0
	DDR Hugepages Usage Rate(%)    : 0
	HBM Capacity(MB)               : 65536
	HBM Usage Rate(%)              : 29
	Aicore Usage Rate(%)           : 78
	Aivector Usage Rate(%)         : 5
	Aicpu Usage Rate(%)            : 0
	Ctrlcpu Usage Rate(%)          : 2
	DDR Bandwidth Usage Rate(%)    : 0
	HBM Bandwidth Usage Rate(%)    : 52
	NPU Utilization(%)             : 93
	Aicube Usage Rate(%)           : 72
	Get pid name failed.
	Process id:2090693 Process name:                  Process memory(MB):16006
Error: cannot run top on container aceaef212ad03c546a6eb710fca4fd3c10f869d0c7973db9955d514211247daa as it did not create a cgroup: this container does not have a cgroup
timestamp_ns=1785752880080357067
	DDR Capacity(MB)               : 0
	DDR Usage Rate(%)              : 0
	DDR Hugepages Total(page)      : 0
	DDR Hugepages Usage Rate(%)    : 0
	HBM Capacity(MB)               : 65536
	HBM Usage Rate(%)              : 29
	Aicore Usage Rate(%)           : 53
	Aivector Usage Rate(%)         : 12
	Aicpu Usage Rate(%)            : 0
	Ctrlcpu Usage Rate(%)          : 3
	DDR Bandwidth Usage Rate(%)    : 0
	HBM Bandwidth Usage Rate(%)    : 54
	NPU Utilization(%)             : 72
	Aicube Usage Rate(%)           : 39
	Get pid name failed.
	Process id:2090693 Process name:                  Process memory(MB):16006
Error: cannot run top on container aceaef212ad03c546a6eb710fca4fd3c10f869d0c7973db9955d514211247daa as it did not create a cgroup: this container does not have a cgroup
timestamp_ns=1785752882232634996
	DDR Capacity(MB)               : 0
	DDR Usage Rate(%)              : 0
	DDR Hugepages Total(page)      : 0
	DDR Hugepages Usage Rate(%)    : 0
	HBM Capacity(MB)               : 65536
	HBM Usage Rate(%)              : 29
	Aicore Usage Rate(%)           : 77
	Aivector Usage Rate(%)         : 5
	Aicpu Usage Rate(%)            : 0
	Ctrlcpu Usage Rate(%)          : 3
	DDR Bandwidth Usage Rate(%)    : 0
	HBM Bandwidth Usage Rate(%)    : 53
	NPU Utilization(%)             : 86
	Aicube Usage Rate(%)           : 71
	Get pid name failed.
	Process id:2090693 Process name:                  Process memory(MB):16006
Error: cannot run top on container aceaef212ad03c546a6eb710fca4fd3c10f869d0c7973db9955d514211247daa as it did not create a cgroup: this container does not have a cgroup
timestamp_ns=1785752884373373942
	DDR Capacity(MB)               : 0
	DDR Usage Rate(%)              : 0
	DDR Hugepages Total(page)      : 0
	DDR Hugepages Usage Rate(%)    : 0
	HBM Capacity(MB)               : 65536
	HBM Usage Rate(%)              : 29
	Aicore Usage Rate(%)           : 100
	Aivector Usage Rate(%)         : 23
	Aicpu Usage Rate(%)            : 0
	Ctrlcpu Usage Rate(%)          : 6
	DDR Bandwidth Usage Rate(%)    : 0
	HBM Bandwidth Usage Rate(%)    : 54
	NPU Utilization(%)             : 100
	Aicube Usage Rate(%)           : 87
	Get pid name failed.
	Process id:2090693 Process name:                  Process memory(MB):16006
Error: cannot run top on container aceaef212ad03c546a6eb710fca4fd3c10f869d0c7973db9955d514211247daa as it did not create a cgroup: this container does not have a cgroup
timestamp_ns=1785752886516050685
	DDR Capacity(MB)               : 0
	DDR Usage Rate(%)              : 0
	DDR Hugepages Total(page)      : 0
	DDR Hugepages Usage Rate(%)    : 0
	HBM Capacity(MB)               : 65536
	HBM Usage Rate(%)              : 29
	Aicore Usage Rate(%)           : 76
	Aivector Usage Rate(%)         : 4
	Aicpu Usage Rate(%)            : 0
	Ctrlcpu Usage Rate(%)          : 2
	DDR Bandwidth Usage Rate(%)    : 0
	HBM Bandwidth Usage Rate(%)    : 52
	NPU Utilization(%)             : 93
	Aicube Usage Rate(%)           : 70
	Get pid name failed.
	Process id:2090693 Process name:                  Process memory(MB):16006
Error: cannot run top on container aceaef212ad03c546a6eb710fca4fd3c10f869d0c7973db9955d514211247daa as it did not create a cgroup: this container does not have a cgroup
timestamp_ns=1785752888660295036
	DDR Capacity(MB)               : 0
	DDR Usage Rate(%)              : 0
	DDR Hugepages Total(page)      : 0
	DDR Hugepages Usage Rate(%)    : 0
	HBM Capacity(MB)               : 65536
	HBM Usage Rate(%)              : 29
	Aicore Usage Rate(%)           : 100
	Aivector Usage Rate(%)         : 23
	Aicpu Usage Rate(%)            : 0
	Ctrlcpu Usage Rate(%)          : 4
	DDR Bandwidth Usage Rate(%)    : 0
	HBM Bandwidth Usage Rate(%)    : 53
	NPU Utilization(%)             : 100
	Aicube Usage Rate(%)           : 87
	Get pid name failed.
	Process id:2090693 Process name:                  Process memory(MB):16006
Error: cannot run top on container aceaef212ad03c546a6eb710fca4fd3c10f869d0c7973db9955d514211247daa as it did not create a cgroup: this container does not have a cgroup
timestamp_ns=1785752890815689453
	DDR Capacity(MB)               : 0
	DDR Usage Rate(%)              : 0
	DDR Hugepages Total(page)      : 0
	DDR Hugepages Usage Rate(%)    : 0
	HBM Capacity(MB)               : 65536
	HBM Usage Rate(%)              : 29
	Aicore Usage Rate(%)           : 80
	Aivector Usage Rate(%)         : 5
	Aicpu Usage Rate(%)            : 0
	Ctrlcpu Usage Rate(%)          : 2
	DDR Bandwidth Usage Rate(%)    : 0
	HBM Bandwidth Usage Rate(%)    : 53
	NPU Utilization(%)             : 89
	Aicube Usage Rate(%)           : 73
	Get pid name failed.
	Process id:2090693 Process name:                  Process memory(MB):16006
Error: cannot run top on container aceaef212ad03c546a6eb710fca4fd3c10f869d0c7973db9955d514211247daa as it did not create a cgroup: this container does not have a cgroup
timestamp_ns=1785752892955818414
	DDR Capacity(MB)               : 0
	DDR Usage Rate(%)              : 0
	DDR Hugepages Total(page)      : 0
	DDR Hugepages Usage Rate(%)    : 0
	HBM Capacity(MB)               : 65536
	HBM Usage Rate(%)              : 29
	Aicore Usage Rate(%)           : 100
	Aivector Usage Rate(%)         : 19
	Aicpu Usage Rate(%)            : 0
	Ctrlcpu Usage Rate(%)          : 1
	DDR Bandwidth Usage Rate(%)    : 0
	HBM Bandwidth Usage Rate(%)    : 53
	NPU Utilization(%)             : 100
	Aicube Usage Rate(%)           : 81
	Get pid name failed.
	Process id:2090693 Process name:                  Process memory(MB):16006
Error: cannot run top on container aceaef212ad03c546a6eb710fca4fd3c10f869d0c7973db9955d514211247daa as it did not create a cgroup: this container does not have a cgroup
timestamp_ns=1785752895099751644
	DDR Capacity(MB)               : 0
	DDR Usage Rate(%)              : 0
	DDR Hugepages Total(page)      : 0
	DDR Hugepages Usage Rate(%)    : 0
	HBM Capacity(MB)               : 65536
	HBM Usage Rate(%)              : 29
	Aicore Usage Rate(%)           : 77
	Aivector Usage Rate(%)         : 5
	Aicpu Usage Rate(%)            : 0
	Ctrlcpu Usage Rate(%)          : 3
	DDR Bandwidth Usage Rate(%)    : 0
	HBM Bandwidth Usage Rate(%)    : 53
	NPU Utilization(%)             : 100
	Aicube Usage Rate(%)           : 71
	Get pid name failed.
	Process id:2090693 Process name:                  Process memory(MB):16006
Error: cannot run top on container aceaef212ad03c546a6eb710fca4fd3c10f869d0c7973db9955d514211247daa as it did not create a cgroup: this container does not have a cgroup
timestamp_ns=1785752897236454702
	DDR Capacity(MB)               : 0
	DDR Usage Rate(%)              : 0
	DDR Hugepages Total(page)      : 0
	DDR Hugepages Usage Rate(%)    : 0
	HBM Capacity(MB)               : 65536
	HBM Usage Rate(%)              : 29
	Aicore Usage Rate(%)           : 100
	Aivector Usage Rate(%)         : 16
	Aicpu Usage Rate(%)            : 0
	Ctrlcpu Usage Rate(%)          : 7
	DDR Bandwidth Usage Rate(%)    : 0
	HBM Bandwidth Usage Rate(%)    : 52
	NPU Utilization(%)             : 100
	Aicube Usage Rate(%)           : 81
	Get pid name failed.
	Process id:2090693 Process name:                  Process memory(MB):16006
Error: cannot run top on container aceaef212ad03c546a6eb710fca4fd3c10f869d0c7973db9955d514211247daa as it did not create a cgroup: this container does not have a cgroup
timestamp_ns=1785752899374072263
	DDR Capacity(MB)               : 0
	DDR Usage Rate(%)              : 0
	DDR Hugepages Total(page)      : 0
	DDR Hugepages Usage Rate(%)    : 0
	HBM Capacity(MB)               : 65536
	HBM Usage Rate(%)              : 29
	Aicore Usage Rate(%)           : 77
	Aivector Usage Rate(%)         : 5
	Aicpu Usage Rate(%)            : 0
	Ctrlcpu Usage Rate(%)          : 2
	DDR Bandwidth Usage Rate(%)    : 0
	HBM Bandwidth Usage Rate(%)    : 52
	NPU Utilization(%)             : 86
	Aicube Usage Rate(%)           : 71
	Get pid name failed.
	Process id:2090693 Process name:                  Process memory(MB):16006
Error: cannot run top on container aceaef212ad03c546a6eb710fca4fd3c10f869d0c7973db9955d514211247daa as it did not create a cgroup: this container does not have a cgroup
timestamp_ns=1785752901507010930
	DDR Capacity(MB)               : 0
	DDR Usage Rate(%)              : 0
	DDR Hugepages Total(page)      : 0
	DDR Hugepages Usage Rate(%)    : 0
	HBM Capacity(MB)               : 65536
	HBM Usage Rate(%)              : 29
	Aicore Usage Rate(%)           : 100
	Aivector Usage Rate(%)         : 17
	Aicpu Usage Rate(%)            : 0
	Ctrlcpu Usage Rate(%)          : 2
	DDR Bandwidth Usage Rate(%)    : 0
	HBM Bandwidth Usage Rate(%)    : 53
	NPU Utilization(%)             : 100
	Aicube Usage Rate(%)           : 86
	Get pid name failed.
	Process id:2090693 Process name:                  Process memory(MB):16006
Error: cannot run top on container aceaef212ad03c546a6eb710fca4fd3c10f869d0c7973db9955d514211247daa as it did not create a cgroup: this container does not have a cgroup
timestamp_ns=1785752903660186131
	DDR Capacity(MB)               : 0
	DDR Usage Rate(%)              : 0
	DDR Hugepages Total(page)      : 0
	DDR Hugepages Usage Rate(%)    : 0
	HBM Capacity(MB)               : 65536
	HBM Usage Rate(%)              : 29
	Aicore Usage Rate(%)           : 80
	Aivector Usage Rate(%)         : 5
	Aicpu Usage Rate(%)            : 0
	Ctrlcpu Usage Rate(%)          : 3
	DDR Bandwidth Usage Rate(%)    : 0
	HBM Bandwidth Usage Rate(%)    : 52
	NPU Utilization(%)             : 86
	Aicube Usage Rate(%)           : 73
	Get pid name failed.
	Process id:2090693 Process name:                  Process memory(MB):16006
Error: cannot run top on container aceaef212ad03c546a6eb710fca4fd3c10f869d0c7973db9955d514211247daa as it did not create a cgroup: this container does not have a cgroup
timestamp_ns=1785752905797831441
	DDR Capacity(MB)               : 0
	DDR Usage Rate(%)              : 0
	DDR Hugepages Total(page)      : 0
	DDR Hugepages Usage Rate(%)    : 0
	HBM Capacity(MB)               : 65536
	HBM Usage Rate(%)              : 29
	Aicore Usage Rate(%)           : 100
	Aivector Usage Rate(%)         : 16
	Aicpu Usage Rate(%)            : 0
	Ctrlcpu Usage Rate(%)          : 2
	DDR Bandwidth Usage Rate(%)    : 0
	HBM Bandwidth Usage Rate(%)    : 49
	NPU Utilization(%)             : 100
	Aicube Usage Rate(%)           : 86
	Get pid name failed.
	Process id:2090693 Process name:                  Process memory(MB):16006
Error: cannot run top on container aceaef212ad03c546a6eb710fca4fd3c10f869d0c7973db9955d514211247daa as it did not create a cgroup: this container does not have a cgroup
timestamp_ns=1785752907935374533
	DDR Capacity(MB)               : 0
	DDR Usage Rate(%)              : 0
	DDR Hugepages Total(page)      : 0
	DDR Hugepages Usage Rate(%)    : 0
	HBM Capacity(MB)               : 65536
	HBM Usage Rate(%)              : 29
	Aicore Usage Rate(%)           : 78
	Aivector Usage Rate(%)         : 5
	Aicpu Usage Rate(%)            : 0
	Ctrlcpu Usage Rate(%)          : 1
	DDR Bandwidth Usage Rate(%)    : 0
	HBM Bandwidth Usage Rate(%)    : 53
	NPU Utilization(%)             : 96
	Aicube Usage Rate(%)           : 71
	Get pid name failed.
	Process id:2090693 Process name:                  Process memory(MB):16006
Error: cannot run top on container aceaef212ad03c546a6eb710fca4fd3c10f869d0c7973db9955d514211247daa as it did not create a cgroup: this container does not have a cgroup
timestamp_ns=1785752910090876924
	DDR Capacity(MB)               : 0
	DDR Usage Rate(%)              : 0
	DDR Hugepages Total(page)      : 0
	DDR Hugepages Usage Rate(%)    : 0
	HBM Capacity(MB)               : 65536
	HBM Usage Rate(%)              : 29
	Aicore Usage Rate(%)           : 100
	Aivector Usage Rate(%)         : 17
	Aicpu Usage Rate(%)            : 0
	Ctrlcpu Usage Rate(%)          : 1
	DDR Bandwidth Usage Rate(%)    : 0
	HBM Bandwidth Usage Rate(%)    : 54
	NPU Utilization(%)             : 100
	Aicube Usage Rate(%)           : 86
	Get pid name failed.
	Process id:2090693 Process name:                  Process memory(MB):16006
Error: cannot run top on container aceaef212ad03c546a6eb710fca4fd3c10f869d0c7973db9955d514211247daa as it did not create a cgroup: this container does not have a cgroup
timestamp_ns=1785752912236493315
	DDR Capacity(MB)               : 0
	DDR Usage Rate(%)              : 0
	DDR Hugepages Total(page)      : 0
	DDR Hugepages Usage Rate(%)    : 0
	HBM Capacity(MB)               : 65536
	HBM Usage Rate(%)              : 29
	Aicore Usage Rate(%)           : 77
	Aivector Usage Rate(%)         : 4
	Aicpu Usage Rate(%)            : 0
	Ctrlcpu Usage Rate(%)          : 3
	DDR Bandwidth Usage Rate(%)    : 0
	HBM Bandwidth Usage Rate(%)    : 50
	NPU Utilization(%)             : 93
	Aicube Usage Rate(%)           : 71
	Get pid name failed.
	Process id:2090693 Process name:                  Process memory(MB):16006
Error: cannot run top on container aceaef212ad03c546a6eb710fca4fd3c10f869d0c7973db9955d514211247daa as it did not create a cgroup: this container does not have a cgroup
timestamp_ns=1785752914376697996
	DDR Capacity(MB)               : 0
	DDR Usage Rate(%)              : 0
	DDR Hugepages Total(page)      : 0
	DDR Hugepages Usage Rate(%)    : 0
	HBM Capacity(MB)               : 65536
	HBM Usage Rate(%)              : 29
	Aicore Usage Rate(%)           : 99
	Aivector Usage Rate(%)         : 15
	Aicpu Usage Rate(%)            : 0
	Ctrlcpu Usage Rate(%)          : 2
	DDR Bandwidth Usage Rate(%)    : 0
	HBM Bandwidth Usage Rate(%)    : 53
	NPU Utilization(%)             : 99
	Aicube Usage Rate(%)           : 81
	Get pid name failed.
	Process id:2090693 Process name:                  Process memory(MB):16006
Error: cannot run top on container aceaef212ad03c546a6eb710fca4fd3c10f869d0c7973db9955d514211247daa as it did not create a cgroup: this container does not have a cgroup
timestamp_ns=1785752916535305937
	DDR Capacity(MB)               : 0
	DDR Usage Rate(%)              : 0
	DDR Hugepages Total(page)      : 0
	DDR Hugepages Usage Rate(%)    : 0
	HBM Capacity(MB)               : 65536
	HBM Usage Rate(%)              : 29
	Aicore Usage Rate(%)           : 79
	Aivector Usage Rate(%)         : 5
	Aicpu Usage Rate(%)            : 0
	Ctrlcpu Usage Rate(%)          : 3
	DDR Bandwidth Usage Rate(%)    : 0
	HBM Bandwidth Usage Rate(%)    : 48
	NPU Utilization(%)             : 86
	Aicube Usage Rate(%)           : 72
	Get pid name failed.
	Process id:2090693 Process name:                  Process memory(MB):16006
Error: cannot run top on container aceaef212ad03c546a6eb710fca4fd3c10f869d0c7973db9955d514211247daa as it did not create a cgroup: this container does not have a cgroup
timestamp_ns=1785752918699954679
	DDR Capacity(MB)               : 0
	DDR Usage Rate(%)              : 0
	DDR Hugepages Total(page)      : 0
	DDR Hugepages Usage Rate(%)    : 0
	HBM Capacity(MB)               : 65536
	HBM Usage Rate(%)              : 29
	Aicore Usage Rate(%)           : 100
	Aivector Usage Rate(%)         : 23
	Aicpu Usage Rate(%)            : 0
	Ctrlcpu Usage Rate(%)          : 8
	DDR Bandwidth Usage Rate(%)    : 0
	HBM Bandwidth Usage Rate(%)    : 53
	NPU Utilization(%)             : 100
	Aicube Usage Rate(%)           : 87
	Get pid name failed.
	Process id:2090693 Process name:                  Process memory(MB):16006
Error: cannot run top on container aceaef212ad03c546a6eb710fca4fd3c10f869d0c7973db9955d514211247daa as it did not create a cgroup: this container does not have a cgroup
timestamp_ns=1785752920868004731
	DDR Capacity(MB)               : 0
	DDR Usage Rate(%)              : 0
	DDR Hugepages Total(page)      : 0
	DDR Hugepages Usage Rate(%)    : 0
	HBM Capacity(MB)               : 65536
	HBM Usage Rate(%)              : 29
	Aicore Usage Rate(%)           : 79
	Aivector Usage Rate(%)         : 5
	Aicpu Usage Rate(%)            : 0
	Ctrlcpu Usage Rate(%)          : 4
	DDR Bandwidth Usage Rate(%)    : 0
	HBM Bandwidth Usage Rate(%)    : 53
	NPU Utilization(%)             : 89
	Aicube Usage Rate(%)           : 71
	Get pid name failed.
	Process id:2090693 Process name:                  Process memory(MB):16006
Error: cannot run top on container aceaef212ad03c546a6eb710fca4fd3c10f869d0c7973db9955d514211247daa as it did not create a cgroup: this container does not have a cgroup
timestamp_ns=1785752923001665408
	DDR Capacity(MB)               : 0
	DDR Usage Rate(%)              : 0
	DDR Hugepages Total(page)      : 0
	DDR Hugepages Usage Rate(%)    : 0
	HBM Capacity(MB)               : 65536
	HBM Usage Rate(%)              : 29
	Aicore Usage Rate(%)           : 100
	Aivector Usage Rate(%)         : 23
	Aicpu Usage Rate(%)            : 0
	Ctrlcpu Usage Rate(%)          : 1
	DDR Bandwidth Usage Rate(%)    : 0
	HBM Bandwidth Usage Rate(%)    : 53
	NPU Utilization(%)             : 100
	Aicube Usage Rate(%)           : 86
	Get pid name failed.
	Process id:2090693 Process name:                  Process memory(MB):16006
Error: cannot run top on container aceaef212ad03c546a6eb710fca4fd3c10f869d0c7973db9955d514211247daa as it did not create a cgroup: this container does not have a cgroup
timestamp_ns=1785752925140163948
	DDR Capacity(MB)               : 0
	DDR Usage Rate(%)              : 0
	DDR Hugepages Total(page)      : 0
	DDR Hugepages Usage Rate(%)    : 0
	HBM Capacity(MB)               : 65536
	HBM Usage Rate(%)              : 29
	Aicore Usage Rate(%)           : 78
	Aivector Usage Rate(%)         : 5
	Aicpu Usage Rate(%)            : 0
	Ctrlcpu Usage Rate(%)          : 2
	DDR Bandwidth Usage Rate(%)    : 0
	HBM Bandwidth Usage Rate(%)    : 53
	NPU Utilization(%)             : 93
	Aicube Usage Rate(%)           : 72
	Get pid name failed.
	Process id:2090693 Process name:                  Process memory(MB):16006
Error: cannot run top on container aceaef212ad03c546a6eb710fca4fd3c10f869d0c7973db9955d514211247daa as it did not create a cgroup: this container does not have a cgroup
timestamp_ns=1785752927290996221
	DDR Capacity(MB)               : 0
	DDR Usage Rate(%)              : 0
	DDR Hugepages Total(page)      : 0
	DDR Hugepages Usage Rate(%)    : 0
	HBM Capacity(MB)               : 65536
	HBM Usage Rate(%)              : 29
	Aicore Usage Rate(%)           : 100
	Aivector Usage Rate(%)         : 24
	Aicpu Usage Rate(%)            : 0
	Ctrlcpu Usage Rate(%)          : 7
	DDR Bandwidth Usage Rate(%)    : 0
	HBM Bandwidth Usage Rate(%)    : 53
	NPU Utilization(%)             : 100
	Aicube Usage Rate(%)           : 87
	Get pid name failed.
	Process id:2090693 Process name:                  Process memory(MB):16006
Error: cannot run top on container aceaef212ad03c546a6eb710fca4fd3c10f869d0c7973db9955d514211247daa as it did not create a cgroup: this container does not have a cgroup
timestamp_ns=1785752929427506734
	DDR Capacity(MB)               : 0
	DDR Usage Rate(%)              : 0
	DDR Hugepages Total(page)      : 0
	DDR Hugepages Usage Rate(%)    : 0
	HBM Capacity(MB)               : 65536
	HBM Usage Rate(%)              : 29
	Aicore Usage Rate(%)           : 77
	Aivector Usage Rate(%)         : 5
	Aicpu Usage Rate(%)            : 0
	Ctrlcpu Usage Rate(%)          : 3
	DDR Bandwidth Usage Rate(%)    : 0
	HBM Bandwidth Usage Rate(%)    : 53
	NPU Utilization(%)             : 89
	Aicube Usage Rate(%)           : 70
	Get pid name failed.
	Process id:2090693 Process name:                  Process memory(MB):16006
Error: cannot run top on container aceaef212ad03c546a6eb710fca4fd3c10f869d0c7973db9955d514211247daa as it did not create a cgroup: this container does not have a cgroup
timestamp_ns=1785752931567158003
	DDR Capacity(MB)               : 0
	DDR Usage Rate(%)              : 0
	DDR Hugepages Total(page)      : 0
	DDR Hugepages Usage Rate(%)    : 0
	HBM Capacity(MB)               : 65536
	HBM Usage Rate(%)              : 29
	Aicore Usage Rate(%)           : 100
	Aivector Usage Rate(%)         : 23
	Aicpu Usage Rate(%)            : 0
	Ctrlcpu Usage Rate(%)          : 5
	DDR Bandwidth Usage Rate(%)    : 0
	HBM Bandwidth Usage Rate(%)    : 53
	NPU Utilization(%)             : 100
	Aicube Usage Rate(%)           : 87
	Get pid name failed.
	Process id:2090693 Process name:                  Process memory(MB):16006
Error: cannot run top on container aceaef212ad03c546a6eb710fca4fd3c10f869d0c7973db9955d514211247daa as it did not create a cgroup: this container does not have a cgroup
timestamp_ns=1785752933722948110
	DDR Capacity(MB)               : 0
	DDR Usage Rate(%)              : 0
	DDR Hugepages Total(page)      : 0
	DDR Hugepages Usage Rate(%)    : 0
	HBM Capacity(MB)               : 65536
	HBM Usage Rate(%)              : 29
	Aicore Usage Rate(%)           : 80
	Aivector Usage Rate(%)         : 5
	Aicpu Usage Rate(%)            : 0
	Ctrlcpu Usage Rate(%)          : 0
	DDR Bandwidth Usage Rate(%)    : 0
	HBM Bandwidth Usage Rate(%)    : 50
	NPU Utilization(%)             : 89
	Aicube Usage Rate(%)           : 72
	Get pid name failed.
	Process id:2090693 Process name:                  Process memory(MB):16006
Error: cannot run top on container aceaef212ad03c546a6eb710fca4fd3c10f869d0c7973db9955d514211247daa as it did not create a cgroup: this container does not have a cgroup
timestamp_ns=1785752935871672682
	DDR Capacity(MB)               : 0
	DDR Usage Rate(%)              : 0
	DDR Hugepages Total(page)      : 0
	DDR Hugepages Usage Rate(%)    : 0
	HBM Capacity(MB)               : 65536
	HBM Usage Rate(%)              : 29
	Aicore Usage Rate(%)           : 35
	Aivector Usage Rate(%)         : 2
	Aicpu Usage Rate(%)            : 0
	Ctrlcpu Usage Rate(%)          : 5
	DDR Bandwidth Usage Rate(%)    : 0
	HBM Bandwidth Usage Rate(%)    : 52
	NPU Utilization(%)             : 65
	Aicube Usage Rate(%)           : 32
	Get pid name failed.
	Process id:2090693 Process name:                  Process memory(MB):16006
Error: cannot run top on container aceaef212ad03c546a6eb710fca4fd3c10f869d0c7973db9955d514211247daa as it did not create a cgroup: this container does not have a cgroup
timestamp_ns=1785752938046031906
	DDR Capacity(MB)               : 0
	DDR Usage Rate(%)              : 0
	DDR Hugepages Total(page)      : 0
	DDR Hugepages Usage Rate(%)    : 0
	HBM Capacity(MB)               : 65536
	HBM Usage Rate(%)              : 29
	Aicore Usage Rate(%)           : 80
	Aivector Usage Rate(%)         : 5
	Aicpu Usage Rate(%)            : 0
	Ctrlcpu Usage Rate(%)          : 3
	DDR Bandwidth Usage Rate(%)    : 0
	HBM Bandwidth Usage Rate(%)    : 52
	NPU Utilization(%)             : 86
	Aicube Usage Rate(%)           : 73
	Get pid name failed.
	Process id:2090693 Process name:                  Process memory(MB):16006
Error: cannot run top on container aceaef212ad03c546a6eb710fca4fd3c10f869d0c7973db9955d514211247daa as it did not create a cgroup: this container does not have a cgroup
timestamp_ns=1785752940228741942
	DDR Capacity(MB)               : 0
	DDR Usage Rate(%)              : 0
	DDR Hugepages Total(page)      : 0
	DDR Hugepages Usage Rate(%)    : 0
	HBM Capacity(MB)               : 65536
	HBM Usage Rate(%)              : 29
	Aicore Usage Rate(%)           : 79
	Aivector Usage Rate(%)         : 5
	Aicpu Usage Rate(%)            : 0
	Ctrlcpu Usage Rate(%)          : 10
	DDR Bandwidth Usage Rate(%)    : 0
	HBM Bandwidth Usage Rate(%)    : 54
	NPU Utilization(%)             : 100
	Aicube Usage Rate(%)           : 73
	Get pid name failed.
	Process id:2090693 Process name:                  Process memory(MB):16006
Error: cannot run top on container aceaef212ad03c546a6eb710fca4fd3c10f869d0c7973db9955d514211247daa as it did not create a cgroup: this container does not have a cgroup
timestamp_ns=1785752942417877946
	DDR Capacity(MB)               : 0
	DDR Usage Rate(%)              : 0
	DDR Hugepages Total(page)      : 0
	DDR Hugepages Usage Rate(%)    : 0
	HBM Capacity(MB)               : 65536
	HBM Usage Rate(%)              : 29
	Aicore Usage Rate(%)           : 81
	Aivector Usage Rate(%)         : 5
	Aicpu Usage Rate(%)            : 0
	Ctrlcpu Usage Rate(%)          : 5
	DDR Bandwidth Usage Rate(%)    : 0
	HBM Bandwidth Usage Rate(%)    : 53
	NPU Utilization(%)             : 89
	Aicube Usage Rate(%)           : 73
	Get pid name failed.
	Process id:2090693 Process name:                  Process memory(MB):16006
Error: cannot run top on container aceaef212ad03c546a6eb710fca4fd3c10f869d0c7973db9955d514211247daa as it did not create a cgroup: this container does not have a cgroup
timestamp_ns=1785752944794013362
	DDR Capacity(MB)               : 0
	DDR Usage Rate(%)              : 0
	DDR Hugepages Total(page)      : 0
	DDR Hugepages Usage Rate(%)    : 0
	HBM Capacity(MB)               : 65536
	HBM Usage Rate(%)              : 29
	Aicore Usage Rate(%)           : 75
	Aivector Usage Rate(%)         : 4
	Aicpu Usage Rate(%)            : 0
	Ctrlcpu Usage Rate(%)          : 5
	DDR Bandwidth Usage Rate(%)    : 0
	HBM Bandwidth Usage Rate(%)    : 14
	NPU Utilization(%)             : 86
	Aicube Usage Rate(%)           : 69
	Get pid name failed.
	Process id:2090693 Process name:                  Process memory(MB):16006
Error: cannot run top on container aceaef212ad03c546a6eb710fca4fd3c10f869d0c7973db9955d514211247daa as it did not create a cgroup: this container does not have a cgroup
timestamp_ns=1785752946988574315
	DDR Capacity(MB)               : 0
	DDR Usage Rate(%)              : 0
	DDR Hugepages Total(page)      : 0
	DDR Hugepages Usage Rate(%)    : 0
	HBM Capacity(MB)               : 65536
	HBM Usage Rate(%)              : 29
	Aicore Usage Rate(%)           : 78
	Aivector Usage Rate(%)         : 5
	Aicpu Usage Rate(%)            : 0
	Ctrlcpu Usage Rate(%)          : 2
	DDR Bandwidth Usage Rate(%)    : 0
	HBM Bandwidth Usage Rate(%)    : 51
	NPU Utilization(%)             : 89
	Aicube Usage Rate(%)           : 70
	Get pid name failed.
	Process id:2090693 Process name:                  Process memory(MB):16006
Error: cannot run top on container aceaef212ad03c546a6eb710fca4fd3c10f869d0c7973db9955d514211247daa as it did not create a cgroup: this container does not have a cgroup
timestamp_ns=1785752949254051154
	DDR Capacity(MB)               : 0
	DDR Usage Rate(%)              : 0
	DDR Hugepages Total(page)      : 0
	DDR Hugepages Usage Rate(%)    : 0
	HBM Capacity(MB)               : 65536
	HBM Usage Rate(%)              : 29
	Aicore Usage Rate(%)           : 77
	Aivector Usage Rate(%)         : 4
	Aicpu Usage Rate(%)            : 0
	Ctrlcpu Usage Rate(%)          : 4
	DDR Bandwidth Usage Rate(%)    : 0
	HBM Bandwidth Usage Rate(%)    : 53
	NPU Utilization(%)             : 93
	Aicube Usage Rate(%)           : 71
	Get pid name failed.
	Process id:2090693 Process name:                  Process memory(MB):16006
Error: cannot run top on container aceaef212ad03c546a6eb710fca4fd3c10f869d0c7973db9955d514211247daa as it did not create a cgroup: this container does not have a cgroup
timestamp_ns=1785752951447971838
	DDR Capacity(MB)               : 0
	DDR Usage Rate(%)              : 0
	DDR Hugepages Total(page)      : 0
	DDR Hugepages Usage Rate(%)    : 0
	HBM Capacity(MB)               : 65536
	HBM Usage Rate(%)              : 29
	Aicore Usage Rate(%)           : 75
	Aivector Usage Rate(%)         : 5
	Aicpu Usage Rate(%)            : 0
	Ctrlcpu Usage Rate(%)          : 3
	DDR Bandwidth Usage Rate(%)    : 0
	HBM Bandwidth Usage Rate(%)    : 53
	NPU Utilization(%)             : 93
	Aicube Usage Rate(%)           : 69
	Get pid name failed.
	Process id:2090693 Process name:                  Process memory(MB):16006
Error: cannot run top on container aceaef212ad03c546a6eb710fca4fd3c10f869d0c7973db9955d514211247daa as it did not create a cgroup: this container does not have a cgroup
timestamp_ns=1785752953661558888
	DDR Capacity(MB)               : 0
	DDR Usage Rate(%)              : 0
	DDR Hugepages Total(page)      : 0
	DDR Hugepages Usage Rate(%)    : 0
	HBM Capacity(MB)               : 65536
	HBM Usage Rate(%)              : 29
	Aicore Usage Rate(%)           : 74
	Aivector Usage Rate(%)         : 4
	Aicpu Usage Rate(%)            : 0
	Ctrlcpu Usage Rate(%)          : 1
	DDR Bandwidth Usage Rate(%)    : 0
	HBM Bandwidth Usage Rate(%)    : 49
	NPU Utilization(%)             : 89
	Aicube Usage Rate(%)           : 68
	Get pid name failed.
	Process id:2090693 Process name:                  Process memory(MB):16006
Error: cannot run top on container aceaef212ad03c546a6eb710fca4fd3c10f869d0c7973db9955d514211247daa as it did not create a cgroup: this container does not have a cgroup
timestamp_ns=1785752955843642995
	DDR Capacity(MB)               : 0
	DDR Usage Rate(%)              : 0
	DDR Hugepages Total(page)      : 0
	DDR Hugepages Usage Rate(%)    : 0
	HBM Capacity(MB)               : 65536
	HBM Usage Rate(%)              : 29
	Aicore Usage Rate(%)           : 74
	Aivector Usage Rate(%)         : 4
	Aicpu Usage Rate(%)            : 0
	Ctrlcpu Usage Rate(%)          : 2
	DDR Bandwidth Usage Rate(%)    : 0
	HBM Bandwidth Usage Rate(%)    : 52
	NPU Utilization(%)             : 79
	Aicube Usage Rate(%)           : 68
	Get pid name failed.
	Process id:2090693 Process name:                  Process memory(MB):16006
Error: cannot run top on container aceaef212ad03c546a6eb710fca4fd3c10f869d0c7973db9955d514211247daa as it did not create a cgroup: this container does not have a cgroup
timestamp_ns=1785752958070920680
	DDR Capacity(MB)               : 0
	DDR Usage Rate(%)              : 0
	DDR Hugepages Total(page)      : 0
	DDR Hugepages Usage Rate(%)    : 0
	HBM Capacity(MB)               : 65536
	HBM Usage Rate(%)              : 29
	Aicore Usage Rate(%)           : 79
	Aivector Usage Rate(%)         : 5
	Aicpu Usage Rate(%)            : 0
	Ctrlcpu Usage Rate(%)          : 3
	DDR Bandwidth Usage Rate(%)    : 0
	HBM Bandwidth Usage Rate(%)    : 52
	NPU Utilization(%)             : 93
	Aicube Usage Rate(%)           : 73
	Get pid name failed.
	Process id:2090693 Process name:                  Process memory(MB):16006
Error: cannot run top on container aceaef212ad03c546a6eb710fca4fd3c10f869d0c7973db9955d514211247daa as it did not create a cgroup: this container does not have a cgroup
timestamp_ns=1785752960240273880
	DDR Capacity(MB)               : 0
	DDR Usage Rate(%)              : 0
	DDR Hugepages Total(page)      : 0
	DDR Hugepages Usage Rate(%)    : 0
	HBM Capacity(MB)               : 65536
	HBM Usage Rate(%)              : 29
	Aicore Usage Rate(%)           : 75
	Aivector Usage Rate(%)         : 4
	Aicpu Usage Rate(%)            : 0
	Ctrlcpu Usage Rate(%)          : 4
	DDR Bandwidth Usage Rate(%)    : 0
	HBM Bandwidth Usage Rate(%)    : 52
	NPU Utilization(%)             : 89
	Aicube Usage Rate(%)           : 69
	Get pid name failed.
	Process id:2090693 Process name:                  Process memory(MB):16006
Error: cannot run top on container aceaef212ad03c546a6eb710fca4fd3c10f869d0c7973db9955d514211247daa as it did not create a cgroup: this container does not have a cgroup
timestamp_ns=1785752962448965747
	DDR Capacity(MB)               : 0
	DDR Usage Rate(%)              : 0
	DDR Hugepages Total(page)      : 0
	DDR Hugepages Usage Rate(%)    : 0
	HBM Capacity(MB)               : 65536
	HBM Usage Rate(%)              : 29
	Aicore Usage Rate(%)           : 77
	Aivector Usage Rate(%)         : 4
	Aicpu Usage Rate(%)            : 0
	Ctrlcpu Usage Rate(%)          : 1
	DDR Bandwidth Usage Rate(%)    : 0
	HBM Bandwidth Usage Rate(%)    : 53
	NPU Utilization(%)             : 86
	Aicube Usage Rate(%)           : 70
	Get pid name failed.
	Process id:2090693 Process name:                  Process memory(MB):16006
Error: cannot run top on container aceaef212ad03c546a6eb710fca4fd3c10f869d0c7973db9955d514211247daa as it did not create a cgroup: this container does not have a cgroup
timestamp_ns=1785752964625228942
	DDR Capacity(MB)               : 0
	DDR Usage Rate(%)              : 0
	DDR Hugepages Total(page)      : 0
	DDR Hugepages Usage Rate(%)    : 0
	HBM Capacity(MB)               : 65536
	HBM Usage Rate(%)              : 29
	Aicore Usage Rate(%)           : 76
	Aivector Usage Rate(%)         : 5
	Aicpu Usage Rate(%)            : 0
	Ctrlcpu Usage Rate(%)          : 4
	DDR Bandwidth Usage Rate(%)    : 0
	HBM Bandwidth Usage Rate(%)    : 53
	NPU Utilization(%)             : 93
	Aicube Usage Rate(%)           : 70
	Get pid name failed.
	Process id:2090693 Process name:                  Process memory(MB):16006
Error: cannot run top on container aceaef212ad03c546a6eb710fca4fd3c10f869d0c7973db9955d514211247daa as it did not create a cgroup: this container does not have a cgroup
timestamp_ns=1785752966803203110
	DDR Capacity(MB)               : 0
	DDR Usage Rate(%)              : 0
	DDR Hugepages Total(page)      : 0
	DDR Hugepages Usage Rate(%)    : 0
	HBM Capacity(MB)               : 65536
	HBM Usage Rate(%)              : 29
	Aicore Usage Rate(%)           : 80
	Aivector Usage Rate(%)         : 5
	Aicpu Usage Rate(%)            : 0
	Ctrlcpu Usage Rate(%)          : 5
	DDR Bandwidth Usage Rate(%)    : 0
	HBM Bandwidth Usage Rate(%)    : 42
	NPU Utilization(%)             : 93
	Aicube Usage Rate(%)           : 73
	Get pid name failed.
	Process id:2090693 Process name:                  Process memory(MB):16006
Error: cannot run top on container aceaef212ad03c546a6eb710fca4fd3c10f869d0c7973db9955d514211247daa as it did not create a cgroup: this container does not have a cgroup
timestamp_ns=1785752968964583263
	DDR Capacity(MB)               : 0
	DDR Usage Rate(%)              : 0
	DDR Hugepages Total(page)      : 0
	DDR Hugepages Usage Rate(%)    : 0
	HBM Capacity(MB)               : 65536
	HBM Usage Rate(%)              : 29
	Aicore Usage Rate(%)           : 79
	Aivector Usage Rate(%)         : 5
	Aicpu Usage Rate(%)            : 0
	Ctrlcpu Usage Rate(%)          : 2
	DDR Bandwidth Usage Rate(%)    : 0
	HBM Bandwidth Usage Rate(%)    : 53
	NPU Utilization(%)             : 93
	Aicube Usage Rate(%)           : 72
	Get pid name failed.
	Process id:2090693 Process name:                  Process memory(MB):16006
Error: cannot run top on container aceaef212ad03c546a6eb710fca4fd3c10f869d0c7973db9955d514211247daa as it did not create a cgroup: this container does not have a cgroup
timestamp_ns=1785752971105375610
	DDR Capacity(MB)               : 0
	DDR Usage Rate(%)              : 0
	DDR Hugepages Total(page)      : 0
	DDR Hugepages Usage Rate(%)    : 0
	HBM Capacity(MB)               : 65536
	HBM Usage Rate(%)              : 29
	Aicore Usage Rate(%)           : 76
	Aivector Usage Rate(%)         : 4
	Aicpu Usage Rate(%)            : 0
	Ctrlcpu Usage Rate(%)          : 2
	DDR Bandwidth Usage Rate(%)    : 0
	HBM Bandwidth Usage Rate(%)    : 48
	NPU Utilization(%)             : 100
	Aicube Usage Rate(%)           : 70
	Get pid name failed.
	Process id:2090693 Process name:                  Process memory(MB):16006
Error: cannot run top on container aceaef212ad03c546a6eb710fca4fd3c10f869d0c7973db9955d514211247daa as it did not create a cgroup: this container does not have a cgroup
timestamp_ns=1785752973245192712
	DDR Capacity(MB)               : 0
	DDR Usage Rate(%)              : 0
	DDR Hugepages Total(page)      : 0
	DDR Hugepages Usage Rate(%)    : 0
	HBM Capacity(MB)               : 65536
	HBM Usage Rate(%)              : 29
	Aicore Usage Rate(%)           : 76
	Aivector Usage Rate(%)         : 5
	Aicpu Usage Rate(%)            : 0
	Ctrlcpu Usage Rate(%)          : 4
	DDR Bandwidth Usage Rate(%)    : 0
	HBM Bandwidth Usage Rate(%)    : 50
	NPU Utilization(%)             : 89
	Aicube Usage Rate(%)           : 70
	Get pid name failed.
	Process id:2090693 Process name:                  Process memory(MB):16006
Error: cannot run top on container aceaef212ad03c546a6eb710fca4fd3c10f869d0c7973db9955d514211247daa as it did not create a cgroup: this container does not have a cgroup
timestamp_ns=1785752975423630044
	DDR Capacity(MB)               : 0
	DDR Usage Rate(%)              : 0
	DDR Hugepages Total(page)      : 0
	DDR Hugepages Usage Rate(%)    : 0
	HBM Capacity(MB)               : 65536
	HBM Usage Rate(%)              : 29
	Aicore Usage Rate(%)           : 77
	Aivector Usage Rate(%)         : 5
	Aicpu Usage Rate(%)            : 0
	Ctrlcpu Usage Rate(%)          : 2
	DDR Bandwidth Usage Rate(%)    : 0
	HBM Bandwidth Usage Rate(%)    : 36
	NPU Utilization(%)             : 93
	Aicube Usage Rate(%)           : 70
	Get pid name failed.
	Process id:2090693 Process name:                  Process memory(MB):16006
Error: cannot run top on container aceaef212ad03c546a6eb710fca4fd3c10f869d0c7973db9955d514211247daa as it did not create a cgroup: this container does not have a cgroup
timestamp_ns=1785752977558707502
	DDR Capacity(MB)               : 0
	DDR Usage Rate(%)              : 0
	DDR Hugepages Total(page)      : 0
	DDR Hugepages Usage Rate(%)    : 0
	HBM Capacity(MB)               : 65536
	HBM Usage Rate(%)              : 29
	Aicore Usage Rate(%)           : 75
	Aivector Usage Rate(%)         : 4
	Aicpu Usage Rate(%)            : 0
	Ctrlcpu Usage Rate(%)          : 1
	DDR Bandwidth Usage Rate(%)    : 0
	HBM Bandwidth Usage Rate(%)    : 53
	NPU Utilization(%)             : 89
	Aicube Usage Rate(%)           : 69
	Get pid name failed.
	Process id:2090693 Process name:                  Process memory(MB):16006
Error: cannot run top on container aceaef212ad03c546a6eb710fca4fd3c10f869d0c7973db9955d514211247daa as it did not create a cgroup: this container does not have a cgroup
timestamp_ns=1785752979697733926
	DDR Capacity(MB)               : 0
	DDR Usage Rate(%)              : 0
	DDR Hugepages Total(page)      : 0
	DDR Hugepages Usage Rate(%)    : 0
	HBM Capacity(MB)               : 65536
	HBM Usage Rate(%)              : 29
	Aicore Usage Rate(%)           : 79
	Aivector Usage Rate(%)         : 5
	Aicpu Usage Rate(%)            : 0
	Ctrlcpu Usage Rate(%)          : 1
	DDR Bandwidth Usage Rate(%)    : 0
	HBM Bandwidth Usage Rate(%)    : 54
	NPU Utilization(%)             : 89
	Aicube Usage Rate(%)           : 73
	Get pid name failed.
	Process id:2090693 Process name:                  Process memory(MB):16006
Error: cannot run top on container aceaef212ad03c546a6eb710fca4fd3c10f869d0c7973db9955d514211247daa as it did not create a cgroup: this container does not have a cgroup
timestamp_ns=1785752981844737994
	DDR Capacity(MB)               : 0
	DDR Usage Rate(%)              : 0
	DDR Hugepages Total(page)      : 0
	DDR Hugepages Usage Rate(%)    : 0
	HBM Capacity(MB)               : 65536
	HBM Usage Rate(%)              : 29
	Aicore Usage Rate(%)           : 77
	Aivector Usage Rate(%)         : 5
	Aicpu Usage Rate(%)            : 0
	Ctrlcpu Usage Rate(%)          : 7
	DDR Bandwidth Usage Rate(%)    : 0
	HBM Bandwidth Usage Rate(%)    : 51
	NPU Utilization(%)             : 100
	Aicube Usage Rate(%)           : 70
	Get pid name failed.
	Process id:2090693 Process name:                  Process memory(MB):16006
Error: cannot run top on container aceaef212ad03c546a6eb710fca4fd3c10f869d0c7973db9955d514211247daa as it did not create a cgroup: this container does not have a cgroup
timestamp_ns=1785752983999338569
	DDR Capacity(MB)               : 0
	DDR Usage Rate(%)              : 0
	DDR Hugepages Total(page)      : 0
	DDR Hugepages Usage Rate(%)    : 0
	HBM Capacity(MB)               : 65536
	HBM Usage Rate(%)              : 29
	Aicore Usage Rate(%)           : 76
	Aivector Usage Rate(%)         : 5
	Aicpu Usage Rate(%)            : 0
	Ctrlcpu Usage Rate(%)          : 5
	DDR Bandwidth Usage Rate(%)    : 0
	HBM Bandwidth Usage Rate(%)    : 53
	NPU Utilization(%)             : 93
	Aicube Usage Rate(%)           : 70
	Get pid name failed.
	Process id:2090693 Process name:                  Process memory(MB):16006
Error: cannot run top on container aceaef212ad03c546a6eb710fca4fd3c10f869d0c7973db9955d514211247daa as it did not create a cgroup: this container does not have a cgroup
timestamp_ns=1785752986157153551
	DDR Capacity(MB)               : 0
	DDR Usage Rate(%)              : 0
	DDR Hugepages Total(page)      : 0
	DDR Hugepages Usage Rate(%)    : 0
	HBM Capacity(MB)               : 65536
	HBM Usage Rate(%)              : 29
	Aicore Usage Rate(%)           : 77
	Aivector Usage Rate(%)         : 5
	Aicpu Usage Rate(%)            : 0
	Ctrlcpu Usage Rate(%)          : 6
	DDR Bandwidth Usage Rate(%)    : 0
	HBM Bandwidth Usage Rate(%)    : 53
	NPU Utilization(%)             : 89
	Aicube Usage Rate(%)           : 71
	Get pid name failed.
	Process id:2090693 Process name:                  Process memory(MB):16006
Error: cannot run top on container aceaef212ad03c546a6eb710fca4fd3c10f869d0c7973db9955d514211247daa as it did not create a cgroup: this container does not have a cgroup
timestamp_ns=1785752988327216193
	DDR Capacity(MB)               : 0
	DDR Usage Rate(%)              : 0
	DDR Hugepages Total(page)      : 0
	DDR Hugepages Usage Rate(%)    : 0
	HBM Capacity(MB)               : 65536
	HBM Usage Rate(%)              : 29
	Aicore Usage Rate(%)           : 78
	Aivector Usage Rate(%)         : 5
	Aicpu Usage Rate(%)            : 0
	Ctrlcpu Usage Rate(%)          : 3
	DDR Bandwidth Usage Rate(%)    : 0
	HBM Bandwidth Usage Rate(%)    : 54
	NPU Utilization(%)             : 93
	Aicube Usage Rate(%)           : 71
	Get pid name failed.
	Process id:2090693 Process name:                  Process memory(MB):16006
Error: cannot run top on container aceaef212ad03c546a6eb710fca4fd3c10f869d0c7973db9955d514211247daa as it did not create a cgroup: this container does not have a cgroup
timestamp_ns=1785752990487643106
	DDR Capacity(MB)               : 0
	DDR Usage Rate(%)              : 0
	DDR Hugepages Total(page)      : 0
	DDR Hugepages Usage Rate(%)    : 0
	HBM Capacity(MB)               : 65536
	HBM Usage Rate(%)              : 29
	Aicore Usage Rate(%)           : 79
	Aivector Usage Rate(%)         : 4
	Aicpu Usage Rate(%)            : 0
	Ctrlcpu Usage Rate(%)          : 3
	DDR Bandwidth Usage Rate(%)    : 0
	HBM Bandwidth Usage Rate(%)    : 53
	NPU Utilization(%)             : 96
	Aicube Usage Rate(%)           : 71
	Get pid name failed.
	Process id:2090693 Process name:                  Process memory(MB):16006
Error: cannot run top on container aceaef212ad03c546a6eb710fca4fd3c10f869d0c7973db9955d514211247daa as it did not create a cgroup: this container does not have a cgroup
timestamp_ns=1785752992628239635
	DDR Capacity(MB)               : 0
	DDR Usage Rate(%)              : 0
	DDR Hugepages Total(page)      : 0
	DDR Hugepages Usage Rate(%)    : 0
	HBM Capacity(MB)               : 65536
	HBM Usage Rate(%)              : 29
	Aicore Usage Rate(%)           : 77
	Aivector Usage Rate(%)         : 5
	Aicpu Usage Rate(%)            : 0
	Ctrlcpu Usage Rate(%)          : 1
	DDR Bandwidth Usage Rate(%)    : 0
	HBM Bandwidth Usage Rate(%)    : 53
	NPU Utilization(%)             : 89
	Aicube Usage Rate(%)           : 71
	Get pid name failed.
	Process id:2090693 Process name:                  Process memory(MB):16006
Error: cannot run top on container aceaef212ad03c546a6eb710fca4fd3c10f869d0c7973db9955d514211247daa as it did not create a cgroup: this container does not have a cgroup
timestamp_ns=1785752994777496584
	DDR Capacity(MB)               : 0
	DDR Usage Rate(%)              : 0
	DDR Hugepages Total(page)      : 0
	DDR Hugepages Usage Rate(%)    : 0
	HBM Capacity(MB)               : 65536
	HBM Usage Rate(%)              : 29
	Aicore Usage Rate(%)           : 77
	Aivector Usage Rate(%)         : 5
	Aicpu Usage Rate(%)            : 0
	Ctrlcpu Usage Rate(%)          : 5
	DDR Bandwidth Usage Rate(%)    : 0
	HBM Bandwidth Usage Rate(%)    : 53
	NPU Utilization(%)             : 100
	Aicube Usage Rate(%)           : 71
	Get pid name failed.
	Process id:2090693 Process name:                  Process memory(MB):16006
Error: cannot run top on container aceaef212ad03c546a6eb710fca4fd3c10f869d0c7973db9955d514211247daa as it did not create a cgroup: this container does not have a cgroup
timestamp_ns=1785752996920073922
	DDR Capacity(MB)               : 0
	DDR Usage Rate(%)              : 0
	DDR Hugepages Total(page)      : 0
	DDR Hugepages Usage Rate(%)    : 0
	HBM Capacity(MB)               : 65536
	HBM Usage Rate(%)              : 29
	Aicore Usage Rate(%)           : 77
	Aivector Usage Rate(%)         : 5
	Aicpu Usage Rate(%)            : 0
	Ctrlcpu Usage Rate(%)          : 2
	DDR Bandwidth Usage Rate(%)    : 0
	HBM Bandwidth Usage Rate(%)    : 54
	NPU Utilization(%)             : 86
	Aicube Usage Rate(%)           : 71
	Get pid name failed.
	Process id:2090693 Process name:                  Process memory(MB):16006
Error: cannot run top on container aceaef212ad03c546a6eb710fca4fd3c10f869d0c7973db9955d514211247daa as it did not create a cgroup: this container does not have a cgroup
timestamp_ns=1785752999059601840
	DDR Capacity(MB)               : 0
	DDR Usage Rate(%)              : 0
	DDR Hugepages Total(page)      : 0
	DDR Hugepages Usage Rate(%)    : 0
	HBM Capacity(MB)               : 65536
	HBM Usage Rate(%)              : 29
	Aicore Usage Rate(%)           : 80
	Aivector Usage Rate(%)         : 5
	Aicpu Usage Rate(%)            : 0
	Ctrlcpu Usage Rate(%)          : 1
	DDR Bandwidth Usage Rate(%)    : 0
	HBM Bandwidth Usage Rate(%)    : 53
	NPU Utilization(%)             : 86
	Aicube Usage Rate(%)           : 73
	Get pid name failed.
	Process id:2090693 Process name:                  Process memory(MB):16006
Error: cannot run top on container aceaef212ad03c546a6eb710fca4fd3c10f869d0c7973db9955d514211247daa as it did not create a cgroup: this container does not have a cgroup
timestamp_ns=1785753001204724279
	DDR Capacity(MB)               : 0
	DDR Usage Rate(%)              : 0
	DDR Hugepages Total(page)      : 0
	DDR Hugepages Usage Rate(%)    : 0
	HBM Capacity(MB)               : 65536
	HBM Usage Rate(%)              : 29
	Aicore Usage Rate(%)           : 77
	Aivector Usage Rate(%)         : 5
	Aicpu Usage Rate(%)            : 0
	Ctrlcpu Usage Rate(%)          : 2
	DDR Bandwidth Usage Rate(%)    : 0
	HBM Bandwidth Usage Rate(%)    : 54
	NPU Utilization(%)             : 89
	Aicube Usage Rate(%)           : 70
	Get pid name failed.
	Process id:2090693 Process name:                  Process memory(MB):16006
Error: cannot run top on container aceaef212ad03c546a6eb710fca4fd3c10f869d0c7973db9955d514211247daa as it did not create a cgroup: this container does not have a cgroup
timestamp_ns=1785753003351350469
	DDR Capacity(MB)               : 0
	DDR Usage Rate(%)              : 0
	DDR Hugepages Total(page)      : 0
	DDR Hugepages Usage Rate(%)    : 0
	HBM Capacity(MB)               : 65536
	HBM Usage Rate(%)              : 29
	Aicore Usage Rate(%)           : 76
	Aivector Usage Rate(%)         : 5
	Aicpu Usage Rate(%)            : 0
	Ctrlcpu Usage Rate(%)          : 8
	DDR Bandwidth Usage Rate(%)    : 0
	HBM Bandwidth Usage Rate(%)    : 34
	NPU Utilization(%)             : 86
	Aicube Usage Rate(%)           : 70
	Get pid name failed.
	Process id:2090693 Process name:                  Process memory(MB):16006
Error: cannot run top on container aceaef212ad03c546a6eb710fca4fd3c10f869d0c7973db9955d514211247daa as it did not create a cgroup: this container does not have a cgroup
timestamp_ns=1785753005489472667
	DDR Capacity(MB)               : 0
	DDR Usage Rate(%)              : 0
	DDR Hugepages Total(page)      : 0
	DDR Hugepages Usage Rate(%)    : 0
	HBM Capacity(MB)               : 65536
	HBM Usage Rate(%)              : 29
	Aicore Usage Rate(%)           : 79
	Aivector Usage Rate(%)         : 5
	Aicpu Usage Rate(%)            : 0
	Ctrlcpu Usage Rate(%)          : 2
	DDR Bandwidth Usage Rate(%)    : 0
	HBM Bandwidth Usage Rate(%)    : 54
	NPU Utilization(%)             : 93
	Aicube Usage Rate(%)           : 73
	Get pid name failed.
	Process id:2090693 Process name:                  Process memory(MB):16006
Error: cannot run top on container aceaef212ad03c546a6eb710fca4fd3c10f869d0c7973db9955d514211247daa as it did not create a cgroup: this container does not have a cgroup
timestamp_ns=1785753007643732952
	DDR Capacity(MB)               : 0
	DDR Usage Rate(%)              : 0
	DDR Hugepages Total(page)      : 0
	DDR Hugepages Usage Rate(%)    : 0
	HBM Capacity(MB)               : 65536
	HBM Usage Rate(%)              : 29
	Aicore Usage Rate(%)           : 74
	Aivector Usage Rate(%)         : 4
	Aicpu Usage Rate(%)            : 0
	Ctrlcpu Usage Rate(%)          : 3
	DDR Bandwidth Usage Rate(%)    : 0
	HBM Bandwidth Usage Rate(%)    : 37
	NPU Utilization(%)             : 89
	Aicube Usage Rate(%)           : 68
	Get pid name failed.
	Process id:2090693 Process name:                  Process memory(MB):16006
Error: cannot run top on container aceaef212ad03c546a6eb710fca4fd3c10f869d0c7973db9955d514211247daa as it did not create a cgroup: this container does not have a cgroup
timestamp_ns=1785753009795225833
	DDR Capacity(MB)               : 0
	DDR Usage Rate(%)              : 0
	DDR Hugepages Total(page)      : 0
	DDR Hugepages Usage Rate(%)    : 0
	HBM Capacity(MB)               : 65536
	HBM Usage Rate(%)              : 29
	Aicore Usage Rate(%)           : 79
	Aivector Usage Rate(%)         : 5
	Aicpu Usage Rate(%)            : 0
	Ctrlcpu Usage Rate(%)          : 3
	DDR Bandwidth Usage Rate(%)    : 0
	HBM Bandwidth Usage Rate(%)    : 52
	NPU Utilization(%)             : 89
	Aicube Usage Rate(%)           : 71
	Get pid name failed.
	Process id:2090693 Process name:                  Process memory(MB):16006
Error: cannot run top on container aceaef212ad03c546a6eb710fca4fd3c10f869d0c7973db9955d514211247daa as it did not create a cgroup: this container does not have a cgroup
timestamp_ns=1785753011938575272
	DDR Capacity(MB)               : 0
	DDR Usage Rate(%)              : 0
	DDR Hugepages Total(page)      : 0
	DDR Hugepages Usage Rate(%)    : 0
	HBM Capacity(MB)               : 65536
	HBM Usage Rate(%)              : 29
	Aicore Usage Rate(%)           : 77
	Aivector Usage Rate(%)         : 5
	Aicpu Usage Rate(%)            : 0
	Ctrlcpu Usage Rate(%)          : 2
	DDR Bandwidth Usage Rate(%)    : 0
	HBM Bandwidth Usage Rate(%)    : 53
	NPU Utilization(%)             : 86
	Aicube Usage Rate(%)           : 71
	Get pid name failed.
	Process id:2090693 Process name:                  Process memory(MB):16006
Error: cannot run top on container aceaef212ad03c546a6eb710fca4fd3c10f869d0c7973db9955d514211247daa as it did not create a cgroup: this container does not have a cgroup
timestamp_ns=1785753014076099579
	DDR Capacity(MB)               : 0
	DDR Usage Rate(%)              : 0
	DDR Hugepages Total(page)      : 0
	DDR Hugepages Usage Rate(%)    : 0
	HBM Capacity(MB)               : 65536
	HBM Usage Rate(%)              : 29
	Aicore Usage Rate(%)           : 79
	Aivector Usage Rate(%)         : 5
	Aicpu Usage Rate(%)            : 0
	Ctrlcpu Usage Rate(%)          : 6
	DDR Bandwidth Usage Rate(%)    : 0
	HBM Bandwidth Usage Rate(%)    : 50
	NPU Utilization(%)             : 86
	Aicube Usage Rate(%)           : 71
	Get pid name failed.
	Process id:2090693 Process name:                  Process memory(MB):16006
Error: cannot run top on container aceaef212ad03c546a6eb710fca4fd3c10f869d0c7973db9955d514211247daa as it did not create a cgroup: this container does not have a cgroup
timestamp_ns=1785753016248728332
	DDR Capacity(MB)               : 0
	DDR Usage Rate(%)              : 0
	DDR Hugepages Total(page)      : 0
	DDR Hugepages Usage Rate(%)    : 0
	HBM Capacity(MB)               : 65536
	HBM Usage Rate(%)              : 29
	Aicore Usage Rate(%)           : 76
	Aivector Usage Rate(%)         : 5
	Aicpu Usage Rate(%)            : 0
	Ctrlcpu Usage Rate(%)          : 4
	DDR Bandwidth Usage Rate(%)    : 0
	HBM Bandwidth Usage Rate(%)    : 53
	NPU Utilization(%)             : 82
	Aicube Usage Rate(%)           : 70
	Get pid name failed.
	Process id:2090693 Process name:                  Process memory(MB):16006
Error: cannot run top on container aceaef212ad03c546a6eb710fca4fd3c10f869d0c7973db9955d514211247daa as it did not create a cgroup: this container does not have a cgroup
timestamp_ns=1785753018391565723
	DDR Capacity(MB)               : 0
	DDR Usage Rate(%)              : 0
	DDR Hugepages Total(page)      : 0
	DDR Hugepages Usage Rate(%)    : 0
	HBM Capacity(MB)               : 65536
	HBM Usage Rate(%)              : 29
	Aicore Usage Rate(%)           : 78
	Aivector Usage Rate(%)         : 4
	Aicpu Usage Rate(%)            : 0
	Ctrlcpu Usage Rate(%)          : 3
	DDR Bandwidth Usage Rate(%)    : 0
	HBM Bandwidth Usage Rate(%)    : 54
	NPU Utilization(%)             : 96
	Aicube Usage Rate(%)           : 71
	Get pid name failed.
	Process id:2090693 Process name:                  Process memory(MB):16006
Error: cannot run top on container aceaef212ad03c546a6eb710fca4fd3c10f869d0c7973db9955d514211247daa as it did not create a cgroup: this container does not have a cgroup
timestamp_ns=1785753020537993711
	DDR Capacity(MB)               : 0
	DDR Usage Rate(%)              : 0
	DDR Hugepages Total(page)      : 0
	DDR Hugepages Usage Rate(%)    : 0
	HBM Capacity(MB)               : 65536
	HBM Usage Rate(%)              : 29
	Aicore Usage Rate(%)           : 77
	Aivector Usage Rate(%)         : 5
	Aicpu Usage Rate(%)            : 0
	Ctrlcpu Usage Rate(%)          : 1
	DDR Bandwidth Usage Rate(%)    : 0
	HBM Bandwidth Usage Rate(%)    : 53
	NPU Utilization(%)             : 93
	Aicube Usage Rate(%)           : 71
	Get pid name failed.
	Process id:2090693 Process name:                  Process memory(MB):16006
Error: cannot run top on container aceaef212ad03c546a6eb710fca4fd3c10f869d0c7973db9955d514211247daa as it did not create a cgroup: this container does not have a cgroup
timestamp_ns=1785753022760289396
	DDR Capacity(MB)               : 0
	DDR Usage Rate(%)              : 0
	DDR Hugepages Total(page)      : 0
	DDR Hugepages Usage Rate(%)    : 0
	HBM Capacity(MB)               : 65536
	HBM Usage Rate(%)              : 29
	Aicore Usage Rate(%)           : 76
	Aivector Usage Rate(%)         : 4
	Aicpu Usage Rate(%)            : 0
	Ctrlcpu Usage Rate(%)          : 3
	DDR Bandwidth Usage Rate(%)    : 0
	HBM Bandwidth Usage Rate(%)    : 53
	NPU Utilization(%)             : 93
	Aicube Usage Rate(%)           : 68
	Get pid name failed.
	Process id:2090693 Process name:                  Process memory(MB):16006
Error: cannot run top on container aceaef212ad03c546a6eb710fca4fd3c10f869d0c7973db9955d514211247daa as it did not create a cgroup: this container does not have a cgroup
timestamp_ns=1785753024898358036
	DDR Capacity(MB)               : 0
	DDR Usage Rate(%)              : 0
	DDR Hugepages Total(page)      : 0
	DDR Hugepages Usage Rate(%)    : 0
	HBM Capacity(MB)               : 65536
	HBM Usage Rate(%)              : 29
	Aicore Usage Rate(%)           : 76
	Aivector Usage Rate(%)         : 5
	Aicpu Usage Rate(%)            : 0
	Ctrlcpu Usage Rate(%)          : 6
	DDR Bandwidth Usage Rate(%)    : 0
	HBM Bandwidth Usage Rate(%)    : 51
	NPU Utilization(%)             : 86
	Aicube Usage Rate(%)           : 70
	Get pid name failed.
	Process id:2090693 Process name:                  Process memory(MB):16006
Error: cannot run top on container aceaef212ad03c546a6eb710fca4fd3c10f869d0c7973db9955d514211247daa as it did not create a cgroup: this container does not have a cgroup
timestamp_ns=1785753027052958480
	DDR Capacity(MB)               : 0
	DDR Usage Rate(%)              : 0
	DDR Hugepages Total(page)      : 0
	DDR Hugepages Usage Rate(%)    : 0
	HBM Capacity(MB)               : 65536
	HBM Usage Rate(%)              : 29
	Aicore Usage Rate(%)           : 78
	Aivector Usage Rate(%)         : 5
	Aicpu Usage Rate(%)            : 0
	Ctrlcpu Usage Rate(%)          : 2
	DDR Bandwidth Usage Rate(%)    : 0
	HBM Bandwidth Usage Rate(%)    : 53
	NPU Utilization(%)             : 96
	Aicube Usage Rate(%)           : 71
	Get pid name failed.
	Process id:2090693 Process name:                  Process memory(MB):16006
Error: cannot run top on container aceaef212ad03c546a6eb710fca4fd3c10f869d0c7973db9955d514211247daa as it did not create a cgroup: this container does not have a cgroup
timestamp_ns=1785753029275072013
	DDR Capacity(MB)               : 0
	DDR Usage Rate(%)              : 0
	DDR Hugepages Total(page)      : 0
	DDR Hugepages Usage Rate(%)    : 0
	HBM Capacity(MB)               : 65536
	HBM Usage Rate(%)              : 29
	Aicore Usage Rate(%)           : 75
	Aivector Usage Rate(%)         : 5
	Aicpu Usage Rate(%)            : 0
	Ctrlcpu Usage Rate(%)          : 0
	DDR Bandwidth Usage Rate(%)    : 0
	HBM Bandwidth Usage Rate(%)    : 53
	NPU Utilization(%)             : 93
	Aicube Usage Rate(%)           : 68
	Get pid name failed.
	Process id:2090693 Process name:                  Process memory(MB):16006
Error: cannot run top on container aceaef212ad03c546a6eb710fca4fd3c10f869d0c7973db9955d514211247daa as it did not create a cgroup: this container does not have a cgroup
timestamp_ns=1785753031456230169
	DDR Capacity(MB)               : 0
	DDR Usage Rate(%)              : 0
	DDR Hugepages Total(page)      : 0
	DDR Hugepages Usage Rate(%)    : 0
	HBM Capacity(MB)               : 65536
	HBM Usage Rate(%)              : 29
	Aicore Usage Rate(%)           : 78
	Aivector Usage Rate(%)         : 5
	Aicpu Usage Rate(%)            : 0
	Ctrlcpu Usage Rate(%)          : 3
	DDR Bandwidth Usage Rate(%)    : 0
	HBM Bandwidth Usage Rate(%)    : 53
	NPU Utilization(%)             : 89
	Aicube Usage Rate(%)           : 71
	Get pid name failed.
	Process id:2090693 Process name:                  Process memory(MB):16006
Error: cannot run top on container aceaef212ad03c546a6eb710fca4fd3c10f869d0c7973db9955d514211247daa as it did not create a cgroup: this container does not have a cgroup
timestamp_ns=1785753033613653370
	DDR Capacity(MB)               : 0
	DDR Usage Rate(%)              : 0
	DDR Hugepages Total(page)      : 0
	DDR Hugepages Usage Rate(%)    : 0
	HBM Capacity(MB)               : 65536
	HBM Usage Rate(%)              : 29
	Aicore Usage Rate(%)           : 77
	Aivector Usage Rate(%)         : 5
	Aicpu Usage Rate(%)            : 0
	Ctrlcpu Usage Rate(%)          : 3
	DDR Bandwidth Usage Rate(%)    : 0
	HBM Bandwidth Usage Rate(%)    : 52
	NPU Utilization(%)             : 96
	Aicube Usage Rate(%)           : 71
	Get pid name failed.
	Process id:2090693 Process name:                  Process memory(MB):16006
Error: cannot run top on container aceaef212ad03c546a6eb710fca4fd3c10f869d0c7973db9955d514211247daa as it did not create a cgroup: this container does not have a cgroup
timestamp_ns=1785753035755488196
	DDR Capacity(MB)               : 0
	DDR Usage Rate(%)              : 0
	DDR Hugepages Total(page)      : 0
	DDR Hugepages Usage Rate(%)    : 0
	HBM Capacity(MB)               : 65536
	HBM Usage Rate(%)              : 29
	Aicore Usage Rate(%)           : 78
	Aivector Usage Rate(%)         : 5
	Aicpu Usage Rate(%)            : 0
	Ctrlcpu Usage Rate(%)          : 3
	DDR Bandwidth Usage Rate(%)    : 0
	HBM Bandwidth Usage Rate(%)    : 53
	NPU Utilization(%)             : 96
	Aicube Usage Rate(%)           : 70
	Get pid name failed.
	Process id:2090693 Process name:                  Process memory(MB):16006
Error: cannot run top on container aceaef212ad03c546a6eb710fca4fd3c10f869d0c7973db9955d514211247daa as it did not create a cgroup: this container does not have a cgroup
timestamp_ns=1785753037894288664
	DDR Capacity(MB)               : 0
	DDR Usage Rate(%)              : 0
	DDR Hugepages Total(page)      : 0
	DDR Hugepages Usage Rate(%)    : 0
	HBM Capacity(MB)               : 65536
	HBM Usage Rate(%)              : 29
	Aicore Usage Rate(%)           : 77
	Aivector Usage Rate(%)         : 4
	Aicpu Usage Rate(%)            : 0
	Ctrlcpu Usage Rate(%)          : 3
	DDR Bandwidth Usage Rate(%)    : 0
	HBM Bandwidth Usage Rate(%)    : 53
	NPU Utilization(%)             : 96
	Aicube Usage Rate(%)           : 71
	Get pid name failed.
	Process id:2090693 Process name:                  Process memory(MB):16006
Error: cannot run top on container aceaef212ad03c546a6eb710fca4fd3c10f869d0c7973db9955d514211247daa as it did not create a cgroup: this container does not have a cgroup
timestamp_ns=1785753040027405726
	DDR Capacity(MB)               : 0
	DDR Usage Rate(%)              : 0
	DDR Hugepages Total(page)      : 0
	DDR Hugepages Usage Rate(%)    : 0
	HBM Capacity(MB)               : 65536
	HBM Usage Rate(%)              : 29
	Aicore Usage Rate(%)           : 79
	Aivector Usage Rate(%)         : 5
	Aicpu Usage Rate(%)            : 0
	Ctrlcpu Usage Rate(%)          : 5
	DDR Bandwidth Usage Rate(%)    : 0
	HBM Bandwidth Usage Rate(%)    : 53
	NPU Utilization(%)             : 93
	Aicube Usage Rate(%)           : 71
	Get pid name failed.
	Process id:2090693 Process name:                  Process memory(MB):16006
Error: cannot run top on container aceaef212ad03c546a6eb710fca4fd3c10f869d0c7973db9955d514211247daa as it did not create a cgroup: this container does not have a cgroup
timestamp_ns=1785753042172726876
	DDR Capacity(MB)               : 0
	DDR Usage Rate(%)              : 0
	DDR Hugepages Total(page)      : 0
	DDR Hugepages Usage Rate(%)    : 0
	HBM Capacity(MB)               : 65536
	HBM Usage Rate(%)              : 29
	Aicore Usage Rate(%)           : 76
	Aivector Usage Rate(%)         : 5
	Aicpu Usage Rate(%)            : 0
	Ctrlcpu Usage Rate(%)          : 3
	DDR Bandwidth Usage Rate(%)    : 0
	HBM Bandwidth Usage Rate(%)    : 19
	NPU Utilization(%)             : 100
	Aicube Usage Rate(%)           : 70
	Get pid name failed.
	Process id:2090693 Process name:                  Process memory(MB):16006
Error: cannot run top on container aceaef212ad03c546a6eb710fca4fd3c10f869d0c7973db9955d514211247daa as it did not create a cgroup: this container does not have a cgroup
timestamp_ns=1785753044314733983
	DDR Capacity(MB)               : 0
	DDR Usage Rate(%)              : 0
	DDR Hugepages Total(page)      : 0
	DDR Hugepages Usage Rate(%)    : 0
	HBM Capacity(MB)               : 65536
	HBM Usage Rate(%)              : 29
	Aicore Usage Rate(%)           : 81
	Aivector Usage Rate(%)         : 5
	Aicpu Usage Rate(%)            : 0
	Ctrlcpu Usage Rate(%)          : 14
	DDR Bandwidth Usage Rate(%)    : 0
	HBM Bandwidth Usage Rate(%)    : 53
	NPU Utilization(%)             : 86
	Aicube Usage Rate(%)           : 73
	Get pid name failed.
	Process id:2090693 Process name:                  Process memory(MB):16006
Error: cannot run top on container aceaef212ad03c546a6eb710fca4fd3c10f869d0c7973db9955d514211247daa as it did not create a cgroup: this container does not have a cgroup
timestamp_ns=1785753046448697751
	DDR Capacity(MB)               : 0
	DDR Usage Rate(%)              : 0
	DDR Hugepages Total(page)      : 0
	DDR Hugepages Usage Rate(%)    : 0
	HBM Capacity(MB)               : 65536
	HBM Usage Rate(%)              : 29
	Aicore Usage Rate(%)           : 80
	Aivector Usage Rate(%)         : 5
	Aicpu Usage Rate(%)            : 0
	Ctrlcpu Usage Rate(%)          : 6
	DDR Bandwidth Usage Rate(%)    : 0
	HBM Bandwidth Usage Rate(%)    : 54
	NPU Utilization(%)             : 93
	Aicube Usage Rate(%)           : 73
	Get pid name failed.
	Process id:2090693 Process name:                  Process memory(MB):16006
Error: cannot run top on container aceaef212ad03c546a6eb710fca4fd3c10f869d0c7973db9955d514211247daa as it did not create a cgroup: this container does not have a cgroup
timestamp_ns=1785753048600746768
	DDR Capacity(MB)               : 0
	DDR Usage Rate(%)              : 0
	DDR Hugepages Total(page)      : 0
	DDR Hugepages Usage Rate(%)    : 0
	HBM Capacity(MB)               : 65536
	HBM Usage Rate(%)              : 29
	Aicore Usage Rate(%)           : 78
	Aivector Usage Rate(%)         : 4
	Aicpu Usage Rate(%)            : 0
	Ctrlcpu Usage Rate(%)          : 7
	DDR Bandwidth Usage Rate(%)    : 0
	HBM Bandwidth Usage Rate(%)    : 53
	NPU Utilization(%)             : 93
	Aicube Usage Rate(%)           : 71
	Get pid name failed.
	Process id:2090693 Process name:                  Process memory(MB):16006
Error: cannot run top on container aceaef212ad03c546a6eb710fca4fd3c10f869d0c7973db9955d514211247daa as it did not create a cgroup: this container does not have a cgroup
timestamp_ns=1785753050768561400
	DDR Capacity(MB)               : 0
	DDR Usage Rate(%)              : 0
	DDR Hugepages Total(page)      : 0
	DDR Hugepages Usage Rate(%)    : 0
	HBM Capacity(MB)               : 65536
	HBM Usage Rate(%)              : 29
	Aicore Usage Rate(%)           : 81
	Aivector Usage Rate(%)         : 5
	Aicpu Usage Rate(%)            : 0
	Ctrlcpu Usage Rate(%)          : 5
	DDR Bandwidth Usage Rate(%)    : 0
	HBM Bandwidth Usage Rate(%)    : 53
	NPU Utilization(%)             : 86
	Aicube Usage Rate(%)           : 73
	Get pid name failed.
	Process id:2090693 Process name:                  Process memory(MB):16006
Error: cannot run top on container aceaef212ad03c546a6eb710fca4fd3c10f869d0c7973db9955d514211247daa as it did not create a cgroup: this container does not have a cgroup
timestamp_ns=1785753052908175102
	DDR Capacity(MB)               : 0
	DDR Usage Rate(%)              : 0
	DDR Hugepages Total(page)      : 0
	DDR Hugepages Usage Rate(%)    : 0
	HBM Capacity(MB)               : 65536
	HBM Usage Rate(%)              : 29
	Aicore Usage Rate(%)           : 79
	Aivector Usage Rate(%)         : 5
	Aicpu Usage Rate(%)            : 0
	Ctrlcpu Usage Rate(%)          : 2
	DDR Bandwidth Usage Rate(%)    : 0
	HBM Bandwidth Usage Rate(%)    : 53
	NPU Utilization(%)             : 86
	Aicube Usage Rate(%)           : 71
	Get pid name failed.
	Process id:2090693 Process name:                  Process memory(MB):16006
Error: cannot run top on container aceaef212ad03c546a6eb710fca4fd3c10f869d0c7973db9955d514211247daa as it did not create a cgroup: this container does not have a cgroup
timestamp_ns=1785753055060594375
	DDR Capacity(MB)               : 0
	DDR Usage Rate(%)              : 0
	DDR Hugepages Total(page)      : 0
	DDR Hugepages Usage Rate(%)    : 0
	HBM Capacity(MB)               : 65536
	HBM Usage Rate(%)              : 29
	Aicore Usage Rate(%)           : 78
	Aivector Usage Rate(%)         : 4
	Aicpu Usage Rate(%)            : 0
	Ctrlcpu Usage Rate(%)          : 0
	DDR Bandwidth Usage Rate(%)    : 0
	HBM Bandwidth Usage Rate(%)    : 54
	NPU Utilization(%)             : 89
	Aicube Usage Rate(%)           : 72
	Get pid name failed.
	Process id:2090693 Process name:                  Process memory(MB):16006
Error: cannot run top on container aceaef212ad03c546a6eb710fca4fd3c10f869d0c7973db9955d514211247daa as it did not create a cgroup: this container does not have a cgroup
timestamp_ns=1785753057203395156
	DDR Capacity(MB)               : 0
	DDR Usage Rate(%)              : 0
	DDR Hugepages Total(page)      : 0
	DDR Hugepages Usage Rate(%)    : 0
	HBM Capacity(MB)               : 65536
	HBM Usage Rate(%)              : 29
	Aicore Usage Rate(%)           : 78
	Aivector Usage Rate(%)         : 5
	Aicpu Usage Rate(%)            : 0
	Ctrlcpu Usage Rate(%)          : 5
	DDR Bandwidth Usage Rate(%)    : 0
	HBM Bandwidth Usage Rate(%)    : 53
	NPU Utilization(%)             : 96
	Aicube Usage Rate(%)           : 71
	Get pid name failed.
	Process id:2090693 Process name:                  Process memory(MB):16006
Error: cannot run top on container aceaef212ad03c546a6eb710fca4fd3c10f869d0c7973db9955d514211247daa as it did not create a cgroup: this container does not have a cgroup
timestamp_ns=1785753059346849101
	DDR Capacity(MB)               : 0
	DDR Usage Rate(%)              : 0
	DDR Hugepages Total(page)      : 0
	DDR Hugepages Usage Rate(%)    : 0
	HBM Capacity(MB)               : 65536
	HBM Usage Rate(%)              : 29
	Aicore Usage Rate(%)           : 77
	Aivector Usage Rate(%)         : 5
	Aicpu Usage Rate(%)            : 0
	Ctrlcpu Usage Rate(%)          : 3
	DDR Bandwidth Usage Rate(%)    : 0
	HBM Bandwidth Usage Rate(%)    : 53
	NPU Utilization(%)             : 86
	Aicube Usage Rate(%)           : 71
	Get pid name failed.
	Process id:2090693 Process name:                  Process memory(MB):16006
Error: cannot run top on container aceaef212ad03c546a6eb710fca4fd3c10f869d0c7973db9955d514211247daa as it did not create a cgroup: this container does not have a cgroup
timestamp_ns=1785753061487470635
	DDR Capacity(MB)               : 0
	DDR Usage Rate(%)              : 0
	DDR Hugepages Total(page)      : 0
	DDR Hugepages Usage Rate(%)    : 0
	HBM Capacity(MB)               : 65536
	HBM Usage Rate(%)              : 29
	Aicore Usage Rate(%)           : 78
	Aivector Usage Rate(%)         : 5
	Aicpu Usage Rate(%)            : 0
	Ctrlcpu Usage Rate(%)          : 2
	DDR Bandwidth Usage Rate(%)    : 0
	HBM Bandwidth Usage Rate(%)    : 53
	NPU Utilization(%)             : 86
	Aicube Usage Rate(%)           : 71
	Get pid name failed.
	Process id:2090693 Process name:                  Process memory(MB):16006
Error: cannot run top on container aceaef212ad03c546a6eb710fca4fd3c10f869d0c7973db9955d514211247daa as it did not create a cgroup: this container does not have a cgroup
timestamp_ns=1785753063666882199
	DDR Capacity(MB)               : 0
	DDR Usage Rate(%)              : 0
	DDR Hugepages Total(page)      : 0
	DDR Hugepages Usage Rate(%)    : 0
	HBM Capacity(MB)               : 65536
	HBM Usage Rate(%)              : 29
	Aicore Usage Rate(%)           : 78
	Aivector Usage Rate(%)         : 5
	Aicpu Usage Rate(%)            : 0
	Ctrlcpu Usage Rate(%)          : 3
	DDR Bandwidth Usage Rate(%)    : 0
	HBM Bandwidth Usage Rate(%)    : 53
	NPU Utilization(%)             : 82
	Aicube Usage Rate(%)           : 71
	Get pid name failed.
	Process id:2090693 Process name:                  Process memory(MB):16006
Error: cannot run top on container aceaef212ad03c546a6eb710fca4fd3c10f869d0c7973db9955d514211247daa as it did not create a cgroup: this container does not have a cgroup
timestamp_ns=1785753065837314765
	DDR Capacity(MB)               : 0
	DDR Usage Rate(%)              : 0
	DDR Hugepages Total(page)      : 0
	DDR Hugepages Usage Rate(%)    : 0
	HBM Capacity(MB)               : 65536
	HBM Usage Rate(%)              : 29
	Aicore Usage Rate(%)           : 79
	Aivector Usage Rate(%)         : 5
	Aicpu Usage Rate(%)            : 0
	Ctrlcpu Usage Rate(%)          : 3
	DDR Bandwidth Usage Rate(%)    : 0
	HBM Bandwidth Usage Rate(%)    : 53
	NPU Utilization(%)             : 93
	Aicube Usage Rate(%)           : 72
	Get pid name failed.
	Process id:2090693 Process name:                  Process memory(MB):16006
Error: cannot run top on container aceaef212ad03c546a6eb710fca4fd3c10f869d0c7973db9955d514211247daa as it did not create a cgroup: this container does not have a cgroup
timestamp_ns=1785753067975878874
	DDR Capacity(MB)               : 0
	DDR Usage Rate(%)              : 0
	DDR Hugepages Total(page)      : 0
	DDR Hugepages Usage Rate(%)    : 0
	HBM Capacity(MB)               : 65536
	HBM Usage Rate(%)              : 29
	Aicore Usage Rate(%)           : 81
	Aivector Usage Rate(%)         : 5
	Aicpu Usage Rate(%)            : 0
	Ctrlcpu Usage Rate(%)          : 4
	DDR Bandwidth Usage Rate(%)    : 0
	HBM Bandwidth Usage Rate(%)    : 53
	NPU Utilization(%)             : 86
	Aicube Usage Rate(%)           : 74
	Get pid name failed.
	Process id:2090693 Process name:                  Process memory(MB):16006
Error: cannot run top on container aceaef212ad03c546a6eb710fca4fd3c10f869d0c7973db9955d514211247daa as it did not create a cgroup: this container does not have a cgroup
timestamp_ns=1785753070116302233
	DDR Capacity(MB)               : 0
	DDR Usage Rate(%)              : 0
	DDR Hugepages Total(page)      : 0
	DDR Hugepages Usage Rate(%)    : 0
	HBM Capacity(MB)               : 65536
	HBM Usage Rate(%)              : 29
	Aicore Usage Rate(%)           : 34
	Aivector Usage Rate(%)         : 9
	Aicpu Usage Rate(%)            : 0
	Ctrlcpu Usage Rate(%)          : 0
	DDR Bandwidth Usage Rate(%)    : 0
	HBM Bandwidth Usage Rate(%)    : 54
	NPU Utilization(%)             : 72
	Aicube Usage Rate(%)           : 24
	Get pid name failed.
	Process id:2090693 Process name:                  Process memory(MB):16006
Error: cannot run top on container aceaef212ad03c546a6eb710fca4fd3c10f869d0c7973db9955d514211247daa as it did not create a cgroup: this container does not have a cgroup
timestamp_ns=1785753072253042252
	DDR Capacity(MB)               : 0
	DDR Usage Rate(%)              : 0
	DDR Hugepages Total(page)      : 0
	DDR Hugepages Usage Rate(%)    : 0
	HBM Capacity(MB)               : 65536
	HBM Usage Rate(%)              : 29
	Aicore Usage Rate(%)           : 75
	Aivector Usage Rate(%)         : 4
	Aicpu Usage Rate(%)            : 0
	Ctrlcpu Usage Rate(%)          : 3
	DDR Bandwidth Usage Rate(%)    : 0
	HBM Bandwidth Usage Rate(%)    : 53
	NPU Utilization(%)             : 86
	Aicube Usage Rate(%)           : 69
	Get pid name failed.
	Process id:2090693 Process name:                  Process memory(MB):16006
Error: cannot run top on container aceaef212ad03c546a6eb710fca4fd3c10f869d0c7973db9955d514211247daa as it did not create a cgroup: this container does not have a cgroup
timestamp_ns=1785753074388968224
	DDR Capacity(MB)               : 0
	DDR Usage Rate(%)              : 0
	DDR Hugepages Total(page)      : 0
	DDR Hugepages Usage Rate(%)    : 0
	HBM Capacity(MB)               : 65536
	HBM Usage Rate(%)              : 29
	Aicore Usage Rate(%)           : 100
	Aivector Usage Rate(%)         : 24
	Aicpu Usage Rate(%)            : 0
	Ctrlcpu Usage Rate(%)          : 4
	DDR Bandwidth Usage Rate(%)    : 0
	HBM Bandwidth Usage Rate(%)    : 53
	NPU Utilization(%)             : 100
	Aicube Usage Rate(%)           : 87
	Get pid name failed.
	Process id:2090693 Process name:                  Process memory(MB):16006
Error: cannot run top on container aceaef212ad03c546a6eb710fca4fd3c10f869d0c7973db9955d514211247daa as it did not create a cgroup: this container does not have a cgroup
timestamp_ns=1785753076537083763
	DDR Capacity(MB)               : 0
	DDR Usage Rate(%)              : 0
	DDR Hugepages Total(page)      : 0
	DDR Hugepages Usage Rate(%)    : 0
	HBM Capacity(MB)               : 65536
	HBM Usage Rate(%)              : 29
	Aicore Usage Rate(%)           : 78
	Aivector Usage Rate(%)         : 5
	Aicpu Usage Rate(%)            : 0
	Ctrlcpu Usage Rate(%)          : 2
	DDR Bandwidth Usage Rate(%)    : 0
	HBM Bandwidth Usage Rate(%)    : 53
	NPU Utilization(%)             : 86
	Aicube Usage Rate(%)           : 71
	Get pid name failed.
	Process id:2090693 Process name:                  Process memory(MB):16006
Error: cannot run top on container aceaef212ad03c546a6eb710fca4fd3c10f869d0c7973db9955d514211247daa as it did not create a cgroup: this container does not have a cgroup
timestamp_ns=1785753078676712448
	DDR Capacity(MB)               : 0
	DDR Usage Rate(%)              : 0
	DDR Hugepages Total(page)      : 0
	DDR Hugepages Usage Rate(%)    : 0
	HBM Capacity(MB)               : 65536
	HBM Usage Rate(%)              : 29
	Aicore Usage Rate(%)           : 100
	Aivector Usage Rate(%)         : 22
	Aicpu Usage Rate(%)            : 0
	Ctrlcpu Usage Rate(%)          : 2
	DDR Bandwidth Usage Rate(%)    : 0
	HBM Bandwidth Usage Rate(%)    : 53
	NPU Utilization(%)             : 100
	Aicube Usage Rate(%)           : 87
	Get pid name failed.
	Process id:2090693 Process name:                  Process memory(MB):16006
Error: cannot run top on container aceaef212ad03c546a6eb710fca4fd3c10f869d0c7973db9955d514211247daa as it did not create a cgroup: this container does not have a cgroup
timestamp_ns=1785753080818766266
	DDR Capacity(MB)               : 0
	DDR Usage Rate(%)              : 0
	DDR Hugepages Total(page)      : 0
	DDR Hugepages Usage Rate(%)    : 0
	HBM Capacity(MB)               : 65536
	HBM Usage Rate(%)              : 29
	Aicore Usage Rate(%)           : 79
	Aivector Usage Rate(%)         : 5
	Aicpu Usage Rate(%)            : 0
	Ctrlcpu Usage Rate(%)          : 3
	DDR Bandwidth Usage Rate(%)    : 0
	HBM Bandwidth Usage Rate(%)    : 53
	NPU Utilization(%)             : 100
	Aicube Usage Rate(%)           : 72
	Get pid name failed.
	Process id:2090693 Process name:                  Process memory(MB):16006
Error: cannot run top on container aceaef212ad03c546a6eb710fca4fd3c10f869d0c7973db9955d514211247daa as it did not create a cgroup: this container does not have a cgroup
timestamp_ns=1785753082962941601
	DDR Capacity(MB)               : 0
	DDR Usage Rate(%)              : 0
	DDR Hugepages Total(page)      : 0
	DDR Hugepages Usage Rate(%)    : 0
	HBM Capacity(MB)               : 65536
	HBM Usage Rate(%)              : 29
	Aicore Usage Rate(%)           : 100
	Aivector Usage Rate(%)         : 24
	Aicpu Usage Rate(%)            : 0
	Ctrlcpu Usage Rate(%)          : 2
	DDR Bandwidth Usage Rate(%)    : 0
	HBM Bandwidth Usage Rate(%)    : 54
	NPU Utilization(%)             : 100
	Aicube Usage Rate(%)           : 87
	Get pid name failed.
	Process id:2090693 Process name:                  Process memory(MB):16006
Error: cannot run top on container aceaef212ad03c546a6eb710fca4fd3c10f869d0c7973db9955d514211247daa as it did not create a cgroup: this container does not have a cgroup
timestamp_ns=1785753085108309933
	DDR Capacity(MB)               : 0
	DDR Usage Rate(%)              : 0
	DDR Hugepages Total(page)      : 0
	DDR Hugepages Usage Rate(%)    : 0
	HBM Capacity(MB)               : 65536
	HBM Usage Rate(%)              : 29
	Aicore Usage Rate(%)           : 81
	Aivector Usage Rate(%)         : 5
	Aicpu Usage Rate(%)            : 0
	Ctrlcpu Usage Rate(%)          : 1
	DDR Bandwidth Usage Rate(%)    : 0
	HBM Bandwidth Usage Rate(%)    : 54
	NPU Utilization(%)             : 89
	Aicube Usage Rate(%)           : 74
	Get pid name failed.
	Process id:2090693 Process name:                  Process memory(MB):16006
Error: cannot run top on container aceaef212ad03c546a6eb710fca4fd3c10f869d0c7973db9955d514211247daa as it did not create a cgroup: this container does not have a cgroup
timestamp_ns=1785753087251544710
	DDR Capacity(MB)               : 0
	DDR Usage Rate(%)              : 0
	DDR Hugepages Total(page)      : 0
	DDR Hugepages Usage Rate(%)    : 0
	HBM Capacity(MB)               : 65536
	HBM Usage Rate(%)              : 29
	Aicore Usage Rate(%)           : 77
	Aivector Usage Rate(%)         : 4
	Aicpu Usage Rate(%)            : 0
	Ctrlcpu Usage Rate(%)          : 4
	DDR Bandwidth Usage Rate(%)    : 0
	HBM Bandwidth Usage Rate(%)    : 54
	NPU Utilization(%)             : 77
	Aicube Usage Rate(%)           : 71
	Get pid name failed.
	Process id:2090693 Process name:                  Process memory(MB):16006
Error: cannot run top on container aceaef212ad03c546a6eb710fca4fd3c10f869d0c7973db9955d514211247daa as it did not create a cgroup: this container does not have a cgroup
timestamp_ns=1785753089408939036
	DDR Capacity(MB)               : 0
	DDR Usage Rate(%)              : 0
	DDR Hugepages Total(page)      : 0
	DDR Hugepages Usage Rate(%)    : 0
	HBM Capacity(MB)               : 65536
	HBM Usage Rate(%)              : 29
	Aicore Usage Rate(%)           : 81
	Aivector Usage Rate(%)         : 5
	Aicpu Usage Rate(%)            : 0
	Ctrlcpu Usage Rate(%)          : 7
	DDR Bandwidth Usage Rate(%)    : 0
	HBM Bandwidth Usage Rate(%)    : 53
	NPU Utilization(%)             : 89
	Aicube Usage Rate(%)           : 73
	Get pid name failed.
	Process id:2090693 Process name:                  Process memory(MB):16006
Error: cannot run top on container aceaef212ad03c546a6eb710fca4fd3c10f869d0c7973db9955d514211247daa as it did not create a cgroup: this container does not have a cgroup
timestamp_ns=1785753091565234299
	DDR Capacity(MB)               : 0
	DDR Usage Rate(%)              : 0
	DDR Hugepages Total(page)      : 0
	DDR Hugepages Usage Rate(%)    : 0
	HBM Capacity(MB)               : 65536
	HBM Usage Rate(%)              : 29
	Aicore Usage Rate(%)           : 60
	Aivector Usage Rate(%)         : 4
	Aicpu Usage Rate(%)            : 0
	Ctrlcpu Usage Rate(%)          : 2
	DDR Bandwidth Usage Rate(%)    : 0
	HBM Bandwidth Usage Rate(%)    : 53
	NPU Utilization(%)             : 79
	Aicube Usage Rate(%)           : 55
	Get pid name failed.
	Process id:2090693 Process name:                  Process memory(MB):16006
Error: cannot run top on container aceaef212ad03c546a6eb710fca4fd3c10f869d0c7973db9955d514211247daa as it did not create a cgroup: this container does not have a cgroup
timestamp_ns=1785753093727879942
	DDR Capacity(MB)               : 0
	DDR Usage Rate(%)              : 0
	DDR Hugepages Total(page)      : 0
	DDR Hugepages Usage Rate(%)    : 0
	HBM Capacity(MB)               : 65536
	HBM Usage Rate(%)              : 29
	Aicore Usage Rate(%)           : 80
	Aivector Usage Rate(%)         : 5
	Aicpu Usage Rate(%)            : 0
	Ctrlcpu Usage Rate(%)          : 1
	DDR Bandwidth Usage Rate(%)    : 0
	HBM Bandwidth Usage Rate(%)    : 53
	NPU Utilization(%)             : 86
	Aicube Usage Rate(%)           : 73
	Get pid name failed.
	Process id:2090693 Process name:                  Process memory(MB):16006
Error: cannot run top on container aceaef212ad03c546a6eb710fca4fd3c10f869d0c7973db9955d514211247daa as it did not create a cgroup: this container does not have a cgroup
timestamp_ns=1785753095884810341
	DDR Capacity(MB)               : 0
	DDR Usage Rate(%)              : 0
	DDR Hugepages Total(page)      : 0
	DDR Hugepages Usage Rate(%)    : 0
	HBM Capacity(MB)               : 65536
	HBM Usage Rate(%)              : 29
	Aicore Usage Rate(%)           : 75
	Aivector Usage Rate(%)         : 5
	Aicpu Usage Rate(%)            : 0
	Ctrlcpu Usage Rate(%)          : 4
	DDR Bandwidth Usage Rate(%)    : 0
	HBM Bandwidth Usage Rate(%)    : 53
	NPU Utilization(%)             : 100
	Aicube Usage Rate(%)           : 69
	Get pid name failed.
	Process id:2090693 Process name:                  Process memory(MB):16006
Error: cannot run top on container aceaef212ad03c546a6eb710fca4fd3c10f869d0c7973db9955d514211247daa as it did not create a cgroup: this container does not have a cgroup
timestamp_ns=1785753098052340712
	DDR Capacity(MB)               : 0
	DDR Usage Rate(%)              : 0
	DDR Hugepages Total(page)      : 0
	DDR Hugepages Usage Rate(%)    : 0
	HBM Capacity(MB)               : 65536
	HBM Usage Rate(%)              : 29
	Aicore Usage Rate(%)           : 77
	Aivector Usage Rate(%)         : 5
	Aicpu Usage Rate(%)            : 0
	Ctrlcpu Usage Rate(%)          : 3
	DDR Bandwidth Usage Rate(%)    : 0
	HBM Bandwidth Usage Rate(%)    : 53
	NPU Utilization(%)             : 100
	Aicube Usage Rate(%)           : 71
	Get pid name failed.
	Process id:2090693 Process name:                  Process memory(MB):16006
Error: cannot run top on container aceaef212ad03c546a6eb710fca4fd3c10f869d0c7973db9955d514211247daa as it did not create a cgroup: this container does not have a cgroup
timestamp_ns=1785753100241664958
	DDR Capacity(MB)               : 0
	DDR Usage Rate(%)              : 0
	DDR Hugepages Total(page)      : 0
	DDR Hugepages Usage Rate(%)    : 0
	HBM Capacity(MB)               : 65536
	HBM Usage Rate(%)              : 29
	Aicore Usage Rate(%)           : 77
	Aivector Usage Rate(%)         : 4
	Aicpu Usage Rate(%)            : 0
	Ctrlcpu Usage Rate(%)          : 4
	DDR Bandwidth Usage Rate(%)    : 0
	HBM Bandwidth Usage Rate(%)    : 53
	NPU Utilization(%)             : 100
	Aicube Usage Rate(%)           : 71
	Get pid name failed.
	Process id:2090693 Process name:                  Process memory(MB):16006
Error: cannot run top on container aceaef212ad03c546a6eb710fca4fd3c10f869d0c7973db9955d514211247daa as it did not create a cgroup: this container does not have a cgroup
timestamp_ns=1785753102419613218
	DDR Capacity(MB)               : 0
	DDR Usage Rate(%)              : 0
	DDR Hugepages Total(page)      : 0
	DDR Hugepages Usage Rate(%)    : 0
	HBM Capacity(MB)               : 65536
	HBM Usage Rate(%)              : 29
	Aicore Usage Rate(%)           : 79
	Aivector Usage Rate(%)         : 5
	Aicpu Usage Rate(%)            : 0
	Ctrlcpu Usage Rate(%)          : 5
	DDR Bandwidth Usage Rate(%)    : 0
	HBM Bandwidth Usage Rate(%)    : 51
	NPU Utilization(%)             : 89
	Aicube Usage Rate(%)           : 72
	Get pid name failed.
	Process id:2090693 Process name:                  Process memory(MB):16006
Error: cannot run top on container aceaef212ad03c546a6eb710fca4fd3c10f869d0c7973db9955d514211247daa as it did not create a cgroup: this container does not have a cgroup
timestamp_ns=1785753104591137039
	DDR Capacity(MB)               : 0
	DDR Usage Rate(%)              : 0
	DDR Hugepages Total(page)      : 0
	DDR Hugepages Usage Rate(%)    : 0
	HBM Capacity(MB)               : 65536
	HBM Usage Rate(%)              : 29
	Aicore Usage Rate(%)           : 72
	Aivector Usage Rate(%)         : 4
	Aicpu Usage Rate(%)            : 0
	Ctrlcpu Usage Rate(%)          : 6
	DDR Bandwidth Usage Rate(%)    : 0
	HBM Bandwidth Usage Rate(%)    : 22
	NPU Utilization(%)             : 96
	Aicube Usage Rate(%)           : 66
	Get pid name failed.
	Process id:2090693 Process name:                  Process memory(MB):16006
Error: cannot run top on container aceaef212ad03c546a6eb710fca4fd3c10f869d0c7973db9955d514211247daa as it did not create a cgroup: this container does not have a cgroup
timestamp_ns=1785753106799416340
	DDR Capacity(MB)               : 0
	DDR Usage Rate(%)              : 0
	DDR Hugepages Total(page)      : 0
	DDR Hugepages Usage Rate(%)    : 0
	HBM Capacity(MB)               : 65536
	HBM Usage Rate(%)              : 29
	Aicore Usage Rate(%)           : 74
	Aivector Usage Rate(%)         : 4
	Aicpu Usage Rate(%)            : 0
	Ctrlcpu Usage Rate(%)          : 5
	DDR Bandwidth Usage Rate(%)    : 0
	HBM Bandwidth Usage Rate(%)    : 52
	NPU Utilization(%)             : 89
	Aicube Usage Rate(%)           : 68
	Get pid name failed.
	Process id:2090693 Process name:                  Process memory(MB):16006
Error: cannot run top on container aceaef212ad03c546a6eb710fca4fd3c10f869d0c7973db9955d514211247daa as it did not create a cgroup: this container does not have a cgroup
timestamp_ns=1785753108999558085
	DDR Capacity(MB)               : 0
	DDR Usage Rate(%)              : 0
	DDR Hugepages Total(page)      : 0
	DDR Hugepages Usage Rate(%)    : 0
	HBM Capacity(MB)               : 65536
	HBM Usage Rate(%)              : 29
	Aicore Usage Rate(%)           : 76
	Aivector Usage Rate(%)         : 4
	Aicpu Usage Rate(%)            : 0
	Ctrlcpu Usage Rate(%)          : 3
	DDR Bandwidth Usage Rate(%)    : 0
	HBM Bandwidth Usage Rate(%)    : 51
	NPU Utilization(%)             : 76
	Aicube Usage Rate(%)           : 70
	Get pid name failed.
	Process id:2090693 Process name:                  Process memory(MB):16006
Error: cannot run top on container aceaef212ad03c546a6eb710fca4fd3c10f869d0c7973db9955d514211247daa as it did not create a cgroup: this container does not have a cgroup
timestamp_ns=1785753111193656720
	DDR Capacity(MB)               : 0
	DDR Usage Rate(%)              : 0
	DDR Hugepages Total(page)      : 0
	DDR Hugepages Usage Rate(%)    : 0
	HBM Capacity(MB)               : 65536
	HBM Usage Rate(%)              : 29
	Aicore Usage Rate(%)           : 77
	Aivector Usage Rate(%)         : 5
	Aicpu Usage Rate(%)            : 0
	Ctrlcpu Usage Rate(%)          : 4
	DDR Bandwidth Usage Rate(%)    : 0
	HBM Bandwidth Usage Rate(%)    : 52
	NPU Utilization(%)             : 96
	Aicube Usage Rate(%)           : 71
	Get pid name failed.
	Process id:2090693 Process name:                  Process memory(MB):16006
Error: cannot run top on container aceaef212ad03c546a6eb710fca4fd3c10f869d0c7973db9955d514211247daa as it did not create a cgroup: this container does not have a cgroup
timestamp_ns=1785753113410407147
	DDR Capacity(MB)               : 0
	DDR Usage Rate(%)              : 0
	DDR Hugepages Total(page)      : 0
	DDR Hugepages Usage Rate(%)    : 0
	HBM Capacity(MB)               : 65536
	HBM Usage Rate(%)              : 29
	Aicore Usage Rate(%)           : 76
	Aivector Usage Rate(%)         : 5
	Aicpu Usage Rate(%)            : 0
	Ctrlcpu Usage Rate(%)          : 1
	DDR Bandwidth Usage Rate(%)    : 0
	HBM Bandwidth Usage Rate(%)    : 52
	NPU Utilization(%)             : 86
	Aicube Usage Rate(%)           : 70
	Get pid name failed.
	Process id:2090693 Process name:                  Process memory(MB):16006
Error: cannot run top on container aceaef212ad03c546a6eb710fca4fd3c10f869d0c7973db9955d514211247daa as it did not create a cgroup: this container does not have a cgroup
timestamp_ns=1785753115601439417
	DDR Capacity(MB)               : 0
	DDR Usage Rate(%)              : 0
	DDR Hugepages Total(page)      : 0
	DDR Hugepages Usage Rate(%)    : 0
	HBM Capacity(MB)               : 65536
	HBM Usage Rate(%)              : 29
	Aicore Usage Rate(%)           : 75
	Aivector Usage Rate(%)         : 4
	Aicpu Usage Rate(%)            : 0
	Ctrlcpu Usage Rate(%)          : 3
	DDR Bandwidth Usage Rate(%)    : 0
	HBM Bandwidth Usage Rate(%)    : 53
	NPU Utilization(%)             : 93
	Aicube Usage Rate(%)           : 69
	Get pid name failed.
	Process id:2090693 Process name:                  Process memory(MB):16006
Error: cannot run top on container aceaef212ad03c546a6eb710fca4fd3c10f869d0c7973db9955d514211247daa as it did not create a cgroup: this container does not have a cgroup
timestamp_ns=1785753117758576413
	DDR Capacity(MB)               : 0
	DDR Usage Rate(%)              : 0
	DDR Hugepages Total(page)      : 0
	DDR Hugepages Usage Rate(%)    : 0
	HBM Capacity(MB)               : 65536
	HBM Usage Rate(%)              : 29
	Aicore Usage Rate(%)           : 73
	Aivector Usage Rate(%)         : 4
	Aicpu Usage Rate(%)            : 0
	Ctrlcpu Usage Rate(%)          : 3
	DDR Bandwidth Usage Rate(%)    : 0
	HBM Bandwidth Usage Rate(%)    : 51
	NPU Utilization(%)             : 96
	Aicube Usage Rate(%)           : 67
	Get pid name failed.
	Process id:2090693 Process name:                  Process memory(MB):16006
Error: cannot run top on container aceaef212ad03c546a6eb710fca4fd3c10f869d0c7973db9955d514211247daa as it did not create a cgroup: this container does not have a cgroup
timestamp_ns=1785753119926752030
	DDR Capacity(MB)               : 0
	DDR Usage Rate(%)              : 0
	DDR Hugepages Total(page)      : 0
	DDR Hugepages Usage Rate(%)    : 0
	HBM Capacity(MB)               : 65536
	HBM Usage Rate(%)              : 29
	Aicore Usage Rate(%)           : 80
	Aivector Usage Rate(%)         : 5
	Aicpu Usage Rate(%)            : 0
	Ctrlcpu Usage Rate(%)          : 1
	DDR Bandwidth Usage Rate(%)    : 0
	HBM Bandwidth Usage Rate(%)    : 51
	NPU Utilization(%)             : 82
	Aicube Usage Rate(%)           : 73
	Get pid name failed.
	Process id:2090693 Process name:                  Process memory(MB):16006
Error: cannot run top on container aceaef212ad03c546a6eb710fca4fd3c10f869d0c7973db9955d514211247daa as it did not create a cgroup: this container does not have a cgroup
timestamp_ns=1785753122067769800
	DDR Capacity(MB)               : 0
	DDR Usage Rate(%)              : 0
	DDR Hugepages Total(page)      : 0
	DDR Hugepages Usage Rate(%)    : 0
	HBM Capacity(MB)               : 65536
	HBM Usage Rate(%)              : 29
	Aicore Usage Rate(%)           : 76
	Aivector Usage Rate(%)         : 4
	Aicpu Usage Rate(%)            : 0
	Ctrlcpu Usage Rate(%)          : 2
	DDR Bandwidth Usage Rate(%)    : 0
	HBM Bandwidth Usage Rate(%)    : 51
	NPU Utilization(%)             : 86
	Aicube Usage Rate(%)           : 70
	Get pid name failed.
	Process id:2090693 Process name:                  Process memory(MB):16006
Error: cannot run top on container aceaef212ad03c546a6eb710fca4fd3c10f869d0c7973db9955d514211247daa as it did not create a cgroup: this container does not have a cgroup
timestamp_ns=1785753124228832526
	DDR Capacity(MB)               : 0
	DDR Usage Rate(%)              : 0
	DDR Hugepages Total(page)      : 0
	DDR Hugepages Usage Rate(%)    : 0
	HBM Capacity(MB)               : 65536
	HBM Usage Rate(%)              : 29
	Aicore Usage Rate(%)           : 75
	Aivector Usage Rate(%)         : 4
	Aicpu Usage Rate(%)            : 0
	Ctrlcpu Usage Rate(%)          : 5
	DDR Bandwidth Usage Rate(%)    : 0
	HBM Bandwidth Usage Rate(%)    : 51
	NPU Utilization(%)             : 89
	Aicube Usage Rate(%)           : 69
	Get pid name failed.
	Process id:2090693 Process name:                  Process memory(MB):16006
Error: cannot run top on container aceaef212ad03c546a6eb710fca4fd3c10f869d0c7973db9955d514211247daa as it did not create a cgroup: this container does not have a cgroup
timestamp_ns=1785753126394009384
	DDR Capacity(MB)               : 0
	DDR Usage Rate(%)              : 0
	DDR Hugepages Total(page)      : 0
	DDR Hugepages Usage Rate(%)    : 0
	HBM Capacity(MB)               : 65536
	HBM Usage Rate(%)              : 29
	Aicore Usage Rate(%)           : 78
	Aivector Usage Rate(%)         : 5
	Aicpu Usage Rate(%)            : 0
	Ctrlcpu Usage Rate(%)          : 5
	DDR Bandwidth Usage Rate(%)    : 0
	HBM Bandwidth Usage Rate(%)    : 53
	NPU Utilization(%)             : 89
	Aicube Usage Rate(%)           : 72
	Get pid name failed.
	Process id:2090693 Process name:                  Process memory(MB):16006
Error: cannot run top on container aceaef212ad03c546a6eb710fca4fd3c10f869d0c7973db9955d514211247daa as it did not create a cgroup: this container does not have a cgroup
timestamp_ns=1785753128581244782
	DDR Capacity(MB)               : 0
	DDR Usage Rate(%)              : 0
	DDR Hugepages Total(page)      : 0
	DDR Hugepages Usage Rate(%)    : 0
	HBM Capacity(MB)               : 65536
	HBM Usage Rate(%)              : 29
	Aicore Usage Rate(%)           : 79
	Aivector Usage Rate(%)         : 5
	Aicpu Usage Rate(%)            : 0
	Ctrlcpu Usage Rate(%)          : 3
	DDR Bandwidth Usage Rate(%)    : 0
	HBM Bandwidth Usage Rate(%)    : 51
	NPU Utilization(%)             : 89
	Aicube Usage Rate(%)           : 72
	Get pid name failed.
	Process id:2090693 Process name:                  Process memory(MB):16006
Error: cannot run top on container aceaef212ad03c546a6eb710fca4fd3c10f869d0c7973db9955d514211247daa as it did not create a cgroup: this container does not have a cgroup
timestamp_ns=1785753130822812578
	DDR Capacity(MB)               : 0
	DDR Usage Rate(%)              : 0
	DDR Hugepages Total(page)      : 0
	DDR Hugepages Usage Rate(%)    : 0
	HBM Capacity(MB)               : 65536
	HBM Usage Rate(%)              : 29
	Aicore Usage Rate(%)           : 78
	Aivector Usage Rate(%)         : 5
	Aicpu Usage Rate(%)            : 0
	Ctrlcpu Usage Rate(%)          : 3
	DDR Bandwidth Usage Rate(%)    : 0
	HBM Bandwidth Usage Rate(%)    : 47
	NPU Utilization(%)             : 93
	Aicube Usage Rate(%)           : 72
	Get pid name failed.
	Process id:2090693 Process name:                  Process memory(MB):16006
Error: cannot run top on container aceaef212ad03c546a6eb710fca4fd3c10f869d0c7973db9955d514211247daa as it did not create a cgroup: this container does not have a cgroup
timestamp_ns=1785753133040584780
	DDR Capacity(MB)               : 0
	DDR Usage Rate(%)              : 0
	DDR Hugepages Total(page)      : 0
	DDR Hugepages Usage Rate(%)    : 0
	HBM Capacity(MB)               : 65536
	HBM Usage Rate(%)              : 29
	Aicore Usage Rate(%)           : 77
	Aivector Usage Rate(%)         : 5
	Aicpu Usage Rate(%)            : 0
	Ctrlcpu Usage Rate(%)          : 3
	DDR Bandwidth Usage Rate(%)    : 0
	HBM Bandwidth Usage Rate(%)    : 52
	NPU Utilization(%)             : 79
	Aicube Usage Rate(%)           : 70
	Get pid name failed.
	Process id:2090693 Process name:                  Process memory(MB):16006
Error: cannot run top on container aceaef212ad03c546a6eb710fca4fd3c10f869d0c7973db9955d514211247daa as it did not create a cgroup: this container does not have a cgroup
timestamp_ns=1785753135312438483
	DDR Capacity(MB)               : 0
	DDR Usage Rate(%)              : 0
	DDR Hugepages Total(page)      : 0
	DDR Hugepages Usage Rate(%)    : 0
	HBM Capacity(MB)               : 65536
	HBM Usage Rate(%)              : 29
	Aicore Usage Rate(%)           : 78
	Aivector Usage Rate(%)         : 5
	Aicpu Usage Rate(%)            : 0
	Ctrlcpu Usage Rate(%)          : 1
	DDR Bandwidth Usage Rate(%)    : 0
	HBM Bandwidth Usage Rate(%)    : 48
	NPU Utilization(%)             : 89
	Aicube Usage Rate(%)           : 71
	Get pid name failed.
	Process id:2090693 Process name:                  Process memory(MB):16006
Error: cannot run top on container aceaef212ad03c546a6eb710fca4fd3c10f869d0c7973db9955d514211247daa as it did not create a cgroup: this container does not have a cgroup
timestamp_ns=1785753137570001487
	DDR Capacity(MB)               : 0
	DDR Usage Rate(%)              : 0
	DDR Hugepages Total(page)      : 0
	DDR Hugepages Usage Rate(%)    : 0
	HBM Capacity(MB)               : 65536
	HBM Usage Rate(%)              : 29
	Aicore Usage Rate(%)           : 77
	Aivector Usage Rate(%)         : 5
	Aicpu Usage Rate(%)            : 0
	Ctrlcpu Usage Rate(%)          : 1
	DDR Bandwidth Usage Rate(%)    : 0
	HBM Bandwidth Usage Rate(%)    : 53
	NPU Utilization(%)             : 96
	Aicube Usage Rate(%)           : 70
	Get pid name failed.
	Process id:2090693 Process name:                  Process memory(MB):16006
Error: cannot run top on container aceaef212ad03c546a6eb710fca4fd3c10f869d0c7973db9955d514211247daa as it did not create a cgroup: this container does not have a cgroup
timestamp_ns=1785753139745851187
	DDR Capacity(MB)               : 0
	DDR Usage Rate(%)              : 0
	DDR Hugepages Total(page)      : 0
	DDR Hugepages Usage Rate(%)    : 0
	HBM Capacity(MB)               : 65536
	HBM Usage Rate(%)              : 29
	Aicore Usage Rate(%)           : 80
	Aivector Usage Rate(%)         : 5
	Aicpu Usage Rate(%)            : 0
	Ctrlcpu Usage Rate(%)          : 0
	DDR Bandwidth Usage Rate(%)    : 0
	HBM Bandwidth Usage Rate(%)    : 54
	NPU Utilization(%)             : 93
	Aicube Usage Rate(%)           : 73
	Get pid name failed.
	Process id:2090693 Process name:                  Process memory(MB):16006
Error: cannot run top on container aceaef212ad03c546a6eb710fca4fd3c10f869d0c7973db9955d514211247daa as it did not create a cgroup: this container does not have a cgroup
timestamp_ns=1785753141886110700
	DDR Capacity(MB)               : 0
	DDR Usage Rate(%)              : 0
	DDR Hugepages Total(page)      : 0
	DDR Hugepages Usage Rate(%)    : 0
	HBM Capacity(MB)               : 65536
	HBM Usage Rate(%)              : 29
	Aicore Usage Rate(%)           : 81
	Aivector Usage Rate(%)         : 5
	Aicpu Usage Rate(%)            : 0
	Ctrlcpu Usage Rate(%)          : 3
	DDR Bandwidth Usage Rate(%)    : 0
	HBM Bandwidth Usage Rate(%)    : 53
	NPU Utilization(%)             : 96
	Aicube Usage Rate(%)           : 73
	Get pid name failed.
	Process id:2090693 Process name:                  Process memory(MB):16006
Error: cannot run top on container aceaef212ad03c546a6eb710fca4fd3c10f869d0c7973db9955d514211247daa as it did not create a cgroup: this container does not have a cgroup
timestamp_ns=1785753144021812797
	DDR Capacity(MB)               : 0
	DDR Usage Rate(%)              : 0
	DDR Hugepages Total(page)      : 0
	DDR Hugepages Usage Rate(%)    : 0
	HBM Capacity(MB)               : 65536
	HBM Usage Rate(%)              : 29
	Aicore Usage Rate(%)           : 78
	Aivector Usage Rate(%)         : 4
	Aicpu Usage Rate(%)            : 0
	Ctrlcpu Usage Rate(%)          : 6
	DDR Bandwidth Usage Rate(%)    : 0
	HBM Bandwidth Usage Rate(%)    : 51
	NPU Utilization(%)             : 82
	Aicube Usage Rate(%)           : 71
	Get pid name failed.
	Process id:2090693 Process name:                  Process memory(MB):16006
Error: cannot run top on container aceaef212ad03c546a6eb710fca4fd3c10f869d0c7973db9955d514211247daa as it did not create a cgroup: this container does not have a cgroup
timestamp_ns=1785753146170998198
	DDR Capacity(MB)               : 0
	DDR Usage Rate(%)              : 0
	DDR Hugepages Total(page)      : 0
	DDR Hugepages Usage Rate(%)    : 0
	HBM Capacity(MB)               : 65536
	HBM Usage Rate(%)              : 29
	Aicore Usage Rate(%)           : 76
	Aivector Usage Rate(%)         : 5
	Aicpu Usage Rate(%)            : 0
	Ctrlcpu Usage Rate(%)          : 3
	DDR Bandwidth Usage Rate(%)    : 0
	HBM Bandwidth Usage Rate(%)    : 53
	NPU Utilization(%)             : 89
	Aicube Usage Rate(%)           : 70
	Get pid name failed.
	Process id:2090693 Process name:                  Process memory(MB):16006
Error: cannot run top on container aceaef212ad03c546a6eb710fca4fd3c10f869d0c7973db9955d514211247daa as it did not create a cgroup: this container does not have a cgroup
timestamp_ns=1785753148332216003
	DDR Capacity(MB)               : 0
	DDR Usage Rate(%)              : 0
	DDR Hugepages Total(page)      : 0
	DDR Hugepages Usage Rate(%)    : 0
	HBM Capacity(MB)               : 65536
	HBM Usage Rate(%)              : 29
	Aicore Usage Rate(%)           : 77
	Aivector Usage Rate(%)         : 5
	Aicpu Usage Rate(%)            : 0
	Ctrlcpu Usage Rate(%)          : 4
	DDR Bandwidth Usage Rate(%)    : 0
	HBM Bandwidth Usage Rate(%)    : 53
	NPU Utilization(%)             : 96
	Aicube Usage Rate(%)           : 71
	Get pid name failed.
	Process id:2090693 Process name:                  Process memory(MB):16006
Error: cannot run top on container aceaef212ad03c546a6eb710fca4fd3c10f869d0c7973db9955d514211247daa as it did not create a cgroup: this container does not have a cgroup
timestamp_ns=1785753150484112749
	DDR Capacity(MB)               : 0
	DDR Usage Rate(%)              : 0
	DDR Hugepages Total(page)      : 0
	DDR Hugepages Usage Rate(%)    : 0
	HBM Capacity(MB)               : 65536
	HBM Usage Rate(%)              : 29
	Aicore Usage Rate(%)           : 81
	Aivector Usage Rate(%)         : 5
	Aicpu Usage Rate(%)            : 0
	Ctrlcpu Usage Rate(%)          : 2
	DDR Bandwidth Usage Rate(%)    : 0
	HBM Bandwidth Usage Rate(%)    : 53
	NPU Utilization(%)             : 89
	Aicube Usage Rate(%)           : 74
	Get pid name failed.
	Process id:2090693 Process name:                  Process memory(MB):16006
Error: cannot run top on container aceaef212ad03c546a6eb710fca4fd3c10f869d0c7973db9955d514211247daa as it did not create a cgroup: this container does not have a cgroup
timestamp_ns=1785753152627967685
	DDR Capacity(MB)               : 0
	DDR Usage Rate(%)              : 0
	DDR Hugepages Total(page)      : 0
	DDR Hugepages Usage Rate(%)    : 0
	HBM Capacity(MB)               : 65536
	HBM Usage Rate(%)              : 29
	Aicore Usage Rate(%)           : 78
	Aivector Usage Rate(%)         : 5
	Aicpu Usage Rate(%)            : 0
	Ctrlcpu Usage Rate(%)          : 2
	DDR Bandwidth Usage Rate(%)    : 0
	HBM Bandwidth Usage Rate(%)    : 54
	NPU Utilization(%)             : 89
	Aicube Usage Rate(%)           : 71
	Get pid name failed.
	Process id:2090693 Process name:                  Process memory(MB):16006
Error: cannot run top on container aceaef212ad03c546a6eb710fca4fd3c10f869d0c7973db9955d514211247daa as it did not create a cgroup: this container does not have a cgroup
timestamp_ns=1785753154821577456
	DDR Capacity(MB)               : 0
	DDR Usage Rate(%)              : 0
	DDR Hugepages Total(page)      : 0
	DDR Hugepages Usage Rate(%)    : 0
	HBM Capacity(MB)               : 65536
	HBM Usage Rate(%)              : 29
	Aicore Usage Rate(%)           : 77
	Aivector Usage Rate(%)         : 5
	Aicpu Usage Rate(%)            : 0
	Ctrlcpu Usage Rate(%)          : 5
	DDR Bandwidth Usage Rate(%)    : 0
	HBM Bandwidth Usage Rate(%)    : 53
	NPU Utilization(%)             : 93
	Aicube Usage Rate(%)           : 71
	Get pid name failed.
	Process id:2090693 Process name:                  Process memory(MB):16006
Error: cannot run top on container aceaef212ad03c546a6eb710fca4fd3c10f869d0c7973db9955d514211247daa as it did not create a cgroup: this container does not have a cgroup
timestamp_ns=1785753156986252797
	DDR Capacity(MB)               : 0
	DDR Usage Rate(%)              : 0
	DDR Hugepages Total(page)      : 0
	DDR Hugepages Usage Rate(%)    : 0
	HBM Capacity(MB)               : 65536
	HBM Usage Rate(%)              : 29
	Aicore Usage Rate(%)           : 78
	Aivector Usage Rate(%)         : 5
	Aicpu Usage Rate(%)            : 0
	Ctrlcpu Usage Rate(%)          : 1
	DDR Bandwidth Usage Rate(%)    : 0
	HBM Bandwidth Usage Rate(%)    : 52
	NPU Utilization(%)             : 93
	Aicube Usage Rate(%)           : 71
	Get pid name failed.
	Process id:2090693 Process name:                  Process memory(MB):16006
Error: cannot run top on container aceaef212ad03c546a6eb710fca4fd3c10f869d0c7973db9955d514211247daa as it did not create a cgroup: this container does not have a cgroup
timestamp_ns=1785753159158716289
	DDR Capacity(MB)               : 0
	DDR Usage Rate(%)              : 0
	DDR Hugepages Total(page)      : 0
	DDR Hugepages Usage Rate(%)    : 0
	HBM Capacity(MB)               : 65536
	HBM Usage Rate(%)              : 29
	Aicore Usage Rate(%)           : 78
	Aivector Usage Rate(%)         : 5
	Aicpu Usage Rate(%)            : 0
	Ctrlcpu Usage Rate(%)          : 2
	DDR Bandwidth Usage Rate(%)    : 0
	HBM Bandwidth Usage Rate(%)    : 53
	NPU Utilization(%)             : 93
	Aicube Usage Rate(%)           : 72
	Get pid name failed.
	Process id:2090693 Process name:                  Process memory(MB):16006
Error: cannot run top on container aceaef212ad03c546a6eb710fca4fd3c10f869d0c7973db9955d514211247daa as it did not create a cgroup: this container does not have a cgroup
timestamp_ns=1785753161310337605
	DDR Capacity(MB)               : 0
	DDR Usage Rate(%)              : 0
	DDR Hugepages Total(page)      : 0
	DDR Hugepages Usage Rate(%)    : 0
	HBM Capacity(MB)               : 65536
	HBM Usage Rate(%)              : 29
	Aicore Usage Rate(%)           : 75
	Aivector Usage Rate(%)         : 4
	Aicpu Usage Rate(%)            : 0
	Ctrlcpu Usage Rate(%)          : 2
	DDR Bandwidth Usage Rate(%)    : 0
	HBM Bandwidth Usage Rate(%)    : 50
	NPU Utilization(%)             : 96
	Aicube Usage Rate(%)           : 69
	Get pid name failed.
	Process id:2090693 Process name:                  Process memory(MB):16006
Error: cannot run top on container aceaef212ad03c546a6eb710fca4fd3c10f869d0c7973db9955d514211247daa as it did not create a cgroup: this container does not have a cgroup
timestamp_ns=1785753163467774379
	DDR Capacity(MB)               : 0
	DDR Usage Rate(%)              : 0
	DDR Hugepages Total(page)      : 0
	DDR Hugepages Usage Rate(%)    : 0
	HBM Capacity(MB)               : 65536
	HBM Usage Rate(%)              : 29
	Aicore Usage Rate(%)           : 80
	Aivector Usage Rate(%)         : 5
	Aicpu Usage Rate(%)            : 0
	Ctrlcpu Usage Rate(%)          : 4
	DDR Bandwidth Usage Rate(%)    : 0
	HBM Bandwidth Usage Rate(%)    : 53
	NPU Utilization(%)             : 86
	Aicube Usage Rate(%)           : 74
	Get pid name failed.
	Process id:2090693 Process name:                  Process memory(MB):16006
Error: cannot run top on container aceaef212ad03c546a6eb710fca4fd3c10f869d0c7973db9955d514211247daa as it did not create a cgroup: this container does not have a cgroup
timestamp_ns=1785753165709820528
	DDR Capacity(MB)               : 0
	DDR Usage Rate(%)              : 0
	DDR Hugepages Total(page)      : 0
	DDR Hugepages Usage Rate(%)    : 0
	HBM Capacity(MB)               : 65536
	HBM Usage Rate(%)              : 29
	Aicore Usage Rate(%)           : 77
	Aivector Usage Rate(%)         : 5
	Aicpu Usage Rate(%)            : 0
	Ctrlcpu Usage Rate(%)          : 4
	DDR Bandwidth Usage Rate(%)    : 0
	HBM Bandwidth Usage Rate(%)    : 23
	NPU Utilization(%)             : 89
	Aicube Usage Rate(%)           : 71
	Get pid name failed.
	Process id:2090693 Process name:                  Process memory(MB):16006
Error: cannot run top on container aceaef212ad03c546a6eb710fca4fd3c10f869d0c7973db9955d514211247daa as it did not create a cgroup: this container does not have a cgroup
timestamp_ns=1785753167891061171
	DDR Capacity(MB)               : 0
	DDR Usage Rate(%)              : 0
	DDR Hugepages Total(page)      : 0
	DDR Hugepages Usage Rate(%)    : 0
	HBM Capacity(MB)               : 65536
	HBM Usage Rate(%)              : 29
	Aicore Usage Rate(%)           : 78
	Aivector Usage Rate(%)         : 4
	Aicpu Usage Rate(%)            : 0
	Ctrlcpu Usage Rate(%)          : 4
	DDR Bandwidth Usage Rate(%)    : 0
	HBM Bandwidth Usage Rate(%)    : 53
	NPU Utilization(%)             : 96
	Aicube Usage Rate(%)           : 71
	Get pid name failed.
	Process id:2090693 Process name:                  Process memory(MB):16006
Error: cannot run top on container aceaef212ad03c546a6eb710fca4fd3c10f869d0c7973db9955d514211247daa as it did not create a cgroup: this container does not have a cgroup
timestamp_ns=1785753170025334078
	DDR Capacity(MB)               : 0
	DDR Usage Rate(%)              : 0
	DDR Hugepages Total(page)      : 0
	DDR Hugepages Usage Rate(%)    : 0
	HBM Capacity(MB)               : 65536
	HBM Usage Rate(%)              : 29
	Aicore Usage Rate(%)           : 81
	Aivector Usage Rate(%)         : 5
	Aicpu Usage Rate(%)            : 0
	Ctrlcpu Usage Rate(%)          : 9
	DDR Bandwidth Usage Rate(%)    : 0
	HBM Bandwidth Usage Rate(%)    : 54
	NPU Utilization(%)             : 93
	Aicube Usage Rate(%)           : 74
	Get pid name failed.
	Process id:2090693 Process name:                  Process memory(MB):16006
Error: cannot run top on container aceaef212ad03c546a6eb710fca4fd3c10f869d0c7973db9955d514211247daa as it did not create a cgroup: this container does not have a cgroup
timestamp_ns=1785753172172630258
	DDR Capacity(MB)               : 0
	DDR Usage Rate(%)              : 0
	DDR Hugepages Total(page)      : 0
	DDR Hugepages Usage Rate(%)    : 0
	HBM Capacity(MB)               : 65536
	HBM Usage Rate(%)              : 29
	Aicore Usage Rate(%)           : 79
	Aivector Usage Rate(%)         : 5
	Aicpu Usage Rate(%)            : 0
	Ctrlcpu Usage Rate(%)          : 3
	DDR Bandwidth Usage Rate(%)    : 0
	HBM Bandwidth Usage Rate(%)    : 53
	NPU Utilization(%)             : 93
	Aicube Usage Rate(%)           : 71
	Get pid name failed.
	Process id:2090693 Process name:                  Process memory(MB):16006
Error: cannot run top on container aceaef212ad03c546a6eb710fca4fd3c10f869d0c7973db9955d514211247daa as it did not create a cgroup: this container does not have a cgroup
timestamp_ns=1785753174438178493
	DDR Capacity(MB)               : 0
	DDR Usage Rate(%)              : 0
	DDR Hugepages Total(page)      : 0
	DDR Hugepages Usage Rate(%)    : 0
	HBM Capacity(MB)               : 65536
	HBM Usage Rate(%)              : 29
	Aicore Usage Rate(%)           : 72
	Aivector Usage Rate(%)         : 4
	Aicpu Usage Rate(%)            : 0
	Ctrlcpu Usage Rate(%)          : 6
	DDR Bandwidth Usage Rate(%)    : 0
	HBM Bandwidth Usage Rate(%)    : 54
	NPU Utilization(%)             : 82
	Aicube Usage Rate(%)           : 66
	Get pid name failed.
	Process id:2090693 Process name:                  Process memory(MB):16006
Error: cannot run top on container aceaef212ad03c546a6eb710fca4fd3c10f869d0c7973db9955d514211247daa as it did not create a cgroup: this container does not have a cgroup
timestamp_ns=1785753176624484278
	DDR Capacity(MB)               : 0
	DDR Usage Rate(%)              : 0
	DDR Hugepages Total(page)      : 0
	DDR Hugepages Usage Rate(%)    : 0
	HBM Capacity(MB)               : 65536
	HBM Usage Rate(%)              : 29
	Aicore Usage Rate(%)           : 81
	Aivector Usage Rate(%)         : 5
	Aicpu Usage Rate(%)            : 0
	Ctrlcpu Usage Rate(%)          : 4
	DDR Bandwidth Usage Rate(%)    : 0
	HBM Bandwidth Usage Rate(%)    : 54
	NPU Utilization(%)             : 96
	Aicube Usage Rate(%)           : 74
	Get pid name failed.
	Process id:2090693 Process name:                  Process memory(MB):16006
Error: cannot run top on container aceaef212ad03c546a6eb710fca4fd3c10f869d0c7973db9955d514211247daa as it did not create a cgroup: this container does not have a cgroup
timestamp_ns=1785753178819964624
	DDR Capacity(MB)               : 0
	DDR Usage Rate(%)              : 0
	DDR Hugepages Total(page)      : 0
	DDR Hugepages Usage Rate(%)    : 0
	HBM Capacity(MB)               : 65536
	HBM Usage Rate(%)              : 29
	Aicore Usage Rate(%)           : 77
	Aivector Usage Rate(%)         : 5
	Aicpu Usage Rate(%)            : 0
	Ctrlcpu Usage Rate(%)          : 6
	DDR Bandwidth Usage Rate(%)    : 0
	HBM Bandwidth Usage Rate(%)    : 53
	NPU Utilization(%)             : 96
	Aicube Usage Rate(%)           : 71
	Get pid name failed.
	Process id:2090693 Process name:                  Process memory(MB):16006
Error: cannot run top on container aceaef212ad03c546a6eb710fca4fd3c10f869d0c7973db9955d514211247daa as it did not create a cgroup: this container does not have a cgroup
timestamp_ns=1785753180964078850
	DDR Capacity(MB)               : 0
	DDR Usage Rate(%)              : 0
	DDR Hugepages Total(page)      : 0
	DDR Hugepages Usage Rate(%)    : 0
	HBM Capacity(MB)               : 65536
	HBM Usage Rate(%)              : 29
	Aicore Usage Rate(%)           : 80
	Aivector Usage Rate(%)         : 5
	Aicpu Usage Rate(%)            : 0
	Ctrlcpu Usage Rate(%)          : 3
	DDR Bandwidth Usage Rate(%)    : 0
	HBM Bandwidth Usage Rate(%)    : 53
	NPU Utilization(%)             : 93
	Aicube Usage Rate(%)           : 72
	Get pid name failed.
	Process id:2090693 Process name:                  Process memory(MB):16006
Error: cannot run top on container aceaef212ad03c546a6eb710fca4fd3c10f869d0c7973db9955d514211247daa as it did not create a cgroup: this container does not have a cgroup
timestamp_ns=1785753183107074456
	DDR Capacity(MB)               : 0
	DDR Usage Rate(%)              : 0
	DDR Hugepages Total(page)      : 0
	DDR Hugepages Usage Rate(%)    : 0
	HBM Capacity(MB)               : 65536
	HBM Usage Rate(%)              : 29
	Aicore Usage Rate(%)           : 80
	Aivector Usage Rate(%)         : 5
	Aicpu Usage Rate(%)            : 0
	Ctrlcpu Usage Rate(%)          : 2
	DDR Bandwidth Usage Rate(%)    : 0
	HBM Bandwidth Usage Rate(%)    : 53
	NPU Utilization(%)             : 96
	Aicube Usage Rate(%)           : 73
	Get pid name failed.
	Process id:2090693 Process name:                  Process memory(MB):16006
Error: cannot run top on container aceaef212ad03c546a6eb710fca4fd3c10f869d0c7973db9955d514211247daa as it did not create a cgroup: this container does not have a cgroup
timestamp_ns=1785753185250170269
	DDR Capacity(MB)               : 0
	DDR Usage Rate(%)              : 0
	DDR Hugepages Total(page)      : 0
	DDR Hugepages Usage Rate(%)    : 0
	HBM Capacity(MB)               : 65536
	HBM Usage Rate(%)              : 29
	Aicore Usage Rate(%)           : 81
	Aivector Usage Rate(%)         : 5
	Aicpu Usage Rate(%)            : 0
	Ctrlcpu Usage Rate(%)          : 4
	DDR Bandwidth Usage Rate(%)    : 0
	HBM Bandwidth Usage Rate(%)    : 52
	NPU Utilization(%)             : 93
	Aicube Usage Rate(%)           : 74
	Get pid name failed.
	Process id:2090693 Process name:                  Process memory(MB):16006
Error: cannot run top on container aceaef212ad03c546a6eb710fca4fd3c10f869d0c7973db9955d514211247daa as it did not create a cgroup: this container does not have a cgroup
timestamp_ns=1785753187386373788
	DDR Capacity(MB)               : 0
	DDR Usage Rate(%)              : 0
	DDR Hugepages Total(page)      : 0
	DDR Hugepages Usage Rate(%)    : 0
	HBM Capacity(MB)               : 65536
	HBM Usage Rate(%)              : 29
	Aicore Usage Rate(%)           : 75
	Aivector Usage Rate(%)         : 5
	Aicpu Usage Rate(%)            : 0
	Ctrlcpu Usage Rate(%)          : 3
	DDR Bandwidth Usage Rate(%)    : 0
	HBM Bandwidth Usage Rate(%)    : 53
	NPU Utilization(%)             : 86
	Aicube Usage Rate(%)           : 69
	Get pid name failed.
	Process id:2090693 Process name:                  Process memory(MB):16006
Error: cannot run top on container aceaef212ad03c546a6eb710fca4fd3c10f869d0c7973db9955d514211247daa as it did not create a cgroup: this container does not have a cgroup
timestamp_ns=1785753189544493912
	DDR Capacity(MB)               : 0
	DDR Usage Rate(%)              : 0
	DDR Hugepages Total(page)      : 0
	DDR Hugepages Usage Rate(%)    : 0
	HBM Capacity(MB)               : 65536
	HBM Usage Rate(%)              : 29
	Aicore Usage Rate(%)           : 81
	Aivector Usage Rate(%)         : 5
	Aicpu Usage Rate(%)            : 0
	Ctrlcpu Usage Rate(%)          : 0
	DDR Bandwidth Usage Rate(%)    : 0
	HBM Bandwidth Usage Rate(%)    : 53
	NPU Utilization(%)             : 89
	Aicube Usage Rate(%)           : 73
	Get pid name failed.
	Process id:2090693 Process name:                  Process memory(MB):16006
Error: cannot run top on container aceaef212ad03c546a6eb710fca4fd3c10f869d0c7973db9955d514211247daa as it did not create a cgroup: this container does not have a cgroup
timestamp_ns=1785753191892147172
	DDR Capacity(MB)               : 0
	DDR Usage Rate(%)              : 0
	DDR Hugepages Total(page)      : 0
	DDR Hugepages Usage Rate(%)    : 0
	HBM Capacity(MB)               : 65536
	HBM Usage Rate(%)              : 29
	Aicore Usage Rate(%)           : 79
	Aivector Usage Rate(%)         : 5
	Aicpu Usage Rate(%)            : 0
	Ctrlcpu Usage Rate(%)          : 0
	DDR Bandwidth Usage Rate(%)    : 0
	HBM Bandwidth Usage Rate(%)    : 53
	NPU Utilization(%)             : 89
	Aicube Usage Rate(%)           : 72
	Get pid name failed.
	Process id:2090693 Process name:                  Process memory(MB):16006
Error: cannot run top on container aceaef212ad03c546a6eb710fca4fd3c10f869d0c7973db9955d514211247daa as it did not create a cgroup: this container does not have a cgroup
timestamp_ns=1785753194057768494
	DDR Capacity(MB)               : 0
	DDR Usage Rate(%)              : 0
	DDR Hugepages Total(page)      : 0
	DDR Hugepages Usage Rate(%)    : 0
	HBM Capacity(MB)               : 65536
	HBM Usage Rate(%)              : 29
	Aicore Usage Rate(%)           : 72
	Aivector Usage Rate(%)         : 9
	Aicpu Usage Rate(%)            : 0
	Ctrlcpu Usage Rate(%)          : 11
	DDR Bandwidth Usage Rate(%)    : 0
	HBM Bandwidth Usage Rate(%)    : 53
	NPU Utilization(%)             : 93
	Aicube Usage Rate(%)           : 60
	Get pid name failed.
	Process id:2090693 Process name:                  Process memory(MB):16006
Error: cannot run top on container aceaef212ad03c546a6eb710fca4fd3c10f869d0c7973db9955d514211247daa as it did not create a cgroup: this container does not have a cgroup
timestamp_ns=1785753196216927051
	DDR Capacity(MB)               : 0
	DDR Usage Rate(%)              : 0
	DDR Hugepages Total(page)      : 0
	DDR Hugepages Usage Rate(%)    : 0
	HBM Capacity(MB)               : 65536
	HBM Usage Rate(%)              : 29
	Aicore Usage Rate(%)           : 77
	Aivector Usage Rate(%)         : 5
	Aicpu Usage Rate(%)            : 0
	Ctrlcpu Usage Rate(%)          : 2
	DDR Bandwidth Usage Rate(%)    : 0
	HBM Bandwidth Usage Rate(%)    : 44
	NPU Utilization(%)             : 93
	Aicube Usage Rate(%)           : 71
	Get pid name failed.
	Process id:2090693 Process name:                  Process memory(MB):16006
Error: cannot run top on container aceaef212ad03c546a6eb710fca4fd3c10f869d0c7973db9955d514211247daa as it did not create a cgroup: this container does not have a cgroup
timestamp_ns=1785753198350849583
	DDR Capacity(MB)               : 0
	DDR Usage Rate(%)              : 0
	DDR Hugepages Total(page)      : 0
	DDR Hugepages Usage Rate(%)    : 0
	HBM Capacity(MB)               : 65536
	HBM Usage Rate(%)              : 29
	Aicore Usage Rate(%)           : 43
	Aivector Usage Rate(%)         : 12
	Aicpu Usage Rate(%)            : 0
	Ctrlcpu Usage Rate(%)          : 0
	DDR Bandwidth Usage Rate(%)    : 0
	HBM Bandwidth Usage Rate(%)    : 51
	NPU Utilization(%)             : 75
	Aicube Usage Rate(%)           : 30
	Get pid name failed.
	Process id:2090693 Process name:                  Process memory(MB):16006
Error: cannot run top on container aceaef212ad03c546a6eb710fca4fd3c10f869d0c7973db9955d514211247daa as it did not create a cgroup: this container does not have a cgroup
timestamp_ns=1785753200508246722
	DDR Capacity(MB)               : 0
	DDR Usage Rate(%)              : 0
	DDR Hugepages Total(page)      : 0
	DDR Hugepages Usage Rate(%)    : 0
	HBM Capacity(MB)               : 65536
	HBM Usage Rate(%)              : 29
	Aicore Usage Rate(%)           : 80
	Aivector Usage Rate(%)         : 5
	Aicpu Usage Rate(%)            : 0
	Ctrlcpu Usage Rate(%)          : 0
	DDR Bandwidth Usage Rate(%)    : 0
	HBM Bandwidth Usage Rate(%)    : 53
	NPU Utilization(%)             : 89
	Aicube Usage Rate(%)           : 73
	Get pid name failed.
	Process id:2090693 Process name:                  Process memory(MB):16006
Error: cannot run top on container aceaef212ad03c546a6eb710fca4fd3c10f869d0c7973db9955d514211247daa as it did not create a cgroup: this container does not have a cgroup
timestamp_ns=1785753202667688540
	DDR Capacity(MB)               : 0
	DDR Usage Rate(%)              : 0
	DDR Hugepages Total(page)      : 0
	DDR Hugepages Usage Rate(%)    : 0
	HBM Capacity(MB)               : 65536
	HBM Usage Rate(%)              : 29
	Aicore Usage Rate(%)           : 100
	Aivector Usage Rate(%)         : 23
	Aicpu Usage Rate(%)            : 0
	Ctrlcpu Usage Rate(%)          : 6
	DDR Bandwidth Usage Rate(%)    : 0
	HBM Bandwidth Usage Rate(%)    : 53
	NPU Utilization(%)             : 100
	Aicube Usage Rate(%)           : 87
	Get pid name failed.
	Process id:2090693 Process name:                  Process memory(MB):16006
Error: cannot run top on container aceaef212ad03c546a6eb710fca4fd3c10f869d0c7973db9955d514211247daa as it did not create a cgroup: this container does not have a cgroup
timestamp_ns=1785753204864407269
	DDR Capacity(MB)               : 0
	DDR Usage Rate(%)              : 0
	DDR Hugepages Total(page)      : 0
	DDR Hugepages Usage Rate(%)    : 0
	HBM Capacity(MB)               : 65536
	HBM Usage Rate(%)              : 29
	Aicore Usage Rate(%)           : 100
	Aivector Usage Rate(%)         : 17
	Aicpu Usage Rate(%)            : 0
	Ctrlcpu Usage Rate(%)          : 4
	DDR Bandwidth Usage Rate(%)    : 0
	HBM Bandwidth Usage Rate(%)    : 53
	NPU Utilization(%)             : 100
	Aicube Usage Rate(%)           : 86
	Get pid name failed.
	Process id:2090693 Process name:                  Process memory(MB):16006
Error: cannot run top on container aceaef212ad03c546a6eb710fca4fd3c10f869d0c7973db9955d514211247daa as it did not create a cgroup: this container does not have a cgroup
timestamp_ns=1785753207045573520
	DDR Capacity(MB)               : 0
	DDR Usage Rate(%)              : 0
	DDR Hugepages Total(page)      : 0
	DDR Hugepages Usage Rate(%)    : 0
	HBM Capacity(MB)               : 65536
	HBM Usage Rate(%)              : 29
	Aicore Usage Rate(%)           : 76
	Aivector Usage Rate(%)         : 4
	Aicpu Usage Rate(%)            : 0
	Ctrlcpu Usage Rate(%)          : 2
	DDR Bandwidth Usage Rate(%)    : 0
	HBM Bandwidth Usage Rate(%)    : 53
	NPU Utilization(%)             : 89
	Aicube Usage Rate(%)           : 70
	Get pid name failed.
	Process id:2090693 Process name:                  Process memory(MB):16006
Error: cannot run top on container aceaef212ad03c546a6eb710fca4fd3c10f869d0c7973db9955d514211247daa as it did not create a cgroup: this container does not have a cgroup
timestamp_ns=1785753209192380061
	DDR Capacity(MB)               : 0
	DDR Usage Rate(%)              : 0
	DDR Hugepages Total(page)      : 0
	DDR Hugepages Usage Rate(%)    : 0
	HBM Capacity(MB)               : 65536
	HBM Usage Rate(%)              : 29
	Aicore Usage Rate(%)           : 100
	Aivector Usage Rate(%)         : 21
	Aicpu Usage Rate(%)            : 0
	Ctrlcpu Usage Rate(%)          : 4
	DDR Bandwidth Usage Rate(%)    : 0
	HBM Bandwidth Usage Rate(%)    : 53
	NPU Utilization(%)             : 100
	Aicube Usage Rate(%)           : 82
	Get pid name failed.
	Process id:2090693 Process name:                  Process memory(MB):16006
Error: cannot run top on container aceaef212ad03c546a6eb710fca4fd3c10f869d0c7973db9955d514211247daa as it did not create a cgroup: this container does not have a cgroup
timestamp_ns=1785753211380633842
	DDR Capacity(MB)               : 0
	DDR Usage Rate(%)              : 0
	DDR Hugepages Total(page)      : 0
	DDR Hugepages Usage Rate(%)    : 0
	HBM Capacity(MB)               : 65536
	HBM Usage Rate(%)              : 29
	Aicore Usage Rate(%)           : 77
	Aivector Usage Rate(%)         : 5
	Aicpu Usage Rate(%)            : 0
	Ctrlcpu Usage Rate(%)          : 3
	DDR Bandwidth Usage Rate(%)    : 0
	HBM Bandwidth Usage Rate(%)    : 51
	NPU Utilization(%)             : 100
	Aicube Usage Rate(%)           : 71
	Get pid name failed.
	Process id:2090693 Process name:                  Process memory(MB):16006
Error: cannot run top on container aceaef212ad03c546a6eb710fca4fd3c10f869d0c7973db9955d514211247daa as it did not create a cgroup: this container does not have a cgroup
timestamp_ns=1785753213527575986
	DDR Capacity(MB)               : 0
	DDR Usage Rate(%)              : 0
	DDR Hugepages Total(page)      : 0
	DDR Hugepages Usage Rate(%)    : 0
	HBM Capacity(MB)               : 65536
	HBM Usage Rate(%)              : 29
	Aicore Usage Rate(%)           : 100
	Aivector Usage Rate(%)         : 16
	Aicpu Usage Rate(%)            : 0
	Ctrlcpu Usage Rate(%)          : 3
	DDR Bandwidth Usage Rate(%)    : 0
	HBM Bandwidth Usage Rate(%)    : 54
	NPU Utilization(%)             : 100
	Aicube Usage Rate(%)           : 81
	Get pid name failed.
	Process id:2090693 Process name:                  Process memory(MB):16006
Error: cannot run top on container aceaef212ad03c546a6eb710fca4fd3c10f869d0c7973db9955d514211247daa as it did not create a cgroup: this container does not have a cgroup
timestamp_ns=1785753215676958177
	DDR Capacity(MB)               : 0
	DDR Usage Rate(%)              : 0
	DDR Hugepages Total(page)      : 0
	DDR Hugepages Usage Rate(%)    : 0
	HBM Capacity(MB)               : 65536
	HBM Usage Rate(%)              : 29
	Aicore Usage Rate(%)           : 80
	Aivector Usage Rate(%)         : 5
	Aicpu Usage Rate(%)            : 0
	Ctrlcpu Usage Rate(%)          : 2
	DDR Bandwidth Usage Rate(%)    : 0
	HBM Bandwidth Usage Rate(%)    : 53
	NPU Utilization(%)             : 93
	Aicube Usage Rate(%)           : 73
	Get pid name failed.
	Process id:2090693 Process name:                  Process memory(MB):16006
Error: cannot run top on container aceaef212ad03c546a6eb710fca4fd3c10f869d0c7973db9955d514211247daa as it did not create a cgroup: this container does not have a cgroup
timestamp_ns=1785753217825348922
	DDR Capacity(MB)               : 0
	DDR Usage Rate(%)              : 0
	DDR Hugepages Total(page)      : 0
	DDR Hugepages Usage Rate(%)    : 0
	HBM Capacity(MB)               : 65536
	HBM Usage Rate(%)              : 29
	Aicore Usage Rate(%)           : 100
	Aivector Usage Rate(%)         : 20
	Aicpu Usage Rate(%)            : 0
	Ctrlcpu Usage Rate(%)          : 5
	DDR Bandwidth Usage Rate(%)    : 0
	HBM Bandwidth Usage Rate(%)    : 52
	NPU Utilization(%)             : 100
	Aicube Usage Rate(%)           : 82
	Get pid name failed.
	Process id:2090693 Process name:                  Process memory(MB):16006
Error: cannot run top on container aceaef212ad03c546a6eb710fca4fd3c10f869d0c7973db9955d514211247daa as it did not create a cgroup: this container does not have a cgroup
timestamp_ns=1785753219975365857
	DDR Capacity(MB)               : 0
	DDR Usage Rate(%)              : 0
	DDR Hugepages Total(page)      : 0
	DDR Hugepages Usage Rate(%)    : 0
	HBM Capacity(MB)               : 65536
	HBM Usage Rate(%)              : 29
	Aicore Usage Rate(%)           : 78
	Aivector Usage Rate(%)         : 5
	Aicpu Usage Rate(%)            : 0
	Ctrlcpu Usage Rate(%)          : 5
	DDR Bandwidth Usage Rate(%)    : 0
	HBM Bandwidth Usage Rate(%)    : 53
	NPU Utilization(%)             : 96
	Aicube Usage Rate(%)           : 71
	Get pid name failed.
	Process id:2090693 Process name:                  Process memory(MB):16006
Error: cannot run top on container aceaef212ad03c546a6eb710fca4fd3c10f869d0c7973db9955d514211247daa as it did not create a cgroup: this container does not have a cgroup
timestamp_ns=1785753222117884807
	DDR Capacity(MB)               : 0
	DDR Usage Rate(%)              : 0
	DDR Hugepages Total(page)      : 0
	DDR Hugepages Usage Rate(%)    : 0
	HBM Capacity(MB)               : 65536
	HBM Usage Rate(%)              : 29
	Aicore Usage Rate(%)           : 58
	Aivector Usage Rate(%)         : 12
	Aicpu Usage Rate(%)            : 0
	Ctrlcpu Usage Rate(%)          : 4
	DDR Bandwidth Usage Rate(%)    : 0
	HBM Bandwidth Usage Rate(%)    : 53
	NPU Utilization(%)             : 68
	Aicube Usage Rate(%)           : 44
	Get pid name failed.
	Process id:2090693 Process name:                  Process memory(MB):16006
Error: cannot run top on container aceaef212ad03c546a6eb710fca4fd3c10f869d0c7973db9955d514211247daa as it did not create a cgroup: this container does not have a cgroup
timestamp_ns=1785753224256139812
	DDR Capacity(MB)               : 0
	DDR Usage Rate(%)              : 0
	DDR Hugepages Total(page)      : 0
	DDR Hugepages Usage Rate(%)    : 0
	HBM Capacity(MB)               : 65536
	HBM Usage Rate(%)              : 29
	Aicore Usage Rate(%)           : 79
	Aivector Usage Rate(%)         : 5
	Aicpu Usage Rate(%)            : 0
	Ctrlcpu Usage Rate(%)          : 7
	DDR Bandwidth Usage Rate(%)    : 0
	HBM Bandwidth Usage Rate(%)    : 52
	NPU Utilization(%)             : 86
	Aicube Usage Rate(%)           : 72
	Get pid name failed.
	Process id:2090693 Process name:                  Process memory(MB):16006
Error: cannot run top on container aceaef212ad03c546a6eb710fca4fd3c10f869d0c7973db9955d514211247daa as it did not create a cgroup: this container does not have a cgroup
timestamp_ns=1785753226396020547
	DDR Capacity(MB)               : 0
	DDR Usage Rate(%)              : 0
	DDR Hugepages Total(page)      : 0
	DDR Hugepages Usage Rate(%)    : 0
	HBM Capacity(MB)               : 65536
	HBM Usage Rate(%)              : 29
	Aicore Usage Rate(%)           : 100
	Aivector Usage Rate(%)         : 22
	Aicpu Usage Rate(%)            : 0
	Ctrlcpu Usage Rate(%)          : 4
	DDR Bandwidth Usage Rate(%)    : 0
	HBM Bandwidth Usage Rate(%)    : 53
	NPU Utilization(%)             : 100
	Aicube Usage Rate(%)           : 81
	Get pid name failed.
	Process id:2090693 Process name:                  Process memory(MB):16006
Error: cannot run top on container aceaef212ad03c546a6eb710fca4fd3c10f869d0c7973db9955d514211247daa as it did not create a cgroup: this container does not have a cgroup
timestamp_ns=1785753228557174501
	DDR Capacity(MB)               : 0
	DDR Usage Rate(%)              : 0
	DDR Hugepages Total(page)      : 0
	DDR Hugepages Usage Rate(%)    : 0
	HBM Capacity(MB)               : 65536
	HBM Usage Rate(%)              : 29
	Aicore Usage Rate(%)           : 76
	Aivector Usage Rate(%)         : 5
	Aicpu Usage Rate(%)            : 0
	Ctrlcpu Usage Rate(%)          : 1
	DDR Bandwidth Usage Rate(%)    : 0
	HBM Bandwidth Usage Rate(%)    : 53
	NPU Utilization(%)             : 89
	Aicube Usage Rate(%)           : 69
	Get pid name failed.
	Process id:2090693 Process name:                  Process memory(MB):16006
Error: cannot run top on container aceaef212ad03c546a6eb710fca4fd3c10f869d0c7973db9955d514211247daa as it did not create a cgroup: this container does not have a cgroup
timestamp_ns=1785753230709297068
	DDR Capacity(MB)               : 0
	DDR Usage Rate(%)              : 0
	DDR Hugepages Total(page)      : 0
	DDR Hugepages Usage Rate(%)    : 0
	HBM Capacity(MB)               : 65536
	HBM Usage Rate(%)              : 29
	Aicore Usage Rate(%)           : 100
	Aivector Usage Rate(%)         : 19
	Aicpu Usage Rate(%)            : 0
	Ctrlcpu Usage Rate(%)          : 4
	DDR Bandwidth Usage Rate(%)    : 0
	HBM Bandwidth Usage Rate(%)    : 54
	NPU Utilization(%)             : 100
	Aicube Usage Rate(%)           : 82
	Get pid name failed.
	Process id:2090693 Process name:                  Process memory(MB):16006
Error: cannot run top on container aceaef212ad03c546a6eb710fca4fd3c10f869d0c7973db9955d514211247daa as it did not create a cgroup: this container does not have a cgroup
timestamp_ns=1785753232852258585
	DDR Capacity(MB)               : 0
	DDR Usage Rate(%)              : 0
	DDR Hugepages Total(page)      : 0
	DDR Hugepages Usage Rate(%)    : 0
	HBM Capacity(MB)               : 65536
	HBM Usage Rate(%)              : 29
	Aicore Usage Rate(%)           : 75
	Aivector Usage Rate(%)         : 4
	Aicpu Usage Rate(%)            : 0
	Ctrlcpu Usage Rate(%)          : 6
	DDR Bandwidth Usage Rate(%)    : 0
	HBM Bandwidth Usage Rate(%)    : 52
	NPU Utilization(%)             : 100
	Aicube Usage Rate(%)           : 69
	Get pid name failed.
	Process id:2090693 Process name:                  Process memory(MB):16006
Error: cannot run top on container aceaef212ad03c546a6eb710fca4fd3c10f869d0c7973db9955d514211247daa as it did not create a cgroup: this container does not have a cgroup
timestamp_ns=1785753234990114160
	DDR Capacity(MB)               : 0
	DDR Usage Rate(%)              : 0
	DDR Hugepages Total(page)      : 0
	DDR Hugepages Usage Rate(%)    : 0
	HBM Capacity(MB)               : 65536
	HBM Usage Rate(%)              : 29
	Aicore Usage Rate(%)           : 100
	Aivector Usage Rate(%)         : 16
	Aicpu Usage Rate(%)            : 0
	Ctrlcpu Usage Rate(%)          : 1
	DDR Bandwidth Usage Rate(%)    : 0
	HBM Bandwidth Usage Rate(%)    : 51
	NPU Utilization(%)             : 100
	Aicube Usage Rate(%)           : 86
	Get pid name failed.
	Process id:2090693 Process name:                  Process memory(MB):16006
Error: cannot run top on container aceaef212ad03c546a6eb710fca4fd3c10f869d0c7973db9955d514211247daa as it did not create a cgroup: this container does not have a cgroup
timestamp_ns=1785753237149221092
	DDR Capacity(MB)               : 0
	DDR Usage Rate(%)              : 0
	DDR Hugepages Total(page)      : 0
	DDR Hugepages Usage Rate(%)    : 0
	HBM Capacity(MB)               : 65536
	HBM Usage Rate(%)              : 29
	Aicore Usage Rate(%)           : 76
	Aivector Usage Rate(%)         : 4
	Aicpu Usage Rate(%)            : 0
	Ctrlcpu Usage Rate(%)          : 7
	DDR Bandwidth Usage Rate(%)    : 0
	HBM Bandwidth Usage Rate(%)    : 52
	NPU Utilization(%)             : 96
	Aicube Usage Rate(%)           : 70
	Get pid name failed.
	Process id:2090693 Process name:                  Process memory(MB):16006
Error: cannot run top on container aceaef212ad03c546a6eb710fca4fd3c10f869d0c7973db9955d514211247daa as it did not create a cgroup: this container does not have a cgroup
timestamp_ns=1785753239296156051
	DDR Capacity(MB)               : 0
	DDR Usage Rate(%)              : 0
	DDR Hugepages Total(page)      : 0
	DDR Hugepages Usage Rate(%)    : 0
	HBM Capacity(MB)               : 65536
	HBM Usage Rate(%)              : 29
	Aicore Usage Rate(%)           : 45
	Aivector Usage Rate(%)         : 10
	Aicpu Usage Rate(%)            : 0
	Ctrlcpu Usage Rate(%)          : 1
	DDR Bandwidth Usage Rate(%)    : 0
	HBM Bandwidth Usage Rate(%)    : 53
	NPU Utilization(%)             : 75
	Aicube Usage Rate(%)           : 34
	Get pid name failed.
	Process id:2090693 Process name:                  Process memory(MB):16006
Error: cannot run top on container aceaef212ad03c546a6eb710fca4fd3c10f869d0c7973db9955d514211247daa as it did not create a cgroup: this container does not have a cgroup
timestamp_ns=1785753241430667032
	DDR Capacity(MB)               : 0
	DDR Usage Rate(%)              : 0
	DDR Hugepages Total(page)      : 0
	DDR Hugepages Usage Rate(%)    : 0
	HBM Capacity(MB)               : 65536
	HBM Usage Rate(%)              : 29
	Aicore Usage Rate(%)           : 80
	Aivector Usage Rate(%)         : 5
	Aicpu Usage Rate(%)            : 0
	Ctrlcpu Usage Rate(%)          : 4
	DDR Bandwidth Usage Rate(%)    : 0
	HBM Bandwidth Usage Rate(%)    : 53
	NPU Utilization(%)             : 100
	Aicube Usage Rate(%)           : 73
	Get pid name failed.
	Process id:2090693 Process name:                  Process memory(MB):16006
Error: cannot run top on container aceaef212ad03c546a6eb710fca4fd3c10f869d0c7973db9955d514211247daa as it did not create a cgroup: this container does not have a cgroup
timestamp_ns=1785753243567437867
	DDR Capacity(MB)               : 0
	DDR Usage Rate(%)              : 0
	DDR Hugepages Total(page)      : 0
	DDR Hugepages Usage Rate(%)    : 0
	HBM Capacity(MB)               : 65536
	HBM Usage Rate(%)              : 29
	Aicore Usage Rate(%)           : 67
	Aivector Usage Rate(%)         : 4
	Aicpu Usage Rate(%)            : 0
	Ctrlcpu Usage Rate(%)          : 3
	DDR Bandwidth Usage Rate(%)    : 0
	HBM Bandwidth Usage Rate(%)    : 53
	NPU Utilization(%)             : 67
	Aicube Usage Rate(%)           : 60
	Get pid name failed.
	Process id:2090693 Process name:                  Process memory(MB):16006
Error: cannot run top on container aceaef212ad03c546a6eb710fca4fd3c10f869d0c7973db9955d514211247daa as it did not create a cgroup: this container does not have a cgroup
timestamp_ns=1785753245721686100
	DDR Capacity(MB)               : 0
	DDR Usage Rate(%)              : 0
	DDR Hugepages Total(page)      : 0
	DDR Hugepages Usage Rate(%)    : 0
	HBM Capacity(MB)               : 65536
	HBM Usage Rate(%)              : 29
	Aicore Usage Rate(%)           : 81
	Aivector Usage Rate(%)         : 5
	Aicpu Usage Rate(%)            : 0
	Ctrlcpu Usage Rate(%)          : 3
	DDR Bandwidth Usage Rate(%)    : 0
	HBM Bandwidth Usage Rate(%)    : 53
	NPU Utilization(%)             : 93
	Aicube Usage Rate(%)           : 74
	Get pid name failed.
	Process id:2090693 Process name:                  Process memory(MB):16006
Error: cannot run top on container aceaef212ad03c546a6eb710fca4fd3c10f869d0c7973db9955d514211247daa as it did not create a cgroup: this container does not have a cgroup
timestamp_ns=1785753247869129754
	DDR Capacity(MB)               : 0
	DDR Usage Rate(%)              : 0
	DDR Hugepages Total(page)      : 0
	DDR Hugepages Usage Rate(%)    : 0
	HBM Capacity(MB)               : 65536
	HBM Usage Rate(%)              : 29
	Aicore Usage Rate(%)           : 77
	Aivector Usage Rate(%)         : 5
	Aicpu Usage Rate(%)            : 0
	Ctrlcpu Usage Rate(%)          : 6
	DDR Bandwidth Usage Rate(%)    : 0
	HBM Bandwidth Usage Rate(%)    : 53
	NPU Utilization(%)             : 100
	Aicube Usage Rate(%)           : 70
	Get pid name failed.
	Process id:2090693 Process name:                  Process memory(MB):16006
Error: cannot run top on container aceaef212ad03c546a6eb710fca4fd3c10f869d0c7973db9955d514211247daa as it did not create a cgroup: this container does not have a cgroup
timestamp_ns=1785753250010356542
	DDR Capacity(MB)               : 0
	DDR Usage Rate(%)              : 0
	DDR Hugepages Total(page)      : 0
	DDR Hugepages Usage Rate(%)    : 0
	HBM Capacity(MB)               : 65536
	HBM Usage Rate(%)              : 29
	Aicore Usage Rate(%)           : 79
	Aivector Usage Rate(%)         : 5
	Aicpu Usage Rate(%)            : 0
	Ctrlcpu Usage Rate(%)          : 3
	DDR Bandwidth Usage Rate(%)    : 0
	HBM Bandwidth Usage Rate(%)    : 52
	NPU Utilization(%)             : 93
	Aicube Usage Rate(%)           : 73
	Get pid name failed.
	Process id:2090693 Process name:                  Process memory(MB):16006
Error: cannot run top on container aceaef212ad03c546a6eb710fca4fd3c10f869d0c7973db9955d514211247daa as it did not create a cgroup: this container does not have a cgroup
timestamp_ns=1785753252146193372
	DDR Capacity(MB)               : 0
	DDR Usage Rate(%)              : 0
	DDR Hugepages Total(page)      : 0
	DDR Hugepages Usage Rate(%)    : 0
	HBM Capacity(MB)               : 65536
	HBM Usage Rate(%)              : 29
	Aicore Usage Rate(%)           : 76
	Aivector Usage Rate(%)         : 4
	Aicpu Usage Rate(%)            : 0
	Ctrlcpu Usage Rate(%)          : 3
	DDR Bandwidth Usage Rate(%)    : 0
	HBM Bandwidth Usage Rate(%)    : 54
	NPU Utilization(%)             : 96
	Aicube Usage Rate(%)           : 70
	Get pid name failed.
	Process id:2090693 Process name:                  Process memory(MB):16006
Error: cannot run top on container aceaef212ad03c546a6eb710fca4fd3c10f869d0c7973db9955d514211247daa as it did not create a cgroup: this container does not have a cgroup
timestamp_ns=1785753254305243510
	DDR Capacity(MB)               : 0
	DDR Usage Rate(%)              : 0
	DDR Hugepages Total(page)      : 0
	DDR Hugepages Usage Rate(%)    : 0
	HBM Capacity(MB)               : 65536
	HBM Usage Rate(%)              : 29
	Aicore Usage Rate(%)           : 77
	Aivector Usage Rate(%)         : 5
	Aicpu Usage Rate(%)            : 0
	Ctrlcpu Usage Rate(%)          : 5
	DDR Bandwidth Usage Rate(%)    : 0
	HBM Bandwidth Usage Rate(%)    : 54
	NPU Utilization(%)             : 96
	Aicube Usage Rate(%)           : 71
	Get pid name failed.
	Process id:2090693 Process name:                  Process memory(MB):16006
Error: cannot run top on container aceaef212ad03c546a6eb710fca4fd3c10f869d0c7973db9955d514211247daa as it did not create a cgroup: this container does not have a cgroup
timestamp_ns=1785753256476581486
	DDR Capacity(MB)               : 0
	DDR Usage Rate(%)              : 0
	DDR Hugepages Total(page)      : 0
	DDR Hugepages Usage Rate(%)    : 0
	HBM Capacity(MB)               : 65536
	HBM Usage Rate(%)              : 29
	Aicore Usage Rate(%)           : 77
	Aivector Usage Rate(%)         : 5
	Aicpu Usage Rate(%)            : 0
	Ctrlcpu Usage Rate(%)          : 4
	DDR Bandwidth Usage Rate(%)    : 0
	HBM Bandwidth Usage Rate(%)    : 29
	NPU Utilization(%)             : 96
	Aicube Usage Rate(%)           : 71
	Get pid name failed.
	Process id:2090693 Process name:                  Process memory(MB):16006
Error: cannot run top on container aceaef212ad03c546a6eb710fca4fd3c10f869d0c7973db9955d514211247daa as it did not create a cgroup: this container does not have a cgroup
timestamp_ns=1785753258636546047
	DDR Capacity(MB)               : 0
	DDR Usage Rate(%)              : 0
	DDR Hugepages Total(page)      : 0
	DDR Hugepages Usage Rate(%)    : 0
	HBM Capacity(MB)               : 65536
	HBM Usage Rate(%)              : 29
	Aicore Usage Rate(%)           : 77
	Aivector Usage Rate(%)         : 5
	Aicpu Usage Rate(%)            : 0
	Ctrlcpu Usage Rate(%)          : 2
	DDR Bandwidth Usage Rate(%)    : 0
	HBM Bandwidth Usage Rate(%)    : 41
	NPU Utilization(%)             : 100
	Aicube Usage Rate(%)           : 71
	Get pid name failed.
	Process id:2090693 Process name:                  Process memory(MB):16006
Error: cannot run top on container aceaef212ad03c546a6eb710fca4fd3c10f869d0c7973db9955d514211247daa as it did not create a cgroup: this container does not have a cgroup
timestamp_ns=1785753260920693528
	DDR Capacity(MB)               : 0
	DDR Usage Rate(%)              : 0
	DDR Hugepages Total(page)      : 0
	DDR Hugepages Usage Rate(%)    : 0
	HBM Capacity(MB)               : 65536
	HBM Usage Rate(%)              : 29
	Aicore Usage Rate(%)           : 69
	Aivector Usage Rate(%)         : 4
	Aicpu Usage Rate(%)            : 0
	Ctrlcpu Usage Rate(%)          : 1
	DDR Bandwidth Usage Rate(%)    : 0
	HBM Bandwidth Usage Rate(%)    : 50
	NPU Utilization(%)             : 72
	Aicube Usage Rate(%)           : 63
	Get pid name failed.
	Process id:2090693 Process name:                  Process memory(MB):16006
Error: cannot run top on container aceaef212ad03c546a6eb710fca4fd3c10f869d0c7973db9955d514211247daa as it did not create a cgroup: this container does not have a cgroup
timestamp_ns=1785753263086078515
	DDR Capacity(MB)               : 0
	DDR Usage Rate(%)              : 0
	DDR Hugepages Total(page)      : 0
	DDR Hugepages Usage Rate(%)    : 0
	HBM Capacity(MB)               : 65536
	HBM Usage Rate(%)              : 29
	Aicore Usage Rate(%)           : 75
	Aivector Usage Rate(%)         : 4
	Aicpu Usage Rate(%)            : 0
	Ctrlcpu Usage Rate(%)          : 3
	DDR Bandwidth Usage Rate(%)    : 0
	HBM Bandwidth Usage Rate(%)    : 42
	NPU Utilization(%)             : 79
	Aicube Usage Rate(%)           : 69
	Get pid name failed.
	Process id:2090693 Process name:                  Process memory(MB):16006
Error: cannot run top on container aceaef212ad03c546a6eb710fca4fd3c10f869d0c7973db9955d514211247daa as it did not create a cgroup: this container does not have a cgroup
timestamp_ns=1785753265270848730
	DDR Capacity(MB)               : 0
	DDR Usage Rate(%)              : 0
	DDR Hugepages Total(page)      : 0
	DDR Hugepages Usage Rate(%)    : 0
	HBM Capacity(MB)               : 65536
	HBM Usage Rate(%)              : 29
	Aicore Usage Rate(%)           : 79
	Aivector Usage Rate(%)         : 5
	Aicpu Usage Rate(%)            : 0
	Ctrlcpu Usage Rate(%)          : 1
	DDR Bandwidth Usage Rate(%)    : 0
	HBM Bandwidth Usage Rate(%)    : 53
	NPU Utilization(%)             : 96
	Aicube Usage Rate(%)           : 73
	Get pid name failed.
	Process id:2090693 Process name:                  Process memory(MB):16006
Error: cannot run top on container aceaef212ad03c546a6eb710fca4fd3c10f869d0c7973db9955d514211247daa as it did not create a cgroup: this container does not have a cgroup
timestamp_ns=1785753267430962078
	DDR Capacity(MB)               : 0
	DDR Usage Rate(%)              : 0
	DDR Hugepages Total(page)      : 0
	DDR Hugepages Usage Rate(%)    : 0
	HBM Capacity(MB)               : 65536
	HBM Usage Rate(%)              : 29
	Aicore Usage Rate(%)           : 72
	Aivector Usage Rate(%)         : 4
	Aicpu Usage Rate(%)            : 0
	Ctrlcpu Usage Rate(%)          : 2
	DDR Bandwidth Usage Rate(%)    : 0
	HBM Bandwidth Usage Rate(%)    : 46
	NPU Utilization(%)             : 96
	Aicube Usage Rate(%)           : 66
	Get pid name failed.
	Process id:2090693 Process name:                  Process memory(MB):16006
Error: cannot run top on container aceaef212ad03c546a6eb710fca4fd3c10f869d0c7973db9955d514211247daa as it did not create a cgroup: this container does not have a cgroup
timestamp_ns=1785753269583635165
	DDR Capacity(MB)               : 0
	DDR Usage Rate(%)              : 0
	DDR Hugepages Total(page)      : 0
	DDR Hugepages Usage Rate(%)    : 0
	HBM Capacity(MB)               : 65536
	HBM Usage Rate(%)              : 29
	Aicore Usage Rate(%)           : 77
	Aivector Usage Rate(%)         : 5
	Aicpu Usage Rate(%)            : 0
	Ctrlcpu Usage Rate(%)          : 1
	DDR Bandwidth Usage Rate(%)    : 0
	HBM Bandwidth Usage Rate(%)    : 54
	NPU Utilization(%)             : 77
	Aicube Usage Rate(%)           : 70
	Get pid name failed.
	Process id:2090693 Process name:                  Process memory(MB):16006
Error: cannot run top on container aceaef212ad03c546a6eb710fca4fd3c10f869d0c7973db9955d514211247daa as it did not create a cgroup: this container does not have a cgroup
timestamp_ns=1785753271741601680
	DDR Capacity(MB)               : 0
	DDR Usage Rate(%)              : 0
	DDR Hugepages Total(page)      : 0
	DDR Hugepages Usage Rate(%)    : 0
	HBM Capacity(MB)               : 65536
	HBM Usage Rate(%)              : 29
	Aicore Usage Rate(%)           : 76
	Aivector Usage Rate(%)         : 5
	Aicpu Usage Rate(%)            : 0
	Ctrlcpu Usage Rate(%)          : 3
	DDR Bandwidth Usage Rate(%)    : 0
	HBM Bandwidth Usage Rate(%)    : 51
	NPU Utilization(%)             : 93
	Aicube Usage Rate(%)           : 70
	Get pid name failed.
	Process id:2090693 Process name:                  Process memory(MB):16006
Error: cannot run top on container aceaef212ad03c546a6eb710fca4fd3c10f869d0c7973db9955d514211247daa as it did not create a cgroup: this container does not have a cgroup
timestamp_ns=1785753274035235025
	DDR Capacity(MB)               : 0
	DDR Usage Rate(%)              : 0
	DDR Hugepages Total(page)      : 0
	DDR Hugepages Usage Rate(%)    : 0
	HBM Capacity(MB)               : 65536
	HBM Usage Rate(%)              : 29
	Aicore Usage Rate(%)           : 79
	Aivector Usage Rate(%)         : 5
	Aicpu Usage Rate(%)            : 0
	Ctrlcpu Usage Rate(%)          : 5
	DDR Bandwidth Usage Rate(%)    : 0
	HBM Bandwidth Usage Rate(%)    : 50
	NPU Utilization(%)             : 79
	Aicube Usage Rate(%)           : 72
	Get pid name failed.
	Process id:2090693 Process name:                  Process memory(MB):16006
Error: cannot run top on container aceaef212ad03c546a6eb710fca4fd3c10f869d0c7973db9955d514211247daa as it did not create a cgroup: this container does not have a cgroup
timestamp_ns=1785753276245945010
	DDR Capacity(MB)               : 0
	DDR Usage Rate(%)              : 0
	DDR Hugepages Total(page)      : 0
	DDR Hugepages Usage Rate(%)    : 0
	HBM Capacity(MB)               : 65536
	HBM Usage Rate(%)              : 29
	Aicore Usage Rate(%)           : 76
	Aivector Usage Rate(%)         : 5
	Aicpu Usage Rate(%)            : 0
	Ctrlcpu Usage Rate(%)          : 1
	DDR Bandwidth Usage Rate(%)    : 0
	HBM Bandwidth Usage Rate(%)    : 52
	NPU Utilization(%)             : 100
	Aicube Usage Rate(%)           : 70
	Get pid name failed.
	Process id:2090693 Process name:                  Process memory(MB):16006
Error: cannot run top on container aceaef212ad03c546a6eb710fca4fd3c10f869d0c7973db9955d514211247daa as it did not create a cgroup: this container does not have a cgroup
timestamp_ns=1785753278417071542
	DDR Capacity(MB)               : 0
	DDR Usage Rate(%)              : 0
	DDR Hugepages Total(page)      : 0
	DDR Hugepages Usage Rate(%)    : 0
	HBM Capacity(MB)               : 65536
	HBM Usage Rate(%)              : 29
	Aicore Usage Rate(%)           : 92
	Aivector Usage Rate(%)         : 13
	Aicpu Usage Rate(%)            : 0
	Ctrlcpu Usage Rate(%)          : 3
	DDR Bandwidth Usage Rate(%)    : 0
	HBM Bandwidth Usage Rate(%)    : 18
	NPU Utilization(%)             : 100
	Aicube Usage Rate(%)           : 76
	Get pid name failed.
	Process id:2090693 Process name:                  Process memory(MB):16006
Error: cannot run top on container aceaef212ad03c546a6eb710fca4fd3c10f869d0c7973db9955d514211247daa as it did not create a cgroup: this container does not have a cgroup
timestamp_ns=1785753280678201646
	DDR Capacity(MB)               : 0
	DDR Usage Rate(%)              : 0
	DDR Hugepages Total(page)      : 0
	DDR Hugepages Usage Rate(%)    : 0
	HBM Capacity(MB)               : 65536
	HBM Usage Rate(%)              : 29
	Aicore Usage Rate(%)           : 78
	Aivector Usage Rate(%)         : 5
	Aicpu Usage Rate(%)            : 0
	Ctrlcpu Usage Rate(%)          : 8
	DDR Bandwidth Usage Rate(%)    : 0
	HBM Bandwidth Usage Rate(%)    : 47
	NPU Utilization(%)             : 89
	Aicube Usage Rate(%)           : 72
	Get pid name failed.
	Process id:2090693 Process name:                  Process memory(MB):16006
Error: cannot run top on container aceaef212ad03c546a6eb710fca4fd3c10f869d0c7973db9955d514211247daa as it did not create a cgroup: this container does not have a cgroup
timestamp_ns=1785753283030906552
	DDR Capacity(MB)               : 0
	DDR Usage Rate(%)              : 0
	DDR Hugepages Total(page)      : 0
	DDR Hugepages Usage Rate(%)    : 0
	HBM Capacity(MB)               : 65536
	HBM Usage Rate(%)              : 29
	Aicore Usage Rate(%)           : 100
	Aivector Usage Rate(%)         : 18
	Aicpu Usage Rate(%)            : 0
	Ctrlcpu Usage Rate(%)          : 3
	DDR Bandwidth Usage Rate(%)    : 0
	HBM Bandwidth Usage Rate(%)    : 35
	NPU Utilization(%)             : 100
	Aicube Usage Rate(%)           : 81
	Get pid name failed.
	Process id:2090693 Process name:                  Process memory(MB):16006
Error: cannot run top on container aceaef212ad03c546a6eb710fca4fd3c10f869d0c7973db9955d514211247daa as it did not create a cgroup: this container does not have a cgroup
timestamp_ns=1785753285246536674
	DDR Capacity(MB)               : 0
	DDR Usage Rate(%)              : 0
	DDR Hugepages Total(page)      : 0
	DDR Hugepages Usage Rate(%)    : 0
	HBM Capacity(MB)               : 65536
	HBM Usage Rate(%)              : 29
	Aicore Usage Rate(%)           : 77
	Aivector Usage Rate(%)         : 5
	Aicpu Usage Rate(%)            : 0
	Ctrlcpu Usage Rate(%)          : 3
	DDR Bandwidth Usage Rate(%)    : 0
	HBM Bandwidth Usage Rate(%)    : 48
	NPU Utilization(%)             : 93
	Aicube Usage Rate(%)           : 70
	Get pid name failed.
	Process id:2090693 Process name:                  Process memory(MB):16006
Error: cannot run top on container aceaef212ad03c546a6eb710fca4fd3c10f869d0c7973db9955d514211247daa as it did not create a cgroup: this container does not have a cgroup
timestamp_ns=1785753287569025561
	DDR Capacity(MB)               : 0
	DDR Usage Rate(%)              : 0
	DDR Hugepages Total(page)      : 0
	DDR Hugepages Usage Rate(%)    : 0
	HBM Capacity(MB)               : 65536
	HBM Usage Rate(%)              : 29
	Aicore Usage Rate(%)           : 78
	Aivector Usage Rate(%)         : 5
	Aicpu Usage Rate(%)            : 0
	Ctrlcpu Usage Rate(%)          : 5
	DDR Bandwidth Usage Rate(%)    : 0
	HBM Bandwidth Usage Rate(%)    : 41
	NPU Utilization(%)             : 89
	Aicube Usage Rate(%)           : 70
	Get pid name failed.
	Process id:2090693 Process name:                  Process memory(MB):16006
Error: cannot run top on container aceaef212ad03c546a6eb710fca4fd3c10f869d0c7973db9955d514211247daa as it did not create a cgroup: this container does not have a cgroup
timestamp_ns=1785753289884648578
	DDR Capacity(MB)               : 0
	DDR Usage Rate(%)              : 0
	DDR Hugepages Total(page)      : 0
	DDR Hugepages Usage Rate(%)    : 0
	HBM Capacity(MB)               : 65536
	HBM Usage Rate(%)              : 29
	Aicore Usage Rate(%)           : 65
	Aivector Usage Rate(%)         : 4
	Aicpu Usage Rate(%)            : 0
	Ctrlcpu Usage Rate(%)          : 3
	DDR Bandwidth Usage Rate(%)    : 0
	HBM Bandwidth Usage Rate(%)    : 47
	NPU Utilization(%)             : 93
	Aicube Usage Rate(%)           : 60
	Get pid name failed.
	Process id:2090693 Process name:                  Process memory(MB):16006
Error: cannot run top on container aceaef212ad03c546a6eb710fca4fd3c10f869d0c7973db9955d514211247daa as it did not create a cgroup: this container does not have a cgroup
timestamp_ns=1785753292132449258
	DDR Capacity(MB)               : 0
	DDR Usage Rate(%)              : 0
	DDR Hugepages Total(page)      : 0
	DDR Hugepages Usage Rate(%)    : 0
	HBM Capacity(MB)               : 65536
	HBM Usage Rate(%)              : 29
	Aicore Usage Rate(%)           : 81
	Aivector Usage Rate(%)         : 5
	Aicpu Usage Rate(%)            : 0
	Ctrlcpu Usage Rate(%)          : 5
	DDR Bandwidth Usage Rate(%)    : 0
	HBM Bandwidth Usage Rate(%)    : 53
	NPU Utilization(%)             : 93
	Aicube Usage Rate(%)           : 73
	Get pid name failed.
	Process id:2090693 Process name:                  Process memory(MB):16006
Error: cannot run top on container aceaef212ad03c546a6eb710fca4fd3c10f869d0c7973db9955d514211247daa as it did not create a cgroup: this container does not have a cgroup
timestamp_ns=1785753294424917096
	DDR Capacity(MB)               : 0
	DDR Usage Rate(%)              : 0
	DDR Hugepages Total(page)      : 0
	DDR Hugepages Usage Rate(%)    : 0
	HBM Capacity(MB)               : 65536
	HBM Usage Rate(%)              : 29
	Aicore Usage Rate(%)           : 78
	Aivector Usage Rate(%)         : 5
	Aicpu Usage Rate(%)            : 0
	Ctrlcpu Usage Rate(%)          : 5
	DDR Bandwidth Usage Rate(%)    : 0
	HBM Bandwidth Usage Rate(%)    : 54
	NPU Utilization(%)             : 93
	Aicube Usage Rate(%)           : 71
	Get pid name failed.
	Process id:2090693 Process name:                  Process memory(MB):16006
Error: cannot run top on container aceaef212ad03c546a6eb710fca4fd3c10f869d0c7973db9955d514211247daa as it did not create a cgroup: this container does not have a cgroup
timestamp_ns=1785753296630440255
	DDR Capacity(MB)               : 0
	DDR Usage Rate(%)              : 0
	DDR Hugepages Total(page)      : 0
	DDR Hugepages Usage Rate(%)    : 0
	HBM Capacity(MB)               : 65536
	HBM Usage Rate(%)              : 29
	Aicore Usage Rate(%)           : 42
	Aivector Usage Rate(%)         : 9
	Aicpu Usage Rate(%)            : 0
	Ctrlcpu Usage Rate(%)          : 1
	DDR Bandwidth Usage Rate(%)    : 0
	HBM Bandwidth Usage Rate(%)    : 53
	NPU Utilization(%)             : 72
	Aicube Usage Rate(%)           : 31
	Get pid name failed.
	Process id:2090693 Process name:                  Process memory(MB):16006
Error: cannot run top on container aceaef212ad03c546a6eb710fca4fd3c10f869d0c7973db9955d514211247daa as it did not create a cgroup: this container does not have a cgroup
timestamp_ns=1785753298884329041
	DDR Capacity(MB)               : 0
	DDR Usage Rate(%)              : 0
	DDR Hugepages Total(page)      : 0
	DDR Hugepages Usage Rate(%)    : 0
	HBM Capacity(MB)               : 65536
	HBM Usage Rate(%)              : 29
	Aicore Usage Rate(%)           : 76
	Aivector Usage Rate(%)         : 5
	Aicpu Usage Rate(%)            : 0
	Ctrlcpu Usage Rate(%)          : 1
	DDR Bandwidth Usage Rate(%)    : 0
	HBM Bandwidth Usage Rate(%)    : 53
	NPU Utilization(%)             : 86
	Aicube Usage Rate(%)           : 70
	Get pid name failed.
	Process id:2090693 Process name:                  Process memory(MB):16006
Error: cannot run top on container aceaef212ad03c546a6eb710fca4fd3c10f869d0c7973db9955d514211247daa as it did not create a cgroup: this container does not have a cgroup
timestamp_ns=1785753301146880256
	DDR Capacity(MB)               : 0
	DDR Usage Rate(%)              : 0
	DDR Hugepages Total(page)      : 0
	DDR Hugepages Usage Rate(%)    : 0
	HBM Capacity(MB)               : 65536
	HBM Usage Rate(%)              : 29
	Aicore Usage Rate(%)           : 77
	Aivector Usage Rate(%)         : 4
	Aicpu Usage Rate(%)            : 0
	Ctrlcpu Usage Rate(%)          : 6
	DDR Bandwidth Usage Rate(%)    : 0
	HBM Bandwidth Usage Rate(%)    : 54
	NPU Utilization(%)             : 86
	Aicube Usage Rate(%)           : 70
	Get pid name failed.
	Process id:2090693 Process name:                  Process memory(MB):16006
Error: cannot run top on container aceaef212ad03c546a6eb710fca4fd3c10f869d0c7973db9955d514211247daa as it did not create a cgroup: this container does not have a cgroup
timestamp_ns=1785753303401458949
	DDR Capacity(MB)               : 0
	DDR Usage Rate(%)              : 0
	DDR Hugepages Total(page)      : 0
	DDR Hugepages Usage Rate(%)    : 0
	HBM Capacity(MB)               : 65536
	HBM Usage Rate(%)              : 29
	Aicore Usage Rate(%)           : 81
	Aivector Usage Rate(%)         : 5
	Aicpu Usage Rate(%)            : 0
	Ctrlcpu Usage Rate(%)          : 0
	DDR Bandwidth Usage Rate(%)    : 0
	HBM Bandwidth Usage Rate(%)    : 53
	NPU Utilization(%)             : 86
	Aicube Usage Rate(%)           : 73
	Get pid name failed.
	Process id:2090693 Process name:                  Process memory(MB):16006
Error: cannot run top on container aceaef212ad03c546a6eb710fca4fd3c10f869d0c7973db9955d514211247daa as it did not create a cgroup: this container does not have a cgroup
timestamp_ns=1785753305574606761
	DDR Capacity(MB)               : 0
	DDR Usage Rate(%)              : 0
	DDR Hugepages Total(page)      : 0
	DDR Hugepages Usage Rate(%)    : 0
	HBM Capacity(MB)               : 65536
	HBM Usage Rate(%)              : 29
	Aicore Usage Rate(%)           : 76
	Aivector Usage Rate(%)         : 4
	Aicpu Usage Rate(%)            : 0
	Ctrlcpu Usage Rate(%)          : 0
	DDR Bandwidth Usage Rate(%)    : 0
	HBM Bandwidth Usage Rate(%)    : 53
	NPU Utilization(%)             : 89
	Aicube Usage Rate(%)           : 70
	Get pid name failed.
	Process id:2090693 Process name:                  Process memory(MB):16006
Error: cannot run top on container aceaef212ad03c546a6eb710fca4fd3c10f869d0c7973db9955d514211247daa as it did not create a cgroup: this container does not have a cgroup
timestamp_ns=1785753307719445784
	DDR Capacity(MB)               : 0
	DDR Usage Rate(%)              : 0
	DDR Hugepages Total(page)      : 0
	DDR Hugepages Usage Rate(%)    : 0
	HBM Capacity(MB)               : 65536
	HBM Usage Rate(%)              : 29
	Aicore Usage Rate(%)           : 80
	Aivector Usage Rate(%)         : 5
	Aicpu Usage Rate(%)            : 0
	Ctrlcpu Usage Rate(%)          : 2
	DDR Bandwidth Usage Rate(%)    : 0
	HBM Bandwidth Usage Rate(%)    : 53
	NPU Utilization(%)             : 93
	Aicube Usage Rate(%)           : 73
	Get pid name failed.
	Process id:2090693 Process name:                  Process memory(MB):16006
Error: cannot run top on container aceaef212ad03c546a6eb710fca4fd3c10f869d0c7973db9955d514211247daa as it did not create a cgroup: this container does not have a cgroup
timestamp_ns=1785753309894633193
	DDR Capacity(MB)               : 0
	DDR Usage Rate(%)              : 0
	DDR Hugepages Total(page)      : 0
	DDR Hugepages Usage Rate(%)    : 0
	HBM Capacity(MB)               : 65536
	HBM Usage Rate(%)              : 29
	Aicore Usage Rate(%)           : 79
	Aivector Usage Rate(%)         : 5
	Aicpu Usage Rate(%)            : 0
	Ctrlcpu Usage Rate(%)          : 5
	DDR Bandwidth Usage Rate(%)    : 0
	HBM Bandwidth Usage Rate(%)    : 53
	NPU Utilization(%)             : 86
	Aicube Usage Rate(%)           : 73
	Get pid name failed.
	Process id:2090693 Process name:                  Process memory(MB):16006
Error: cannot run top on container aceaef212ad03c546a6eb710fca4fd3c10f869d0c7973db9955d514211247daa as it did not create a cgroup: this container does not have a cgroup
timestamp_ns=1785753312086894220
	DDR Capacity(MB)               : 0
	DDR Usage Rate(%)              : 0
	DDR Hugepages Total(page)      : 0
	DDR Hugepages Usage Rate(%)    : 0
	HBM Capacity(MB)               : 65536
	HBM Usage Rate(%)              : 29
	Aicore Usage Rate(%)           : 80
	Aivector Usage Rate(%)         : 5
	Aicpu Usage Rate(%)            : 0
	Ctrlcpu Usage Rate(%)          : 2
	DDR Bandwidth Usage Rate(%)    : 0
	HBM Bandwidth Usage Rate(%)    : 53
	NPU Utilization(%)             : 89
	Aicube Usage Rate(%)           : 72
	Get pid name failed.
	Process id:2090693 Process name:                  Process memory(MB):16006
Error: cannot run top on container aceaef212ad03c546a6eb710fca4fd3c10f869d0c7973db9955d514211247daa as it did not create a cgroup: this container does not have a cgroup
timestamp_ns=1785753314232433080
	DDR Capacity(MB)               : 0
	DDR Usage Rate(%)              : 0
	DDR Hugepages Total(page)      : 0
	DDR Hugepages Usage Rate(%)    : 0
	HBM Capacity(MB)               : 65536
	HBM Usage Rate(%)              : 29
	Aicore Usage Rate(%)           : 77
	Aivector Usage Rate(%)         : 5
	Aicpu Usage Rate(%)            : 0
	Ctrlcpu Usage Rate(%)          : 7
	DDR Bandwidth Usage Rate(%)    : 0
	HBM Bandwidth Usage Rate(%)    : 53
	NPU Utilization(%)             : 89
	Aicube Usage Rate(%)           : 71
	Get pid name failed.
	Process id:2090693 Process name:                  Process memory(MB):16006
Error: cannot run top on container aceaef212ad03c546a6eb710fca4fd3c10f869d0c7973db9955d514211247daa as it did not create a cgroup: this container does not have a cgroup
timestamp_ns=1785753316412732540
	DDR Capacity(MB)               : 0
	DDR Usage Rate(%)              : 0
	DDR Hugepages Total(page)      : 0
	DDR Hugepages Usage Rate(%)    : 0
	HBM Capacity(MB)               : 65536
	HBM Usage Rate(%)              : 29
	Aicore Usage Rate(%)           : 76
	Aivector Usage Rate(%)         : 4
	Aicpu Usage Rate(%)            : 0
	Ctrlcpu Usage Rate(%)          : 6
	DDR Bandwidth Usage Rate(%)    : 0
	HBM Bandwidth Usage Rate(%)    : 53
	NPU Utilization(%)             : 86
	Aicube Usage Rate(%)           : 70
	Get pid name failed.
	Process id:2090693 Process name:                  Process memory(MB):16006
Error: cannot run top on container aceaef212ad03c546a6eb710fca4fd3c10f869d0c7973db9955d514211247daa as it did not create a cgroup: this container does not have a cgroup
timestamp_ns=1785753318573386714
	DDR Capacity(MB)               : 0
	DDR Usage Rate(%)              : 0
	DDR Hugepages Total(page)      : 0
	DDR Hugepages Usage Rate(%)    : 0
	HBM Capacity(MB)               : 65536
	HBM Usage Rate(%)              : 29
	Aicore Usage Rate(%)           : 77
	Aivector Usage Rate(%)         : 4
	Aicpu Usage Rate(%)            : 0
	Ctrlcpu Usage Rate(%)          : 3
	DDR Bandwidth Usage Rate(%)    : 0
	HBM Bandwidth Usage Rate(%)    : 53
	NPU Utilization(%)             : 89
	Aicube Usage Rate(%)           : 70
	Get pid name failed.
	Process id:2090693 Process name:                  Process memory(MB):16006
Error: cannot run top on container aceaef212ad03c546a6eb710fca4fd3c10f869d0c7973db9955d514211247daa as it did not create a cgroup: this container does not have a cgroup
timestamp_ns=1785753320745665090
	DDR Capacity(MB)               : 0
	DDR Usage Rate(%)              : 0
	DDR Hugepages Total(page)      : 0
	DDR Hugepages Usage Rate(%)    : 0
	HBM Capacity(MB)               : 65536
	HBM Usage Rate(%)              : 29
	Aicore Usage Rate(%)           : 77
	Aivector Usage Rate(%)         : 5
	Aicpu Usage Rate(%)            : 0
	Ctrlcpu Usage Rate(%)          : 1
	DDR Bandwidth Usage Rate(%)    : 0
	HBM Bandwidth Usage Rate(%)    : 53
	NPU Utilization(%)             : 86
	Aicube Usage Rate(%)           : 71
	Get pid name failed.
	Process id:2090693 Process name:                  Process memory(MB):16006
Error: cannot run top on container aceaef212ad03c546a6eb710fca4fd3c10f869d0c7973db9955d514211247daa as it did not create a cgroup: this container does not have a cgroup
timestamp_ns=1785753322891408995
	DDR Capacity(MB)               : 0
	DDR Usage Rate(%)              : 0
	DDR Hugepages Total(page)      : 0
	DDR Hugepages Usage Rate(%)    : 0
	HBM Capacity(MB)               : 65536
	HBM Usage Rate(%)              : 29
	Aicore Usage Rate(%)           : 77
	Aivector Usage Rate(%)         : 5
	Aicpu Usage Rate(%)            : 0
	Ctrlcpu Usage Rate(%)          : 8
	DDR Bandwidth Usage Rate(%)    : 0
	HBM Bandwidth Usage Rate(%)    : 53
	NPU Utilization(%)             : 86
	Aicube Usage Rate(%)           : 70
	Get pid name failed.
	Process id:2090693 Process name:                  Process memory(MB):16006
Error: cannot run top on container aceaef212ad03c546a6eb710fca4fd3c10f869d0c7973db9955d514211247daa as it did not create a cgroup: this container does not have a cgroup
timestamp_ns=1785753325057463026
	DDR Capacity(MB)               : 0
	DDR Usage Rate(%)              : 0
	DDR Hugepages Total(page)      : 0
	DDR Hugepages Usage Rate(%)    : 0
	HBM Capacity(MB)               : 65536
	HBM Usage Rate(%)              : 29
	Aicore Usage Rate(%)           : 77
	Aivector Usage Rate(%)         : 5
	Aicpu Usage Rate(%)            : 0
	Ctrlcpu Usage Rate(%)          : 5
	DDR Bandwidth Usage Rate(%)    : 0
	HBM Bandwidth Usage Rate(%)    : 53
	NPU Utilization(%)             : 100
	Aicube Usage Rate(%)           : 71
	Get pid name failed.
	Process id:2090693 Process name:                  Process memory(MB):16006
Error: cannot run top on container aceaef212ad03c546a6eb710fca4fd3c10f869d0c7973db9955d514211247daa as it did not create a cgroup: this container does not have a cgroup
timestamp_ns=1785753327228870137
	DDR Capacity(MB)               : 0
	DDR Usage Rate(%)              : 0
	DDR Hugepages Total(page)      : 0
	DDR Hugepages Usage Rate(%)    : 0
	HBM Capacity(MB)               : 65536
	HBM Usage Rate(%)              : 29
	Aicore Usage Rate(%)           : 77
	Aivector Usage Rate(%)         : 4
	Aicpu Usage Rate(%)            : 0
	Ctrlcpu Usage Rate(%)          : 4
	DDR Bandwidth Usage Rate(%)    : 0
	HBM Bandwidth Usage Rate(%)    : 19
	NPU Utilization(%)             : 89
	Aicube Usage Rate(%)           : 71
	Get pid name failed.
	Process id:2090693 Process name:                  Process memory(MB):16006
Error: cannot run top on container aceaef212ad03c546a6eb710fca4fd3c10f869d0c7973db9955d514211247daa as it did not create a cgroup: this container does not have a cgroup
timestamp_ns=1785753329377888755
	DDR Capacity(MB)               : 0
	DDR Usage Rate(%)              : 0
	DDR Hugepages Total(page)      : 0
	DDR Hugepages Usage Rate(%)    : 0
	HBM Capacity(MB)               : 65536
	HBM Usage Rate(%)              : 29
	Aicore Usage Rate(%)           : 80
	Aivector Usage Rate(%)         : 5
	Aicpu Usage Rate(%)            : 0
	Ctrlcpu Usage Rate(%)          : 2
	DDR Bandwidth Usage Rate(%)    : 0
	HBM Bandwidth Usage Rate(%)    : 53
	NPU Utilization(%)             : 96
	Aicube Usage Rate(%)           : 73
	Get pid name failed.
	Process id:2090693 Process name:                  Process memory(MB):16006
Error: cannot run top on container aceaef212ad03c546a6eb710fca4fd3c10f869d0c7973db9955d514211247daa as it did not create a cgroup: this container does not have a cgroup
timestamp_ns=1785753331536582974
	DDR Capacity(MB)               : 0
	DDR Usage Rate(%)              : 0
	DDR Hugepages Total(page)      : 0
	DDR Hugepages Usage Rate(%)    : 0
	HBM Capacity(MB)               : 65536
	HBM Usage Rate(%)              : 29
	Aicore Usage Rate(%)           : 76
	Aivector Usage Rate(%)         : 5
	Aicpu Usage Rate(%)            : 0
	Ctrlcpu Usage Rate(%)          : 3
	DDR Bandwidth Usage Rate(%)    : 0
	HBM Bandwidth Usage Rate(%)    : 54
	NPU Utilization(%)             : 89
	Aicube Usage Rate(%)           : 70
	Get pid name failed.
	Process id:2090693 Process name:                  Process memory(MB):16006
Error: cannot run top on container aceaef212ad03c546a6eb710fca4fd3c10f869d0c7973db9955d514211247daa as it did not create a cgroup: this container does not have a cgroup
timestamp_ns=1785753333733522496
	DDR Capacity(MB)               : 0
	DDR Usage Rate(%)              : 0
	DDR Hugepages Total(page)      : 0
	DDR Hugepages Usage Rate(%)    : 0
	HBM Capacity(MB)               : 65536
	HBM Usage Rate(%)              : 29
	Aicore Usage Rate(%)           : 78
	Aivector Usage Rate(%)         : 5
	Aicpu Usage Rate(%)            : 0
	Ctrlcpu Usage Rate(%)          : 3
	DDR Bandwidth Usage Rate(%)    : 0
	HBM Bandwidth Usage Rate(%)    : 53
	NPU Utilization(%)             : 93
	Aicube Usage Rate(%)           : 71
	Get pid name failed.
	Process id:2090693 Process name:                  Process memory(MB):16006
Error: cannot run top on container aceaef212ad03c546a6eb710fca4fd3c10f869d0c7973db9955d514211247daa as it did not create a cgroup: this container does not have a cgroup
timestamp_ns=1785753335899515055
	DDR Capacity(MB)               : 0
	DDR Usage Rate(%)              : 0
	DDR Hugepages Total(page)      : 0
	DDR Hugepages Usage Rate(%)    : 0
	HBM Capacity(MB)               : 65536
	HBM Usage Rate(%)              : 29
	Aicore Usage Rate(%)           : 77
	Aivector Usage Rate(%)         : 5
	Aicpu Usage Rate(%)            : 0
	Ctrlcpu Usage Rate(%)          : 0
	DDR Bandwidth Usage Rate(%)    : 0
	HBM Bandwidth Usage Rate(%)    : 54
	NPU Utilization(%)             : 89
	Aicube Usage Rate(%)           : 71
	Get pid name failed.
	Process id:2090693 Process name:                  Process memory(MB):16006
Error: cannot run top on container aceaef212ad03c546a6eb710fca4fd3c10f869d0c7973db9955d514211247daa as it did not create a cgroup: this container does not have a cgroup
timestamp_ns=1785753338048313061
	DDR Capacity(MB)               : 0
	DDR Usage Rate(%)              : 0
	DDR Hugepages Total(page)      : 0
	DDR Hugepages Usage Rate(%)    : 0
	HBM Capacity(MB)               : 65536
	HBM Usage Rate(%)              : 29
	Aicore Usage Rate(%)           : 78
	Aivector Usage Rate(%)         : 5
	Aicpu Usage Rate(%)            : 0
	Ctrlcpu Usage Rate(%)          : 1
	DDR Bandwidth Usage Rate(%)    : 0
	HBM Bandwidth Usage Rate(%)    : 54
	NPU Utilization(%)             : 89
	Aicube Usage Rate(%)           : 71
	Get pid name failed.
	Process id:2090693 Process name:                  Process memory(MB):16006
Error: cannot run top on container aceaef212ad03c546a6eb710fca4fd3c10f869d0c7973db9955d514211247daa as it did not create a cgroup: this container does not have a cgroup
timestamp_ns=1785753340194627233
	DDR Capacity(MB)               : 0
	DDR Usage Rate(%)              : 0
	DDR Hugepages Total(page)      : 0
	DDR Hugepages Usage Rate(%)    : 0
	HBM Capacity(MB)               : 65536
	HBM Usage Rate(%)              : 29
	Aicore Usage Rate(%)           : 77
	Aivector Usage Rate(%)         : 5
	Aicpu Usage Rate(%)            : 0
	Ctrlcpu Usage Rate(%)          : 5
	DDR Bandwidth Usage Rate(%)    : 0
	HBM Bandwidth Usage Rate(%)    : 54
	NPU Utilization(%)             : 86
	Aicube Usage Rate(%)           : 71
	Get pid name failed.
	Process id:2090693 Process name:                  Process memory(MB):16006
Error: cannot run top on container aceaef212ad03c546a6eb710fca4fd3c10f869d0c7973db9955d514211247daa as it did not create a cgroup: this container does not have a cgroup
timestamp_ns=1785753342351515005
	DDR Capacity(MB)               : 0
	DDR Usage Rate(%)              : 0
	DDR Hugepages Total(page)      : 0
	DDR Hugepages Usage Rate(%)    : 0
	HBM Capacity(MB)               : 65536
	HBM Usage Rate(%)              : 29
	Aicore Usage Rate(%)           : 81
	Aivector Usage Rate(%)         : 5
	Aicpu Usage Rate(%)            : 0
	Ctrlcpu Usage Rate(%)          : 9
	DDR Bandwidth Usage Rate(%)    : 0
	HBM Bandwidth Usage Rate(%)    : 54
	NPU Utilization(%)             : 89
	Aicube Usage Rate(%)           : 74
	Get pid name failed.
	Process id:2090693 Process name:                  Process memory(MB):16006
Error: cannot run top on container aceaef212ad03c546a6eb710fca4fd3c10f869d0c7973db9955d514211247daa as it did not create a cgroup: this container does not have a cgroup
timestamp_ns=1785753344512455631
	DDR Capacity(MB)               : 0
	DDR Usage Rate(%)              : 0
	DDR Hugepages Total(page)      : 0
	DDR Hugepages Usage Rate(%)    : 0
	HBM Capacity(MB)               : 65536
	HBM Usage Rate(%)              : 29
	Aicore Usage Rate(%)           : 77
	Aivector Usage Rate(%)         : 5
	Aicpu Usage Rate(%)            : 0
	Ctrlcpu Usage Rate(%)          : 6
	DDR Bandwidth Usage Rate(%)    : 0
	HBM Bandwidth Usage Rate(%)    : 53
	NPU Utilization(%)             : 93
	Aicube Usage Rate(%)           : 71
	Get pid name failed.
	Process id:2090693 Process name:                  Process memory(MB):16006
Error: cannot run top on container aceaef212ad03c546a6eb710fca4fd3c10f869d0c7973db9955d514211247daa as it did not create a cgroup: this container does not have a cgroup
timestamp_ns=1785753346691037915
	DDR Capacity(MB)               : 0
	DDR Usage Rate(%)              : 0
	DDR Hugepages Total(page)      : 0
	DDR Hugepages Usage Rate(%)    : 0
	HBM Capacity(MB)               : 65536
	HBM Usage Rate(%)              : 29
	Aicore Usage Rate(%)           : 79
	Aivector Usage Rate(%)         : 5
	Aicpu Usage Rate(%)            : 0
	Ctrlcpu Usage Rate(%)          : 4
	DDR Bandwidth Usage Rate(%)    : 0
	HBM Bandwidth Usage Rate(%)    : 53
	NPU Utilization(%)             : 96
	Aicube Usage Rate(%)           : 72
	Get pid name failed.
	Process id:2090693 Process name:                  Process memory(MB):16006
Error: cannot run top on container aceaef212ad03c546a6eb710fca4fd3c10f869d0c7973db9955d514211247daa as it did not create a cgroup: this container does not have a cgroup
timestamp_ns=1785753349023573857
	DDR Capacity(MB)               : 0
	DDR Usage Rate(%)              : 0
	DDR Hugepages Total(page)      : 0
	DDR Hugepages Usage Rate(%)    : 0
	HBM Capacity(MB)               : 65536
	HBM Usage Rate(%)              : 29
	Aicore Usage Rate(%)           : 77
	Aivector Usage Rate(%)         : 5
	Aicpu Usage Rate(%)            : 0
	Ctrlcpu Usage Rate(%)          : 4
	DDR Bandwidth Usage Rate(%)    : 0
	HBM Bandwidth Usage Rate(%)    : 52
	NPU Utilization(%)             : 93
	Aicube Usage Rate(%)           : 71
	Get pid name failed.
	Process id:2090693 Process name:                  Process memory(MB):16006
Error: cannot run top on container aceaef212ad03c546a6eb710fca4fd3c10f869d0c7973db9955d514211247daa as it did not create a cgroup: this container does not have a cgroup
timestamp_ns=1785753351189463381
	DDR Capacity(MB)               : 0
	DDR Usage Rate(%)              : 0
	DDR Hugepages Total(page)      : 0
	DDR Hugepages Usage Rate(%)    : 0
	HBM Capacity(MB)               : 65536
	HBM Usage Rate(%)              : 29
	Aicore Usage Rate(%)           : 81
	Aivector Usage Rate(%)         : 5
	Aicpu Usage Rate(%)            : 0
	Ctrlcpu Usage Rate(%)          : 4
	DDR Bandwidth Usage Rate(%)    : 0
	HBM Bandwidth Usage Rate(%)    : 53
	NPU Utilization(%)             : 86
	Aicube Usage Rate(%)           : 73
	Get pid name failed.
	Process id:2090693 Process name:                  Process memory(MB):16006
Error: cannot run top on container aceaef212ad03c546a6eb710fca4fd3c10f869d0c7973db9955d514211247daa as it did not create a cgroup: this container does not have a cgroup
timestamp_ns=1785753353340017502
	DDR Capacity(MB)               : 0
	DDR Usage Rate(%)              : 0
	DDR Hugepages Total(page)      : 0
	DDR Hugepages Usage Rate(%)    : 0
	HBM Capacity(MB)               : 65536
	HBM Usage Rate(%)              : 29
	Aicore Usage Rate(%)           : 77
	Aivector Usage Rate(%)         : 4
	Aicpu Usage Rate(%)            : 0
	Ctrlcpu Usage Rate(%)          : 1
	DDR Bandwidth Usage Rate(%)    : 0
	HBM Bandwidth Usage Rate(%)    : 53
	NPU Utilization(%)             : 93
	Aicube Usage Rate(%)           : 71
	Get pid name failed.
	Process id:2090693 Process name:                  Process memory(MB):16006
Error: cannot run top on container aceaef212ad03c546a6eb710fca4fd3c10f869d0c7973db9955d514211247daa as it did not create a cgroup: this container does not have a cgroup
timestamp_ns=1785753355495831821
	DDR Capacity(MB)               : 0
	DDR Usage Rate(%)              : 0
	DDR Hugepages Total(page)      : 0
	DDR Hugepages Usage Rate(%)    : 0
	HBM Capacity(MB)               : 65536
	HBM Usage Rate(%)              : 29
	Aicore Usage Rate(%)           : 78
	Aivector Usage Rate(%)         : 4
	Aicpu Usage Rate(%)            : 0
	Ctrlcpu Usage Rate(%)          : 4
	DDR Bandwidth Usage Rate(%)    : 0
	HBM Bandwidth Usage Rate(%)    : 53
	NPU Utilization(%)             : 89
	Aicube Usage Rate(%)           : 71
	Get pid name failed.
	Process id:2090693 Process name:                  Process memory(MB):16006
Error: cannot run top on container aceaef212ad03c546a6eb710fca4fd3c10f869d0c7973db9955d514211247daa as it did not create a cgroup: this container does not have a cgroup
timestamp_ns=1785753357651755722
	DDR Capacity(MB)               : 0
	DDR Usage Rate(%)              : 0
	DDR Hugepages Total(page)      : 0
	DDR Hugepages Usage Rate(%)    : 0
	HBM Capacity(MB)               : 65536
	HBM Usage Rate(%)              : 29
	Aicore Usage Rate(%)           : 77
	Aivector Usage Rate(%)         : 4
	Aicpu Usage Rate(%)            : 0
	Ctrlcpu Usage Rate(%)          : 3
	DDR Bandwidth Usage Rate(%)    : 0
	HBM Bandwidth Usage Rate(%)    : 53
	NPU Utilization(%)             : 89
	Aicube Usage Rate(%)           : 71
	Get pid name failed.
	Process id:2090693 Process name:                  Process memory(MB):16006
Error: cannot run top on container aceaef212ad03c546a6eb710fca4fd3c10f869d0c7973db9955d514211247daa as it did not create a cgroup: this container does not have a cgroup
timestamp_ns=1785753359845524164
	DDR Capacity(MB)               : 0
	DDR Usage Rate(%)              : 0
	DDR Hugepages Total(page)      : 0
	DDR Hugepages Usage Rate(%)    : 0
	HBM Capacity(MB)               : 65536
	HBM Usage Rate(%)              : 29
	Aicore Usage Rate(%)           : 81
	Aivector Usage Rate(%)         : 5
	Aicpu Usage Rate(%)            : 0
	Ctrlcpu Usage Rate(%)          : 1
	DDR Bandwidth Usage Rate(%)    : 0
	HBM Bandwidth Usage Rate(%)    : 53
	NPU Utilization(%)             : 93
	Aicube Usage Rate(%)           : 73
	Get pid name failed.
	Process id:2090693 Process name:                  Process memory(MB):16006
Error: cannot run top on container aceaef212ad03c546a6eb710fca4fd3c10f869d0c7973db9955d514211247daa as it did not create a cgroup: this container does not have a cgroup
timestamp_ns=1785753362086073144
	DDR Capacity(MB)               : 0
	DDR Usage Rate(%)              : 0
	DDR Hugepages Total(page)      : 0
	DDR Hugepages Usage Rate(%)    : 0
	HBM Capacity(MB)               : 65536
	HBM Usage Rate(%)              : 29
	Aicore Usage Rate(%)           : 78
	Aivector Usage Rate(%)         : 5
	Aicpu Usage Rate(%)            : 0
	Ctrlcpu Usage Rate(%)          : 7
	DDR Bandwidth Usage Rate(%)    : 0
	HBM Bandwidth Usage Rate(%)    : 17
	NPU Utilization(%)             : 89
	Aicube Usage Rate(%)           : 71
	Get pid name failed.
	Process id:2090693 Process name:                  Process memory(MB):16006
Error: cannot run top on container aceaef212ad03c546a6eb710fca4fd3c10f869d0c7973db9955d514211247daa as it did not create a cgroup: this container does not have a cgroup
timestamp_ns=1785753364242494501
	DDR Capacity(MB)               : 0
	DDR Usage Rate(%)              : 0
	DDR Hugepages Total(page)      : 0
	DDR Hugepages Usage Rate(%)    : 0
	HBM Capacity(MB)               : 65536
	HBM Usage Rate(%)              : 29
	Aicore Usage Rate(%)           : 79
	Aivector Usage Rate(%)         : 5
	Aicpu Usage Rate(%)            : 0
	Ctrlcpu Usage Rate(%)          : 8
	DDR Bandwidth Usage Rate(%)    : 0
	HBM Bandwidth Usage Rate(%)    : 53
	NPU Utilization(%)             : 93
	Aicube Usage Rate(%)           : 71
	Get pid name failed.
	Process id:2090693 Process name:                  Process memory(MB):16006
Error: cannot run top on container aceaef212ad03c546a6eb710fca4fd3c10f869d0c7973db9955d514211247daa as it did not create a cgroup: this container does not have a cgroup
timestamp_ns=1785753366414659876
	DDR Capacity(MB)               : 0
	DDR Usage Rate(%)              : 0
	DDR Hugepages Total(page)      : 0
	DDR Hugepages Usage Rate(%)    : 0
	HBM Capacity(MB)               : 65536
	HBM Usage Rate(%)              : 29
	Aicore Usage Rate(%)           : 76
	Aivector Usage Rate(%)         : 5
	Aicpu Usage Rate(%)            : 0
	Ctrlcpu Usage Rate(%)          : 4
	DDR Bandwidth Usage Rate(%)    : 0
	HBM Bandwidth Usage Rate(%)    : 53
	NPU Utilization(%)             : 89
	Aicube Usage Rate(%)           : 70
	Get pid name failed.
	Process id:2090693 Process name:                  Process memory(MB):16006
Error: cannot run top on container aceaef212ad03c546a6eb710fca4fd3c10f869d0c7973db9955d514211247daa as it did not create a cgroup: this container does not have a cgroup
timestamp_ns=1785753368581667801
	DDR Capacity(MB)               : 0
	DDR Usage Rate(%)              : 0
	DDR Hugepages Total(page)      : 0
	DDR Hugepages Usage Rate(%)    : 0
	HBM Capacity(MB)               : 65536
	HBM Usage Rate(%)              : 29
	Aicore Usage Rate(%)           : 72
	Aivector Usage Rate(%)         : 5
	Aicpu Usage Rate(%)            : 0
	Ctrlcpu Usage Rate(%)          : 1
	DDR Bandwidth Usage Rate(%)    : 0
	HBM Bandwidth Usage Rate(%)    : 53
	NPU Utilization(%)             : 86
	Aicube Usage Rate(%)           : 64
	Get pid name failed.
	Process id:2090693 Process name:                  Process memory(MB):16006
Error: cannot run top on container aceaef212ad03c546a6eb710fca4fd3c10f869d0c7973db9955d514211247daa as it did not create a cgroup: this container does not have a cgroup
timestamp_ns=1785753370758429720
	DDR Capacity(MB)               : 0
	DDR Usage Rate(%)              : 0
	DDR Hugepages Total(page)      : 0
	DDR Hugepages Usage Rate(%)    : 0
	HBM Capacity(MB)               : 65536
	HBM Usage Rate(%)              : 29
	Aicore Usage Rate(%)           : 79
	Aivector Usage Rate(%)         : 5
	Aicpu Usage Rate(%)            : 0
	Ctrlcpu Usage Rate(%)          : 6
	DDR Bandwidth Usage Rate(%)    : 0
	HBM Bandwidth Usage Rate(%)    : 53
	NPU Utilization(%)             : 93
	Aicube Usage Rate(%)           : 71
	Get pid name failed.
	Process id:2090693 Process name:                  Process memory(MB):16006
Error: cannot run top on container aceaef212ad03c546a6eb710fca4fd3c10f869d0c7973db9955d514211247daa as it did not create a cgroup: this container does not have a cgroup
timestamp_ns=1785753372913721419
	DDR Capacity(MB)               : 0
	DDR Usage Rate(%)              : 0
	DDR Hugepages Total(page)      : 0
	DDR Hugepages Usage Rate(%)    : 0
	HBM Capacity(MB)               : 65536
	HBM Usage Rate(%)              : 29
	Aicore Usage Rate(%)           : 94
	Aivector Usage Rate(%)         : 15
	Aicpu Usage Rate(%)            : 0
	Ctrlcpu Usage Rate(%)          : 3
	DDR Bandwidth Usage Rate(%)    : 0
	HBM Bandwidth Usage Rate(%)    : 54
	NPU Utilization(%)             : 94
	Aicube Usage Rate(%)           : 75
	Get pid name failed.
	Process id:2090693 Process name:                  Process memory(MB):16006
Error: cannot run top on container aceaef212ad03c546a6eb710fca4fd3c10f869d0c7973db9955d514211247daa as it did not create a cgroup: this container does not have a cgroup
timestamp_ns=1785753375090816122
	DDR Capacity(MB)               : 0
	DDR Usage Rate(%)              : 0
	DDR Hugepages Total(page)      : 0
	DDR Hugepages Usage Rate(%)    : 0
	HBM Capacity(MB)               : 65536
	HBM Usage Rate(%)              : 29
	Aicore Usage Rate(%)           : 77
	Aivector Usage Rate(%)         : 5
	Aicpu Usage Rate(%)            : 0
	Ctrlcpu Usage Rate(%)          : 2
	DDR Bandwidth Usage Rate(%)    : 0
	HBM Bandwidth Usage Rate(%)    : 52
	NPU Utilization(%)             : 93
	Aicube Usage Rate(%)           : 70
	Get pid name failed.
	Process id:2090693 Process name:                  Process memory(MB):16026
Error: cannot run top on container aceaef212ad03c546a6eb710fca4fd3c10f869d0c7973db9955d514211247daa as it did not create a cgroup: this container does not have a cgroup
timestamp_ns=1785753377247808914
	DDR Capacity(MB)               : 0
	DDR Usage Rate(%)              : 0
	DDR Hugepages Total(page)      : 0
	DDR Hugepages Usage Rate(%)    : 0
	HBM Capacity(MB)               : 65536
	HBM Usage Rate(%)              : 29
	Aicore Usage Rate(%)           : 76
	Aivector Usage Rate(%)         : 5
	Aicpu Usage Rate(%)            : 0
	Ctrlcpu Usage Rate(%)          : 5
	DDR Bandwidth Usage Rate(%)    : 0
	HBM Bandwidth Usage Rate(%)    : 53
	NPU Utilization(%)             : 86
	Aicube Usage Rate(%)           : 70
	Get pid name failed.
	Process id:2090693 Process name:                  Process memory(MB):16026
Error: cannot run top on container aceaef212ad03c546a6eb710fca4fd3c10f869d0c7973db9955d514211247daa as it did not create a cgroup: this container does not have a cgroup
timestamp_ns=1785753379394027019
	DDR Capacity(MB)               : 0
	DDR Usage Rate(%)              : 0
	DDR Hugepages Total(page)      : 0
	DDR Hugepages Usage Rate(%)    : 0
	HBM Capacity(MB)               : 65536
	HBM Usage Rate(%)              : 29
	Aicore Usage Rate(%)           : 79
	Aivector Usage Rate(%)         : 4
	Aicpu Usage Rate(%)            : 0
	Ctrlcpu Usage Rate(%)          : 0
	DDR Bandwidth Usage Rate(%)    : 0
	HBM Bandwidth Usage Rate(%)    : 53
	NPU Utilization(%)             : 86
	Aicube Usage Rate(%)           : 71
	Get pid name failed.
	Process id:2090693 Process name:                  Process memory(MB):16026
Error: cannot run top on container aceaef212ad03c546a6eb710fca4fd3c10f869d0c7973db9955d514211247daa as it did not create a cgroup: this container does not have a cgroup
timestamp_ns=1785753381553974251
	DDR Capacity(MB)               : 0
	DDR Usage Rate(%)              : 0
	DDR Hugepages Total(page)      : 0
	DDR Hugepages Usage Rate(%)    : 0
	HBM Capacity(MB)               : 65536
	HBM Usage Rate(%)              : 29
	Aicore Usage Rate(%)           : 80
	Aivector Usage Rate(%)         : 5
	Aicpu Usage Rate(%)            : 0
	Ctrlcpu Usage Rate(%)          : 0
	DDR Bandwidth Usage Rate(%)    : 0
	HBM Bandwidth Usage Rate(%)    : 53
	NPU Utilization(%)             : 86
	Aicube Usage Rate(%)           : 73
	Get pid name failed.
	Process id:2090693 Process name:                  Process memory(MB):16026
Error: cannot run top on container aceaef212ad03c546a6eb710fca4fd3c10f869d0c7973db9955d514211247daa as it did not create a cgroup: this container does not have a cgroup
timestamp_ns=1785753383719584761
	DDR Capacity(MB)               : 0
	DDR Usage Rate(%)              : 0
	DDR Hugepages Total(page)      : 0
	DDR Hugepages Usage Rate(%)    : 0
	HBM Capacity(MB)               : 65536
	HBM Usage Rate(%)              : 29
	Aicore Usage Rate(%)           : 100
	Aivector Usage Rate(%)         : 23
	Aicpu Usage Rate(%)            : 0
	Ctrlcpu Usage Rate(%)          : 0
	DDR Bandwidth Usage Rate(%)    : 0
	HBM Bandwidth Usage Rate(%)    : 53
	NPU Utilization(%)             : 100
	Aicube Usage Rate(%)           : 87
	Get pid name failed.
	Process id:2090693 Process name:                  Process memory(MB):16026
Error: cannot run top on container aceaef212ad03c546a6eb710fca4fd3c10f869d0c7973db9955d514211247daa as it did not create a cgroup: this container does not have a cgroup
timestamp_ns=1785753385924342117
	DDR Capacity(MB)               : 0
	DDR Usage Rate(%)              : 0
	DDR Hugepages Total(page)      : 0
	DDR Hugepages Usage Rate(%)    : 0
	HBM Capacity(MB)               : 65536
	HBM Usage Rate(%)              : 29
	Aicore Usage Rate(%)           : 76
	Aivector Usage Rate(%)         : 5
	Aicpu Usage Rate(%)            : 0
	Ctrlcpu Usage Rate(%)          : 9
	DDR Bandwidth Usage Rate(%)    : 0
	HBM Bandwidth Usage Rate(%)    : 53
	NPU Utilization(%)             : 86
	Aicube Usage Rate(%)           : 70
	Get pid name failed.
	Process id:2090693 Process name:                  Process memory(MB):16026
Error: cannot run top on container aceaef212ad03c546a6eb710fca4fd3c10f869d0c7973db9955d514211247daa as it did not create a cgroup: this container does not have a cgroup
timestamp_ns=1785753388072263845
	DDR Capacity(MB)               : 0
	DDR Usage Rate(%)              : 0
	DDR Hugepages Total(page)      : 0
	DDR Hugepages Usage Rate(%)    : 0
	HBM Capacity(MB)               : 65536
	HBM Usage Rate(%)              : 29
	Aicore Usage Rate(%)           : 77
	Aivector Usage Rate(%)         : 4
	Aicpu Usage Rate(%)            : 0
	Ctrlcpu Usage Rate(%)          : 4
	DDR Bandwidth Usage Rate(%)    : 0
	HBM Bandwidth Usage Rate(%)    : 53
	NPU Utilization(%)             : 77
	Aicube Usage Rate(%)           : 71
	Get pid name failed.
	Process id:2090693 Process name:                  Process memory(MB):16026
Error: cannot run top on container aceaef212ad03c546a6eb710fca4fd3c10f869d0c7973db9955d514211247daa as it did not create a cgroup: this container does not have a cgroup
timestamp_ns=1785753390222948741
	DDR Capacity(MB)               : 0
	DDR Usage Rate(%)              : 0
	DDR Hugepages Total(page)      : 0
	DDR Hugepages Usage Rate(%)    : 0
	HBM Capacity(MB)               : 65536
	HBM Usage Rate(%)              : 29
	Aicore Usage Rate(%)           : 77
	Aivector Usage Rate(%)         : 4
	Aicpu Usage Rate(%)            : 0
	Ctrlcpu Usage Rate(%)          : 2
	DDR Bandwidth Usage Rate(%)    : 0
	HBM Bandwidth Usage Rate(%)    : 53
	NPU Utilization(%)             : 96
	Aicube Usage Rate(%)           : 71
	Get pid name failed.
	Process id:2090693 Process name:                  Process memory(MB):16026
Error: cannot run top on container aceaef212ad03c546a6eb710fca4fd3c10f869d0c7973db9955d514211247daa as it did not create a cgroup: this container does not have a cgroup
timestamp_ns=1785753392404587781
	DDR Capacity(MB)               : 0
	DDR Usage Rate(%)              : 0
	DDR Hugepages Total(page)      : 0
	DDR Hugepages Usage Rate(%)    : 0
	HBM Capacity(MB)               : 65536
	HBM Usage Rate(%)              : 29
	Aicore Usage Rate(%)           : 81
	Aivector Usage Rate(%)         : 5
	Aicpu Usage Rate(%)            : 0
	Ctrlcpu Usage Rate(%)          : 5
	DDR Bandwidth Usage Rate(%)    : 0
	HBM Bandwidth Usage Rate(%)    : 53
	NPU Utilization(%)             : 96
	Aicube Usage Rate(%)           : 74
	Get pid name failed.
	Process id:2090693 Process name:                  Process memory(MB):16026
Error: cannot run top on container aceaef212ad03c546a6eb710fca4fd3c10f869d0c7973db9955d514211247daa as it did not create a cgroup: this container does not have a cgroup
timestamp_ns=1785753394586452296
	DDR Capacity(MB)               : 0
	DDR Usage Rate(%)              : 0
	DDR Hugepages Total(page)      : 0
	DDR Hugepages Usage Rate(%)    : 0
	HBM Capacity(MB)               : 65536
	HBM Usage Rate(%)              : 29
	Aicore Usage Rate(%)           : 81
	Aivector Usage Rate(%)         : 5
	Aicpu Usage Rate(%)            : 0
	Ctrlcpu Usage Rate(%)          : 6
	DDR Bandwidth Usage Rate(%)    : 0
	HBM Bandwidth Usage Rate(%)    : 54
	NPU Utilization(%)             : 89
	Aicube Usage Rate(%)           : 74
	Get pid name failed.
	Process id:2090693 Process name:                  Process memory(MB):16026
Error: cannot run top on container aceaef212ad03c546a6eb710fca4fd3c10f869d0c7973db9955d514211247daa as it did not create a cgroup: this container does not have a cgroup
timestamp_ns=1785753396779480033
	DDR Capacity(MB)               : 0
	DDR Usage Rate(%)              : 0
	DDR Hugepages Total(page)      : 0
	DDR Hugepages Usage Rate(%)    : 0
	HBM Capacity(MB)               : 65536
	HBM Usage Rate(%)              : 29
	Aicore Usage Rate(%)           : 79
	Aivector Usage Rate(%)         : 5
	Aicpu Usage Rate(%)            : 0
	Ctrlcpu Usage Rate(%)          : 1
	DDR Bandwidth Usage Rate(%)    : 0
	HBM Bandwidth Usage Rate(%)    : 18
	NPU Utilization(%)             : 89
	Aicube Usage Rate(%)           : 71
	Get pid name failed.
	Process id:2090693 Process name:                  Process memory(MB):16026
Error: cannot run top on container aceaef212ad03c546a6eb710fca4fd3c10f869d0c7973db9955d514211247daa as it did not create a cgroup: this container does not have a cgroup
timestamp_ns=1785753398939515241
	DDR Capacity(MB)               : 0
	DDR Usage Rate(%)              : 0
	DDR Hugepages Total(page)      : 0
	DDR Hugepages Usage Rate(%)    : 0
	HBM Capacity(MB)               : 65536
	HBM Usage Rate(%)              : 29
	Aicore Usage Rate(%)           : 81
	Aivector Usage Rate(%)         : 5
	Aicpu Usage Rate(%)            : 0
	Ctrlcpu Usage Rate(%)          : 2
	DDR Bandwidth Usage Rate(%)    : 0
	HBM Bandwidth Usage Rate(%)    : 53
	NPU Utilization(%)             : 93
	Aicube Usage Rate(%)           : 74
	Get pid name failed.
	Process id:2090693 Process name:                  Process memory(MB):16026
Error: cannot run top on container aceaef212ad03c546a6eb710fca4fd3c10f869d0c7973db9955d514211247daa as it did not create a cgroup: this container does not have a cgroup
timestamp_ns=1785753401105592225
	DDR Capacity(MB)               : 0
	DDR Usage Rate(%)              : 0
	DDR Hugepages Total(page)      : 0
	DDR Hugepages Usage Rate(%)    : 0
	HBM Capacity(MB)               : 65536
	HBM Usage Rate(%)              : 29
	Aicore Usage Rate(%)           : 74
	Aivector Usage Rate(%)         : 4
	Aicpu Usage Rate(%)            : 0
	Ctrlcpu Usage Rate(%)          : 4
	DDR Bandwidth Usage Rate(%)    : 0
	HBM Bandwidth Usage Rate(%)    : 54
	NPU Utilization(%)             : 86
	Aicube Usage Rate(%)           : 68
	Get pid name failed.
	Process id:2090693 Process name:                  Process memory(MB):16026
Error: cannot run top on container aceaef212ad03c546a6eb710fca4fd3c10f869d0c7973db9955d514211247daa as it did not create a cgroup: this container does not have a cgroup
timestamp_ns=1785753403282753968
	DDR Capacity(MB)               : 0
	DDR Usage Rate(%)              : 0
	DDR Hugepages Total(page)      : 0
	DDR Hugepages Usage Rate(%)    : 0
	HBM Capacity(MB)               : 65536
	HBM Usage Rate(%)              : 29
	Aicore Usage Rate(%)           : 80
	Aivector Usage Rate(%)         : 5
	Aicpu Usage Rate(%)            : 0
	Ctrlcpu Usage Rate(%)          : 2
	DDR Bandwidth Usage Rate(%)    : 0
	HBM Bandwidth Usage Rate(%)    : 53
	NPU Utilization(%)             : 93
	Aicube Usage Rate(%)           : 73
	Get pid name failed.
	Process id:2090693 Process name:                  Process memory(MB):16026
Error: cannot run top on container aceaef212ad03c546a6eb710fca4fd3c10f869d0c7973db9955d514211247daa as it did not create a cgroup: this container does not have a cgroup
timestamp_ns=1785753405457016671
	DDR Capacity(MB)               : 0
	DDR Usage Rate(%)              : 0
	DDR Hugepages Total(page)      : 0
	DDR Hugepages Usage Rate(%)    : 0
	HBM Capacity(MB)               : 65536
	HBM Usage Rate(%)              : 29
	Aicore Usage Rate(%)           : 81
	Aivector Usage Rate(%)         : 5
	Aicpu Usage Rate(%)            : 0
	Ctrlcpu Usage Rate(%)          : 2
	DDR Bandwidth Usage Rate(%)    : 0
	HBM Bandwidth Usage Rate(%)    : 54
	NPU Utilization(%)             : 89
	Aicube Usage Rate(%)           : 74
	Get pid name failed.
	Process id:2090693 Process name:                  Process memory(MB):16026
Error: cannot run top on container aceaef212ad03c546a6eb710fca4fd3c10f869d0c7973db9955d514211247daa as it did not create a cgroup: this container does not have a cgroup
timestamp_ns=1785753407608795495
	DDR Capacity(MB)               : 0
	DDR Usage Rate(%)              : 0
	DDR Hugepages Total(page)      : 0
	DDR Hugepages Usage Rate(%)    : 0
	HBM Capacity(MB)               : 65536
	HBM Usage Rate(%)              : 29
	Aicore Usage Rate(%)           : 81
	Aivector Usage Rate(%)         : 5
	Aicpu Usage Rate(%)            : 0
	Ctrlcpu Usage Rate(%)          : 10
	DDR Bandwidth Usage Rate(%)    : 0
	HBM Bandwidth Usage Rate(%)    : 53
	NPU Utilization(%)             : 86
	Aicube Usage Rate(%)           : 74
	Get pid name failed.
	Process id:2090693 Process name:                  Process memory(MB):16026
Error: cannot run top on container aceaef212ad03c546a6eb710fca4fd3c10f869d0c7973db9955d514211247daa as it did not create a cgroup: this container does not have a cgroup
timestamp_ns=1785753409797134891
	DDR Capacity(MB)               : 0
	DDR Usage Rate(%)              : 0
	DDR Hugepages Total(page)      : 0
	DDR Hugepages Usage Rate(%)    : 0
	HBM Capacity(MB)               : 65536
	HBM Usage Rate(%)              : 29
	Aicore Usage Rate(%)           : 77
	Aivector Usage Rate(%)         : 5
	Aicpu Usage Rate(%)            : 0
	Ctrlcpu Usage Rate(%)          : 4
	DDR Bandwidth Usage Rate(%)    : 0
	HBM Bandwidth Usage Rate(%)    : 54
	NPU Utilization(%)             : 96
	Aicube Usage Rate(%)           : 71
	Get pid name failed.
	Process id:2090693 Process name:                  Process memory(MB):16026
Error: cannot run top on container aceaef212ad03c546a6eb710fca4fd3c10f869d0c7973db9955d514211247daa as it did not create a cgroup: this container does not have a cgroup
timestamp_ns=1785753411959270990
	DDR Capacity(MB)               : 0
	DDR Usage Rate(%)              : 0
	DDR Hugepages Total(page)      : 0
	DDR Hugepages Usage Rate(%)    : 0
	HBM Capacity(MB)               : 65536
	HBM Usage Rate(%)              : 29
	Aicore Usage Rate(%)           : 78
	Aivector Usage Rate(%)         : 5
	Aicpu Usage Rate(%)            : 0
	Ctrlcpu Usage Rate(%)          : 8
	DDR Bandwidth Usage Rate(%)    : 0
	HBM Bandwidth Usage Rate(%)    : 54
	NPU Utilization(%)             : 93
	Aicube Usage Rate(%)           : 71
	Get pid name failed.
	Process id:2090693 Process name:                  Process memory(MB):16026
Error: cannot run top on container aceaef212ad03c546a6eb710fca4fd3c10f869d0c7973db9955d514211247daa as it did not create a cgroup: this container does not have a cgroup
timestamp_ns=1785753414132260065
	DDR Capacity(MB)               : 0
	DDR Usage Rate(%)              : 0
	DDR Hugepages Total(page)      : 0
	DDR Hugepages Usage Rate(%)    : 0
	HBM Capacity(MB)               : 65536
	HBM Usage Rate(%)              : 29
	Aicore Usage Rate(%)           : 80
	Aivector Usage Rate(%)         : 5
	Aicpu Usage Rate(%)            : 0
	Ctrlcpu Usage Rate(%)          : 6
	DDR Bandwidth Usage Rate(%)    : 0
	HBM Bandwidth Usage Rate(%)    : 54
	NPU Utilization(%)             : 89
	Aicube Usage Rate(%)           : 74
	Get pid name failed.
	Process id:2090693 Process name:                  Process memory(MB):16026
Error: cannot run top on container aceaef212ad03c546a6eb710fca4fd3c10f869d0c7973db9955d514211247daa as it did not create a cgroup: this container does not have a cgroup
timestamp_ns=1785753416284335094
	DDR Capacity(MB)               : 0
	DDR Usage Rate(%)              : 0
	DDR Hugepages Total(page)      : 0
	DDR Hugepages Usage Rate(%)    : 0
	HBM Capacity(MB)               : 65536
	HBM Usage Rate(%)              : 29
	Aicore Usage Rate(%)           : 80
	Aivector Usage Rate(%)         : 5
	Aicpu Usage Rate(%)            : 0
	Ctrlcpu Usage Rate(%)          : 4
	DDR Bandwidth Usage Rate(%)    : 0
	HBM Bandwidth Usage Rate(%)    : 53
	NPU Utilization(%)             : 93
	Aicube Usage Rate(%)           : 73
	Get pid name failed.
	Process id:2090693 Process name:                  Process memory(MB):16026
Error: cannot run top on container aceaef212ad03c546a6eb710fca4fd3c10f869d0c7973db9955d514211247daa as it did not create a cgroup: this container does not have a cgroup
timestamp_ns=1785753418451035218
	DDR Capacity(MB)               : 0
	DDR Usage Rate(%)              : 0
	DDR Hugepages Total(page)      : 0
	DDR Hugepages Usage Rate(%)    : 0
	HBM Capacity(MB)               : 65536
	HBM Usage Rate(%)              : 29
	Aicore Usage Rate(%)           : 77
	Aivector Usage Rate(%)         : 5
	Aicpu Usage Rate(%)            : 0
	Ctrlcpu Usage Rate(%)          : 2
	DDR Bandwidth Usage Rate(%)    : 0
	HBM Bandwidth Usage Rate(%)    : 53
	NPU Utilization(%)             : 89
	Aicube Usage Rate(%)           : 71
	Get pid name failed.
	Process id:2090693 Process name:                  Process memory(MB):16026
Error: cannot run top on container aceaef212ad03c546a6eb710fca4fd3c10f869d0c7973db9955d514211247daa as it did not create a cgroup: this container does not have a cgroup
timestamp_ns=1785753420591749591
	DDR Capacity(MB)               : 0
	DDR Usage Rate(%)              : 0
	DDR Hugepages Total(page)      : 0
	DDR Hugepages Usage Rate(%)    : 0
	HBM Capacity(MB)               : 65536
	HBM Usage Rate(%)              : 29
	Aicore Usage Rate(%)           : 77
	Aivector Usage Rate(%)         : 5
	Aicpu Usage Rate(%)            : 0
	Ctrlcpu Usage Rate(%)          : 2
	DDR Bandwidth Usage Rate(%)    : 0
	HBM Bandwidth Usage Rate(%)    : 53
	NPU Utilization(%)             : 93
	Aicube Usage Rate(%)           : 71
	Get pid name failed.
	Process id:2090693 Process name:                  Process memory(MB):16026
Error: cannot run top on container aceaef212ad03c546a6eb710fca4fd3c10f869d0c7973db9955d514211247daa as it did not create a cgroup: this container does not have a cgroup
timestamp_ns=1785753422882985105
	DDR Capacity(MB)               : 0
	DDR Usage Rate(%)              : 0
	DDR Hugepages Total(page)      : 0
	DDR Hugepages Usage Rate(%)    : 0
	HBM Capacity(MB)               : 65536
	HBM Usage Rate(%)              : 29
	Aicore Usage Rate(%)           : 76
	Aivector Usage Rate(%)         : 5
	Aicpu Usage Rate(%)            : 0
	Ctrlcpu Usage Rate(%)          : 3
	DDR Bandwidth Usage Rate(%)    : 0
	HBM Bandwidth Usage Rate(%)    : 53
	NPU Utilization(%)             : 82
	Aicube Usage Rate(%)           : 70
	Get pid name failed.
	Process id:2090693 Process name:                  Process memory(MB):16026
Error: cannot run top on container aceaef212ad03c546a6eb710fca4fd3c10f869d0c7973db9955d514211247daa as it did not create a cgroup: this container does not have a cgroup
timestamp_ns=1785753425077047798
	DDR Capacity(MB)               : 0
	DDR Usage Rate(%)              : 0
	DDR Hugepages Total(page)      : 0
	DDR Hugepages Usage Rate(%)    : 0
	HBM Capacity(MB)               : 65536
	HBM Usage Rate(%)              : 29
	Aicore Usage Rate(%)           : 77
	Aivector Usage Rate(%)         : 4
	Aicpu Usage Rate(%)            : 0
	Ctrlcpu Usage Rate(%)          : 3
	DDR Bandwidth Usage Rate(%)    : 0
	HBM Bandwidth Usage Rate(%)    : 53
	NPU Utilization(%)             : 89
	Aicube Usage Rate(%)           : 70
	Get pid name failed.
	Process id:2090693 Process name:                  Process memory(MB):16026
Error: cannot run top on container aceaef212ad03c546a6eb710fca4fd3c10f869d0c7973db9955d514211247daa as it did not create a cgroup: this container does not have a cgroup
timestamp_ns=1785753427276237366
	DDR Capacity(MB)               : 0
	DDR Usage Rate(%)              : 0
	DDR Hugepages Total(page)      : 0
	DDR Hugepages Usage Rate(%)    : 0
	HBM Capacity(MB)               : 65536
	HBM Usage Rate(%)              : 29
	Aicore Usage Rate(%)           : 77
	Aivector Usage Rate(%)         : 5
	Aicpu Usage Rate(%)            : 0
	Ctrlcpu Usage Rate(%)          : 1
	DDR Bandwidth Usage Rate(%)    : 0
	HBM Bandwidth Usage Rate(%)    : 52
	NPU Utilization(%)             : 89
	Aicube Usage Rate(%)           : 71
	Get pid name failed.
	Process id:2090693 Process name:                  Process memory(MB):16026
Error: cannot run top on container aceaef212ad03c546a6eb710fca4fd3c10f869d0c7973db9955d514211247daa as it did not create a cgroup: this container does not have a cgroup
timestamp_ns=1785753429474155257
	DDR Capacity(MB)               : 0
	DDR Usage Rate(%)              : 0
	DDR Hugepages Total(page)      : 0
	DDR Hugepages Usage Rate(%)    : 0
	HBM Capacity(MB)               : 65536
	HBM Usage Rate(%)              : 29
	Aicore Usage Rate(%)           : 77
	Aivector Usage Rate(%)         : 4
	Aicpu Usage Rate(%)            : 0
	Ctrlcpu Usage Rate(%)          : 4
	DDR Bandwidth Usage Rate(%)    : 0
	HBM Bandwidth Usage Rate(%)    : 54
	NPU Utilization(%)             : 89
	Aicube Usage Rate(%)           : 69
	Get pid name failed.
	Process id:2090693 Process name:                  Process memory(MB):16026
Error: cannot run top on container aceaef212ad03c546a6eb710fca4fd3c10f869d0c7973db9955d514211247daa as it did not create a cgroup: this container does not have a cgroup
timestamp_ns=1785753431664362349
	DDR Capacity(MB)               : 0
	DDR Usage Rate(%)              : 0
	DDR Hugepages Total(page)      : 0
	DDR Hugepages Usage Rate(%)    : 0
	HBM Capacity(MB)               : 65536
	HBM Usage Rate(%)              : 29
	Aicore Usage Rate(%)           : 79
	Aivector Usage Rate(%)         : 5
	Aicpu Usage Rate(%)            : 0
	Ctrlcpu Usage Rate(%)          : 2
	DDR Bandwidth Usage Rate(%)    : 0
	HBM Bandwidth Usage Rate(%)    : 53
	NPU Utilization(%)             : 86
	Aicube Usage Rate(%)           : 71
	Get pid name failed.
	Process id:2090693 Process name:                  Process memory(MB):16026
Error: cannot run top on container aceaef212ad03c546a6eb710fca4fd3c10f869d0c7973db9955d514211247daa as it did not create a cgroup: this container does not have a cgroup
timestamp_ns=1785753433868995320
	DDR Capacity(MB)               : 0
	DDR Usage Rate(%)              : 0
	DDR Hugepages Total(page)      : 0
	DDR Hugepages Usage Rate(%)    : 0
	HBM Capacity(MB)               : 65536
	HBM Usage Rate(%)              : 29
	Aicore Usage Rate(%)           : 76
	Aivector Usage Rate(%)         : 5
	Aicpu Usage Rate(%)            : 0
	Ctrlcpu Usage Rate(%)          : 1
	DDR Bandwidth Usage Rate(%)    : 0
	HBM Bandwidth Usage Rate(%)    : 18
	NPU Utilization(%)             : 89
	Aicube Usage Rate(%)           : 70
	Get pid name failed.
	Process id:2090693 Process name:                  Process memory(MB):16026
Error: cannot run top on container aceaef212ad03c546a6eb710fca4fd3c10f869d0c7973db9955d514211247daa as it did not create a cgroup: this container does not have a cgroup
timestamp_ns=1785753436037146442
	DDR Capacity(MB)               : 0
	DDR Usage Rate(%)              : 0
	DDR Hugepages Total(page)      : 0
	DDR Hugepages Usage Rate(%)    : 0
	HBM Capacity(MB)               : 65536
	HBM Usage Rate(%)              : 29
	Aicore Usage Rate(%)           : 81
	Aivector Usage Rate(%)         : 5
	Aicpu Usage Rate(%)            : 0
	Ctrlcpu Usage Rate(%)          : 1
	DDR Bandwidth Usage Rate(%)    : 0
	HBM Bandwidth Usage Rate(%)    : 53
	NPU Utilization(%)             : 89
	Aicube Usage Rate(%)           : 73
	Get pid name failed.
	Process id:2090693 Process name:                  Process memory(MB):16026
Error: cannot run top on container aceaef212ad03c546a6eb710fca4fd3c10f869d0c7973db9955d514211247daa as it did not create a cgroup: this container does not have a cgroup
timestamp_ns=1785753438209476962
	DDR Capacity(MB)               : 0
	DDR Usage Rate(%)              : 0
	DDR Hugepages Total(page)      : 0
	DDR Hugepages Usage Rate(%)    : 0
	HBM Capacity(MB)               : 65536
	HBM Usage Rate(%)              : 29
	Aicore Usage Rate(%)           : 75
	Aivector Usage Rate(%)         : 4
	Aicpu Usage Rate(%)            : 0
	Ctrlcpu Usage Rate(%)          : 3
	DDR Bandwidth Usage Rate(%)    : 0
	HBM Bandwidth Usage Rate(%)    : 54
	NPU Utilization(%)             : 89
	Aicube Usage Rate(%)           : 68
	Get pid name failed.
	Process id:2090693 Process name:                  Process memory(MB):16026
Error: cannot run top on container aceaef212ad03c546a6eb710fca4fd3c10f869d0c7973db9955d514211247daa as it did not create a cgroup: this container does not have a cgroup
timestamp_ns=1785753440429745177
	DDR Capacity(MB)               : 0
	DDR Usage Rate(%)              : 0
	DDR Hugepages Total(page)      : 0
	DDR Hugepages Usage Rate(%)    : 0
	HBM Capacity(MB)               : 65536
	HBM Usage Rate(%)              : 29
	Aicore Usage Rate(%)           : 81
	Aivector Usage Rate(%)         : 5
	Aicpu Usage Rate(%)            : 0
	Ctrlcpu Usage Rate(%)          : 1
	DDR Bandwidth Usage Rate(%)    : 0
	HBM Bandwidth Usage Rate(%)    : 53
	NPU Utilization(%)             : 89
	Aicube Usage Rate(%)           : 74
	Get pid name failed.
	Process id:2090693 Process name:                  Process memory(MB):16026
Error: cannot run top on container aceaef212ad03c546a6eb710fca4fd3c10f869d0c7973db9955d514211247daa as it did not create a cgroup: this container does not have a cgroup
timestamp_ns=1785753442618893567
	DDR Capacity(MB)               : 0
	DDR Usage Rate(%)              : 0
	DDR Hugepages Total(page)      : 0
	DDR Hugepages Usage Rate(%)    : 0
	HBM Capacity(MB)               : 65536
	HBM Usage Rate(%)              : 29
	Aicore Usage Rate(%)           : 77
	Aivector Usage Rate(%)         : 5
	Aicpu Usage Rate(%)            : 0
	Ctrlcpu Usage Rate(%)          : 4
	DDR Bandwidth Usage Rate(%)    : 0
	HBM Bandwidth Usage Rate(%)    : 54
	NPU Utilization(%)             : 89
	Aicube Usage Rate(%)           : 71
	Get pid name failed.
	Process id:2090693 Process name:                  Process memory(MB):16026
Error: cannot run top on container aceaef212ad03c546a6eb710fca4fd3c10f869d0c7973db9955d514211247daa as it did not create a cgroup: this container does not have a cgroup
timestamp_ns=1785753444804470532
	DDR Capacity(MB)               : 0
	DDR Usage Rate(%)              : 0
	DDR Hugepages Total(page)      : 0
	DDR Hugepages Usage Rate(%)    : 0
	HBM Capacity(MB)               : 65536
	HBM Usage Rate(%)              : 29
	Aicore Usage Rate(%)           : 78
	Aivector Usage Rate(%)         : 5
	Aicpu Usage Rate(%)            : 0
	Ctrlcpu Usage Rate(%)          : 4
	DDR Bandwidth Usage Rate(%)    : 0
	HBM Bandwidth Usage Rate(%)    : 53
	NPU Utilization(%)             : 93
	Aicube Usage Rate(%)           : 71
	Get pid name failed.
	Process id:2090693 Process name:                  Process memory(MB):16026
Error: cannot run top on container aceaef212ad03c546a6eb710fca4fd3c10f869d0c7973db9955d514211247daa as it did not create a cgroup: this container does not have a cgroup
timestamp_ns=1785753447151387296
	DDR Capacity(MB)               : 0
	DDR Usage Rate(%)              : 0
	DDR Hugepages Total(page)      : 0
	DDR Hugepages Usage Rate(%)    : 0
	HBM Capacity(MB)               : 65536
	HBM Usage Rate(%)              : 29
	Aicore Usage Rate(%)           : 78
	Aivector Usage Rate(%)         : 5
	Aicpu Usage Rate(%)            : 0
	Ctrlcpu Usage Rate(%)          : 3
	DDR Bandwidth Usage Rate(%)    : 0
	HBM Bandwidth Usage Rate(%)    : 53
	NPU Utilization(%)             : 89
	Aicube Usage Rate(%)           : 71
	Get pid name failed.
	Process id:2090693 Process name:                  Process memory(MB):16026
Error: cannot run top on container aceaef212ad03c546a6eb710fca4fd3c10f869d0c7973db9955d514211247daa as it did not create a cgroup: this container does not have a cgroup
timestamp_ns=1785753449321343276
	DDR Capacity(MB)               : 0
	DDR Usage Rate(%)              : 0
	DDR Hugepages Total(page)      : 0
	DDR Hugepages Usage Rate(%)    : 0
	HBM Capacity(MB)               : 65536
	HBM Usage Rate(%)              : 29
	Aicore Usage Rate(%)           : 79
	Aivector Usage Rate(%)         : 5
	Aicpu Usage Rate(%)            : 0
	Ctrlcpu Usage Rate(%)          : 5
	DDR Bandwidth Usage Rate(%)    : 0
	HBM Bandwidth Usage Rate(%)    : 53
	NPU Utilization(%)             : 89
	Aicube Usage Rate(%)           : 71
	Get pid name failed.
	Process id:2090693 Process name:                  Process memory(MB):16026
Error: cannot run top on container aceaef212ad03c546a6eb710fca4fd3c10f869d0c7973db9955d514211247daa as it did not create a cgroup: this container does not have a cgroup
timestamp_ns=1785753451506255828
	DDR Capacity(MB)               : 0
	DDR Usage Rate(%)              : 0
	DDR Hugepages Total(page)      : 0
	DDR Hugepages Usage Rate(%)    : 0
	HBM Capacity(MB)               : 65536
	HBM Usage Rate(%)              : 29
	Aicore Usage Rate(%)           : 76
	Aivector Usage Rate(%)         : 5
	Aicpu Usage Rate(%)            : 0
	Ctrlcpu Usage Rate(%)          : 4
	DDR Bandwidth Usage Rate(%)    : 0
	HBM Bandwidth Usage Rate(%)    : 53
	NPU Utilization(%)             : 89
	Aicube Usage Rate(%)           : 70
	Get pid name failed.
	Process id:2090693 Process name:                  Process memory(MB):16026
Error: cannot run top on container aceaef212ad03c546a6eb710fca4fd3c10f869d0c7973db9955d514211247daa as it did not create a cgroup: this container does not have a cgroup
timestamp_ns=1785753453680016898
	DDR Capacity(MB)               : 0
	DDR Usage Rate(%)              : 0
	DDR Hugepages Total(page)      : 0
	DDR Hugepages Usage Rate(%)    : 0
	HBM Capacity(MB)               : 65536
	HBM Usage Rate(%)              : 29
	Aicore Usage Rate(%)           : 100
	Aivector Usage Rate(%)         : 21
	Aicpu Usage Rate(%)            : 0
	Ctrlcpu Usage Rate(%)          : 5
	DDR Bandwidth Usage Rate(%)    : 0
	HBM Bandwidth Usage Rate(%)    : 53
	NPU Utilization(%)             : 100
	Aicube Usage Rate(%)           : 80
	Get pid name failed.
	Process id:2090693 Process name:                  Process memory(MB):16026
Error: cannot run top on container aceaef212ad03c546a6eb710fca4fd3c10f869d0c7973db9955d514211247daa as it did not create a cgroup: this container does not have a cgroup
timestamp_ns=1785753455834823066
	DDR Capacity(MB)               : 0
	DDR Usage Rate(%)              : 0
	DDR Hugepages Total(page)      : 0
	DDR Hugepages Usage Rate(%)    : 0
	HBM Capacity(MB)               : 65536
	HBM Usage Rate(%)              : 29
	Aicore Usage Rate(%)           : 69
	Aivector Usage Rate(%)         : 4
	Aicpu Usage Rate(%)            : 0
	Ctrlcpu Usage Rate(%)          : 2
	DDR Bandwidth Usage Rate(%)    : 0
	HBM Bandwidth Usage Rate(%)    : 53
	NPU Utilization(%)             : 89
	Aicube Usage Rate(%)           : 63
	Get pid name failed.
	Process id:2090693 Process name:                  Process memory(MB):16026
Error: cannot run top on container aceaef212ad03c546a6eb710fca4fd3c10f869d0c7973db9955d514211247daa as it did not create a cgroup: this container does not have a cgroup
timestamp_ns=1785753457993857712
	DDR Capacity(MB)               : 0
	DDR Usage Rate(%)              : 0
	DDR Hugepages Total(page)      : 0
	DDR Hugepages Usage Rate(%)    : 0
	HBM Capacity(MB)               : 65536
	HBM Usage Rate(%)              : 29
	Aicore Usage Rate(%)           : 76
	Aivector Usage Rate(%)         : 5
	Aicpu Usage Rate(%)            : 0
	Ctrlcpu Usage Rate(%)          : 3
	DDR Bandwidth Usage Rate(%)    : 0
	HBM Bandwidth Usage Rate(%)    : 53
	NPU Utilization(%)             : 86
	Aicube Usage Rate(%)           : 70
	Get pid name failed.
	Process id:2090693 Process name:                  Process memory(MB):16026
Error: cannot run top on container aceaef212ad03c546a6eb710fca4fd3c10f869d0c7973db9955d514211247daa as it did not create a cgroup: this container does not have a cgroup
timestamp_ns=1785753460148117110
	DDR Capacity(MB)               : 0
	DDR Usage Rate(%)              : 0
	DDR Hugepages Total(page)      : 0
	DDR Hugepages Usage Rate(%)    : 0
	HBM Capacity(MB)               : 65536
	HBM Usage Rate(%)              : 29
	Aicore Usage Rate(%)           : 80
	Aivector Usage Rate(%)         : 5
	Aicpu Usage Rate(%)            : 0
	Ctrlcpu Usage Rate(%)          : 3
	DDR Bandwidth Usage Rate(%)    : 0
	HBM Bandwidth Usage Rate(%)    : 53
	NPU Utilization(%)             : 96
	Aicube Usage Rate(%)           : 73
	Get pid name failed.
	Process id:2090693 Process name:                  Process memory(MB):16026
Error: cannot run top on container aceaef212ad03c546a6eb710fca4fd3c10f869d0c7973db9955d514211247daa as it did not create a cgroup: this container does not have a cgroup
timestamp_ns=1785753462305042804
	DDR Capacity(MB)               : 0
	DDR Usage Rate(%)              : 0
	DDR Hugepages Total(page)      : 0
	DDR Hugepages Usage Rate(%)    : 0
	HBM Capacity(MB)               : 65536
	HBM Usage Rate(%)              : 29
	Aicore Usage Rate(%)           : 77
	Aivector Usage Rate(%)         : 5
	Aicpu Usage Rate(%)            : 0
	Ctrlcpu Usage Rate(%)          : 4
	DDR Bandwidth Usage Rate(%)    : 0
	HBM Bandwidth Usage Rate(%)    : 54
	NPU Utilization(%)             : 89
	Aicube Usage Rate(%)           : 71
	Get pid name failed.
	Process id:2090693 Process name:                  Process memory(MB):16026
Error: cannot run top on container aceaef212ad03c546a6eb710fca4fd3c10f869d0c7973db9955d514211247daa as it did not create a cgroup: this container does not have a cgroup
timestamp_ns=1785753464464311307
	DDR Capacity(MB)               : 0
	DDR Usage Rate(%)              : 0
	DDR Hugepages Total(page)      : 0
	DDR Hugepages Usage Rate(%)    : 0
	HBM Capacity(MB)               : 65536
	HBM Usage Rate(%)              : 29
	Aicore Usage Rate(%)           : 77
	Aivector Usage Rate(%)         : 5
	Aicpu Usage Rate(%)            : 0
	Ctrlcpu Usage Rate(%)          : 5
	DDR Bandwidth Usage Rate(%)    : 0
	HBM Bandwidth Usage Rate(%)    : 53
	NPU Utilization(%)             : 89
	Aicube Usage Rate(%)           : 71
	Get pid name failed.
	Process id:2090693 Process name:                  Process memory(MB):16026
Error: cannot run top on container aceaef212ad03c546a6eb710fca4fd3c10f869d0c7973db9955d514211247daa as it did not create a cgroup: this container does not have a cgroup
timestamp_ns=1785753466619721161
	DDR Capacity(MB)               : 0
	DDR Usage Rate(%)              : 0
	DDR Hugepages Total(page)      : 0
	DDR Hugepages Usage Rate(%)    : 0
	HBM Capacity(MB)               : 65536
	HBM Usage Rate(%)              : 29
	Aicore Usage Rate(%)           : 80
	Aivector Usage Rate(%)         : 5
	Aicpu Usage Rate(%)            : 0
	Ctrlcpu Usage Rate(%)          : 4
	DDR Bandwidth Usage Rate(%)    : 0
	HBM Bandwidth Usage Rate(%)    : 38
	NPU Utilization(%)             : 93
	Aicube Usage Rate(%)           : 74
	Get pid name failed.
	Process id:2090693 Process name:                  Process memory(MB):16026
Error: cannot run top on container aceaef212ad03c546a6eb710fca4fd3c10f869d0c7973db9955d514211247daa as it did not create a cgroup: this container does not have a cgroup
timestamp_ns=1785753468824457798
	DDR Capacity(MB)               : 0
	DDR Usage Rate(%)              : 0
	DDR Hugepages Total(page)      : 0
	DDR Hugepages Usage Rate(%)    : 0
	HBM Capacity(MB)               : 65536
	HBM Usage Rate(%)              : 29
	Aicore Usage Rate(%)           : 76
	Aivector Usage Rate(%)         : 5
	Aicpu Usage Rate(%)            : 0
	Ctrlcpu Usage Rate(%)          : 4
	DDR Bandwidth Usage Rate(%)    : 0
	HBM Bandwidth Usage Rate(%)    : 53
	NPU Utilization(%)             : 89
	Aicube Usage Rate(%)           : 70
	Get pid name failed.
	Process id:2090693 Process name:                  Process memory(MB):16026
Error: cannot run top on container aceaef212ad03c546a6eb710fca4fd3c10f869d0c7973db9955d514211247daa as it did not create a cgroup: this container does not have a cgroup
timestamp_ns=1785753470978731640
	DDR Capacity(MB)               : 0
	DDR Usage Rate(%)              : 0
	DDR Hugepages Total(page)      : 0
	DDR Hugepages Usage Rate(%)    : 0
	HBM Capacity(MB)               : 65536
	HBM Usage Rate(%)              : 29
	Aicore Usage Rate(%)           : 76
	Aivector Usage Rate(%)         : 4
	Aicpu Usage Rate(%)            : 0
	Ctrlcpu Usage Rate(%)          : 4
	DDR Bandwidth Usage Rate(%)    : 0
	HBM Bandwidth Usage Rate(%)    : 37
	NPU Utilization(%)             : 86
	Aicube Usage Rate(%)           : 70
	Get pid name failed.
	Process id:2090693 Process name:                  Process memory(MB):16026
Error: cannot run top on container aceaef212ad03c546a6eb710fca4fd3c10f869d0c7973db9955d514211247daa as it did not create a cgroup: this container does not have a cgroup
timestamp_ns=1785753473129193734
	DDR Capacity(MB)               : 0
	DDR Usage Rate(%)              : 0
	DDR Hugepages Total(page)      : 0
	DDR Hugepages Usage Rate(%)    : 0
	HBM Capacity(MB)               : 65536
	HBM Usage Rate(%)              : 29
	Aicore Usage Rate(%)           : 77
	Aivector Usage Rate(%)         : 4
	Aicpu Usage Rate(%)            : 0
	Ctrlcpu Usage Rate(%)          : 5
	DDR Bandwidth Usage Rate(%)    : 0
	HBM Bandwidth Usage Rate(%)    : 53
	NPU Utilization(%)             : 100
	Aicube Usage Rate(%)           : 71
	Get pid name failed.
	Process id:2090693 Process name:                  Process memory(MB):16026
Error: cannot run top on container aceaef212ad03c546a6eb710fca4fd3c10f869d0c7973db9955d514211247daa as it did not create a cgroup: this container does not have a cgroup
timestamp_ns=1785753475303362570
	DDR Capacity(MB)               : 0
	DDR Usage Rate(%)              : 0
	DDR Hugepages Total(page)      : 0
	DDR Hugepages Usage Rate(%)    : 0
	HBM Capacity(MB)               : 65536
	HBM Usage Rate(%)              : 29
	Aicore Usage Rate(%)           : 78
	Aivector Usage Rate(%)         : 5
	Aicpu Usage Rate(%)            : 0
	Ctrlcpu Usage Rate(%)          : 2
	DDR Bandwidth Usage Rate(%)    : 0
	HBM Bandwidth Usage Rate(%)    : 53
	NPU Utilization(%)             : 86
	Aicube Usage Rate(%)           : 71
	Get pid name failed.
	Process id:2090693 Process name:                  Process memory(MB):16026
Error: cannot run top on container aceaef212ad03c546a6eb710fca4fd3c10f869d0c7973db9955d514211247daa as it did not create a cgroup: this container does not have a cgroup
timestamp_ns=1785753477457262217
	DDR Capacity(MB)               : 0
	DDR Usage Rate(%)              : 0
	DDR Hugepages Total(page)      : 0
	DDR Hugepages Usage Rate(%)    : 0
	HBM Capacity(MB)               : 65536
	HBM Usage Rate(%)              : 29
	Aicore Usage Rate(%)           : 76
	Aivector Usage Rate(%)         : 4
	Aicpu Usage Rate(%)            : 0
	Ctrlcpu Usage Rate(%)          : 6
	DDR Bandwidth Usage Rate(%)    : 0
	HBM Bandwidth Usage Rate(%)    : 54
	NPU Utilization(%)             : 89
	Aicube Usage Rate(%)           : 70
	Get pid name failed.
	Process id:2090693 Process name:                  Process memory(MB):16026
Error: cannot run top on container aceaef212ad03c546a6eb710fca4fd3c10f869d0c7973db9955d514211247daa as it did not create a cgroup: this container does not have a cgroup
timestamp_ns=1785753479612582135
	DDR Capacity(MB)               : 0
	DDR Usage Rate(%)              : 0
	DDR Hugepages Total(page)      : 0
	DDR Hugepages Usage Rate(%)    : 0
	HBM Capacity(MB)               : 65536
	HBM Usage Rate(%)              : 29
	Aicore Usage Rate(%)           : 79
	Aivector Usage Rate(%)         : 5
	Aicpu Usage Rate(%)            : 0
	Ctrlcpu Usage Rate(%)          : 2
	DDR Bandwidth Usage Rate(%)    : 0
	HBM Bandwidth Usage Rate(%)    : 54
	NPU Utilization(%)             : 93
	Aicube Usage Rate(%)           : 73
	Get pid name failed.
	Process id:2090693 Process name:                  Process memory(MB):16026
Error: cannot run top on container aceaef212ad03c546a6eb710fca4fd3c10f869d0c7973db9955d514211247daa as it did not create a cgroup: this container does not have a cgroup
timestamp_ns=1785753481816462949
	DDR Capacity(MB)               : 0
	DDR Usage Rate(%)              : 0
	DDR Hugepages Total(page)      : 0
	DDR Hugepages Usage Rate(%)    : 0
	HBM Capacity(MB)               : 65536
	HBM Usage Rate(%)              : 29
	Aicore Usage Rate(%)           : 79
	Aivector Usage Rate(%)         : 5
	Aicpu Usage Rate(%)            : 0
	Ctrlcpu Usage Rate(%)          : 2
	DDR Bandwidth Usage Rate(%)    : 0
	HBM Bandwidth Usage Rate(%)    : 53
	NPU Utilization(%)             : 96
	Aicube Usage Rate(%)           : 72
	Get pid name failed.
	Process id:2090693 Process name:                  Process memory(MB):16026
Error: cannot run top on container aceaef212ad03c546a6eb710fca4fd3c10f869d0c7973db9955d514211247daa as it did not create a cgroup: this container does not have a cgroup
timestamp_ns=1785753483976124748
	DDR Capacity(MB)               : 0
	DDR Usage Rate(%)              : 0
	DDR Hugepages Total(page)      : 0
	DDR Hugepages Usage Rate(%)    : 0
	HBM Capacity(MB)               : 65536
	HBM Usage Rate(%)              : 29
	Aicore Usage Rate(%)           : 78
	Aivector Usage Rate(%)         : 5
	Aicpu Usage Rate(%)            : 0
	Ctrlcpu Usage Rate(%)          : 9
	DDR Bandwidth Usage Rate(%)    : 0
	HBM Bandwidth Usage Rate(%)    : 54
	NPU Utilization(%)             : 93
	Aicube Usage Rate(%)           : 72
	Get pid name failed.
	Process id:2090693 Process name:                  Process memory(MB):16026
Error: cannot run top on container aceaef212ad03c546a6eb710fca4fd3c10f869d0c7973db9955d514211247daa as it did not create a cgroup: this container does not have a cgroup
timestamp_ns=1785753486132699645
	DDR Capacity(MB)               : 0
	DDR Usage Rate(%)              : 0
	DDR Hugepages Total(page)      : 0
	DDR Hugepages Usage Rate(%)    : 0
	HBM Capacity(MB)               : 65536
	HBM Usage Rate(%)              : 29
	Aicore Usage Rate(%)           : 77
	Aivector Usage Rate(%)         : 4
	Aicpu Usage Rate(%)            : 0
	Ctrlcpu Usage Rate(%)          : 2
	DDR Bandwidth Usage Rate(%)    : 0
	HBM Bandwidth Usage Rate(%)    : 53
	NPU Utilization(%)             : 96
	Aicube Usage Rate(%)           : 71
	Get pid name failed.
	Process id:2090693 Process name:                  Process memory(MB):16026
Error: cannot run top on container aceaef212ad03c546a6eb710fca4fd3c10f869d0c7973db9955d514211247daa as it did not create a cgroup: this container does not have a cgroup
timestamp_ns=1785753488281217787
	DDR Capacity(MB)               : 0
	DDR Usage Rate(%)              : 0
	DDR Hugepages Total(page)      : 0
	DDR Hugepages Usage Rate(%)    : 0
	HBM Capacity(MB)               : 65536
	HBM Usage Rate(%)              : 29
	Aicore Usage Rate(%)           : 77
	Aivector Usage Rate(%)         : 5
	Aicpu Usage Rate(%)            : 0
	Ctrlcpu Usage Rate(%)          : 2
	DDR Bandwidth Usage Rate(%)    : 0
	HBM Bandwidth Usage Rate(%)    : 53
	NPU Utilization(%)             : 93
	Aicube Usage Rate(%)           : 71
	Get pid name failed.
	Process id:2090693 Process name:                  Process memory(MB):16026
Error: cannot run top on container aceaef212ad03c546a6eb710fca4fd3c10f869d0c7973db9955d514211247daa as it did not create a cgroup: this container does not have a cgroup
timestamp_ns=1785753490458583526
	DDR Capacity(MB)               : 0
	DDR Usage Rate(%)              : 0
	DDR Hugepages Total(page)      : 0
	DDR Hugepages Usage Rate(%)    : 0
	HBM Capacity(MB)               : 65536
	HBM Usage Rate(%)              : 29
	Aicore Usage Rate(%)           : 79
	Aivector Usage Rate(%)         : 5
	Aicpu Usage Rate(%)            : 0
	Ctrlcpu Usage Rate(%)          : 1
	DDR Bandwidth Usage Rate(%)    : 0
	HBM Bandwidth Usage Rate(%)    : 54
	NPU Utilization(%)             : 96
	Aicube Usage Rate(%)           : 72
	Get pid name failed.
	Process id:2090693 Process name:                  Process memory(MB):16026
Error: cannot run top on container aceaef212ad03c546a6eb710fca4fd3c10f869d0c7973db9955d514211247daa as it did not create a cgroup: this container does not have a cgroup
timestamp_ns=1785753492606422566
	DDR Capacity(MB)               : 0
	DDR Usage Rate(%)              : 0
	DDR Hugepages Total(page)      : 0
	DDR Hugepages Usage Rate(%)    : 0
	HBM Capacity(MB)               : 65536
	HBM Usage Rate(%)              : 29
	Aicore Usage Rate(%)           : 77
	Aivector Usage Rate(%)         : 5
	Aicpu Usage Rate(%)            : 0
	Ctrlcpu Usage Rate(%)          : 4
	DDR Bandwidth Usage Rate(%)    : 0
	HBM Bandwidth Usage Rate(%)    : 53
	NPU Utilization(%)             : 93
	Aicube Usage Rate(%)           : 71
	Get pid name failed.
	Process id:2090693 Process name:                  Process memory(MB):16026
Error: cannot run top on container aceaef212ad03c546a6eb710fca4fd3c10f869d0c7973db9955d514211247daa as it did not create a cgroup: this container does not have a cgroup
timestamp_ns=1785753494780061270
	DDR Capacity(MB)               : 0
	DDR Usage Rate(%)              : 0
	DDR Hugepages Total(page)      : 0
	DDR Hugepages Usage Rate(%)    : 0
	HBM Capacity(MB)               : 65536
	HBM Usage Rate(%)              : 29
	Aicore Usage Rate(%)           : 77
	Aivector Usage Rate(%)         : 5
	Aicpu Usage Rate(%)            : 0
	Ctrlcpu Usage Rate(%)          : 10
	DDR Bandwidth Usage Rate(%)    : 0
	HBM Bandwidth Usage Rate(%)    : 54
	NPU Utilization(%)             : 89
	Aicube Usage Rate(%)           : 71
	Get pid name failed.
	Process id:2090693 Process name:                  Process memory(MB):16026
Error: cannot run top on container aceaef212ad03c546a6eb710fca4fd3c10f869d0c7973db9955d514211247daa as it did not create a cgroup: this container does not have a cgroup
timestamp_ns=1785753496919556200
	DDR Capacity(MB)               : 0
	DDR Usage Rate(%)              : 0
	DDR Hugepages Total(page)      : 0
	DDR Hugepages Usage Rate(%)    : 0
	HBM Capacity(MB)               : 65536
	HBM Usage Rate(%)              : 29
	Aicore Usage Rate(%)           : 78
	Aivector Usage Rate(%)         : 4
	Aicpu Usage Rate(%)            : 0
	Ctrlcpu Usage Rate(%)          : 3
	DDR Bandwidth Usage Rate(%)    : 0
	HBM Bandwidth Usage Rate(%)    : 53
	NPU Utilization(%)             : 86
	Aicube Usage Rate(%)           : 71
	Get pid name failed.
	Process id:2090693 Process name:                  Process memory(MB):16026
Error: cannot run top on container aceaef212ad03c546a6eb710fca4fd3c10f869d0c7973db9955d514211247daa as it did not create a cgroup: this container does not have a cgroup
timestamp_ns=1785753499077530664
	DDR Capacity(MB)               : 0
	DDR Usage Rate(%)              : 0
	DDR Hugepages Total(page)      : 0
	DDR Hugepages Usage Rate(%)    : 0
	HBM Capacity(MB)               : 65536
	HBM Usage Rate(%)              : 29
	Aicore Usage Rate(%)           : 80
	Aivector Usage Rate(%)         : 5
	Aicpu Usage Rate(%)            : 0
	Ctrlcpu Usage Rate(%)          : 2
	DDR Bandwidth Usage Rate(%)    : 0
	HBM Bandwidth Usage Rate(%)    : 54
	NPU Utilization(%)             : 96
	Aicube Usage Rate(%)           : 74
	Get pid name failed.
	Process id:2090693 Process name:                  Process memory(MB):16026
Error: cannot run top on container aceaef212ad03c546a6eb710fca4fd3c10f869d0c7973db9955d514211247daa as it did not create a cgroup: this container does not have a cgroup
timestamp_ns=1785753501239839508
	DDR Capacity(MB)               : 0
	DDR Usage Rate(%)              : 0
	DDR Hugepages Total(page)      : 0
	DDR Hugepages Usage Rate(%)    : 0
	HBM Capacity(MB)               : 65536
	HBM Usage Rate(%)              : 29
	Aicore Usage Rate(%)           : 77
	Aivector Usage Rate(%)         : 4
	Aicpu Usage Rate(%)            : 0
	Ctrlcpu Usage Rate(%)          : 1
	DDR Bandwidth Usage Rate(%)    : 0
	HBM Bandwidth Usage Rate(%)    : 52
	NPU Utilization(%)             : 96
	Aicube Usage Rate(%)           : 71
	Get pid name failed.
	Process id:2090693 Process name:                  Process memory(MB):16026
Error: cannot run top on container aceaef212ad03c546a6eb710fca4fd3c10f869d0c7973db9955d514211247daa as it did not create a cgroup: this container does not have a cgroup
timestamp_ns=1785753503405528254
	DDR Capacity(MB)               : 0
	DDR Usage Rate(%)              : 0
	DDR Hugepages Total(page)      : 0
	DDR Hugepages Usage Rate(%)    : 0
	HBM Capacity(MB)               : 65536
	HBM Usage Rate(%)              : 29
	Aicore Usage Rate(%)           : 76
	Aivector Usage Rate(%)         : 4
	Aicpu Usage Rate(%)            : 0
	Ctrlcpu Usage Rate(%)          : 2
	DDR Bandwidth Usage Rate(%)    : 0
	HBM Bandwidth Usage Rate(%)    : 53
	NPU Utilization(%)             : 86
	Aicube Usage Rate(%)           : 70
	Get pid name failed.
	Process id:2090693 Process name:                  Process memory(MB):16026
Error: cannot run top on container aceaef212ad03c546a6eb710fca4fd3c10f869d0c7973db9955d514211247daa as it did not create a cgroup: this container does not have a cgroup
timestamp_ns=1785753505554440555
	DDR Capacity(MB)               : 0
	DDR Usage Rate(%)              : 0
	DDR Hugepages Total(page)      : 0
	DDR Hugepages Usage Rate(%)    : 0
	HBM Capacity(MB)               : 65536
	HBM Usage Rate(%)              : 29
	Aicore Usage Rate(%)           : 77
	Aivector Usage Rate(%)         : 4
	Aicpu Usage Rate(%)            : 0
	Ctrlcpu Usage Rate(%)          : 1
	DDR Bandwidth Usage Rate(%)    : 0
	HBM Bandwidth Usage Rate(%)    : 31
	NPU Utilization(%)             : 89
	Aicube Usage Rate(%)           : 70
	Get pid name failed.
	Process id:2090693 Process name:                  Process memory(MB):16026
Error: cannot run top on container aceaef212ad03c546a6eb710fca4fd3c10f869d0c7973db9955d514211247daa as it did not create a cgroup: this container does not have a cgroup
timestamp_ns=1785753507747322634
	DDR Capacity(MB)               : 0
	DDR Usage Rate(%)              : 0
	DDR Hugepages Total(page)      : 0
	DDR Hugepages Usage Rate(%)    : 0
	HBM Capacity(MB)               : 65536
	HBM Usage Rate(%)              : 29
	Aicore Usage Rate(%)           : 78
	Aivector Usage Rate(%)         : 4
	Aicpu Usage Rate(%)            : 0
	Ctrlcpu Usage Rate(%)          : 5
	DDR Bandwidth Usage Rate(%)    : 0
	HBM Bandwidth Usage Rate(%)    : 53
	NPU Utilization(%)             : 89
	Aicube Usage Rate(%)           : 71
	Get pid name failed.
	Process id:2090693 Process name:                  Process memory(MB):16026
Error: cannot run top on container aceaef212ad03c546a6eb710fca4fd3c10f869d0c7973db9955d514211247daa as it did not create a cgroup: this container does not have a cgroup
timestamp_ns=1785753509934372365
	DDR Capacity(MB)               : 0
	DDR Usage Rate(%)              : 0
	DDR Hugepages Total(page)      : 0
	DDR Hugepages Usage Rate(%)    : 0
	HBM Capacity(MB)               : 65536
	HBM Usage Rate(%)              : 29
	Aicore Usage Rate(%)           : 80
	Aivector Usage Rate(%)         : 5
	Aicpu Usage Rate(%)            : 0
	Ctrlcpu Usage Rate(%)          : 2
	DDR Bandwidth Usage Rate(%)    : 0
	HBM Bandwidth Usage Rate(%)    : 38
	NPU Utilization(%)             : 86
	Aicube Usage Rate(%)           : 73
	Get pid name failed.
	Process id:2090693 Process name:                  Process memory(MB):16026
Error: cannot run top on container aceaef212ad03c546a6eb710fca4fd3c10f869d0c7973db9955d514211247daa as it did not create a cgroup: this container does not have a cgroup
timestamp_ns=1785753512123252695
	DDR Capacity(MB)               : 0
	DDR Usage Rate(%)              : 0
	DDR Hugepages Total(page)      : 0
	DDR Hugepages Usage Rate(%)    : 0
	HBM Capacity(MB)               : 65536
	HBM Usage Rate(%)              : 29
	Aicore Usage Rate(%)           : 79
	Aivector Usage Rate(%)         : 5
	Aicpu Usage Rate(%)            : 0
	Ctrlcpu Usage Rate(%)          : 2
	DDR Bandwidth Usage Rate(%)    : 0
	HBM Bandwidth Usage Rate(%)    : 53
	NPU Utilization(%)             : 96
	Aicube Usage Rate(%)           : 71
	Get pid name failed.
	Process id:2090693 Process name:                  Process memory(MB):16026
Error: cannot run top on container aceaef212ad03c546a6eb710fca4fd3c10f869d0c7973db9955d514211247daa as it did not create a cgroup: this container does not have a cgroup
timestamp_ns=1785753514257393587
	DDR Capacity(MB)               : 0
	DDR Usage Rate(%)              : 0
	DDR Hugepages Total(page)      : 0
	DDR Hugepages Usage Rate(%)    : 0
	HBM Capacity(MB)               : 65536
	HBM Usage Rate(%)              : 29
	Aicore Usage Rate(%)           : 81
	Aivector Usage Rate(%)         : 5
	Aicpu Usage Rate(%)            : 0
	Ctrlcpu Usage Rate(%)          : 12
	DDR Bandwidth Usage Rate(%)    : 0
	HBM Bandwidth Usage Rate(%)    : 54
	NPU Utilization(%)             : 93
	Aicube Usage Rate(%)           : 73
	Get pid name failed.
	Process id:2090693 Process name:                  Process memory(MB):16026
Error: cannot run top on container aceaef212ad03c546a6eb710fca4fd3c10f869d0c7973db9955d514211247daa as it did not create a cgroup: this container does not have a cgroup
timestamp_ns=1785753516402322913
	DDR Capacity(MB)               : 0
	DDR Usage Rate(%)              : 0
	DDR Hugepages Total(page)      : 0
	DDR Hugepages Usage Rate(%)    : 0
	HBM Capacity(MB)               : 65536
	HBM Usage Rate(%)              : 29
	Aicore Usage Rate(%)           : 77
	Aivector Usage Rate(%)         : 4
	Aicpu Usage Rate(%)            : 0
	Ctrlcpu Usage Rate(%)          : 3
	DDR Bandwidth Usage Rate(%)    : 0
	HBM Bandwidth Usage Rate(%)    : 53
	NPU Utilization(%)             : 89
	Aicube Usage Rate(%)           : 70
	Get pid name failed.
	Process id:2090693 Process name:                  Process memory(MB):16026
Error: cannot run top on container aceaef212ad03c546a6eb710fca4fd3c10f869d0c7973db9955d514211247daa as it did not create a cgroup: this container does not have a cgroup
timestamp_ns=1785753518597069919
	DDR Capacity(MB)               : 0
	DDR Usage Rate(%)              : 0
	DDR Hugepages Total(page)      : 0
	DDR Hugepages Usage Rate(%)    : 0
	HBM Capacity(MB)               : 65536
	HBM Usage Rate(%)              : 29
	Aicore Usage Rate(%)           : 80
	Aivector Usage Rate(%)         : 5
	Aicpu Usage Rate(%)            : 0
	Ctrlcpu Usage Rate(%)          : 1
	DDR Bandwidth Usage Rate(%)    : 0
	HBM Bandwidth Usage Rate(%)    : 53
	NPU Utilization(%)             : 86
	Aicube Usage Rate(%)           : 72
	Get pid name failed.
	Process id:2090693 Process name:                  Process memory(MB):16026
Error: cannot run top on container aceaef212ad03c546a6eb710fca4fd3c10f869d0c7973db9955d514211247daa as it did not create a cgroup: this container does not have a cgroup
timestamp_ns=1785753520756101980
	DDR Capacity(MB)               : 0
	DDR Usage Rate(%)              : 0
	DDR Hugepages Total(page)      : 0
	DDR Hugepages Usage Rate(%)    : 0
	HBM Capacity(MB)               : 65536
	HBM Usage Rate(%)              : 29
	Aicore Usage Rate(%)           : 81
	Aivector Usage Rate(%)         : 5
	Aicpu Usage Rate(%)            : 0
	Ctrlcpu Usage Rate(%)          : 0
	DDR Bandwidth Usage Rate(%)    : 0
	HBM Bandwidth Usage Rate(%)    : 52
	NPU Utilization(%)             : 89
	Aicube Usage Rate(%)           : 73
	Get pid name failed.
	Process id:2090693 Process name:                  Process memory(MB):16026
Error: cannot run top on container aceaef212ad03c546a6eb710fca4fd3c10f869d0c7973db9955d514211247daa as it did not create a cgroup: this container does not have a cgroup
timestamp_ns=1785753522926236391
	DDR Capacity(MB)               : 0
	DDR Usage Rate(%)              : 0
	DDR Hugepages Total(page)      : 0
	DDR Hugepages Usage Rate(%)    : 0
	HBM Capacity(MB)               : 65536
	HBM Usage Rate(%)              : 29
	Aicore Usage Rate(%)           : 77
	Aivector Usage Rate(%)         : 4
	Aicpu Usage Rate(%)            : 0
	Ctrlcpu Usage Rate(%)          : 5
	DDR Bandwidth Usage Rate(%)    : 0
	HBM Bandwidth Usage Rate(%)    : 53
	NPU Utilization(%)             : 96
	Aicube Usage Rate(%)           : 71
	Get pid name failed.
	Process id:2090693 Process name:                  Process memory(MB):16026
Error: cannot run top on container aceaef212ad03c546a6eb710fca4fd3c10f869d0c7973db9955d514211247daa as it did not create a cgroup: this container does not have a cgroup
timestamp_ns=1785753525093586216
	DDR Capacity(MB)               : 0
	DDR Usage Rate(%)              : 0
	DDR Hugepages Total(page)      : 0
	DDR Hugepages Usage Rate(%)    : 0
	HBM Capacity(MB)               : 65536
	HBM Usage Rate(%)              : 29
	Aicore Usage Rate(%)           : 79
	Aivector Usage Rate(%)         : 4
	Aicpu Usage Rate(%)            : 0
	Ctrlcpu Usage Rate(%)          : 2
	DDR Bandwidth Usage Rate(%)    : 0
	HBM Bandwidth Usage Rate(%)    : 53
	NPU Utilization(%)             : 89
	Aicube Usage Rate(%)           : 71
	Get pid name failed.
	Process id:2090693 Process name:                  Process memory(MB):16026
Error: cannot run top on container aceaef212ad03c546a6eb710fca4fd3c10f869d0c7973db9955d514211247daa as it did not create a cgroup: this container does not have a cgroup
timestamp_ns=1785753527270591062
	DDR Capacity(MB)               : 0
	DDR Usage Rate(%)              : 0
	DDR Hugepages Total(page)      : 0
	DDR Hugepages Usage Rate(%)    : 0
	HBM Capacity(MB)               : 65536
	HBM Usage Rate(%)              : 29
	Aicore Usage Rate(%)           : 79
	Aivector Usage Rate(%)         : 5
	Aicpu Usage Rate(%)            : 0
	Ctrlcpu Usage Rate(%)          : 7
	DDR Bandwidth Usage Rate(%)    : 0
	HBM Bandwidth Usage Rate(%)    : 53
	NPU Utilization(%)             : 86
	Aicube Usage Rate(%)           : 72
	Get pid name failed.
	Process id:2090693 Process name:                  Process memory(MB):16026
Error: cannot run top on container aceaef212ad03c546a6eb710fca4fd3c10f869d0c7973db9955d514211247daa as it did not create a cgroup: this container does not have a cgroup
timestamp_ns=1785753529435706325
	DDR Capacity(MB)               : 0
	DDR Usage Rate(%)              : 0
	DDR Hugepages Total(page)      : 0
	DDR Hugepages Usage Rate(%)    : 0
	HBM Capacity(MB)               : 65536
	HBM Usage Rate(%)              : 29
	Aicore Usage Rate(%)           : 79
	Aivector Usage Rate(%)         : 5
	Aicpu Usage Rate(%)            : 0
	Ctrlcpu Usage Rate(%)          : 3
	DDR Bandwidth Usage Rate(%)    : 0
	HBM Bandwidth Usage Rate(%)    : 53
	NPU Utilization(%)             : 86
	Aicube Usage Rate(%)           : 72
	Get pid name failed.
	Process id:2090693 Process name:                  Process memory(MB):16026
Error: cannot run top on container aceaef212ad03c546a6eb710fca4fd3c10f869d0c7973db9955d514211247daa as it did not create a cgroup: this container does not have a cgroup
timestamp_ns=1785753531578797587
	DDR Capacity(MB)               : 0
	DDR Usage Rate(%)              : 0
	DDR Hugepages Total(page)      : 0
	DDR Hugepages Usage Rate(%)    : 0
	HBM Capacity(MB)               : 65536
	HBM Usage Rate(%)              : 29
	Aicore Usage Rate(%)           : 78
	Aivector Usage Rate(%)         : 5
	Aicpu Usage Rate(%)            : 0
	Ctrlcpu Usage Rate(%)          : 5
	DDR Bandwidth Usage Rate(%)    : 0
	HBM Bandwidth Usage Rate(%)    : 53
	NPU Utilization(%)             : 86
	Aicube Usage Rate(%)           : 71
	Get pid name failed.
	Process id:2090693 Process name:                  Process memory(MB):16026
Error: cannot run top on container aceaef212ad03c546a6eb710fca4fd3c10f869d0c7973db9955d514211247daa as it did not create a cgroup: this container does not have a cgroup
timestamp_ns=1785753533748117790
	DDR Capacity(MB)               : 0
	DDR Usage Rate(%)              : 0
	DDR Hugepages Total(page)      : 0
	DDR Hugepages Usage Rate(%)    : 0
	HBM Capacity(MB)               : 65536
	HBM Usage Rate(%)              : 29
	Aicore Usage Rate(%)           : 80
	Aivector Usage Rate(%)         : 5
	Aicpu Usage Rate(%)            : 0
	Ctrlcpu Usage Rate(%)          : 2
	DDR Bandwidth Usage Rate(%)    : 0
	HBM Bandwidth Usage Rate(%)    : 53
	NPU Utilization(%)             : 93
	Aicube Usage Rate(%)           : 72
	Get pid name failed.
	Process id:2090693 Process name:                  Process memory(MB):16026
Error: cannot run top on container aceaef212ad03c546a6eb710fca4fd3c10f869d0c7973db9955d514211247daa as it did not create a cgroup: this container does not have a cgroup
timestamp_ns=1785753535959605714
	DDR Capacity(MB)               : 0
	DDR Usage Rate(%)              : 0
	DDR Hugepages Total(page)      : 0
	DDR Hugepages Usage Rate(%)    : 0
	HBM Capacity(MB)               : 65536
	HBM Usage Rate(%)              : 29
	Aicore Usage Rate(%)           : 94
	Aivector Usage Rate(%)         : 15
	Aicpu Usage Rate(%)            : 0
	Ctrlcpu Usage Rate(%)          : 5
	DDR Bandwidth Usage Rate(%)    : 0
	HBM Bandwidth Usage Rate(%)    : 53
	NPU Utilization(%)             : 94
	Aicube Usage Rate(%)           : 76
	Get pid name failed.
	Process id:2090693 Process name:                  Process memory(MB):16026
Error: cannot run top on container aceaef212ad03c546a6eb710fca4fd3c10f869d0c7973db9955d514211247daa as it did not create a cgroup: this container does not have a cgroup
timestamp_ns=1785753538120032548
	DDR Capacity(MB)               : 0
	DDR Usage Rate(%)              : 0
	DDR Hugepages Total(page)      : 0
	DDR Hugepages Usage Rate(%)    : 0
	HBM Capacity(MB)               : 65536
	HBM Usage Rate(%)              : 29
	Aicore Usage Rate(%)           : 77
	Aivector Usage Rate(%)         : 4
	Aicpu Usage Rate(%)            : 0
	Ctrlcpu Usage Rate(%)          : 4
	DDR Bandwidth Usage Rate(%)    : 0
	HBM Bandwidth Usage Rate(%)    : 53
	NPU Utilization(%)             : 82
	Aicube Usage Rate(%)           : 70
	Get pid name failed.
	Process id:2090693 Process name:                  Process memory(MB):16026
Error: cannot run top on container aceaef212ad03c546a6eb710fca4fd3c10f869d0c7973db9955d514211247daa as it did not create a cgroup: this container does not have a cgroup
timestamp_ns=1785753540294538593
	DDR Capacity(MB)               : 0
	DDR Usage Rate(%)              : 0
	DDR Hugepages Total(page)      : 0
	DDR Hugepages Usage Rate(%)    : 0
	HBM Capacity(MB)               : 65536
	HBM Usage Rate(%)              : 29
	Aicore Usage Rate(%)           : 100
	Aivector Usage Rate(%)         : 24
	Aicpu Usage Rate(%)            : 0
	Ctrlcpu Usage Rate(%)          : 1
	DDR Bandwidth Usage Rate(%)    : 0
	HBM Bandwidth Usage Rate(%)    : 53
	NPU Utilization(%)             : 100
	Aicube Usage Rate(%)           : 86
	Get pid name failed.
	Process id:2090693 Process name:                  Process memory(MB):16026
Error: cannot run top on container aceaef212ad03c546a6eb710fca4fd3c10f869d0c7973db9955d514211247daa as it did not create a cgroup: this container does not have a cgroup
timestamp_ns=1785753542546055846
	DDR Capacity(MB)               : 0
	DDR Usage Rate(%)              : 0
	DDR Hugepages Total(page)      : 0
	DDR Hugepages Usage Rate(%)    : 0
	HBM Capacity(MB)               : 65536
	HBM Usage Rate(%)              : 29
	Aicore Usage Rate(%)           : 77
	Aivector Usage Rate(%)         : 5
	Aicpu Usage Rate(%)            : 0
	Ctrlcpu Usage Rate(%)          : 5
	DDR Bandwidth Usage Rate(%)    : 0
	HBM Bandwidth Usage Rate(%)    : 53
	NPU Utilization(%)             : 93
	Aicube Usage Rate(%)           : 71
	Get pid name failed.
	Process id:2090693 Process name:                  Process memory(MB):16026
Error: cannot run top on container aceaef212ad03c546a6eb710fca4fd3c10f869d0c7973db9955d514211247daa as it did not create a cgroup: this container does not have a cgroup
timestamp_ns=1785753544697341307
	DDR Capacity(MB)               : 0
	DDR Usage Rate(%)              : 0
	DDR Hugepages Total(page)      : 0
	DDR Hugepages Usage Rate(%)    : 0
	HBM Capacity(MB)               : 65536
	HBM Usage Rate(%)              : 29
	Aicore Usage Rate(%)           : 78
	Aivector Usage Rate(%)         : 4
	Aicpu Usage Rate(%)            : 0
	Ctrlcpu Usage Rate(%)          : 6
	DDR Bandwidth Usage Rate(%)    : 0
	HBM Bandwidth Usage Rate(%)    : 34
	NPU Utilization(%)             : 93
	Aicube Usage Rate(%)           : 71
	Get pid name failed.
	Process id:2090693 Process name:                  Process memory(MB):16026
Error: cannot run top on container aceaef212ad03c546a6eb710fca4fd3c10f869d0c7973db9955d514211247daa as it did not create a cgroup: this container does not have a cgroup
timestamp_ns=1785753546905977771
	DDR Capacity(MB)               : 0
	DDR Usage Rate(%)              : 0
	DDR Hugepages Total(page)      : 0
	DDR Hugepages Usage Rate(%)    : 0
	HBM Capacity(MB)               : 65536
	HBM Usage Rate(%)              : 29
	Aicore Usage Rate(%)           : 78
	Aivector Usage Rate(%)         : 5
	Aicpu Usage Rate(%)            : 0
	Ctrlcpu Usage Rate(%)          : 2
	DDR Bandwidth Usage Rate(%)    : 0
	HBM Bandwidth Usage Rate(%)    : 53
	NPU Utilization(%)             : 93
	Aicube Usage Rate(%)           : 71
	Get pid name failed.
	Process id:2090693 Process name:                  Process memory(MB):16026
Error: cannot run top on container aceaef212ad03c546a6eb710fca4fd3c10f869d0c7973db9955d514211247daa as it did not create a cgroup: this container does not have a cgroup
timestamp_ns=1785753549094098965
	DDR Capacity(MB)               : 0
	DDR Usage Rate(%)              : 0
	DDR Hugepages Total(page)      : 0
	DDR Hugepages Usage Rate(%)    : 0
	HBM Capacity(MB)               : 65536
	HBM Usage Rate(%)              : 29
	Aicore Usage Rate(%)           : 69
	Aivector Usage Rate(%)         : 4
	Aicpu Usage Rate(%)            : 0
	Ctrlcpu Usage Rate(%)          : 1
	DDR Bandwidth Usage Rate(%)    : 0
	HBM Bandwidth Usage Rate(%)    : 54
	NPU Utilization(%)             : 93
	Aicube Usage Rate(%)           : 63
	Get pid name failed.
	Process id:2090693 Process name:                  Process memory(MB):16026
Error: cannot run top on container aceaef212ad03c546a6eb710fca4fd3c10f869d0c7973db9955d514211247daa as it did not create a cgroup: this container does not have a cgroup
timestamp_ns=1785753551239903930
	DDR Capacity(MB)               : 0
	DDR Usage Rate(%)              : 0
	DDR Hugepages Total(page)      : 0
	DDR Hugepages Usage Rate(%)    : 0
	HBM Capacity(MB)               : 65536
	HBM Usage Rate(%)              : 29
	Aicore Usage Rate(%)           : 77
	Aivector Usage Rate(%)         : 4
	Aicpu Usage Rate(%)            : 0
	Ctrlcpu Usage Rate(%)          : 2
	DDR Bandwidth Usage Rate(%)    : 0
	HBM Bandwidth Usage Rate(%)    : 53
	NPU Utilization(%)             : 86
	Aicube Usage Rate(%)           : 71
	Get pid name failed.
	Process id:2090693 Process name:                  Process memory(MB):16026
Error: cannot run top on container aceaef212ad03c546a6eb710fca4fd3c10f869d0c7973db9955d514211247daa as it did not create a cgroup: this container does not have a cgroup
timestamp_ns=1785753553458346111
	DDR Capacity(MB)               : 0
	DDR Usage Rate(%)              : 0
	DDR Hugepages Total(page)      : 0
	DDR Hugepages Usage Rate(%)    : 0
	HBM Capacity(MB)               : 65536
	HBM Usage Rate(%)              : 29
	Aicore Usage Rate(%)           : 69
	Aivector Usage Rate(%)         : 4
	Aicpu Usage Rate(%)            : 0
	Ctrlcpu Usage Rate(%)          : 3
	DDR Bandwidth Usage Rate(%)    : 0
	HBM Bandwidth Usage Rate(%)    : 54
	NPU Utilization(%)             : 89
	Aicube Usage Rate(%)           : 62
	Get pid name failed.
	Process id:2090693 Process name:                  Process memory(MB):16026
Error: cannot run top on container aceaef212ad03c546a6eb710fca4fd3c10f869d0c7973db9955d514211247daa as it did not create a cgroup: this container does not have a cgroup
timestamp_ns=1785753555734858077
	DDR Capacity(MB)               : 0
	DDR Usage Rate(%)              : 0
	DDR Hugepages Total(page)      : 0
	DDR Hugepages Usage Rate(%)    : 0
	HBM Capacity(MB)               : 65536
	HBM Usage Rate(%)              : 29
	Aicore Usage Rate(%)           : 78
	Aivector Usage Rate(%)         : 4
	Aicpu Usage Rate(%)            : 0
	Ctrlcpu Usage Rate(%)          : 2
	DDR Bandwidth Usage Rate(%)    : 0
	HBM Bandwidth Usage Rate(%)    : 53
	NPU Utilization(%)             : 89
	Aicube Usage Rate(%)           : 71
	Get pid name failed.
	Process id:2090693 Process name:                  Process memory(MB):16026
Error: cannot run top on container aceaef212ad03c546a6eb710fca4fd3c10f869d0c7973db9955d514211247daa as it did not create a cgroup: this container does not have a cgroup
timestamp_ns=1785753557992534918
	DDR Capacity(MB)               : 0
	DDR Usage Rate(%)              : 0
	DDR Hugepages Total(page)      : 0
	DDR Hugepages Usage Rate(%)    : 0
	HBM Capacity(MB)               : 65536
	HBM Usage Rate(%)              : 29
	Aicore Usage Rate(%)           : 77
	Aivector Usage Rate(%)         : 5
	Aicpu Usage Rate(%)            : 0
	Ctrlcpu Usage Rate(%)          : 3
	DDR Bandwidth Usage Rate(%)    : 0
	HBM Bandwidth Usage Rate(%)    : 54
	NPU Utilization(%)             : 93
	Aicube Usage Rate(%)           : 71
	Get pid name failed.
	Process id:2090693 Process name:                  Process memory(MB):16026
Error: cannot run top on container aceaef212ad03c546a6eb710fca4fd3c10f869d0c7973db9955d514211247daa as it did not create a cgroup: this container does not have a cgroup
timestamp_ns=1785753560167281536
	DDR Capacity(MB)               : 0
	DDR Usage Rate(%)              : 0
	DDR Hugepages Total(page)      : 0
	DDR Hugepages Usage Rate(%)    : 0
	HBM Capacity(MB)               : 65536
	HBM Usage Rate(%)              : 29
	Aicore Usage Rate(%)           : 80
	Aivector Usage Rate(%)         : 5
	Aicpu Usage Rate(%)            : 0
	Ctrlcpu Usage Rate(%)          : 5
	DDR Bandwidth Usage Rate(%)    : 0
	HBM Bandwidth Usage Rate(%)    : 54
	NPU Utilization(%)             : 89
	Aicube Usage Rate(%)           : 72
	Get pid name failed.
	Process id:2090693 Process name:                  Process memory(MB):16026
Error: cannot run top on container aceaef212ad03c546a6eb710fca4fd3c10f869d0c7973db9955d514211247daa as it did not create a cgroup: this container does not have a cgroup
timestamp_ns=1785753562338840892
	DDR Capacity(MB)               : 0
	DDR Usage Rate(%)              : 0
	DDR Hugepages Total(page)      : 0
	DDR Hugepages Usage Rate(%)    : 0
	HBM Capacity(MB)               : 65536
	HBM Usage Rate(%)              : 29
	Aicore Usage Rate(%)           : 78
	Aivector Usage Rate(%)         : 5
	Aicpu Usage Rate(%)            : 0
	Ctrlcpu Usage Rate(%)          : 3
	DDR Bandwidth Usage Rate(%)    : 0
	HBM Bandwidth Usage Rate(%)    : 54
	NPU Utilization(%)             : 93
	Aicube Usage Rate(%)           : 71
	Get pid name failed.
	Process id:2090693 Process name:                  Process memory(MB):16026
Error: cannot run top on container aceaef212ad03c546a6eb710fca4fd3c10f869d0c7973db9955d514211247daa as it did not create a cgroup: this container does not have a cgroup
timestamp_ns=1785753564483167230
	DDR Capacity(MB)               : 0
	DDR Usage Rate(%)              : 0
	DDR Hugepages Total(page)      : 0
	DDR Hugepages Usage Rate(%)    : 0
	HBM Capacity(MB)               : 65536
	HBM Usage Rate(%)              : 29
	Aicore Usage Rate(%)           : 77
	Aivector Usage Rate(%)         : 5
	Aicpu Usage Rate(%)            : 0
	Ctrlcpu Usage Rate(%)          : 5
	DDR Bandwidth Usage Rate(%)    : 0
	HBM Bandwidth Usage Rate(%)    : 53
	NPU Utilization(%)             : 93
	Aicube Usage Rate(%)           : 71
	Get pid name failed.
	Process id:2090693 Process name:                  Process memory(MB):16026
Error: cannot run top on container aceaef212ad03c546a6eb710fca4fd3c10f869d0c7973db9955d514211247daa as it did not create a cgroup: this container does not have a cgroup
timestamp_ns=1785753566674393424
	DDR Capacity(MB)               : 0
	DDR Usage Rate(%)              : 0
	DDR Hugepages Total(page)      : 0
	DDR Hugepages Usage Rate(%)    : 0
	HBM Capacity(MB)               : 65536
	HBM Usage Rate(%)              : 29
	Aicore Usage Rate(%)           : 78
	Aivector Usage Rate(%)         : 5
	Aicpu Usage Rate(%)            : 0
	Ctrlcpu Usage Rate(%)          : 0
	DDR Bandwidth Usage Rate(%)    : 0
	HBM Bandwidth Usage Rate(%)    : 53
	NPU Utilization(%)             : 93
	Aicube Usage Rate(%)           : 71
	Get pid name failed.
	Process id:2090693 Process name:                  Process memory(MB):16026
Error: cannot run top on container aceaef212ad03c546a6eb710fca4fd3c10f869d0c7973db9955d514211247daa as it did not create a cgroup: this container does not have a cgroup
timestamp_ns=1785753568826064128
	DDR Capacity(MB)               : 0
	DDR Usage Rate(%)              : 0
	DDR Hugepages Total(page)      : 0
	DDR Hugepages Usage Rate(%)    : 0
	HBM Capacity(MB)               : 65536
	HBM Usage Rate(%)              : 29
	Aicore Usage Rate(%)           : 79
	Aivector Usage Rate(%)         : 5
	Aicpu Usage Rate(%)            : 0
	Ctrlcpu Usage Rate(%)          : 5
	DDR Bandwidth Usage Rate(%)    : 0
	HBM Bandwidth Usage Rate(%)    : 53
	NPU Utilization(%)             : 93
	Aicube Usage Rate(%)           : 72
	Get pid name failed.
	Process id:2090693 Process name:                  Process memory(MB):16026
Error: cannot run top on container aceaef212ad03c546a6eb710fca4fd3c10f869d0c7973db9955d514211247daa as it did not create a cgroup: this container does not have a cgroup
timestamp_ns=1785753571021197396
	DDR Capacity(MB)               : 0
	DDR Usage Rate(%)              : 0
	DDR Hugepages Total(page)      : 0
	DDR Hugepages Usage Rate(%)    : 0
	HBM Capacity(MB)               : 65536
	HBM Usage Rate(%)              : 29
	Aicore Usage Rate(%)           : 78
	Aivector Usage Rate(%)         : 5
	Aicpu Usage Rate(%)            : 0
	Ctrlcpu Usage Rate(%)          : 2
	DDR Bandwidth Usage Rate(%)    : 0
	HBM Bandwidth Usage Rate(%)    : 53
	NPU Utilization(%)             : 96
	Aicube Usage Rate(%)           : 71
	Get pid name failed.
	Process id:2090693 Process name:                  Process memory(MB):16026
Error: cannot run top on container aceaef212ad03c546a6eb710fca4fd3c10f869d0c7973db9955d514211247daa as it did not create a cgroup: this container does not have a cgroup
timestamp_ns=1785753573329972380
	DDR Capacity(MB)               : 0
	DDR Usage Rate(%)              : 0
	DDR Hugepages Total(page)      : 0
	DDR Hugepages Usage Rate(%)    : 0
	HBM Capacity(MB)               : 65536
	HBM Usage Rate(%)              : 29
	Aicore Usage Rate(%)           : 80
	Aivector Usage Rate(%)         : 5
	Aicpu Usage Rate(%)            : 0
	Ctrlcpu Usage Rate(%)          : 1
	DDR Bandwidth Usage Rate(%)    : 0
	HBM Bandwidth Usage Rate(%)    : 53
	NPU Utilization(%)             : 86
	Aicube Usage Rate(%)           : 72
	Get pid name failed.
	Process id:2090693 Process name:                  Process memory(MB):16026
Error: cannot run top on container aceaef212ad03c546a6eb710fca4fd3c10f869d0c7973db9955d514211247daa as it did not create a cgroup: this container does not have a cgroup
timestamp_ns=1785753575499276973
	DDR Capacity(MB)               : 0
	DDR Usage Rate(%)              : 0
	DDR Hugepages Total(page)      : 0
	DDR Hugepages Usage Rate(%)    : 0
	HBM Capacity(MB)               : 65536
	HBM Usage Rate(%)              : 29
	Aicore Usage Rate(%)           : 77
	Aivector Usage Rate(%)         : 5
	Aicpu Usage Rate(%)            : 0
	Ctrlcpu Usage Rate(%)          : 3
	DDR Bandwidth Usage Rate(%)    : 0
	HBM Bandwidth Usage Rate(%)    : 52
	NPU Utilization(%)             : 82
	Aicube Usage Rate(%)           : 70
	Get pid name failed.
	Process id:2090693 Process name:                  Process memory(MB):16026
Error: cannot run top on container aceaef212ad03c546a6eb710fca4fd3c10f869d0c7973db9955d514211247daa as it did not create a cgroup: this container does not have a cgroup
timestamp_ns=1785753577736005271
	DDR Capacity(MB)               : 0
	DDR Usage Rate(%)              : 0
	DDR Hugepages Total(page)      : 0
	DDR Hugepages Usage Rate(%)    : 0
	HBM Capacity(MB)               : 65536
	HBM Usage Rate(%)              : 29
	Aicore Usage Rate(%)           : 78
	Aivector Usage Rate(%)         : 4
	Aicpu Usage Rate(%)            : 0
	Ctrlcpu Usage Rate(%)          : 7
	DDR Bandwidth Usage Rate(%)    : 0
	HBM Bandwidth Usage Rate(%)    : 50
	NPU Utilization(%)             : 86
	Aicube Usage Rate(%)           : 70
	Get pid name failed.
	Process id:2090693 Process name:                  Process memory(MB):16026
Error: cannot run top on container aceaef212ad03c546a6eb710fca4fd3c10f869d0c7973db9955d514211247daa as it did not create a cgroup: this container does not have a cgroup
timestamp_ns=1785753579927502024
	DDR Capacity(MB)               : 0
	DDR Usage Rate(%)              : 0
	DDR Hugepages Total(page)      : 0
	DDR Hugepages Usage Rate(%)    : 0
	HBM Capacity(MB)               : 65536
	HBM Usage Rate(%)              : 29
	Aicore Usage Rate(%)           : 76
	Aivector Usage Rate(%)         : 4
	Aicpu Usage Rate(%)            : 0
	Ctrlcpu Usage Rate(%)          : 3
	DDR Bandwidth Usage Rate(%)    : 0
	HBM Bandwidth Usage Rate(%)    : 53
	NPU Utilization(%)             : 89
	Aicube Usage Rate(%)           : 70
	Get pid name failed.
	Process id:2090693 Process name:                  Process memory(MB):16026
Error: cannot run top on container aceaef212ad03c546a6eb710fca4fd3c10f869d0c7973db9955d514211247daa as it did not create a cgroup: this container does not have a cgroup
timestamp_ns=1785753582089708719
	DDR Capacity(MB)               : 0
	DDR Usage Rate(%)              : 0
	DDR Hugepages Total(page)      : 0
	DDR Hugepages Usage Rate(%)    : 0
	HBM Capacity(MB)               : 65536
	HBM Usage Rate(%)              : 29
	Aicore Usage Rate(%)           : 78
	Aivector Usage Rate(%)         : 4
	Aicpu Usage Rate(%)            : 0
	Ctrlcpu Usage Rate(%)          : 2
	DDR Bandwidth Usage Rate(%)    : 0
	HBM Bandwidth Usage Rate(%)    : 49
	NPU Utilization(%)             : 93
	Aicube Usage Rate(%)           : 70
	Get pid name failed.
	Process id:2090693 Process name:                  Process memory(MB):16026
Error: cannot run top on container aceaef212ad03c546a6eb710fca4fd3c10f869d0c7973db9955d514211247daa as it did not create a cgroup: this container does not have a cgroup
timestamp_ns=1785753584264547005
	DDR Capacity(MB)               : 0
	DDR Usage Rate(%)              : 0
	DDR Hugepages Total(page)      : 0
	DDR Hugepages Usage Rate(%)    : 0
	HBM Capacity(MB)               : 65536
	HBM Usage Rate(%)              : 29
	Aicore Usage Rate(%)           : 76
	Aivector Usage Rate(%)         : 4
	Aicpu Usage Rate(%)            : 0
	Ctrlcpu Usage Rate(%)          : 6
	DDR Bandwidth Usage Rate(%)    : 0
	HBM Bandwidth Usage Rate(%)    : 18
	NPU Utilization(%)             : 89
	Aicube Usage Rate(%)           : 70
	Get pid name failed.
	Process id:2090693 Process name:                  Process memory(MB):16026
Error: cannot run top on container aceaef212ad03c546a6eb710fca4fd3c10f869d0c7973db9955d514211247daa as it did not create a cgroup: this container does not have a cgroup
timestamp_ns=1785753586469902080
	DDR Capacity(MB)               : 0
	DDR Usage Rate(%)              : 0
	DDR Hugepages Total(page)      : 0
	DDR Hugepages Usage Rate(%)    : 0
	HBM Capacity(MB)               : 65536
	HBM Usage Rate(%)              : 29
	Aicore Usage Rate(%)           : 54
	Aivector Usage Rate(%)         : 12
	Aicpu Usage Rate(%)            : 0
	Ctrlcpu Usage Rate(%)          : 5
	DDR Bandwidth Usage Rate(%)    : 0
	HBM Bandwidth Usage Rate(%)    : 47
	NPU Utilization(%)             : 75
	Aicube Usage Rate(%)           : 41
	Get pid name failed.
	Process id:2090693 Process name:                  Process memory(MB):16026
Error: cannot run top on container aceaef212ad03c546a6eb710fca4fd3c10f869d0c7973db9955d514211247daa as it did not create a cgroup: this container does not have a cgroup
timestamp_ns=1785753588679213158
	DDR Capacity(MB)               : 0
	DDR Usage Rate(%)              : 0
	DDR Hugepages Total(page)      : 0
	DDR Hugepages Usage Rate(%)    : 0
	HBM Capacity(MB)               : 65536
	HBM Usage Rate(%)              : 29
	Aicore Usage Rate(%)           : 77
	Aivector Usage Rate(%)         : 5
	Aicpu Usage Rate(%)            : 0
	Ctrlcpu Usage Rate(%)          : 2
	DDR Bandwidth Usage Rate(%)    : 0
	HBM Bandwidth Usage Rate(%)    : 53
	NPU Utilization(%)             : 82
	Aicube Usage Rate(%)           : 71
	Get pid name failed.
	Process id:2090693 Process name:                  Process memory(MB):16026
Error: cannot run top on container aceaef212ad03c546a6eb710fca4fd3c10f869d0c7973db9955d514211247daa as it did not create a cgroup: this container does not have a cgroup
timestamp_ns=1785753590871061231
	DDR Capacity(MB)               : 0
	DDR Usage Rate(%)              : 0
	DDR Hugepages Total(page)      : 0
	DDR Hugepages Usage Rate(%)    : 0
	HBM Capacity(MB)               : 65536
	HBM Usage Rate(%)              : 29
	Aicore Usage Rate(%)           : 76
	Aivector Usage Rate(%)         : 11
	Aicpu Usage Rate(%)            : 0
	Ctrlcpu Usage Rate(%)          : 6
	DDR Bandwidth Usage Rate(%)    : 0
	HBM Bandwidth Usage Rate(%)    : 52
	NPU Utilization(%)             : 96
	Aicube Usage Rate(%)           : 62
	Get pid name failed.
	Process id:2090693 Process name:                  Process memory(MB):16026
Error: cannot run top on container aceaef212ad03c546a6eb710fca4fd3c10f869d0c7973db9955d514211247daa as it did not create a cgroup: this container does not have a cgroup
timestamp_ns=1785753593031636205
	DDR Capacity(MB)               : 0
	DDR Usage Rate(%)              : 0
	DDR Hugepages Total(page)      : 0
	DDR Hugepages Usage Rate(%)    : 0
	HBM Capacity(MB)               : 65536
	HBM Usage Rate(%)              : 29
	Aicore Usage Rate(%)           : 76
	Aivector Usage Rate(%)         : 5
	Aicpu Usage Rate(%)            : 0
	Ctrlcpu Usage Rate(%)          : 1
	DDR Bandwidth Usage Rate(%)    : 0
	HBM Bandwidth Usage Rate(%)    : 53
	NPU Utilization(%)             : 93
	Aicube Usage Rate(%)           : 70
	Get pid name failed.
	Process id:2090693 Process name:                  Process memory(MB):16026
Error: cannot run top on container aceaef212ad03c546a6eb710fca4fd3c10f869d0c7973db9955d514211247daa as it did not create a cgroup: this container does not have a cgroup
timestamp_ns=1785753595226642358
	DDR Capacity(MB)               : 0
	DDR Usage Rate(%)              : 0
	DDR Hugepages Total(page)      : 0
	DDR Hugepages Usage Rate(%)    : 0
	HBM Capacity(MB)               : 65536
	HBM Usage Rate(%)              : 29
	Aicore Usage Rate(%)           : 81
	Aivector Usage Rate(%)         : 6
	Aicpu Usage Rate(%)            : 0
	Ctrlcpu Usage Rate(%)          : 1
	DDR Bandwidth Usage Rate(%)    : 0
	HBM Bandwidth Usage Rate(%)    : 54
	NPU Utilization(%)             : 100
	Aicube Usage Rate(%)           : 73
	Get pid name failed.
	Process id:2090693 Process name:                  Process memory(MB):16026
Error: cannot run top on container aceaef212ad03c546a6eb710fca4fd3c10f869d0c7973db9955d514211247daa as it did not create a cgroup: this container does not have a cgroup
timestamp_ns=1785753597424762447
	DDR Capacity(MB)               : 0
	DDR Usage Rate(%)              : 0
	DDR Hugepages Total(page)      : 0
	DDR Hugepages Usage Rate(%)    : 0
	HBM Capacity(MB)               : 65536
	HBM Usage Rate(%)              : 29
	Aicore Usage Rate(%)           : 79
	Aivector Usage Rate(%)         : 5
	Aicpu Usage Rate(%)            : 0
	Ctrlcpu Usage Rate(%)          : 2
	DDR Bandwidth Usage Rate(%)    : 0
	HBM Bandwidth Usage Rate(%)    : 53
	NPU Utilization(%)             : 89
	Aicube Usage Rate(%)           : 71
	Get pid name failed.
	Process id:2090693 Process name:                  Process memory(MB):16026
Error: cannot run top on container aceaef212ad03c546a6eb710fca4fd3c10f869d0c7973db9955d514211247daa as it did not create a cgroup: this container does not have a cgroup
timestamp_ns=1785753599604049783
	DDR Capacity(MB)               : 0
	DDR Usage Rate(%)              : 0
	DDR Hugepages Total(page)      : 0
	DDR Hugepages Usage Rate(%)    : 0
	HBM Capacity(MB)               : 65536
	HBM Usage Rate(%)              : 29
	Aicore Usage Rate(%)           : 79
	Aivector Usage Rate(%)         : 5
	Aicpu Usage Rate(%)            : 0
	Ctrlcpu Usage Rate(%)          : 7
	DDR Bandwidth Usage Rate(%)    : 0
	HBM Bandwidth Usage Rate(%)    : 53
	NPU Utilization(%)             : 96
	Aicube Usage Rate(%)           : 71
	Get pid name failed.
	Process id:2090693 Process name:                  Process memory(MB):16026
Error: cannot run top on container aceaef212ad03c546a6eb710fca4fd3c10f869d0c7973db9955d514211247daa as it did not create a cgroup: this container does not have a cgroup
timestamp_ns=1785753601753832617
	DDR Capacity(MB)               : 0
	DDR Usage Rate(%)              : 0
	DDR Hugepages Total(page)      : 0
	DDR Hugepages Usage Rate(%)    : 0
	HBM Capacity(MB)               : 65536
	HBM Usage Rate(%)              : 29
	Aicore Usage Rate(%)           : 79
	Aivector Usage Rate(%)         : 5
	Aicpu Usage Rate(%)            : 0
	Ctrlcpu Usage Rate(%)          : 1
	DDR Bandwidth Usage Rate(%)    : 0
	HBM Bandwidth Usage Rate(%)    : 54
	NPU Utilization(%)             : 89
	Aicube Usage Rate(%)           : 72
	Get pid name failed.
	Process id:2090693 Process name:                  Process memory(MB):16026
Error: cannot run top on container aceaef212ad03c546a6eb710fca4fd3c10f869d0c7973db9955d514211247daa as it did not create a cgroup: this container does not have a cgroup
timestamp_ns=1785753603897390388
	DDR Capacity(MB)               : 0
	DDR Usage Rate(%)              : 0
	DDR Hugepages Total(page)      : 0
	DDR Hugepages Usage Rate(%)    : 0
	HBM Capacity(MB)               : 65536
	HBM Usage Rate(%)              : 29
	Aicore Usage Rate(%)           : 77
	Aivector Usage Rate(%)         : 5
	Aicpu Usage Rate(%)            : 0
	Ctrlcpu Usage Rate(%)          : 5
	DDR Bandwidth Usage Rate(%)    : 0
	HBM Bandwidth Usage Rate(%)    : 53
	NPU Utilization(%)             : 86
	Aicube Usage Rate(%)           : 70
	Get pid name failed.
	Process id:2090693 Process name:                  Process memory(MB):16026
Error: cannot run top on container aceaef212ad03c546a6eb710fca4fd3c10f869d0c7973db9955d514211247daa as it did not create a cgroup: this container does not have a cgroup
timestamp_ns=1785753606056506639
	DDR Capacity(MB)               : 0
	DDR Usage Rate(%)              : 0
	DDR Hugepages Total(page)      : 0
	DDR Hugepages Usage Rate(%)    : 0
	HBM Capacity(MB)               : 65536
	HBM Usage Rate(%)              : 29
	Aicore Usage Rate(%)           : 78
	Aivector Usage Rate(%)         : 5
	Aicpu Usage Rate(%)            : 0
	Ctrlcpu Usage Rate(%)          : 3
	DDR Bandwidth Usage Rate(%)    : 0
	HBM Bandwidth Usage Rate(%)    : 53
	NPU Utilization(%)             : 96
	Aicube Usage Rate(%)           : 72
	Get pid name failed.
	Process id:2090693 Process name:                  Process memory(MB):16026
Error: cannot run top on container aceaef212ad03c546a6eb710fca4fd3c10f869d0c7973db9955d514211247daa as it did not create a cgroup: this container does not have a cgroup
timestamp_ns=1785753608221563716
	DDR Capacity(MB)               : 0
	DDR Usage Rate(%)              : 0
	DDR Hugepages Total(page)      : 0
	DDR Hugepages Usage Rate(%)    : 0
	HBM Capacity(MB)               : 65536
	HBM Usage Rate(%)              : 29
	Aicore Usage Rate(%)           : 77
	Aivector Usage Rate(%)         : 5
	Aicpu Usage Rate(%)            : 0
	Ctrlcpu Usage Rate(%)          : 1
	DDR Bandwidth Usage Rate(%)    : 0
	HBM Bandwidth Usage Rate(%)    : 53
	NPU Utilization(%)             : 86
	Aicube Usage Rate(%)           : 71
	Get pid name failed.
	Process id:2090693 Process name:                  Process memory(MB):16026
Error: cannot run top on container aceaef212ad03c546a6eb710fca4fd3c10f869d0c7973db9955d514211247daa as it did not create a cgroup: this container does not have a cgroup
timestamp_ns=1785753610371782231
	DDR Capacity(MB)               : 0
	DDR Usage Rate(%)              : 0
	DDR Hugepages Total(page)      : 0
	DDR Hugepages Usage Rate(%)    : 0
	HBM Capacity(MB)               : 65536
	HBM Usage Rate(%)              : 29
	Aicore Usage Rate(%)           : 78
	Aivector Usage Rate(%)         : 4
	Aicpu Usage Rate(%)            : 0
	Ctrlcpu Usage Rate(%)          : 1
	DDR Bandwidth Usage Rate(%)    : 0
	HBM Bandwidth Usage Rate(%)    : 53
	NPU Utilization(%)             : 89
	Aicube Usage Rate(%)           : 71
	Get pid name failed.
	Process id:2090693 Process name:                  Process memory(MB):16026
Error: cannot run top on container aceaef212ad03c546a6eb710fca4fd3c10f869d0c7973db9955d514211247daa as it did not create a cgroup: this container does not have a cgroup
timestamp_ns=1785753612549642096
	DDR Capacity(MB)               : 0
	DDR Usage Rate(%)              : 0
	DDR Hugepages Total(page)      : 0
	DDR Hugepages Usage Rate(%)    : 0
	HBM Capacity(MB)               : 65536
	HBM Usage Rate(%)              : 29
	Aicore Usage Rate(%)           : 78
	Aivector Usage Rate(%)         : 5
	Aicpu Usage Rate(%)            : 0
	Ctrlcpu Usage Rate(%)          : 4
	DDR Bandwidth Usage Rate(%)    : 0
	HBM Bandwidth Usage Rate(%)    : 53
	NPU Utilization(%)             : 96
	Aicube Usage Rate(%)           : 71
	Get pid name failed.
	Process id:2090693 Process name:                  Process memory(MB):16026
Error: cannot run top on container aceaef212ad03c546a6eb710fca4fd3c10f869d0c7973db9955d514211247daa as it did not create a cgroup: this container does not have a cgroup
timestamp_ns=1785753614736243492
	DDR Capacity(MB)               : 0
	DDR Usage Rate(%)              : 0
	DDR Hugepages Total(page)      : 0
	DDR Hugepages Usage Rate(%)    : 0
	HBM Capacity(MB)               : 65536
	HBM Usage Rate(%)              : 29
	Aicore Usage Rate(%)           : 79
	Aivector Usage Rate(%)         : 5
	Aicpu Usage Rate(%)            : 0
	Ctrlcpu Usage Rate(%)          : 6
	DDR Bandwidth Usage Rate(%)    : 0
	HBM Bandwidth Usage Rate(%)    : 53
	NPU Utilization(%)             : 96
	Aicube Usage Rate(%)           : 71
	Get pid name failed.
	Process id:2090693 Process name:                  Process memory(MB):16026
Error: cannot run top on container aceaef212ad03c546a6eb710fca4fd3c10f869d0c7973db9955d514211247daa as it did not create a cgroup: this container does not have a cgroup
timestamp_ns=1785753616887986188
	DDR Capacity(MB)               : 0
	DDR Usage Rate(%)              : 0
	DDR Hugepages Total(page)      : 0
	DDR Hugepages Usage Rate(%)    : 0
	HBM Capacity(MB)               : 65536
	HBM Usage Rate(%)              : 29
	Aicore Usage Rate(%)           : 77
	Aivector Usage Rate(%)         : 5
	Aicpu Usage Rate(%)            : 0
	Ctrlcpu Usage Rate(%)          : 5
	DDR Bandwidth Usage Rate(%)    : 0
	HBM Bandwidth Usage Rate(%)    : 23
	NPU Utilization(%)             : 86
	Aicube Usage Rate(%)           : 71
	Get pid name failed.
	Process id:2090693 Process name:                  Process memory(MB):16026
Error: cannot run top on container aceaef212ad03c546a6eb710fca4fd3c10f869d0c7973db9955d514211247daa as it did not create a cgroup: this container does not have a cgroup
timestamp_ns=1785753619066842802
	DDR Capacity(MB)               : 0
	DDR Usage Rate(%)              : 0
	DDR Hugepages Total(page)      : 0
	DDR Hugepages Usage Rate(%)    : 0
	HBM Capacity(MB)               : 65536
	HBM Usage Rate(%)              : 29
	Aicore Usage Rate(%)           : 77
	Aivector Usage Rate(%)         : 5
	Aicpu Usage Rate(%)            : 0
	Ctrlcpu Usage Rate(%)          : 5
	DDR Bandwidth Usage Rate(%)    : 0
	HBM Bandwidth Usage Rate(%)    : 53
	NPU Utilization(%)             : 100
	Aicube Usage Rate(%)           : 71
	Get pid name failed.
	Process id:2090693 Process name:                  Process memory(MB):16026
Error: cannot run top on container aceaef212ad03c546a6eb710fca4fd3c10f869d0c7973db9955d514211247daa as it did not create a cgroup: this container does not have a cgroup
timestamp_ns=1785753621217011103
	DDR Capacity(MB)               : 0
	DDR Usage Rate(%)              : 0
	DDR Hugepages Total(page)      : 0
	DDR Hugepages Usage Rate(%)    : 0
	HBM Capacity(MB)               : 65536
	HBM Usage Rate(%)              : 29
	Aicore Usage Rate(%)           : 76
	Aivector Usage Rate(%)         : 4
	Aicpu Usage Rate(%)            : 0
	Ctrlcpu Usage Rate(%)          : 4
	DDR Bandwidth Usage Rate(%)    : 0
	HBM Bandwidth Usage Rate(%)    : 43
	NPU Utilization(%)             : 93
	Aicube Usage Rate(%)           : 69
	Get pid name failed.
	Process id:2090693 Process name:                  Process memory(MB):16026
Error: cannot run top on container aceaef212ad03c546a6eb710fca4fd3c10f869d0c7973db9955d514211247daa as it did not create a cgroup: this container does not have a cgroup
timestamp_ns=1785753623381960638
	DDR Capacity(MB)               : 0
	DDR Usage Rate(%)              : 0
	DDR Hugepages Total(page)      : 0
	DDR Hugepages Usage Rate(%)    : 0
	HBM Capacity(MB)               : 65536
	HBM Usage Rate(%)              : 29
	Aicore Usage Rate(%)           : 77
	Aivector Usage Rate(%)         : 5
	Aicpu Usage Rate(%)            : 0
	Ctrlcpu Usage Rate(%)          : 1
	DDR Bandwidth Usage Rate(%)    : 0
	HBM Bandwidth Usage Rate(%)    : 50
	NPU Utilization(%)             : 86
	Aicube Usage Rate(%)           : 71
	Get pid name failed.
	Process id:2090693 Process name:                  Process memory(MB):16026
Error: cannot run top on container aceaef212ad03c546a6eb710fca4fd3c10f869d0c7973db9955d514211247daa as it did not create a cgroup: this container does not have a cgroup
timestamp_ns=1785753625544403646
	DDR Capacity(MB)               : 0
	DDR Usage Rate(%)              : 0
	DDR Hugepages Total(page)      : 0
	DDR Hugepages Usage Rate(%)    : 0
	HBM Capacity(MB)               : 65536
	HBM Usage Rate(%)              : 29
	Aicore Usage Rate(%)           : 77
	Aivector Usage Rate(%)         : 5
	Aicpu Usage Rate(%)            : 0
	Ctrlcpu Usage Rate(%)          : 2
	DDR Bandwidth Usage Rate(%)    : 0
	HBM Bandwidth Usage Rate(%)    : 53
	NPU Utilization(%)             : 86
	Aicube Usage Rate(%)           : 71
	Get pid name failed.
	Process id:2090693 Process name:                  Process memory(MB):16026
Error: cannot run top on container aceaef212ad03c546a6eb710fca4fd3c10f869d0c7973db9955d514211247daa as it did not create a cgroup: this container does not have a cgroup
timestamp_ns=1785753627699367254
	DDR Capacity(MB)               : 0
	DDR Usage Rate(%)              : 0
	DDR Hugepages Total(page)      : 0
	DDR Hugepages Usage Rate(%)    : 0
	HBM Capacity(MB)               : 65536
	HBM Usage Rate(%)              : 29
	Aicore Usage Rate(%)           : 80
	Aivector Usage Rate(%)         : 5
	Aicpu Usage Rate(%)            : 0
	Ctrlcpu Usage Rate(%)          : 2
	DDR Bandwidth Usage Rate(%)    : 0
	HBM Bandwidth Usage Rate(%)    : 53
	NPU Utilization(%)             : 86
	Aicube Usage Rate(%)           : 73
	Get pid name failed.
	Process id:2090693 Process name:                  Process memory(MB):16026
Error: cannot run top on container aceaef212ad03c546a6eb710fca4fd3c10f869d0c7973db9955d514211247daa as it did not create a cgroup: this container does not have a cgroup
timestamp_ns=1785753629887002974
	DDR Capacity(MB)               : 0
	DDR Usage Rate(%)              : 0
	DDR Hugepages Total(page)      : 0
	DDR Hugepages Usage Rate(%)    : 0
	HBM Capacity(MB)               : 65536
	HBM Usage Rate(%)              : 29
	Aicore Usage Rate(%)           : 80
	Aivector Usage Rate(%)         : 5
	Aicpu Usage Rate(%)            : 0
	Ctrlcpu Usage Rate(%)          : 4
	DDR Bandwidth Usage Rate(%)    : 0
	HBM Bandwidth Usage Rate(%)    : 53
	NPU Utilization(%)             : 89
	Aicube Usage Rate(%)           : 73
	Get pid name failed.
	Process id:2090693 Process name:                  Process memory(MB):16026
Error: cannot run top on container aceaef212ad03c546a6eb710fca4fd3c10f869d0c7973db9955d514211247daa as it did not create a cgroup: this container does not have a cgroup
timestamp_ns=1785753632028283409
	DDR Capacity(MB)               : 0
	DDR Usage Rate(%)              : 0
	DDR Hugepages Total(page)      : 0
	DDR Hugepages Usage Rate(%)    : 0
	HBM Capacity(MB)               : 65536
	HBM Usage Rate(%)              : 29
	Aicore Usage Rate(%)           : 77
	Aivector Usage Rate(%)         : 5
	Aicpu Usage Rate(%)            : 0
	Ctrlcpu Usage Rate(%)          : 3
	DDR Bandwidth Usage Rate(%)    : 0
	HBM Bandwidth Usage Rate(%)    : 53
	NPU Utilization(%)             : 96
	Aicube Usage Rate(%)           : 71
	Get pid name failed.
	Process id:2090693 Process name:                  Process memory(MB):16026
Error: cannot run top on container aceaef212ad03c546a6eb710fca4fd3c10f869d0c7973db9955d514211247daa as it did not create a cgroup: this container does not have a cgroup
timestamp_ns=1785753634168055917
	DDR Capacity(MB)               : 0
	DDR Usage Rate(%)              : 0
	DDR Hugepages Total(page)      : 0
	DDR Hugepages Usage Rate(%)    : 0
	HBM Capacity(MB)               : 65536
	HBM Usage Rate(%)              : 29
	Aicore Usage Rate(%)           : 77
	Aivector Usage Rate(%)         : 5
	Aicpu Usage Rate(%)            : 0
	Ctrlcpu Usage Rate(%)          : 4
	DDR Bandwidth Usage Rate(%)    : 0
	HBM Bandwidth Usage Rate(%)    : 53
	NPU Utilization(%)             : 96
	Aicube Usage Rate(%)           : 71
	Get pid name failed.
	Process id:2090693 Process name:                  Process memory(MB):16026
Error: cannot run top on container aceaef212ad03c546a6eb710fca4fd3c10f869d0c7973db9955d514211247daa as it did not create a cgroup: this container does not have a cgroup
timestamp_ns=1785753636350843997
	DDR Capacity(MB)               : 0
	DDR Usage Rate(%)              : 0
	DDR Hugepages Total(page)      : 0
	DDR Hugepages Usage Rate(%)    : 0
	HBM Capacity(MB)               : 65536
	HBM Usage Rate(%)              : 29
	Aicore Usage Rate(%)           : 81
	Aivector Usage Rate(%)         : 5
	Aicpu Usage Rate(%)            : 0
	Ctrlcpu Usage Rate(%)          : 5
	DDR Bandwidth Usage Rate(%)    : 0
	HBM Bandwidth Usage Rate(%)    : 53
	NPU Utilization(%)             : 93
	Aicube Usage Rate(%)           : 73
	Get pid name failed.
	Process id:2090693 Process name:                  Process memory(MB):16026
Error: cannot run top on container aceaef212ad03c546a6eb710fca4fd3c10f869d0c7973db9955d514211247daa as it did not create a cgroup: this container does not have a cgroup
timestamp_ns=1785753638548379851
	DDR Capacity(MB)               : 0
	DDR Usage Rate(%)              : 0
	DDR Hugepages Total(page)      : 0
	DDR Hugepages Usage Rate(%)    : 0
	HBM Capacity(MB)               : 65536
	HBM Usage Rate(%)              : 29
	Aicore Usage Rate(%)           : 77
	Aivector Usage Rate(%)         : 5
	Aicpu Usage Rate(%)            : 0
	Ctrlcpu Usage Rate(%)          : 3
	DDR Bandwidth Usage Rate(%)    : 0
	HBM Bandwidth Usage Rate(%)    : 53
	NPU Utilization(%)             : 93
	Aicube Usage Rate(%)           : 71
	Get pid name failed.
	Process id:2090693 Process name:                  Process memory(MB):16026
Error: cannot run top on container aceaef212ad03c546a6eb710fca4fd3c10f869d0c7973db9955d514211247daa as it did not create a cgroup: this container does not have a cgroup
timestamp_ns=1785753640767113372
	DDR Capacity(MB)               : 0
	DDR Usage Rate(%)              : 0
	DDR Hugepages Total(page)      : 0
	DDR Hugepages Usage Rate(%)    : 0
	HBM Capacity(MB)               : 65536
	HBM Usage Rate(%)              : 29
	Aicore Usage Rate(%)           : 77
	Aivector Usage Rate(%)         : 5
	Aicpu Usage Rate(%)            : 0
	Ctrlcpu Usage Rate(%)          : 11
	DDR Bandwidth Usage Rate(%)    : 0
	HBM Bandwidth Usage Rate(%)    : 54
	NPU Utilization(%)             : 93
	Aicube Usage Rate(%)           : 71
	Get pid name failed.
	Process id:2090693 Process name:                  Process memory(MB):16026
Error: cannot run top on container aceaef212ad03c546a6eb710fca4fd3c10f869d0c7973db9955d514211247daa as it did not create a cgroup: this container does not have a cgroup
timestamp_ns=1785753643027196291
	DDR Capacity(MB)               : 0
	DDR Usage Rate(%)              : 0
	DDR Hugepages Total(page)      : 0
	DDR Hugepages Usage Rate(%)    : 0
	HBM Capacity(MB)               : 65536
	HBM Usage Rate(%)              : 29
	Aicore Usage Rate(%)           : 80
	Aivector Usage Rate(%)         : 5
	Aicpu Usage Rate(%)            : 0
	Ctrlcpu Usage Rate(%)          : 3
	DDR Bandwidth Usage Rate(%)    : 0
	HBM Bandwidth Usage Rate(%)    : 53
	NPU Utilization(%)             : 89
	Aicube Usage Rate(%)           : 72
	Get pid name failed.
	Process id:2090693 Process name:                  Process memory(MB):16026
Error: cannot run top on container aceaef212ad03c546a6eb710fca4fd3c10f869d0c7973db9955d514211247daa as it did not create a cgroup: this container does not have a cgroup
timestamp_ns=1785753645315502848
	DDR Capacity(MB)               : 0
	DDR Usage Rate(%)              : 0
	DDR Hugepages Total(page)      : 0
	DDR Hugepages Usage Rate(%)    : 0
	HBM Capacity(MB)               : 65536
	HBM Usage Rate(%)              : 29
	Aicore Usage Rate(%)           : 78
	Aivector Usage Rate(%)         : 4
	Aicpu Usage Rate(%)            : 0
	Ctrlcpu Usage Rate(%)          : 0
	DDR Bandwidth Usage Rate(%)    : 0
	HBM Bandwidth Usage Rate(%)    : 53
	NPU Utilization(%)             : 86
	Aicube Usage Rate(%)           : 71
	Get pid name failed.
	Process id:2090693 Process name:                  Process memory(MB):16026
Error: cannot run top on container aceaef212ad03c546a6eb710fca4fd3c10f869d0c7973db9955d514211247daa as it did not create a cgroup: this container does not have a cgroup
timestamp_ns=1785753647580448662
	DDR Capacity(MB)               : 0
	DDR Usage Rate(%)              : 0
	DDR Hugepages Total(page)      : 0
	DDR Hugepages Usage Rate(%)    : 0
	HBM Capacity(MB)               : 65536
	HBM Usage Rate(%)              : 29
	Aicore Usage Rate(%)           : 79
	Aivector Usage Rate(%)         : 5
	Aicpu Usage Rate(%)            : 0
	Ctrlcpu Usage Rate(%)          : 5
	DDR Bandwidth Usage Rate(%)    : 0
	HBM Bandwidth Usage Rate(%)    : 53
	NPU Utilization(%)             : 93
	Aicube Usage Rate(%)           : 71
	Get pid name failed.
	Process id:2090693 Process name:                  Process memory(MB):16026
Error: cannot run top on container aceaef212ad03c546a6eb710fca4fd3c10f869d0c7973db9955d514211247daa as it did not create a cgroup: this container does not have a cgroup
timestamp_ns=1785753649747774385
	DDR Capacity(MB)               : 0
	DDR Usage Rate(%)              : 0
	DDR Hugepages Total(page)      : 0
	DDR Hugepages Usage Rate(%)    : 0
	HBM Capacity(MB)               : 65536
	HBM Usage Rate(%)              : 29
	Aicore Usage Rate(%)           : 78
	Aivector Usage Rate(%)         : 4
	Aicpu Usage Rate(%)            : 0
	Ctrlcpu Usage Rate(%)          : 3
	DDR Bandwidth Usage Rate(%)    : 0
	HBM Bandwidth Usage Rate(%)    : 53
	NPU Utilization(%)             : 89
	Aicube Usage Rate(%)           : 71
	Get pid name failed.
	Process id:2090693 Process name:                  Process memory(MB):16026
Error: cannot run top on container aceaef212ad03c546a6eb710fca4fd3c10f869d0c7973db9955d514211247daa as it did not create a cgroup: this container does not have a cgroup
timestamp_ns=1785753651953208091
	DDR Capacity(MB)               : 0
	DDR Usage Rate(%)              : 0
	DDR Hugepages Total(page)      : 0
	DDR Hugepages Usage Rate(%)    : 0
	HBM Capacity(MB)               : 65536
	HBM Usage Rate(%)              : 29
	Aicore Usage Rate(%)           : 78
	Aivector Usage Rate(%)         : 5
	Aicpu Usage Rate(%)            : 0
	Ctrlcpu Usage Rate(%)          : 7
	DDR Bandwidth Usage Rate(%)    : 0
	HBM Bandwidth Usage Rate(%)    : 53
	NPU Utilization(%)             : 89
	Aicube Usage Rate(%)           : 72
	Get pid name failed.
	Process id:2090693 Process name:                  Process memory(MB):16026
Error: cannot run top on container aceaef212ad03c546a6eb710fca4fd3c10f869d0c7973db9955d514211247daa as it did not create a cgroup: this container does not have a cgroup
timestamp_ns=1785753654107600207
	DDR Capacity(MB)               : 0
	DDR Usage Rate(%)              : 0
	DDR Hugepages Total(page)      : 0
	DDR Hugepages Usage Rate(%)    : 0
	HBM Capacity(MB)               : 65536
	HBM Usage Rate(%)              : 29
	Aicore Usage Rate(%)           : 81
	Aivector Usage Rate(%)         : 5
	Aicpu Usage Rate(%)            : 0
	Ctrlcpu Usage Rate(%)          : 4
	DDR Bandwidth Usage Rate(%)    : 0
	HBM Bandwidth Usage Rate(%)    : 54
	NPU Utilization(%)             : 86
	Aicube Usage Rate(%)           : 73
	Get pid name failed.
	Process id:2090693 Process name:                  Process memory(MB):16026
Error: cannot run top on container aceaef212ad03c546a6eb710fca4fd3c10f869d0c7973db9955d514211247daa as it did not create a cgroup: this container does not have a cgroup
timestamp_ns=1785753656283560218
	DDR Capacity(MB)               : 0
	DDR Usage Rate(%)              : 0
	DDR Hugepages Total(page)      : 0
	DDR Hugepages Usage Rate(%)    : 0
	HBM Capacity(MB)               : 65536
	HBM Usage Rate(%)              : 29
	Aicore Usage Rate(%)           : 76
	Aivector Usage Rate(%)         : 5
	Aicpu Usage Rate(%)            : 0
	Ctrlcpu Usage Rate(%)          : 2
	DDR Bandwidth Usage Rate(%)    : 0
	HBM Bandwidth Usage Rate(%)    : 25
	NPU Utilization(%)             : 82
	Aicube Usage Rate(%)           : 70
	Get pid name failed.
	Process id:2090693 Process name:                  Process memory(MB):16026
Error: cannot run top on container aceaef212ad03c546a6eb710fca4fd3c10f869d0c7973db9955d514211247daa as it did not create a cgroup: this container does not have a cgroup
timestamp_ns=1785753658425054169
	DDR Capacity(MB)               : 0
	DDR Usage Rate(%)              : 0
	DDR Hugepages Total(page)      : 0
	DDR Hugepages Usage Rate(%)    : 0
	HBM Capacity(MB)               : 65536
	HBM Usage Rate(%)              : 29
	Aicore Usage Rate(%)           : 60
	Aivector Usage Rate(%)         : 13
	Aicpu Usage Rate(%)            : 0
	Ctrlcpu Usage Rate(%)          : 2
	DDR Bandwidth Usage Rate(%)    : 0
	HBM Bandwidth Usage Rate(%)    : 53
	NPU Utilization(%)             : 79
	Aicube Usage Rate(%)           : 45
	Get pid name failed.
	Process id:2090693 Process name:                  Process memory(MB):16026
Error: cannot run top on container aceaef212ad03c546a6eb710fca4fd3c10f869d0c7973db9955d514211247daa as it did not create a cgroup: this container does not have a cgroup
timestamp_ns=1785753660580652281
	DDR Capacity(MB)               : 0
	DDR Usage Rate(%)              : 0
	DDR Hugepages Total(page)      : 0
	DDR Hugepages Usage Rate(%)    : 0
	HBM Capacity(MB)               : 65536
	HBM Usage Rate(%)              : 29
	Aicore Usage Rate(%)           : 77
	Aivector Usage Rate(%)         : 5
	Aicpu Usage Rate(%)            : 0
	Ctrlcpu Usage Rate(%)          : 3
	DDR Bandwidth Usage Rate(%)    : 0
	HBM Bandwidth Usage Rate(%)    : 53
	NPU Utilization(%)             : 86
	Aicube Usage Rate(%)           : 70
	Get pid name failed.
	Process id:2090693 Process name:                  Process memory(MB):16026
Error: cannot run top on container aceaef212ad03c546a6eb710fca4fd3c10f869d0c7973db9955d514211247daa as it did not create a cgroup: this container does not have a cgroup
timestamp_ns=1785753662721363944
	DDR Capacity(MB)               : 0
	DDR Usage Rate(%)              : 0
	DDR Hugepages Total(page)      : 0
	DDR Hugepages Usage Rate(%)    : 0
	HBM Capacity(MB)               : 65536
	HBM Usage Rate(%)              : 29
	Aicore Usage Rate(%)           : 94
	Aivector Usage Rate(%)         : 14
	Aicpu Usage Rate(%)            : 0
	Ctrlcpu Usage Rate(%)          : 6
	DDR Bandwidth Usage Rate(%)    : 0
	HBM Bandwidth Usage Rate(%)    : 54
	NPU Utilization(%)             : 100
	Aicube Usage Rate(%)           : 78
	Get pid name failed.
	Process id:2090693 Process name:                  Process memory(MB):16026
Error: cannot run top on container aceaef212ad03c546a6eb710fca4fd3c10f869d0c7973db9955d514211247daa as it did not create a cgroup: this container does not have a cgroup
timestamp_ns=1785753664860486308
	DDR Capacity(MB)               : 0
	DDR Usage Rate(%)              : 0
	DDR Hugepages Total(page)      : 0
	DDR Hugepages Usage Rate(%)    : 0
	HBM Capacity(MB)               : 65536
	HBM Usage Rate(%)              : 29
	Aicore Usage Rate(%)           : 77
	Aivector Usage Rate(%)         : 5
	Aicpu Usage Rate(%)            : 0
	Ctrlcpu Usage Rate(%)          : 7
	DDR Bandwidth Usage Rate(%)    : 0
	HBM Bandwidth Usage Rate(%)    : 53
	NPU Utilization(%)             : 86
	Aicube Usage Rate(%)           : 71
	Get pid name failed.
	Process id:2090693 Process name:                  Process memory(MB):16026
Error: cannot run top on container aceaef212ad03c546a6eb710fca4fd3c10f869d0c7973db9955d514211247daa as it did not create a cgroup: this container does not have a cgroup
timestamp_ns=1785753666989958609
	DDR Capacity(MB)               : 0
	DDR Usage Rate(%)              : 0
	DDR Hugepages Total(page)      : 0
	DDR Hugepages Usage Rate(%)    : 0
	HBM Capacity(MB)               : 65536
	HBM Usage Rate(%)              : 29
	Aicore Usage Rate(%)           : 66
	Aivector Usage Rate(%)         : 12
	Aicpu Usage Rate(%)            : 0
	Ctrlcpu Usage Rate(%)          : 3
	DDR Bandwidth Usage Rate(%)    : 0
	HBM Bandwidth Usage Rate(%)    : 53
	NPU Utilization(%)             : 96
	Aicube Usage Rate(%)           : 51
	Get pid name failed.
	Process id:2090693 Process name:                  Process memory(MB):16026
Error: cannot run top on container aceaef212ad03c546a6eb710fca4fd3c10f869d0c7973db9955d514211247daa as it did not create a cgroup: this container does not have a cgroup
timestamp_ns=1785753669142398272
	DDR Capacity(MB)               : 0
	DDR Usage Rate(%)              : 0
	DDR Hugepages Total(page)      : 0
	DDR Hugepages Usage Rate(%)    : 0
	HBM Capacity(MB)               : 65536
	HBM Usage Rate(%)              : 29
	Aicore Usage Rate(%)           : 100
	Aivector Usage Rate(%)         : 18
	Aicpu Usage Rate(%)            : 0
	Ctrlcpu Usage Rate(%)          : 2
	DDR Bandwidth Usage Rate(%)    : 0
	HBM Bandwidth Usage Rate(%)    : 54
	NPU Utilization(%)             : 100
	Aicube Usage Rate(%)           : 82
	Get pid name failed.
	Process id:2090693 Process name:                  Process memory(MB):16026
Error: cannot run top on container aceaef212ad03c546a6eb710fca4fd3c10f869d0c7973db9955d514211247daa as it did not create a cgroup: this container does not have a cgroup
timestamp_ns=1785753671286770575
	DDR Capacity(MB)               : 0
	DDR Usage Rate(%)              : 0
	DDR Hugepages Total(page)      : 0
	DDR Hugepages Usage Rate(%)    : 0
	HBM Capacity(MB)               : 65536
	HBM Usage Rate(%)              : 29
	Aicore Usage Rate(%)           : 68
	Aivector Usage Rate(%)         : 5
	Aicpu Usage Rate(%)            : 0
	Ctrlcpu Usage Rate(%)          : 2
	DDR Bandwidth Usage Rate(%)    : 0
	HBM Bandwidth Usage Rate(%)    : 54
	NPU Utilization(%)             : 86
	Aicube Usage Rate(%)           : 61
	Get pid name failed.
	Process id:2090693 Process name:                  Process memory(MB):16026
Error: cannot run top on container aceaef212ad03c546a6eb710fca4fd3c10f869d0c7973db9955d514211247daa as it did not create a cgroup: this container does not have a cgroup
timestamp_ns=1785753673431227153
	DDR Capacity(MB)               : 0
	DDR Usage Rate(%)              : 0
	DDR Hugepages Total(page)      : 0
	DDR Hugepages Usage Rate(%)    : 0
	HBM Capacity(MB)               : 65536
	HBM Usage Rate(%)              : 29
	Aicore Usage Rate(%)           : 80
	Aivector Usage Rate(%)         : 5
	Aicpu Usage Rate(%)            : 0
	Ctrlcpu Usage Rate(%)          : 2
	DDR Bandwidth Usage Rate(%)    : 0
	HBM Bandwidth Usage Rate(%)    : 53
	NPU Utilization(%)             : 89
	Aicube Usage Rate(%)           : 73
	Get pid name failed.
	Process id:2090693 Process name:                  Process memory(MB):16026
Error: cannot run top on container aceaef212ad03c546a6eb710fca4fd3c10f869d0c7973db9955d514211247daa as it did not create a cgroup: this container does not have a cgroup
timestamp_ns=1785753675628875390
	DDR Capacity(MB)               : 0
	DDR Usage Rate(%)              : 0
	DDR Hugepages Total(page)      : 0
	DDR Hugepages Usage Rate(%)    : 0
	HBM Capacity(MB)               : 65536
	HBM Usage Rate(%)              : 29
	Aicore Usage Rate(%)           : 81
	Aivector Usage Rate(%)         : 5
	Aicpu Usage Rate(%)            : 0
	Ctrlcpu Usage Rate(%)          : 3
	DDR Bandwidth Usage Rate(%)    : 0
	HBM Bandwidth Usage Rate(%)    : 51
	NPU Utilization(%)             : 89
	Aicube Usage Rate(%)           : 74
	Get pid name failed.
	Process id:2090693 Process name:                  Process memory(MB):16026
Error: cannot run top on container aceaef212ad03c546a6eb710fca4fd3c10f869d0c7973db9955d514211247daa as it did not create a cgroup: this container does not have a cgroup
timestamp_ns=1785753677805188025
	DDR Capacity(MB)               : 0
	DDR Usage Rate(%)              : 0
	DDR Hugepages Total(page)      : 0
	DDR Hugepages Usage Rate(%)    : 0
	HBM Capacity(MB)               : 65536
	HBM Usage Rate(%)              : 29
	Aicore Usage Rate(%)           : 0
	Aivector Usage Rate(%)         : 0
	Aicpu Usage Rate(%)            : 0
	Ctrlcpu Usage Rate(%)          : 2
	DDR Bandwidth Usage Rate(%)    : 0
	HBM Bandwidth Usage Rate(%)    : 53
	NPU Utilization(%)             : 0
	Aicube Usage Rate(%)           : 0
	Get pid name failed.
	Process id:2090693 Process name:                  Process memory(MB):16026
Error: cannot run top on container aceaef212ad03c546a6eb710fca4fd3c10f869d0c7973db9955d514211247daa as it did not create a cgroup: this container does not have a cgroup
timestamp_ns=1785753679942995810
	DDR Capacity(MB)               : 0
	DDR Usage Rate(%)              : 0
	DDR Hugepages Total(page)      : 0
	DDR Hugepages Usage Rate(%)    : 0
	HBM Capacity(MB)               : 65536
	HBM Usage Rate(%)              : 29
	Aicore Usage Rate(%)           : 0
	Aivector Usage Rate(%)         : 0
	Aicpu Usage Rate(%)            : 0
	Ctrlcpu Usage Rate(%)          : 3
	DDR Bandwidth Usage Rate(%)    : 0
	HBM Bandwidth Usage Rate(%)    : 0
	NPU Utilization(%)             : 0
	Aicube Usage Rate(%)           : 0
	Get pid name failed.
	Process id:2090693 Process name:                  Process memory(MB):16026
Error: cannot run top on container aceaef212ad03c546a6eb710fca4fd3c10f869d0c7973db9955d514211247daa as it did not create a cgroup: this container does not have a cgroup
timestamp_ns=1785753682197678049
	DDR Capacity(MB)               : 0
	DDR Usage Rate(%)              : 0
	DDR Hugepages Total(page)      : 0
	DDR Hugepages Usage Rate(%)    : 0
	HBM Capacity(MB)               : 65536
	HBM Usage Rate(%)              : 29
	Aicore Usage Rate(%)           : 0
	Aivector Usage Rate(%)         : 0
	Aicpu Usage Rate(%)            : 0
	Ctrlcpu Usage Rate(%)          : 3
	DDR Bandwidth Usage Rate(%)    : 0
	HBM Bandwidth Usage Rate(%)    : 0
	NPU Utilization(%)             : 0
	Aicube Usage Rate(%)           : 0
	Get pid name failed.
	Process id:2090693 Process name:                  Process memory(MB):16026
Error: cannot run top on container aceaef212ad03c546a6eb710fca4fd3c10f869d0c7973db9955d514211247daa as it did not create a cgroup: this container does not have a cgroup
timestamp_ns=1785753684334283127
	DDR Capacity(MB)               : 0
	DDR Usage Rate(%)              : 0
	DDR Hugepages Total(page)      : 0
	DDR Hugepages Usage Rate(%)    : 0
	HBM Capacity(MB)               : 65536
	HBM Usage Rate(%)              : 29
	Aicore Usage Rate(%)           : 0
	Aivector Usage Rate(%)         : 0
	Aicpu Usage Rate(%)            : 0
	Ctrlcpu Usage Rate(%)          : 5
	DDR Bandwidth Usage Rate(%)    : 0
	HBM Bandwidth Usage Rate(%)    : 0
	NPU Utilization(%)             : 0
	Aicube Usage Rate(%)           : 0
	Get pid name failed.
	Process id:2090693 Process name:                  Process memory(MB):16026
Error: cannot run top on container aceaef212ad03c546a6eb710fca4fd3c10f869d0c7973db9955d514211247daa as it did not create a cgroup: this container does not have a cgroup
timestamp_ns=1785753686462706653
	DDR Capacity(MB)               : 0
	DDR Usage Rate(%)              : 0
	DDR Hugepages Total(page)      : 0
	DDR Hugepages Usage Rate(%)    : 0
	HBM Capacity(MB)               : 65536
	HBM Usage Rate(%)              : 29
	Aicore Usage Rate(%)           : 0
	Aivector Usage Rate(%)         : 0
	Aicpu Usage Rate(%)            : 0
	Ctrlcpu Usage Rate(%)          : 6
	DDR Bandwidth Usage Rate(%)    : 0
	HBM Bandwidth Usage Rate(%)    : 0
	NPU Utilization(%)             : 0
	Aicube Usage Rate(%)           : 0
	Get pid name failed.
	Process id:2090693 Process name:                  Process memory(MB):16026
Error: cannot run top on container aceaef212ad03c546a6eb710fca4fd3c10f869d0c7973db9955d514211247daa as it did not create a cgroup: this container does not have a cgroup
timestamp_ns=1785753688594619944
	DDR Capacity(MB)               : 0
	DDR Usage Rate(%)              : 0
	DDR Hugepages Total(page)      : 0
	DDR Hugepages Usage Rate(%)    : 0
	HBM Capacity(MB)               : 65536
	HBM Usage Rate(%)              : 29
	Aicore Usage Rate(%)           : 0
	Aivector Usage Rate(%)         : 0
	Aicpu Usage Rate(%)            : 0
	Ctrlcpu Usage Rate(%)          : 3
	DDR Bandwidth Usage Rate(%)    : 0
	HBM Bandwidth Usage Rate(%)    : 0
	NPU Utilization(%)             : 0
	Aicube Usage Rate(%)           : 0
	Get pid name failed.
	Process id:2090693 Process name:                  Process memory(MB):16026
Error: cannot run top on container aceaef212ad03c546a6eb710fca4fd3c10f869d0c7973db9955d514211247daa as it did not create a cgroup: this container does not have a cgroup
timestamp_ns=1785753690732205324
	DDR Capacity(MB)               : 0
	DDR Usage Rate(%)              : 0
	DDR Hugepages Total(page)      : 0
	DDR Hugepages Usage Rate(%)    : 0
	HBM Capacity(MB)               : 65536
	HBM Usage Rate(%)              : 29
	Aicore Usage Rate(%)           : 0
	Aivector Usage Rate(%)         : 0
	Aicpu Usage Rate(%)            : 0
	Ctrlcpu Usage Rate(%)          : 4
	DDR Bandwidth Usage Rate(%)    : 0
	HBM Bandwidth Usage Rate(%)    : 0
	NPU Utilization(%)             : 0
	Aicube Usage Rate(%)           : 0
	Get pid name failed.
	Process id:2090693 Process name:                  Process memory(MB):16026
Error: cannot run top on container aceaef212ad03c546a6eb710fca4fd3c10f869d0c7973db9955d514211247daa as it did not create a cgroup: this container does not have a cgroup
timestamp_ns=1785753692864782277
	DDR Capacity(MB)               : 0
	DDR Usage Rate(%)              : 0
	DDR Hugepages Total(page)      : 0
	DDR Hugepages Usage Rate(%)    : 0
	HBM Capacity(MB)               : 65536
	HBM Usage Rate(%)              : 29
	Aicore Usage Rate(%)           : 0
	Aivector Usage Rate(%)         : 0
	Aicpu Usage Rate(%)            : 0
	Ctrlcpu Usage Rate(%)          : 2
	DDR Bandwidth Usage Rate(%)    : 0
	HBM Bandwidth Usage Rate(%)    : 0
	NPU Utilization(%)             : 0
	Aicube Usage Rate(%)           : 0
	Get pid name failed.
	Process id:2090693 Process name:                  Process memory(MB):16026
Error: cannot run top on container aceaef212ad03c546a6eb710fca4fd3c10f869d0c7973db9955d514211247daa as it did not create a cgroup: this container does not have a cgroup
timestamp_ns=1785753694994104688
	DDR Capacity(MB)               : 0
	DDR Usage Rate(%)              : 0
	DDR Hugepages Total(page)      : 0
	DDR Hugepages Usage Rate(%)    : 0
	HBM Capacity(MB)               : 65536
	HBM Usage Rate(%)              : 29
	Aicore Usage Rate(%)           : 0
	Aivector Usage Rate(%)         : 0
	Aicpu Usage Rate(%)            : 0
	Ctrlcpu Usage Rate(%)          : 3
	DDR Bandwidth Usage Rate(%)    : 0
	HBM Bandwidth Usage Rate(%)    : 0
	NPU Utilization(%)             : 0
	Aicube Usage Rate(%)           : 0
	Get pid name failed.
	Process id:2090693 Process name:                  Process memory(MB):16026
Error: cannot run top on container aceaef212ad03c546a6eb710fca4fd3c10f869d0c7973db9955d514211247daa as it did not create a cgroup: this container does not have a cgroup
timestamp_ns=1785753697193025540
	DDR Capacity(MB)               : 0
	DDR Usage Rate(%)              : 0
	DDR Hugepages Total(page)      : 0
	DDR Hugepages Usage Rate(%)    : 0
	HBM Capacity(MB)               : 65536
	HBM Usage Rate(%)              : 29
	Aicore Usage Rate(%)           : 0
	Aivector Usage Rate(%)         : 0
	Aicpu Usage Rate(%)            : 0
	Ctrlcpu Usage Rate(%)          : 6
	DDR Bandwidth Usage Rate(%)    : 0
	HBM Bandwidth Usage Rate(%)    : 0
	NPU Utilization(%)             : 0
	Aicube Usage Rate(%)           : 0
	Get pid name failed.
	Process id:2090693 Process name:                  Process memory(MB):16026
Error: cannot run top on container aceaef212ad03c546a6eb710fca4fd3c10f869d0c7973db9955d514211247daa as it did not create a cgroup: this container does not have a cgroup
timestamp_ns=1785753699323038393
	DDR Capacity(MB)               : 0
	DDR Usage Rate(%)              : 0
	DDR Hugepages Total(page)      : 0
	DDR Hugepages Usage Rate(%)    : 0
	HBM Capacity(MB)               : 65536
	HBM Usage Rate(%)              : 29
	Aicore Usage Rate(%)           : 0
	Aivector Usage Rate(%)         : 0
	Aicpu Usage Rate(%)            : 0
	Ctrlcpu Usage Rate(%)          : 4
	DDR Bandwidth Usage Rate(%)    : 0
	HBM Bandwidth Usage Rate(%)    : 0
	NPU Utilization(%)             : 0
	Aicube Usage Rate(%)           : 0
	Get pid name failed.
	Process id:2090693 Process name:                  Process memory(MB):16026
Error: cannot run top on container aceaef212ad03c546a6eb710fca4fd3c10f869d0c7973db9955d514211247daa as it did not create a cgroup: this container does not have a cgroup
timestamp_ns=1785753701449064769
	DDR Capacity(MB)               : 0
	DDR Usage Rate(%)              : 0
	DDR Hugepages Total(page)      : 0
	DDR Hugepages Usage Rate(%)    : 0
	HBM Capacity(MB)               : 65536
	HBM Usage Rate(%)              : 29
	Aicore Usage Rate(%)           : 0
	Aivector Usage Rate(%)         : 0
	Aicpu Usage Rate(%)            : 0
	Ctrlcpu Usage Rate(%)          : 2
	DDR Bandwidth Usage Rate(%)    : 0
	HBM Bandwidth Usage Rate(%)    : 0
	NPU Utilization(%)             : 0
	Aicube Usage Rate(%)           : 0
	Get pid name failed.
	Process id:2090693 Process name:                  Process memory(MB):16026
Error: cannot run top on container aceaef212ad03c546a6eb710fca4fd3c10f869d0c7973db9955d514211247daa as it did not create a cgroup: this container does not have a cgroup
timestamp_ns=1785753703583009301
	DDR Capacity(MB)               : 0
	DDR Usage Rate(%)              : 0
	DDR Hugepages Total(page)      : 0
	DDR Hugepages Usage Rate(%)    : 0
	HBM Capacity(MB)               : 65536
	HBM Usage Rate(%)              : 29
	Aicore Usage Rate(%)           : 0
	Aivector Usage Rate(%)         : 0
	Aicpu Usage Rate(%)            : 0
	Ctrlcpu Usage Rate(%)          : 3
	DDR Bandwidth Usage Rate(%)    : 0
	HBM Bandwidth Usage Rate(%)    : 0
	NPU Utilization(%)             : 0
	Aicube Usage Rate(%)           : 0
	Get pid name failed.
	Process id:2090693 Process name:                  Process memory(MB):16026
Error: cannot run top on container aceaef212ad03c546a6eb710fca4fd3c10f869d0c7973db9955d514211247daa as it did not create a cgroup: this container does not have a cgroup
timestamp_ns=1785753705716617631
	DDR Capacity(MB)               : 0
	DDR Usage Rate(%)              : 0
	DDR Hugepages Total(page)      : 0
	DDR Hugepages Usage Rate(%)    : 0
	HBM Capacity(MB)               : 65536
	HBM Usage Rate(%)              : 29
	Aicore Usage Rate(%)           : 0
	Aivector Usage Rate(%)         : 0
	Aicpu Usage Rate(%)            : 0
	Ctrlcpu Usage Rate(%)          : 5
	DDR Bandwidth Usage Rate(%)    : 0
	HBM Bandwidth Usage Rate(%)    : 0
	NPU Utilization(%)             : 0
	Aicube Usage Rate(%)           : 0
	Get pid name failed.
	Process id:2090693 Process name:                  Process memory(MB):16026
Error: cannot run top on container aceaef212ad03c546a6eb710fca4fd3c10f869d0c7973db9955d514211247daa as it did not create a cgroup: this container does not have a cgroup
timestamp_ns=1785753707864637418
	DDR Capacity(MB)               : 0
	DDR Usage Rate(%)              : 0
	DDR Hugepages Total(page)      : 0
	DDR Hugepages Usage Rate(%)    : 0
	HBM Capacity(MB)               : 65536
	HBM Usage Rate(%)              : 29
	Aicore Usage Rate(%)           : 0
	Aivector Usage Rate(%)         : 0
	Aicpu Usage Rate(%)            : 0
	Ctrlcpu Usage Rate(%)          : 7
	DDR Bandwidth Usage Rate(%)    : 0
	HBM Bandwidth Usage Rate(%)    : 0
	NPU Utilization(%)             : 0
	Aicube Usage Rate(%)           : 0
	Get pid name failed.
	Process id:2090693 Process name:                  Process memory(MB):16026
Error: cannot run top on container aceaef212ad03c546a6eb710fca4fd3c10f869d0c7973db9955d514211247daa as it did not create a cgroup: this container does not have a cgroup
timestamp_ns=1785753710003633806
	DDR Capacity(MB)               : 0
	DDR Usage Rate(%)              : 0
	DDR Hugepages Total(page)      : 0
	DDR Hugepages Usage Rate(%)    : 0
	HBM Capacity(MB)               : 65536
	HBM Usage Rate(%)              : 27
	Aicore Usage Rate(%)           : 0
	Aivector Usage Rate(%)         : 0
	Aicpu Usage Rate(%)            : 0
	Ctrlcpu Usage Rate(%)          : 7
	DDR Bandwidth Usage Rate(%)    : 0
	HBM Bandwidth Usage Rate(%)    : 0
	NPU Utilization(%)             : 0
	Aicube Usage Rate(%)           : 0
	Get pid name failed.
	Process id:2090693 Process name:                  Process memory(MB):14616
Error: cannot run top on container aceaef212ad03c546a6eb710fca4fd3c10f869d0c7973db9955d514211247daa as it did not create a cgroup: this container does not have a cgroup
timestamp_ns=1785753712194345460
	DDR Capacity(MB)               : 0
	DDR Usage Rate(%)              : 0
	DDR Hugepages Total(page)      : 0
	DDR Hugepages Usage Rate(%)    : 0
	HBM Capacity(MB)               : 65536
	HBM Usage Rate(%)              : 27
	Aicore Usage Rate(%)           : 0
	Aivector Usage Rate(%)         : 0
	Aicpu Usage Rate(%)            : 0
	Ctrlcpu Usage Rate(%)          : 4
	DDR Bandwidth Usage Rate(%)    : 0
	HBM Bandwidth Usage Rate(%)    : 0
	NPU Utilization(%)             : 0
	Aicube Usage Rate(%)           : 0
	Get pid name failed.
	Process id:2090693 Process name:                  Process memory(MB):14616
Error: cannot run top on container aceaef212ad03c546a6eb710fca4fd3c10f869d0c7973db9955d514211247daa as it did not create a cgroup: this container does not have a cgroup
timestamp_ns=1785753714379238339
	DDR Capacity(MB)               : 0
	DDR Usage Rate(%)              : 0
	DDR Hugepages Total(page)      : 0
	DDR Hugepages Usage Rate(%)    : 0
	HBM Capacity(MB)               : 65536
	HBM Usage Rate(%)              : 27
	Aicore Usage Rate(%)           : 0
	Aivector Usage Rate(%)         : 0
	Aicpu Usage Rate(%)            : 0
	Ctrlcpu Usage Rate(%)          : 7
	DDR Bandwidth Usage Rate(%)    : 0
	HBM Bandwidth Usage Rate(%)    : 10
	NPU Utilization(%)             : 0
	Aicube Usage Rate(%)           : 0
	No process in device.
Error: cannot run top on container aceaef212ad03c546a6eb710fca4fd3c10f869d0c7973db9955d514211247daa as it did not create a cgroup: this container does not have a cgroup
timestamp_ns=1785753716604565095
	DDR Capacity(MB)               : 0
	DDR Usage Rate(%)              : 0
	DDR Hugepages Total(page)      : 0
	DDR Hugepages Usage Rate(%)    : 0
	HBM Capacity(MB)               : 65536
	HBM Usage Rate(%)              : 5
	Aicore Usage Rate(%)           : 0
	Aivector Usage Rate(%)         : 0
	Aicpu Usage Rate(%)            : 0
	Ctrlcpu Usage Rate(%)          : 4
	DDR Bandwidth Usage Rate(%)    : 0
	HBM Bandwidth Usage Rate(%)    : 0
	NPU Utilization(%)             : 0
	Aicube Usage Rate(%)           : 0
