timestamp_ns=1785700716272988773
	DDR Capacity(MB)               : 0
	DDR Usage Rate(%)              : 0
	DDR Hugepages Total(page)      : 0
	DDR Hugepages Usage Rate(%)    : 0
	HBM Capacity(MB)               : 65536
	HBM Usage Rate(%)              : 5
	Aicore Usage Rate(%)           : 0
	Aivector Usage Rate(%)         : 0
	Aicpu Usage Rate(%)            : 0
	Ctrlcpu Usage Rate(%)          : 4
	DDR Bandwidth Usage Rate(%)    : 0
	HBM Bandwidth Usage Rate(%)    : 0
	NPU Utilization(%)             : 0
	Aicube Usage Rate(%)           : 0
	No process in device.
Error: cannot run top on container b072be3d8b068f6d5a2d7f91de9f72409cacffb5dee4208b5534b748c7df0120 as it did not create a cgroup: this container does not have a cgroup
timestamp_ns=1785700718428218529
	DDR Capacity(MB)               : 0
	DDR Usage Rate(%)              : 0
	DDR Hugepages Total(page)      : 0
	DDR Hugepages Usage Rate(%)    : 0
	HBM Capacity(MB)               : 65536
	HBM Usage Rate(%)              : 5
	Aicore Usage Rate(%)           : 0
	Aivector Usage Rate(%)         : 0
	Aicpu Usage Rate(%)            : 0
	Ctrlcpu Usage Rate(%)          : 1
	DDR Bandwidth Usage Rate(%)    : 0
	HBM Bandwidth Usage Rate(%)    : 0
	NPU Utilization(%)             : 0
	Aicube Usage Rate(%)           : 0
	No process in device.
Error: cannot run top on container b072be3d8b068f6d5a2d7f91de9f72409cacffb5dee4208b5534b748c7df0120 as it did not create a cgroup: this container does not have a cgroup
timestamp_ns=1785700720580779389
	DDR Capacity(MB)               : 0
	DDR Usage Rate(%)              : 0
	DDR Hugepages Total(page)      : 0
	DDR Hugepages Usage Rate(%)    : 0
	HBM Capacity(MB)               : 65536
	HBM Usage Rate(%)              : 5
	Aicore Usage Rate(%)           : 0
	Aivector Usage Rate(%)         : 0
	Aicpu Usage Rate(%)            : 0
	Ctrlcpu Usage Rate(%)          : 2
	DDR Bandwidth Usage Rate(%)    : 0
	HBM Bandwidth Usage Rate(%)    : 0
	NPU Utilization(%)             : 0
	Aicube Usage Rate(%)           : 0
	No process in device.
Error: cannot run top on container b072be3d8b068f6d5a2d7f91de9f72409cacffb5dee4208b5534b748c7df0120 as it did not create a cgroup: this container does not have a cgroup
timestamp_ns=1785700722726760269
	DDR Capacity(MB)               : 0
	DDR Usage Rate(%)              : 0
	DDR Hugepages Total(page)      : 0
	DDR Hugepages Usage Rate(%)    : 0
	HBM Capacity(MB)               : 65536
	HBM Usage Rate(%)              : 5
	Aicore Usage Rate(%)           : 0
	Aivector Usage Rate(%)         : 0
	Aicpu Usage Rate(%)            : 0
	Ctrlcpu Usage Rate(%)          : 2
	DDR Bandwidth Usage Rate(%)    : 0
	HBM Bandwidth Usage Rate(%)    : 0
	NPU Utilization(%)             : 0
	Aicube Usage Rate(%)           : 0
	No process in device.
Error: cannot run top on container b072be3d8b068f6d5a2d7f91de9f72409cacffb5dee4208b5534b748c7df0120 as it did not create a cgroup: this container does not have a cgroup
timestamp_ns=1785700724852886425
	DDR Capacity(MB)               : 0
	DDR Usage Rate(%)              : 0
	DDR Hugepages Total(page)      : 0
	DDR Hugepages Usage Rate(%)    : 0
	HBM Capacity(MB)               : 65536
	HBM Usage Rate(%)              : 5
	Aicore Usage Rate(%)           : 0
	Aivector Usage Rate(%)         : 0
	Aicpu Usage Rate(%)            : 0
	Ctrlcpu Usage Rate(%)          : 5
	DDR Bandwidth Usage Rate(%)    : 0
	HBM Bandwidth Usage Rate(%)    : 0
	NPU Utilization(%)             : 0
	Aicube Usage Rate(%)           : 0
	No process in device.
Error: cannot run top on container b072be3d8b068f6d5a2d7f91de9f72409cacffb5dee4208b5534b748c7df0120 as it did not create a cgroup: this container does not have a cgroup
timestamp_ns=1785700726999041319
	DDR Capacity(MB)               : 0
	DDR Usage Rate(%)              : 0
	DDR Hugepages Total(page)      : 0
	DDR Hugepages Usage Rate(%)    : 0
	HBM Capacity(MB)               : 65536
	HBM Usage Rate(%)              : 5
	Aicore Usage Rate(%)           : 0
	Aivector Usage Rate(%)         : 0
	Aicpu Usage Rate(%)            : 0
	Ctrlcpu Usage Rate(%)          : 2
	DDR Bandwidth Usage Rate(%)    : 0
	HBM Bandwidth Usage Rate(%)    : 0
	NPU Utilization(%)             : 0
	Aicube Usage Rate(%)           : 0
	No process in device.
Error: cannot run top on container b072be3d8b068f6d5a2d7f91de9f72409cacffb5dee4208b5534b748c7df0120 as it did not create a cgroup: this container does not have a cgroup
timestamp_ns=1785700729144971471
	DDR Capacity(MB)               : 0
	DDR Usage Rate(%)              : 0
	DDR Hugepages Total(page)      : 0
	DDR Hugepages Usage Rate(%)    : 0
	HBM Capacity(MB)               : 65536
	HBM Usage Rate(%)              : 5
	Aicore Usage Rate(%)           : 0
	Aivector Usage Rate(%)         : 0
	Aicpu Usage Rate(%)            : 0
	Ctrlcpu Usage Rate(%)          : 4
	DDR Bandwidth Usage Rate(%)    : 0
	HBM Bandwidth Usage Rate(%)    : 0
	NPU Utilization(%)             : 0
	Aicube Usage Rate(%)           : 0
	No process in device.
Error: cannot run top on container b072be3d8b068f6d5a2d7f91de9f72409cacffb5dee4208b5534b748c7df0120 as it did not create a cgroup: this container does not have a cgroup
timestamp_ns=1785700731290437907
	DDR Capacity(MB)               : 0
	DDR Usage Rate(%)              : 0
	DDR Hugepages Total(page)      : 0
	DDR Hugepages Usage Rate(%)    : 0
	HBM Capacity(MB)               : 65536
	HBM Usage Rate(%)              : 5
	Aicore Usage Rate(%)           : 0
	Aivector Usage Rate(%)         : 0
	Aicpu Usage Rate(%)            : 0
	Ctrlcpu Usage Rate(%)          : 2
	DDR Bandwidth Usage Rate(%)    : 0
	HBM Bandwidth Usage Rate(%)    : 0
	NPU Utilization(%)             : 0
	Aicube Usage Rate(%)           : 0
	No process in device.
Error: cannot run top on container b072be3d8b068f6d5a2d7f91de9f72409cacffb5dee4208b5534b748c7df0120 as it did not create a cgroup: this container does not have a cgroup
timestamp_ns=1785700733431028826
	DDR Capacity(MB)               : 0
	DDR Usage Rate(%)              : 0
	DDR Hugepages Total(page)      : 0
	DDR Hugepages Usage Rate(%)    : 0
	HBM Capacity(MB)               : 65536
	HBM Usage Rate(%)              : 5
	Aicore Usage Rate(%)           : 0
	Aivector Usage Rate(%)         : 0
	Aicpu Usage Rate(%)            : 0
	Ctrlcpu Usage Rate(%)          : 3
	DDR Bandwidth Usage Rate(%)    : 0
	HBM Bandwidth Usage Rate(%)    : 0
	NPU Utilization(%)             : 0
	Aicube Usage Rate(%)           : 0
	No process in device.
Error: cannot run top on container b072be3d8b068f6d5a2d7f91de9f72409cacffb5dee4208b5534b748c7df0120 as it did not create a cgroup: this container does not have a cgroup
timestamp_ns=1785700735570772193
	DDR Capacity(MB)               : 0
	DDR Usage Rate(%)              : 0
	DDR Hugepages Total(page)      : 0
	DDR Hugepages Usage Rate(%)    : 0
	HBM Capacity(MB)               : 65536
	HBM Usage Rate(%)              : 5
	Aicore Usage Rate(%)           : 0
	Aivector Usage Rate(%)         : 0
	Aicpu Usage Rate(%)            : 0
	Ctrlcpu Usage Rate(%)          : 4
	DDR Bandwidth Usage Rate(%)    : 0
	HBM Bandwidth Usage Rate(%)    : 0
	NPU Utilization(%)             : 0
	Aicube Usage Rate(%)           : 0
	No process in device.
Error: cannot run top on container b072be3d8b068f6d5a2d7f91de9f72409cacffb5dee4208b5534b748c7df0120 as it did not create a cgroup: this container does not have a cgroup
timestamp_ns=1785700737719595067
	DDR Capacity(MB)               : 0
	DDR Usage Rate(%)              : 0
	DDR Hugepages Total(page)      : 0
	DDR Hugepages Usage Rate(%)    : 0
	HBM Capacity(MB)               : 65536
	HBM Usage Rate(%)              : 5
	Aicore Usage Rate(%)           : 0
	Aivector Usage Rate(%)         : 0
	Aicpu Usage Rate(%)            : 0
	Ctrlcpu Usage Rate(%)          : 6
	DDR Bandwidth Usage Rate(%)    : 0
	HBM Bandwidth Usage Rate(%)    : 0
	NPU Utilization(%)             : 0
	Aicube Usage Rate(%)           : 0
	No process in device.
Error: cannot run top on container b072be3d8b068f6d5a2d7f91de9f72409cacffb5dee4208b5534b748c7df0120 as it did not create a cgroup: this container does not have a cgroup
timestamp_ns=1785700739876450112
	DDR Capacity(MB)               : 0
	DDR Usage Rate(%)              : 0
	DDR Hugepages Total(page)      : 0
	DDR Hugepages Usage Rate(%)    : 0
	HBM Capacity(MB)               : 65536
	HBM Usage Rate(%)              : 5
	Aicore Usage Rate(%)           : 0
	Aivector Usage Rate(%)         : 0
	Aicpu Usage Rate(%)            : 0
	Ctrlcpu Usage Rate(%)          : 4
	DDR Bandwidth Usage Rate(%)    : 0
	HBM Bandwidth Usage Rate(%)    : 0
	NPU Utilization(%)             : 0
	Aicube Usage Rate(%)           : 0
	No process in device.
Error: cannot run top on container b072be3d8b068f6d5a2d7f91de9f72409cacffb5dee4208b5534b748c7df0120 as it did not create a cgroup: this container does not have a cgroup
timestamp_ns=1785700742035754272
	DDR Capacity(MB)               : 0
	DDR Usage Rate(%)              : 0
	DDR Hugepages Total(page)      : 0
	DDR Hugepages Usage Rate(%)    : 0
	HBM Capacity(MB)               : 65536
	HBM Usage Rate(%)              : 5
	Aicore Usage Rate(%)           : 0
	Aivector Usage Rate(%)         : 0
	Aicpu Usage Rate(%)            : 0
	Ctrlcpu Usage Rate(%)          : 4
	DDR Bandwidth Usage Rate(%)    : 0
	HBM Bandwidth Usage Rate(%)    : 0
	NPU Utilization(%)             : 0
	Aicube Usage Rate(%)           : 0
	No process in device.
Error: cannot run top on container b072be3d8b068f6d5a2d7f91de9f72409cacffb5dee4208b5534b748c7df0120 as it did not create a cgroup: this container does not have a cgroup
timestamp_ns=1785700744210481048
	DDR Capacity(MB)               : 0
	DDR Usage Rate(%)              : 0
	DDR Hugepages Total(page)      : 0
	DDR Hugepages Usage Rate(%)    : 0
	HBM Capacity(MB)               : 65536
	HBM Usage Rate(%)              : 5
	Aicore Usage Rate(%)           : 0
	Aivector Usage Rate(%)         : 0
	Aicpu Usage Rate(%)            : 0
	Ctrlcpu Usage Rate(%)          : 4
	DDR Bandwidth Usage Rate(%)    : 0
	HBM Bandwidth Usage Rate(%)    : 0
	NPU Utilization(%)             : 0
	Aicube Usage Rate(%)           : 0
	No process in device.
Error: cannot run top on container b072be3d8b068f6d5a2d7f91de9f72409cacffb5dee4208b5534b748c7df0120 as it did not create a cgroup: this container does not have a cgroup
timestamp_ns=1785700746364635557
	DDR Capacity(MB)               : 0
	DDR Usage Rate(%)              : 0
	DDR Hugepages Total(page)      : 0
	DDR Hugepages Usage Rate(%)    : 0
	HBM Capacity(MB)               : 65536
	HBM Usage Rate(%)              : 5
	Aicore Usage Rate(%)           : 0
	Aivector Usage Rate(%)         : 0
	Aicpu Usage Rate(%)            : 0
	Ctrlcpu Usage Rate(%)          : 1
	DDR Bandwidth Usage Rate(%)    : 0
	HBM Bandwidth Usage Rate(%)    : 0
	NPU Utilization(%)             : 0
	Aicube Usage Rate(%)           : 0
	No process in device.
Error: cannot run top on container b072be3d8b068f6d5a2d7f91de9f72409cacffb5dee4208b5534b748c7df0120 as it did not create a cgroup: this container does not have a cgroup
timestamp_ns=1785700748502627821
	DDR Capacity(MB)               : 0
	DDR Usage Rate(%)              : 0
	DDR Hugepages Total(page)      : 0
	DDR Hugepages Usage Rate(%)    : 0
	HBM Capacity(MB)               : 65536
	HBM Usage Rate(%)              : 5
	Aicore Usage Rate(%)           : 0
	Aivector Usage Rate(%)         : 0
	Aicpu Usage Rate(%)            : 0
	Ctrlcpu Usage Rate(%)          : 6
	DDR Bandwidth Usage Rate(%)    : 0
	HBM Bandwidth Usage Rate(%)    : 0
	NPU Utilization(%)             : 0
	Aicube Usage Rate(%)           : 0
	No process in device.
Error: cannot run top on container b072be3d8b068f6d5a2d7f91de9f72409cacffb5dee4208b5534b748c7df0120 as it did not create a cgroup: this container does not have a cgroup
timestamp_ns=1785700750665064635
	DDR Capacity(MB)               : 0
	DDR Usage Rate(%)              : 0
	DDR Hugepages Total(page)      : 0
	DDR Hugepages Usage Rate(%)    : 0
	HBM Capacity(MB)               : 65536
	HBM Usage Rate(%)              : 5
	Aicore Usage Rate(%)           : 0
	Aivector Usage Rate(%)         : 0
	Aicpu Usage Rate(%)            : 0
	Ctrlcpu Usage Rate(%)          : 2
	DDR Bandwidth Usage Rate(%)    : 0
	HBM Bandwidth Usage Rate(%)    : 0
	NPU Utilization(%)             : 0
	Aicube Usage Rate(%)           : 0
	No process in device.
Error: cannot run top on container b072be3d8b068f6d5a2d7f91de9f72409cacffb5dee4208b5534b748c7df0120 as it did not create a cgroup: this container does not have a cgroup
timestamp_ns=1785700752798475545
	DDR Capacity(MB)               : 0
	DDR Usage Rate(%)              : 0
	DDR Hugepages Total(page)      : 0
	DDR Hugepages Usage Rate(%)    : 0
	HBM Capacity(MB)               : 65536
	HBM Usage Rate(%)              : 5
	Aicore Usage Rate(%)           : 0
	Aivector Usage Rate(%)         : 0
	Aicpu Usage Rate(%)            : 0
	Ctrlcpu Usage Rate(%)          : 1
	DDR Bandwidth Usage Rate(%)    : 0
	HBM Bandwidth Usage Rate(%)    : 0
	NPU Utilization(%)             : 0
	Aicube Usage Rate(%)           : 0
	No process in device.
Error: cannot run top on container b072be3d8b068f6d5a2d7f91de9f72409cacffb5dee4208b5534b748c7df0120 as it did not create a cgroup: this container does not have a cgroup
timestamp_ns=1785700754951786341
	DDR Capacity(MB)               : 0
	DDR Usage Rate(%)              : 0
	DDR Hugepages Total(page)      : 0
	DDR Hugepages Usage Rate(%)    : 0
	HBM Capacity(MB)               : 65536
	HBM Usage Rate(%)              : 5
	Aicore Usage Rate(%)           : 0
	Aivector Usage Rate(%)         : 0
	Aicpu Usage Rate(%)            : 0
	Ctrlcpu Usage Rate(%)          : 6
	DDR Bandwidth Usage Rate(%)    : 0
	HBM Bandwidth Usage Rate(%)    : 0
	NPU Utilization(%)             : 0
	Aicube Usage Rate(%)           : 0
	No process in device.
Error: cannot run top on container b072be3d8b068f6d5a2d7f91de9f72409cacffb5dee4208b5534b748c7df0120 as it did not create a cgroup: this container does not have a cgroup
timestamp_ns=1785700757089033863
	DDR Capacity(MB)               : 0
	DDR Usage Rate(%)              : 0
	DDR Hugepages Total(page)      : 0
	DDR Hugepages Usage Rate(%)    : 0
	HBM Capacity(MB)               : 65536
	HBM Usage Rate(%)              : 5
	Aicore Usage Rate(%)           : 0
	Aivector Usage Rate(%)         : 0
	Aicpu Usage Rate(%)            : 0
	Ctrlcpu Usage Rate(%)          : 4
	DDR Bandwidth Usage Rate(%)    : 0
	HBM Bandwidth Usage Rate(%)    : 0
	NPU Utilization(%)             : 0
	Aicube Usage Rate(%)           : 0
	No process in device.
Error: cannot run top on container b072be3d8b068f6d5a2d7f91de9f72409cacffb5dee4208b5534b748c7df0120 as it did not create a cgroup: this container does not have a cgroup
timestamp_ns=1785700759266405466
	DDR Capacity(MB)               : 0
	DDR Usage Rate(%)              : 0
	DDR Hugepages Total(page)      : 0
	DDR Hugepages Usage Rate(%)    : 0
	HBM Capacity(MB)               : 65536
	HBM Usage Rate(%)              : 5
	Aicore Usage Rate(%)           : 0
	Aivector Usage Rate(%)         : 0
	Aicpu Usage Rate(%)            : 0
	Ctrlcpu Usage Rate(%)          : 4
	DDR Bandwidth Usage Rate(%)    : 0
	HBM Bandwidth Usage Rate(%)    : 0
	NPU Utilization(%)             : 0
	Aicube Usage Rate(%)           : 0
	No process in device.
Error: cannot run top on container b072be3d8b068f6d5a2d7f91de9f72409cacffb5dee4208b5534b748c7df0120 as it did not create a cgroup: this container does not have a cgroup
timestamp_ns=1785700761409341677
	DDR Capacity(MB)               : 0
	DDR Usage Rate(%)              : 0
	DDR Hugepages Total(page)      : 0
	DDR Hugepages Usage Rate(%)    : 0
	HBM Capacity(MB)               : 65536
	HBM Usage Rate(%)              : 5
	Aicore Usage Rate(%)           : 0
	Aivector Usage Rate(%)         : 0
	Aicpu Usage Rate(%)            : 0
	Ctrlcpu Usage Rate(%)          : 1
	DDR Bandwidth Usage Rate(%)    : 0
	HBM Bandwidth Usage Rate(%)    : 0
	NPU Utilization(%)             : 0
	Aicube Usage Rate(%)           : 0
	No process in device.
Error: cannot run top on container b072be3d8b068f6d5a2d7f91de9f72409cacffb5dee4208b5534b748c7df0120 as it did not create a cgroup: this container does not have a cgroup
timestamp_ns=1785700763552475330
	DDR Capacity(MB)               : 0
	DDR Usage Rate(%)              : 0
	DDR Hugepages Total(page)      : 0
	DDR Hugepages Usage Rate(%)    : 0
	HBM Capacity(MB)               : 65536
	HBM Usage Rate(%)              : 5
	Aicore Usage Rate(%)           : 0
	Aivector Usage Rate(%)         : 0
	Aicpu Usage Rate(%)            : 0
	Ctrlcpu Usage Rate(%)          : 3
	DDR Bandwidth Usage Rate(%)    : 0
	HBM Bandwidth Usage Rate(%)    : 0
	NPU Utilization(%)             : 0
	Aicube Usage Rate(%)           : 0
	No process in device.
Error: cannot run top on container b072be3d8b068f6d5a2d7f91de9f72409cacffb5dee4208b5534b748c7df0120 as it did not create a cgroup: this container does not have a cgroup
timestamp_ns=1785700765719559877
	DDR Capacity(MB)               : 0
	DDR Usage Rate(%)              : 0
	DDR Hugepages Total(page)      : 0
	DDR Hugepages Usage Rate(%)    : 0
	HBM Capacity(MB)               : 65536
	HBM Usage Rate(%)              : 5
	Aicore Usage Rate(%)           : 0
	Aivector Usage Rate(%)         : 0
	Aicpu Usage Rate(%)            : 0
	Ctrlcpu Usage Rate(%)          : 2
	DDR Bandwidth Usage Rate(%)    : 0
	HBM Bandwidth Usage Rate(%)    : 0
	NPU Utilization(%)             : 0
	Aicube Usage Rate(%)           : 0
	No process in device.
Error: cannot run top on container b072be3d8b068f6d5a2d7f91de9f72409cacffb5dee4208b5534b748c7df0120 as it did not create a cgroup: this container does not have a cgroup
timestamp_ns=1785700767873783914
	DDR Capacity(MB)               : 0
	DDR Usage Rate(%)              : 0
	DDR Hugepages Total(page)      : 0
	DDR Hugepages Usage Rate(%)    : 0
	HBM Capacity(MB)               : 65536
	HBM Usage Rate(%)              : 5
	Aicore Usage Rate(%)           : 0
	Aivector Usage Rate(%)         : 0
	Aicpu Usage Rate(%)            : 0
	Ctrlcpu Usage Rate(%)          : 2
	DDR Bandwidth Usage Rate(%)    : 0
	HBM Bandwidth Usage Rate(%)    : 0
	NPU Utilization(%)             : 0
	Aicube Usage Rate(%)           : 0
	No process in device.
Error: cannot run top on container b072be3d8b068f6d5a2d7f91de9f72409cacffb5dee4208b5534b748c7df0120 as it did not create a cgroup: this container does not have a cgroup
timestamp_ns=1785700770026359497
	DDR Capacity(MB)               : 0
	DDR Usage Rate(%)              : 0
	DDR Hugepages Total(page)      : 0
	DDR Hugepages Usage Rate(%)    : 0
	HBM Capacity(MB)               : 65536
	HBM Usage Rate(%)              : 5
	Aicore Usage Rate(%)           : 0
	Aivector Usage Rate(%)         : 0
	Aicpu Usage Rate(%)            : 0
	Ctrlcpu Usage Rate(%)          : 1
	DDR Bandwidth Usage Rate(%)    : 0
	HBM Bandwidth Usage Rate(%)    : 0
	NPU Utilization(%)             : 0
	Aicube Usage Rate(%)           : 0
	No process in device.
Error: cannot run top on container b072be3d8b068f6d5a2d7f91de9f72409cacffb5dee4208b5534b748c7df0120 as it did not create a cgroup: this container does not have a cgroup
timestamp_ns=1785700772180444170
	DDR Capacity(MB)               : 0
	DDR Usage Rate(%)              : 0
	DDR Hugepages Total(page)      : 0
	DDR Hugepages Usage Rate(%)    : 0
	HBM Capacity(MB)               : 65536
	HBM Usage Rate(%)              : 5
	Aicore Usage Rate(%)           : 0
	Aivector Usage Rate(%)         : 0
	Aicpu Usage Rate(%)            : 0
	Ctrlcpu Usage Rate(%)          : 3
	DDR Bandwidth Usage Rate(%)    : 0
	HBM Bandwidth Usage Rate(%)    : 0
	NPU Utilization(%)             : 0
	Aicube Usage Rate(%)           : 0
	No process in device.
Error: cannot run top on container b072be3d8b068f6d5a2d7f91de9f72409cacffb5dee4208b5534b748c7df0120 as it did not create a cgroup: this container does not have a cgroup
timestamp_ns=1785700774360142523
	DDR Capacity(MB)               : 0
	DDR Usage Rate(%)              : 0
	DDR Hugepages Total(page)      : 0
	DDR Hugepages Usage Rate(%)    : 0
	HBM Capacity(MB)               : 65536
	HBM Usage Rate(%)              : 5
	Aicore Usage Rate(%)           : 0
	Aivector Usage Rate(%)         : 0
	Aicpu Usage Rate(%)            : 0
	Ctrlcpu Usage Rate(%)          : 1
	DDR Bandwidth Usage Rate(%)    : 0
	HBM Bandwidth Usage Rate(%)    : 0
	NPU Utilization(%)             : 0
	Aicube Usage Rate(%)           : 0
	No process in device.
Error: cannot run top on container b072be3d8b068f6d5a2d7f91de9f72409cacffb5dee4208b5534b748c7df0120 as it did not create a cgroup: this container does not have a cgroup
timestamp_ns=1785700776516433545
	DDR Capacity(MB)               : 0
	DDR Usage Rate(%)              : 0
	DDR Hugepages Total(page)      : 0
	DDR Hugepages Usage Rate(%)    : 0
	HBM Capacity(MB)               : 65536
	HBM Usage Rate(%)              : 5
	Aicore Usage Rate(%)           : 0
	Aivector Usage Rate(%)         : 0
	Aicpu Usage Rate(%)            : 0
	Ctrlcpu Usage Rate(%)          : 0
	DDR Bandwidth Usage Rate(%)    : 0
	HBM Bandwidth Usage Rate(%)    : 0
	NPU Utilization(%)             : 0
	Aicube Usage Rate(%)           : 0
	No process in device.
Error: cannot run top on container b072be3d8b068f6d5a2d7f91de9f72409cacffb5dee4208b5534b748c7df0120 as it did not create a cgroup: this container does not have a cgroup
timestamp_ns=1785700778678369046
	DDR Capacity(MB)               : 0
	DDR Usage Rate(%)              : 0
	DDR Hugepages Total(page)      : 0
	DDR Hugepages Usage Rate(%)    : 0
	HBM Capacity(MB)               : 65536
	HBM Usage Rate(%)              : 5
	Aicore Usage Rate(%)           : 0
	Aivector Usage Rate(%)         : 0
	Aicpu Usage Rate(%)            : 0
	Ctrlcpu Usage Rate(%)          : 2
	DDR Bandwidth Usage Rate(%)    : 0
	HBM Bandwidth Usage Rate(%)    : 0
	NPU Utilization(%)             : 0
	Aicube Usage Rate(%)           : 0
	No process in device.
Error: cannot run top on container b072be3d8b068f6d5a2d7f91de9f72409cacffb5dee4208b5534b748c7df0120 as it did not create a cgroup: this container does not have a cgroup
timestamp_ns=1785700780814907258
	DDR Capacity(MB)               : 0
	DDR Usage Rate(%)              : 0
	DDR Hugepages Total(page)      : 0
	DDR Hugepages Usage Rate(%)    : 0
	HBM Capacity(MB)               : 65536
	HBM Usage Rate(%)              : 5
	Aicore Usage Rate(%)           : 0
	Aivector Usage Rate(%)         : 0
	Aicpu Usage Rate(%)            : 0
	Ctrlcpu Usage Rate(%)          : 6
	DDR Bandwidth Usage Rate(%)    : 0
	HBM Bandwidth Usage Rate(%)    : 0
	NPU Utilization(%)             : 0
	Aicube Usage Rate(%)           : 0
	No process in device.
Error: cannot run top on container b072be3d8b068f6d5a2d7f91de9f72409cacffb5dee4208b5534b748c7df0120 as it did not create a cgroup: this container does not have a cgroup
timestamp_ns=1785700782945824760
	DDR Capacity(MB)               : 0
	DDR Usage Rate(%)              : 0
	DDR Hugepages Total(page)      : 0
	DDR Hugepages Usage Rate(%)    : 0
	HBM Capacity(MB)               : 65536
	HBM Usage Rate(%)              : 5
	Aicore Usage Rate(%)           : 0
	Aivector Usage Rate(%)         : 0
	Aicpu Usage Rate(%)            : 0
	Ctrlcpu Usage Rate(%)          : 1
	DDR Bandwidth Usage Rate(%)    : 0
	HBM Bandwidth Usage Rate(%)    : 0
	NPU Utilization(%)             : 0
	Aicube Usage Rate(%)           : 0
	No process in device.
Error: cannot run top on container b072be3d8b068f6d5a2d7f91de9f72409cacffb5dee4208b5534b748c7df0120 as it did not create a cgroup: this container does not have a cgroup
timestamp_ns=1785700785075388611
	DDR Capacity(MB)               : 0
	DDR Usage Rate(%)              : 0
	DDR Hugepages Total(page)      : 0
	DDR Hugepages Usage Rate(%)    : 0
	HBM Capacity(MB)               : 65536
	HBM Usage Rate(%)              : 5
	Aicore Usage Rate(%)           : 0
	Aivector Usage Rate(%)         : 0
	Aicpu Usage Rate(%)            : 0
	Ctrlcpu Usage Rate(%)          : 7
	DDR Bandwidth Usage Rate(%)    : 0
	HBM Bandwidth Usage Rate(%)    : 0
	NPU Utilization(%)             : 0
	Aicube Usage Rate(%)           : 0
	No process in device.
Error: cannot run top on container b072be3d8b068f6d5a2d7f91de9f72409cacffb5dee4208b5534b748c7df0120 as it did not create a cgroup: this container does not have a cgroup
timestamp_ns=1785700787228468481
	DDR Capacity(MB)               : 0
	DDR Usage Rate(%)              : 0
	DDR Hugepages Total(page)      : 0
	DDR Hugepages Usage Rate(%)    : 0
	HBM Capacity(MB)               : 65536
	HBM Usage Rate(%)              : 5
	Aicore Usage Rate(%)           : 0
	Aivector Usage Rate(%)         : 0
	Aicpu Usage Rate(%)            : 0
	Ctrlcpu Usage Rate(%)          : 4
	DDR Bandwidth Usage Rate(%)    : 0
	HBM Bandwidth Usage Rate(%)    : 0
	NPU Utilization(%)             : 0
	Aicube Usage Rate(%)           : 0
	No process in device.
Error: cannot run top on container b072be3d8b068f6d5a2d7f91de9f72409cacffb5dee4208b5534b748c7df0120 as it did not create a cgroup: this container does not have a cgroup
timestamp_ns=1785700789392903701
	DDR Capacity(MB)               : 0
	DDR Usage Rate(%)              : 0
	DDR Hugepages Total(page)      : 0
	DDR Hugepages Usage Rate(%)    : 0
	HBM Capacity(MB)               : 65536
	HBM Usage Rate(%)              : 5
	Aicore Usage Rate(%)           : 0
	Aivector Usage Rate(%)         : 0
	Aicpu Usage Rate(%)            : 0
	Ctrlcpu Usage Rate(%)          : 12
	DDR Bandwidth Usage Rate(%)    : 0
	HBM Bandwidth Usage Rate(%)    : 0
	NPU Utilization(%)             : 0
	Aicube Usage Rate(%)           : 0
	Get pid name failed.
	Process id:2294338 Process name:                  Process memory(MB):116
Error: cannot run top on container b072be3d8b068f6d5a2d7f91de9f72409cacffb5dee4208b5534b748c7df0120 as it did not create a cgroup: this container does not have a cgroup
timestamp_ns=1785700791553985572
	DDR Capacity(MB)               : 0
	DDR Usage Rate(%)              : 0
	DDR Hugepages Total(page)      : 0
	DDR Hugepages Usage Rate(%)    : 0
	HBM Capacity(MB)               : 65536
	HBM Usage Rate(%)              : 33
	Aicore Usage Rate(%)           : 0
	Aivector Usage Rate(%)         : 0
	Aicpu Usage Rate(%)            : 0
	Ctrlcpu Usage Rate(%)          : 25
	DDR Bandwidth Usage Rate(%)    : 0
	HBM Bandwidth Usage Rate(%)    : 0
	NPU Utilization(%)             : 0
	Aicube Usage Rate(%)           : 0
	Get pid name failed.
	Process id:2294338 Process name:                  Process memory(MB):28432
Error: cannot run top on container b072be3d8b068f6d5a2d7f91de9f72409cacffb5dee4208b5534b748c7df0120 as it did not create a cgroup: this container does not have a cgroup
timestamp_ns=1785700793715965494
	DDR Capacity(MB)               : 0
	DDR Usage Rate(%)              : 0
	DDR Hugepages Total(page)      : 0
	DDR Hugepages Usage Rate(%)    : 0
	HBM Capacity(MB)               : 65536
	HBM Usage Rate(%)              : 48
	Aicore Usage Rate(%)           : 0
	Aivector Usage Rate(%)         : 0
	Aicpu Usage Rate(%)            : 0
	Ctrlcpu Usage Rate(%)          : 1
	DDR Bandwidth Usage Rate(%)    : 0
	HBM Bandwidth Usage Rate(%)    : 0
	NPU Utilization(%)             : 0
	Aicube Usage Rate(%)           : 0
	Get pid name failed.
	Process id:2294338 Process name:                  Process memory(MB):28432
Error: cannot run top on container b072be3d8b068f6d5a2d7f91de9f72409cacffb5dee4208b5534b748c7df0120 as it did not create a cgroup: this container does not have a cgroup
timestamp_ns=1785700795848810972
	DDR Capacity(MB)               : 0
	DDR Usage Rate(%)              : 0
	DDR Hugepages Total(page)      : 0
	DDR Hugepages Usage Rate(%)    : 0
	HBM Capacity(MB)               : 65536
	HBM Usage Rate(%)              : 48
	Aicore Usage Rate(%)           : 0
	Aivector Usage Rate(%)         : 0
	Aicpu Usage Rate(%)            : 0
	Ctrlcpu Usage Rate(%)          : 6
	DDR Bandwidth Usage Rate(%)    : 0
	HBM Bandwidth Usage Rate(%)    : 0
	NPU Utilization(%)             : 0
	Aicube Usage Rate(%)           : 0
	Get pid name failed.
	Process id:2294338 Process name:                  Process memory(MB):28432
Error: cannot run top on container b072be3d8b068f6d5a2d7f91de9f72409cacffb5dee4208b5534b748c7df0120 as it did not create a cgroup: this container does not have a cgroup
timestamp_ns=1785700797978576265
	DDR Capacity(MB)               : 0
	DDR Usage Rate(%)              : 0
	DDR Hugepages Total(page)      : 0
	DDR Hugepages Usage Rate(%)    : 0
	HBM Capacity(MB)               : 65536
	HBM Usage Rate(%)              : 48
	Aicore Usage Rate(%)           : 0
	Aivector Usage Rate(%)         : 0
	Aicpu Usage Rate(%)            : 0
	Ctrlcpu Usage Rate(%)          : 1
	DDR Bandwidth Usage Rate(%)    : 0
	HBM Bandwidth Usage Rate(%)    : 0
	NPU Utilization(%)             : 0
	Aicube Usage Rate(%)           : 0
	Get pid name failed.
	Process id:2294338 Process name:                  Process memory(MB):28432
Error: cannot run top on container b072be3d8b068f6d5a2d7f91de9f72409cacffb5dee4208b5534b748c7df0120 as it did not create a cgroup: this container does not have a cgroup
timestamp_ns=1785700800102835097
	DDR Capacity(MB)               : 0
	DDR Usage Rate(%)              : 0
	DDR Hugepages Total(page)      : 0
	DDR Hugepages Usage Rate(%)    : 0
	HBM Capacity(MB)               : 65536
	HBM Usage Rate(%)              : 48
	Aicore Usage Rate(%)           : 0
	Aivector Usage Rate(%)         : 0
	Aicpu Usage Rate(%)            : 0
	Ctrlcpu Usage Rate(%)          : 2
	DDR Bandwidth Usage Rate(%)    : 0
	HBM Bandwidth Usage Rate(%)    : 0
	NPU Utilization(%)             : 0
	Aicube Usage Rate(%)           : 0
	Get pid name failed.
	Process id:2294338 Process name:                  Process memory(MB):28432
Error: cannot run top on container b072be3d8b068f6d5a2d7f91de9f72409cacffb5dee4208b5534b748c7df0120 as it did not create a cgroup: this container does not have a cgroup
timestamp_ns=1785700802256304451
	DDR Capacity(MB)               : 0
	DDR Usage Rate(%)              : 0
	DDR Hugepages Total(page)      : 0
	DDR Hugepages Usage Rate(%)    : 0
	HBM Capacity(MB)               : 65536
	HBM Usage Rate(%)              : 48
	Aicore Usage Rate(%)           : 0
	Aivector Usage Rate(%)         : 0
	Aicpu Usage Rate(%)            : 0
	Ctrlcpu Usage Rate(%)          : 3
	DDR Bandwidth Usage Rate(%)    : 0
	HBM Bandwidth Usage Rate(%)    : 0
	NPU Utilization(%)             : 0
	Aicube Usage Rate(%)           : 0
	Get pid name failed.
	Process id:2294338 Process name:                  Process memory(MB):28432
Error: cannot run top on container b072be3d8b068f6d5a2d7f91de9f72409cacffb5dee4208b5534b748c7df0120 as it did not create a cgroup: this container does not have a cgroup
timestamp_ns=1785700804391431563
	DDR Capacity(MB)               : 0
	DDR Usage Rate(%)              : 0
	DDR Hugepages Total(page)      : 0
	DDR Hugepages Usage Rate(%)    : 0
	HBM Capacity(MB)               : 65536
	HBM Usage Rate(%)              : 48
	Aicore Usage Rate(%)           : 0
	Aivector Usage Rate(%)         : 0
	Aicpu Usage Rate(%)            : 0
	Ctrlcpu Usage Rate(%)          : 12
	DDR Bandwidth Usage Rate(%)    : 0
	HBM Bandwidth Usage Rate(%)    : 0
	NPU Utilization(%)             : 0
	Aicube Usage Rate(%)           : 0
	Get pid name failed.
	Process id:2294338 Process name:                  Process memory(MB):28432
Error: cannot run top on container b072be3d8b068f6d5a2d7f91de9f72409cacffb5dee4208b5534b748c7df0120 as it did not create a cgroup: this container does not have a cgroup
timestamp_ns=1785700806530090003
	DDR Capacity(MB)               : 0
	DDR Usage Rate(%)              : 0
	DDR Hugepages Total(page)      : 0
	DDR Hugepages Usage Rate(%)    : 0
	HBM Capacity(MB)               : 65536
	HBM Usage Rate(%)              : 48
	Aicore Usage Rate(%)           : 0
	Aivector Usage Rate(%)         : 0
	Aicpu Usage Rate(%)            : 0
	Ctrlcpu Usage Rate(%)          : 0
	DDR Bandwidth Usage Rate(%)    : 0
	HBM Bandwidth Usage Rate(%)    : 0
	NPU Utilization(%)             : 0
	Aicube Usage Rate(%)           : 0
	Get pid name failed.
	Process id:2294338 Process name:                  Process memory(MB):28432
Error: cannot run top on container b072be3d8b068f6d5a2d7f91de9f72409cacffb5dee4208b5534b748c7df0120 as it did not create a cgroup: this container does not have a cgroup
timestamp_ns=1785700808672845598
	DDR Capacity(MB)               : 0
	DDR Usage Rate(%)              : 0
	DDR Hugepages Total(page)      : 0
	DDR Hugepages Usage Rate(%)    : 0
	HBM Capacity(MB)               : 65536
	HBM Usage Rate(%)              : 48
	Aicore Usage Rate(%)           : 0
	Aivector Usage Rate(%)         : 0
	Aicpu Usage Rate(%)            : 0
	Ctrlcpu Usage Rate(%)          : 0
	DDR Bandwidth Usage Rate(%)    : 0
	HBM Bandwidth Usage Rate(%)    : 0
	NPU Utilization(%)             : 0
	Aicube Usage Rate(%)           : 0
	Get pid name failed.
	Process id:2294338 Process name:                  Process memory(MB):28432
Error: cannot run top on container b072be3d8b068f6d5a2d7f91de9f72409cacffb5dee4208b5534b748c7df0120 as it did not create a cgroup: this container does not have a cgroup
timestamp_ns=1785700810806905367
	DDR Capacity(MB)               : 0
	DDR Usage Rate(%)              : 0
	DDR Hugepages Total(page)      : 0
	DDR Hugepages Usage Rate(%)    : 0
	HBM Capacity(MB)               : 65536
	HBM Usage Rate(%)              : 48
	Aicore Usage Rate(%)           : 0
	Aivector Usage Rate(%)         : 0
	Aicpu Usage Rate(%)            : 0
	Ctrlcpu Usage Rate(%)          : 3
	DDR Bandwidth Usage Rate(%)    : 0
	HBM Bandwidth Usage Rate(%)    : 0
	NPU Utilization(%)             : 0
	Aicube Usage Rate(%)           : 0
	Get pid name failed.
	Process id:2294338 Process name:                  Process memory(MB):28432
Error: cannot run top on container b072be3d8b068f6d5a2d7f91de9f72409cacffb5dee4208b5534b748c7df0120 as it did not create a cgroup: this container does not have a cgroup
timestamp_ns=1785700812941989018
	DDR Capacity(MB)               : 0
	DDR Usage Rate(%)              : 0
	DDR Hugepages Total(page)      : 0
	DDR Hugepages Usage Rate(%)    : 0
	HBM Capacity(MB)               : 65536
	HBM Usage Rate(%)              : 48
	Aicore Usage Rate(%)           : 0
	Aivector Usage Rate(%)         : 0
	Aicpu Usage Rate(%)            : 0
	Ctrlcpu Usage Rate(%)          : 2
	DDR Bandwidth Usage Rate(%)    : 0
	HBM Bandwidth Usage Rate(%)    : 0
	NPU Utilization(%)             : 0
	Aicube Usage Rate(%)           : 0
	Get pid name failed.
	Process id:2294338 Process name:                  Process memory(MB):28432
Error: cannot run top on container b072be3d8b068f6d5a2d7f91de9f72409cacffb5dee4208b5534b748c7df0120 as it did not create a cgroup: this container does not have a cgroup
timestamp_ns=1785700815086962867
	DDR Capacity(MB)               : 0
	DDR Usage Rate(%)              : 0
	DDR Hugepages Total(page)      : 0
	DDR Hugepages Usage Rate(%)    : 0
	HBM Capacity(MB)               : 65536
	HBM Usage Rate(%)              : 48
	Aicore Usage Rate(%)           : 0
	Aivector Usage Rate(%)         : 0
	Aicpu Usage Rate(%)            : 0
	Ctrlcpu Usage Rate(%)          : 6
	DDR Bandwidth Usage Rate(%)    : 0
	HBM Bandwidth Usage Rate(%)    : 0
	NPU Utilization(%)             : 0
	Aicube Usage Rate(%)           : 0
	Get pid name failed.
	Process id:2294338 Process name:                  Process memory(MB):28432
Error: cannot run top on container b072be3d8b068f6d5a2d7f91de9f72409cacffb5dee4208b5534b748c7df0120 as it did not create a cgroup: this container does not have a cgroup
timestamp_ns=1785700817253984958
	DDR Capacity(MB)               : 0
	DDR Usage Rate(%)              : 0
	DDR Hugepages Total(page)      : 0
	DDR Hugepages Usage Rate(%)    : 0
	HBM Capacity(MB)               : 65536
	HBM Usage Rate(%)              : 48
	Aicore Usage Rate(%)           : 0
	Aivector Usage Rate(%)         : 0
	Aicpu Usage Rate(%)            : 0
	Ctrlcpu Usage Rate(%)          : 2
	DDR Bandwidth Usage Rate(%)    : 0
	HBM Bandwidth Usage Rate(%)    : 0
	NPU Utilization(%)             : 0
	Aicube Usage Rate(%)           : 0
	Get pid name failed.
	Process id:2294338 Process name:                  Process memory(MB):28432
Error: cannot run top on container b072be3d8b068f6d5a2d7f91de9f72409cacffb5dee4208b5534b748c7df0120 as it did not create a cgroup: this container does not have a cgroup
timestamp_ns=1785700819391015989
	DDR Capacity(MB)               : 0
	DDR Usage Rate(%)              : 0
	DDR Hugepages Total(page)      : 0
	DDR Hugepages Usage Rate(%)    : 0
	HBM Capacity(MB)               : 65536
	HBM Usage Rate(%)              : 48
	Aicore Usage Rate(%)           : 0
	Aivector Usage Rate(%)         : 0
	Aicpu Usage Rate(%)            : 0
	Ctrlcpu Usage Rate(%)          : 3
	DDR Bandwidth Usage Rate(%)    : 0
	HBM Bandwidth Usage Rate(%)    : 0
	NPU Utilization(%)             : 0
	Aicube Usage Rate(%)           : 0
	Get pid name failed.
	Process id:2294338 Process name:                  Process memory(MB):28432
Error: cannot run top on container b072be3d8b068f6d5a2d7f91de9f72409cacffb5dee4208b5534b748c7df0120 as it did not create a cgroup: this container does not have a cgroup
timestamp_ns=1785700821565288148
	DDR Capacity(MB)               : 0
	DDR Usage Rate(%)              : 0
	DDR Hugepages Total(page)      : 0
	DDR Hugepages Usage Rate(%)    : 0
	HBM Capacity(MB)               : 65536
	HBM Usage Rate(%)              : 48
	Aicore Usage Rate(%)           : 0
	Aivector Usage Rate(%)         : 0
	Aicpu Usage Rate(%)            : 0
	Ctrlcpu Usage Rate(%)          : 1
	DDR Bandwidth Usage Rate(%)    : 0
	HBM Bandwidth Usage Rate(%)    : 0
	NPU Utilization(%)             : 0
	Aicube Usage Rate(%)           : 0
	Get pid name failed.
	Process id:2294338 Process name:                  Process memory(MB):28432
Error: cannot run top on container b072be3d8b068f6d5a2d7f91de9f72409cacffb5dee4208b5534b748c7df0120 as it did not create a cgroup: this container does not have a cgroup
timestamp_ns=1785700823707113531
	DDR Capacity(MB)               : 0
	DDR Usage Rate(%)              : 0
	DDR Hugepages Total(page)      : 0
	DDR Hugepages Usage Rate(%)    : 0
	HBM Capacity(MB)               : 65536
	HBM Usage Rate(%)              : 48
	Aicore Usage Rate(%)           : 0
	Aivector Usage Rate(%)         : 0
	Aicpu Usage Rate(%)            : 0
	Ctrlcpu Usage Rate(%)          : 5
	DDR Bandwidth Usage Rate(%)    : 0
	HBM Bandwidth Usage Rate(%)    : 0
	NPU Utilization(%)             : 0
	Aicube Usage Rate(%)           : 0
	Get pid name failed.
	Process id:2294338 Process name:                  Process memory(MB):28432
Error: cannot run top on container b072be3d8b068f6d5a2d7f91de9f72409cacffb5dee4208b5534b748c7df0120 as it did not create a cgroup: this container does not have a cgroup
timestamp_ns=1785700825838538854
	DDR Capacity(MB)               : 0
	DDR Usage Rate(%)              : 0
	DDR Hugepages Total(page)      : 0
	DDR Hugepages Usage Rate(%)    : 0
	HBM Capacity(MB)               : 65536
	HBM Usage Rate(%)              : 48
	Aicore Usage Rate(%)           : 0
	Aivector Usage Rate(%)         : 0
	Aicpu Usage Rate(%)            : 0
	Ctrlcpu Usage Rate(%)          : 4
	DDR Bandwidth Usage Rate(%)    : 0
	HBM Bandwidth Usage Rate(%)    : 0
	NPU Utilization(%)             : 0
	Aicube Usage Rate(%)           : 0
	Get pid name failed.
	Process id:2294338 Process name:                  Process memory(MB):28432
Error: cannot run top on container b072be3d8b068f6d5a2d7f91de9f72409cacffb5dee4208b5534b748c7df0120 as it did not create a cgroup: this container does not have a cgroup
timestamp_ns=1785700828008789537
	DDR Capacity(MB)               : 0
	DDR Usage Rate(%)              : 0
	DDR Hugepages Total(page)      : 0
	DDR Hugepages Usage Rate(%)    : 0
	HBM Capacity(MB)               : 65536
	HBM Usage Rate(%)              : 48
	Aicore Usage Rate(%)           : 0
	Aivector Usage Rate(%)         : 0
	Aicpu Usage Rate(%)            : 0
	Ctrlcpu Usage Rate(%)          : 3
	DDR Bandwidth Usage Rate(%)    : 0
	HBM Bandwidth Usage Rate(%)    : 0
	NPU Utilization(%)             : 0
	Aicube Usage Rate(%)           : 0
	Get pid name failed.
	Process id:2294338 Process name:                  Process memory(MB):28432
Error: cannot run top on container b072be3d8b068f6d5a2d7f91de9f72409cacffb5dee4208b5534b748c7df0120 as it did not create a cgroup: this container does not have a cgroup
timestamp_ns=1785700830139569155
	DDR Capacity(MB)               : 0
	DDR Usage Rate(%)              : 0
	DDR Hugepages Total(page)      : 0
	DDR Hugepages Usage Rate(%)    : 0
	HBM Capacity(MB)               : 65536
	HBM Usage Rate(%)              : 48
	Aicore Usage Rate(%)           : 0
	Aivector Usage Rate(%)         : 0
	Aicpu Usage Rate(%)            : 0
	Ctrlcpu Usage Rate(%)          : 2
	DDR Bandwidth Usage Rate(%)    : 0
	HBM Bandwidth Usage Rate(%)    : 0
	NPU Utilization(%)             : 0
	Aicube Usage Rate(%)           : 0
	Get pid name failed.
	Process id:2294338 Process name:                  Process memory(MB):28432
Error: cannot run top on container b072be3d8b068f6d5a2d7f91de9f72409cacffb5dee4208b5534b748c7df0120 as it did not create a cgroup: this container does not have a cgroup
timestamp_ns=1785700832285492855
	DDR Capacity(MB)               : 0
	DDR Usage Rate(%)              : 0
	DDR Hugepages Total(page)      : 0
	DDR Hugepages Usage Rate(%)    : 0
	HBM Capacity(MB)               : 65536
	HBM Usage Rate(%)              : 48
	Aicore Usage Rate(%)           : 0
	Aivector Usage Rate(%)         : 0
	Aicpu Usage Rate(%)            : 0
	Ctrlcpu Usage Rate(%)          : 2
	DDR Bandwidth Usage Rate(%)    : 0
	HBM Bandwidth Usage Rate(%)    : 0
	NPU Utilization(%)             : 0
	Aicube Usage Rate(%)           : 0
	Get pid name failed.
	Process id:2294338 Process name:                  Process memory(MB):28432
Error: cannot run top on container b072be3d8b068f6d5a2d7f91de9f72409cacffb5dee4208b5534b748c7df0120 as it did not create a cgroup: this container does not have a cgroup
timestamp_ns=1785700834426599173
	DDR Capacity(MB)               : 0
	DDR Usage Rate(%)              : 0
	DDR Hugepages Total(page)      : 0
	DDR Hugepages Usage Rate(%)    : 0
	HBM Capacity(MB)               : 65536
	HBM Usage Rate(%)              : 48
	Aicore Usage Rate(%)           : 0
	Aivector Usage Rate(%)         : 0
	Aicpu Usage Rate(%)            : 0
	Ctrlcpu Usage Rate(%)          : 4
	DDR Bandwidth Usage Rate(%)    : 0
	HBM Bandwidth Usage Rate(%)    : 0
	NPU Utilization(%)             : 0
	Aicube Usage Rate(%)           : 0
	Get pid name failed.
	Process id:2294338 Process name:                  Process memory(MB):28432
Error: cannot run top on container b072be3d8b068f6d5a2d7f91de9f72409cacffb5dee4208b5534b748c7df0120 as it did not create a cgroup: this container does not have a cgroup
timestamp_ns=1785700836584314676
	DDR Capacity(MB)               : 0
	DDR Usage Rate(%)              : 0
	DDR Hugepages Total(page)      : 0
	DDR Hugepages Usage Rate(%)    : 0
	HBM Capacity(MB)               : 65536
	HBM Usage Rate(%)              : 48
	Aicore Usage Rate(%)           : 0
	Aivector Usage Rate(%)         : 0
	Aicpu Usage Rate(%)            : 0
	Ctrlcpu Usage Rate(%)          : 2
	DDR Bandwidth Usage Rate(%)    : 0
	HBM Bandwidth Usage Rate(%)    : 0
	NPU Utilization(%)             : 0
	Aicube Usage Rate(%)           : 0
	Get pid name failed.
	Process id:2294338 Process name:                  Process memory(MB):28432
Error: cannot run top on container b072be3d8b068f6d5a2d7f91de9f72409cacffb5dee4208b5534b748c7df0120 as it did not create a cgroup: this container does not have a cgroup
timestamp_ns=1785700838715450545
	DDR Capacity(MB)               : 0
	DDR Usage Rate(%)              : 0
	DDR Hugepages Total(page)      : 0
	DDR Hugepages Usage Rate(%)    : 0
	HBM Capacity(MB)               : 65536
	HBM Usage Rate(%)              : 48
	Aicore Usage Rate(%)           : 0
	Aivector Usage Rate(%)         : 0
	Aicpu Usage Rate(%)            : 0
	Ctrlcpu Usage Rate(%)          : 1
	DDR Bandwidth Usage Rate(%)    : 0
	HBM Bandwidth Usage Rate(%)    : 0
	NPU Utilization(%)             : 0
	Aicube Usage Rate(%)           : 0
	Get pid name failed.
	Process id:2294338 Process name:                  Process memory(MB):28432
Error: cannot run top on container b072be3d8b068f6d5a2d7f91de9f72409cacffb5dee4208b5534b748c7df0120 as it did not create a cgroup: this container does not have a cgroup
timestamp_ns=1785700840847092347
	DDR Capacity(MB)               : 0
	DDR Usage Rate(%)              : 0
	DDR Hugepages Total(page)      : 0
	DDR Hugepages Usage Rate(%)    : 0
	HBM Capacity(MB)               : 65536
	HBM Usage Rate(%)              : 48
	Aicore Usage Rate(%)           : 0
	Aivector Usage Rate(%)         : 0
	Aicpu Usage Rate(%)            : 0
	Ctrlcpu Usage Rate(%)          : 4
	DDR Bandwidth Usage Rate(%)    : 0
	HBM Bandwidth Usage Rate(%)    : 0
	NPU Utilization(%)             : 0
	Aicube Usage Rate(%)           : 0
	Get pid name failed.
	Process id:2294338 Process name:                  Process memory(MB):28432
Error: cannot run top on container b072be3d8b068f6d5a2d7f91de9f72409cacffb5dee4208b5534b748c7df0120 as it did not create a cgroup: this container does not have a cgroup
timestamp_ns=1785700842987331609
	DDR Capacity(MB)               : 0
	DDR Usage Rate(%)              : 0
	DDR Hugepages Total(page)      : 0
	DDR Hugepages Usage Rate(%)    : 0
	HBM Capacity(MB)               : 65536
	HBM Usage Rate(%)              : 48
	Aicore Usage Rate(%)           : 0
	Aivector Usage Rate(%)         : 0
	Aicpu Usage Rate(%)            : 0
	Ctrlcpu Usage Rate(%)          : 0
	DDR Bandwidth Usage Rate(%)    : 0
	HBM Bandwidth Usage Rate(%)    : 0
	NPU Utilization(%)             : 0
	Aicube Usage Rate(%)           : 0
	Get pid name failed.
	Process id:2294338 Process name:                  Process memory(MB):28432
Error: cannot run top on container b072be3d8b068f6d5a2d7f91de9f72409cacffb5dee4208b5534b748c7df0120 as it did not create a cgroup: this container does not have a cgroup
timestamp_ns=1785700845131968831
	DDR Capacity(MB)               : 0
	DDR Usage Rate(%)              : 0
	DDR Hugepages Total(page)      : 0
	DDR Hugepages Usage Rate(%)    : 0
	HBM Capacity(MB)               : 65536
	HBM Usage Rate(%)              : 48
	Aicore Usage Rate(%)           : 0
	Aivector Usage Rate(%)         : 0
	Aicpu Usage Rate(%)            : 0
	Ctrlcpu Usage Rate(%)          : 8
	DDR Bandwidth Usage Rate(%)    : 0
	HBM Bandwidth Usage Rate(%)    : 0
	NPU Utilization(%)             : 0
	Aicube Usage Rate(%)           : 0
	Get pid name failed.
	Process id:2294338 Process name:                  Process memory(MB):28432
Error: cannot run top on container b072be3d8b068f6d5a2d7f91de9f72409cacffb5dee4208b5534b748c7df0120 as it did not create a cgroup: this container does not have a cgroup
timestamp_ns=1785700847291260599
	DDR Capacity(MB)               : 0
	DDR Usage Rate(%)              : 0
	DDR Hugepages Total(page)      : 0
	DDR Hugepages Usage Rate(%)    : 0
	HBM Capacity(MB)               : 65536
	HBM Usage Rate(%)              : 48
	Aicore Usage Rate(%)           : 0
	Aivector Usage Rate(%)         : 0
	Aicpu Usage Rate(%)            : 0
	Ctrlcpu Usage Rate(%)          : 1
	DDR Bandwidth Usage Rate(%)    : 0
	HBM Bandwidth Usage Rate(%)    : 0
	NPU Utilization(%)             : 0
	Aicube Usage Rate(%)           : 0
	Get pid name failed.
	Process id:2294338 Process name:                  Process memory(MB):28594
Error: cannot run top on container b072be3d8b068f6d5a2d7f91de9f72409cacffb5dee4208b5534b748c7df0120 as it did not create a cgroup: this container does not have a cgroup
timestamp_ns=1785700849424055254
	DDR Capacity(MB)               : 0
	DDR Usage Rate(%)              : 0
	DDR Hugepages Total(page)      : 0
	DDR Hugepages Usage Rate(%)    : 0
	HBM Capacity(MB)               : 65536
	HBM Usage Rate(%)              : 60
	Aicore Usage Rate(%)           : 0
	Aivector Usage Rate(%)         : 0
	Aicpu Usage Rate(%)            : 0
	Ctrlcpu Usage Rate(%)          : 11
	DDR Bandwidth Usage Rate(%)    : 0
	HBM Bandwidth Usage Rate(%)    : 19
	NPU Utilization(%)             : 0
	Aicube Usage Rate(%)           : 0
	Get pid name failed.
	Process id:2294338 Process name:                  Process memory(MB):34406
Error: cannot run top on container b072be3d8b068f6d5a2d7f91de9f72409cacffb5dee4208b5534b748c7df0120 as it did not create a cgroup: this container does not have a cgroup
timestamp_ns=1785700851577453940
	DDR Capacity(MB)               : 0
	DDR Usage Rate(%)              : 0
	DDR Hugepages Total(page)      : 0
	DDR Hugepages Usage Rate(%)    : 0
	HBM Capacity(MB)               : 65536
	HBM Usage Rate(%)              : 61
	Aicore Usage Rate(%)           : 0
	Aivector Usage Rate(%)         : 0
	Aicpu Usage Rate(%)            : 0
	Ctrlcpu Usage Rate(%)          : 2
	DDR Bandwidth Usage Rate(%)    : 0
	HBM Bandwidth Usage Rate(%)    : 0
	NPU Utilization(%)             : 0
	Aicube Usage Rate(%)           : 0
	Get pid name failed.
	Process id:2294338 Process name:                  Process memory(MB):36806
Error: cannot run top on container b072be3d8b068f6d5a2d7f91de9f72409cacffb5dee4208b5534b748c7df0120 as it did not create a cgroup: this container does not have a cgroup
timestamp_ns=1785700853707975145
	DDR Capacity(MB)               : 0
	DDR Usage Rate(%)              : 0
	DDR Hugepages Total(page)      : 0
	DDR Hugepages Usage Rate(%)    : 0
	HBM Capacity(MB)               : 65536
	HBM Usage Rate(%)              : 61
	Aicore Usage Rate(%)           : 0
	Aivector Usage Rate(%)         : 0
	Aicpu Usage Rate(%)            : 0
	Ctrlcpu Usage Rate(%)          : 2
	DDR Bandwidth Usage Rate(%)    : 0
	HBM Bandwidth Usage Rate(%)    : 0
	NPU Utilization(%)             : 0
	Aicube Usage Rate(%)           : 0
	Get pid name failed.
	Process id:2294338 Process name:                  Process memory(MB):36904
Error: cannot run top on container b072be3d8b068f6d5a2d7f91de9f72409cacffb5dee4208b5534b748c7df0120 as it did not create a cgroup: this container does not have a cgroup
timestamp_ns=1785700855831794578
	DDR Capacity(MB)               : 0
	DDR Usage Rate(%)              : 0
	DDR Hugepages Total(page)      : 0
	DDR Hugepages Usage Rate(%)    : 0
	HBM Capacity(MB)               : 65536
	HBM Usage Rate(%)              : 61
	Aicore Usage Rate(%)           : 0
	Aivector Usage Rate(%)         : 0
	Aicpu Usage Rate(%)            : 0
	Ctrlcpu Usage Rate(%)          : 5
	DDR Bandwidth Usage Rate(%)    : 0
	HBM Bandwidth Usage Rate(%)    : 0
	NPU Utilization(%)             : 0
	Aicube Usage Rate(%)           : 0
	Get pid name failed.
	Process id:2294338 Process name:                  Process memory(MB):36904
Error: cannot run top on container b072be3d8b068f6d5a2d7f91de9f72409cacffb5dee4208b5534b748c7df0120 as it did not create a cgroup: this container does not have a cgroup
timestamp_ns=1785700857965864595
	DDR Capacity(MB)               : 0
	DDR Usage Rate(%)              : 0
	DDR Hugepages Total(page)      : 0
	DDR Hugepages Usage Rate(%)    : 0
	HBM Capacity(MB)               : 65536
	HBM Usage Rate(%)              : 61
	Aicore Usage Rate(%)           : 0
	Aivector Usage Rate(%)         : 0
	Aicpu Usage Rate(%)            : 0
	Ctrlcpu Usage Rate(%)          : 4
	DDR Bandwidth Usage Rate(%)    : 0
	HBM Bandwidth Usage Rate(%)    : 0
	NPU Utilization(%)             : 0
	Aicube Usage Rate(%)           : 0
	Get pid name failed.
	Process id:2294338 Process name:                  Process memory(MB):36904
Error: cannot run top on container b072be3d8b068f6d5a2d7f91de9f72409cacffb5dee4208b5534b748c7df0120 as it did not create a cgroup: this container does not have a cgroup
timestamp_ns=1785700860130856433
	DDR Capacity(MB)               : 0
	DDR Usage Rate(%)              : 0
	DDR Hugepages Total(page)      : 0
	DDR Hugepages Usage Rate(%)    : 0
	HBM Capacity(MB)               : 65536
	HBM Usage Rate(%)              : 61
	Aicore Usage Rate(%)           : 0
	Aivector Usage Rate(%)         : 0
	Aicpu Usage Rate(%)            : 0
	Ctrlcpu Usage Rate(%)          : 3
	DDR Bandwidth Usage Rate(%)    : 0
	HBM Bandwidth Usage Rate(%)    : 0
	NPU Utilization(%)             : 0
	Aicube Usage Rate(%)           : 0
	Get pid name failed.
	Process id:2294338 Process name:                  Process memory(MB):36904
Error: cannot run top on container b072be3d8b068f6d5a2d7f91de9f72409cacffb5dee4208b5534b748c7df0120 as it did not create a cgroup: this container does not have a cgroup
timestamp_ns=1785700862265806374
	DDR Capacity(MB)               : 0
	DDR Usage Rate(%)              : 0
	DDR Hugepages Total(page)      : 0
	DDR Hugepages Usage Rate(%)    : 0
	HBM Capacity(MB)               : 65536
	HBM Usage Rate(%)              : 61
	Aicore Usage Rate(%)           : 0
	Aivector Usage Rate(%)         : 0
	Aicpu Usage Rate(%)            : 0
	Ctrlcpu Usage Rate(%)          : 4
	DDR Bandwidth Usage Rate(%)    : 0
	HBM Bandwidth Usage Rate(%)    : 0
	NPU Utilization(%)             : 0
	Aicube Usage Rate(%)           : 0
	Get pid name failed.
	Process id:2294338 Process name:                  Process memory(MB):36904
Error: cannot run top on container b072be3d8b068f6d5a2d7f91de9f72409cacffb5dee4208b5534b748c7df0120 as it did not create a cgroup: this container does not have a cgroup
timestamp_ns=1785700864415659306
	DDR Capacity(MB)               : 0
	DDR Usage Rate(%)              : 0
	DDR Hugepages Total(page)      : 0
	DDR Hugepages Usage Rate(%)    : 0
	HBM Capacity(MB)               : 65536
	HBM Usage Rate(%)              : 61
	Aicore Usage Rate(%)           : 0
	Aivector Usage Rate(%)         : 0
	Aicpu Usage Rate(%)            : 0
	Ctrlcpu Usage Rate(%)          : 4
	DDR Bandwidth Usage Rate(%)    : 0
	HBM Bandwidth Usage Rate(%)    : 0
	NPU Utilization(%)             : 0
	Aicube Usage Rate(%)           : 0
	Get pid name failed.
	Process id:2294338 Process name:                  Process memory(MB):36904
Error: cannot run top on container b072be3d8b068f6d5a2d7f91de9f72409cacffb5dee4208b5534b748c7df0120 as it did not create a cgroup: this container does not have a cgroup
timestamp_ns=1785700866543665919
	DDR Capacity(MB)               : 0
	DDR Usage Rate(%)              : 0
	DDR Hugepages Total(page)      : 0
	DDR Hugepages Usage Rate(%)    : 0
	HBM Capacity(MB)               : 65536
	HBM Usage Rate(%)              : 61
	Aicore Usage Rate(%)           : 0
	Aivector Usage Rate(%)         : 0
	Aicpu Usage Rate(%)            : 0
	Ctrlcpu Usage Rate(%)          : 2
	DDR Bandwidth Usage Rate(%)    : 0
	HBM Bandwidth Usage Rate(%)    : 0
	NPU Utilization(%)             : 0
	Aicube Usage Rate(%)           : 0
	Get pid name failed.
	Process id:2294338 Process name:                  Process memory(MB):36904
Error: cannot run top on container b072be3d8b068f6d5a2d7f91de9f72409cacffb5dee4208b5534b748c7df0120 as it did not create a cgroup: this container does not have a cgroup
timestamp_ns=1785700868679201576
	DDR Capacity(MB)               : 0
	DDR Usage Rate(%)              : 0
	DDR Hugepages Total(page)      : 0
	DDR Hugepages Usage Rate(%)    : 0
	HBM Capacity(MB)               : 65536
	HBM Usage Rate(%)              : 61
	Aicore Usage Rate(%)           : 0
	Aivector Usage Rate(%)         : 0
	Aicpu Usage Rate(%)            : 0
	Ctrlcpu Usage Rate(%)          : 1
	DDR Bandwidth Usage Rate(%)    : 0
	HBM Bandwidth Usage Rate(%)    : 0
	NPU Utilization(%)             : 0
	Aicube Usage Rate(%)           : 0
	Get pid name failed.
	Process id:2294338 Process name:                  Process memory(MB):36904
Error: cannot run top on container b072be3d8b068f6d5a2d7f91de9f72409cacffb5dee4208b5534b748c7df0120 as it did not create a cgroup: this container does not have a cgroup
timestamp_ns=1785700870812948322
	DDR Capacity(MB)               : 0
	DDR Usage Rate(%)              : 0
	DDR Hugepages Total(page)      : 0
	DDR Hugepages Usage Rate(%)    : 0
	HBM Capacity(MB)               : 65536
	HBM Usage Rate(%)              : 61
	Aicore Usage Rate(%)           : 0
	Aivector Usage Rate(%)         : 0
	Aicpu Usage Rate(%)            : 0
	Ctrlcpu Usage Rate(%)          : 2
	DDR Bandwidth Usage Rate(%)    : 0
	HBM Bandwidth Usage Rate(%)    : 0
	NPU Utilization(%)             : 0
	Aicube Usage Rate(%)           : 0
	Get pid name failed.
	Process id:2294338 Process name:                  Process memory(MB):36904
Error: cannot run top on container b072be3d8b068f6d5a2d7f91de9f72409cacffb5dee4208b5534b748c7df0120 as it did not create a cgroup: this container does not have a cgroup
timestamp_ns=1785700872959271326
	DDR Capacity(MB)               : 0
	DDR Usage Rate(%)              : 0
	DDR Hugepages Total(page)      : 0
	DDR Hugepages Usage Rate(%)    : 0
	HBM Capacity(MB)               : 65536
	HBM Usage Rate(%)              : 61
	Aicore Usage Rate(%)           : 0
	Aivector Usage Rate(%)         : 0
	Aicpu Usage Rate(%)            : 0
	Ctrlcpu Usage Rate(%)          : 3
	DDR Bandwidth Usage Rate(%)    : 0
	HBM Bandwidth Usage Rate(%)    : 0
	NPU Utilization(%)             : 0
	Aicube Usage Rate(%)           : 0
	Get pid name failed.
	Process id:2294338 Process name:                  Process memory(MB):36904
Error: cannot run top on container b072be3d8b068f6d5a2d7f91de9f72409cacffb5dee4208b5534b748c7df0120 as it did not create a cgroup: this container does not have a cgroup
timestamp_ns=1785700875100271328
	DDR Capacity(MB)               : 0
	DDR Usage Rate(%)              : 0
	DDR Hugepages Total(page)      : 0
	DDR Hugepages Usage Rate(%)    : 0
	HBM Capacity(MB)               : 65536
	HBM Usage Rate(%)              : 61
	Aicore Usage Rate(%)           : 0
	Aivector Usage Rate(%)         : 0
	Aicpu Usage Rate(%)            : 0
	Ctrlcpu Usage Rate(%)          : 4
	DDR Bandwidth Usage Rate(%)    : 0
	HBM Bandwidth Usage Rate(%)    : 0
	NPU Utilization(%)             : 0
	Aicube Usage Rate(%)           : 0
	Get pid name failed.
	Process id:2294338 Process name:                  Process memory(MB):36904
Error: cannot run top on container b072be3d8b068f6d5a2d7f91de9f72409cacffb5dee4208b5534b748c7df0120 as it did not create a cgroup: this container does not have a cgroup
timestamp_ns=1785700877232574280
	DDR Capacity(MB)               : 0
	DDR Usage Rate(%)              : 0
	DDR Hugepages Total(page)      : 0
	DDR Hugepages Usage Rate(%)    : 0
	HBM Capacity(MB)               : 65536
	HBM Usage Rate(%)              : 61
	Aicore Usage Rate(%)           : 0
	Aivector Usage Rate(%)         : 0
	Aicpu Usage Rate(%)            : 0
	Ctrlcpu Usage Rate(%)          : 1
	DDR Bandwidth Usage Rate(%)    : 0
	HBM Bandwidth Usage Rate(%)    : 0
	NPU Utilization(%)             : 0
	Aicube Usage Rate(%)           : 0
	Get pid name failed.
	Process id:2294338 Process name:                  Process memory(MB):36904
Error: cannot run top on container b072be3d8b068f6d5a2d7f91de9f72409cacffb5dee4208b5534b748c7df0120 as it did not create a cgroup: this container does not have a cgroup
timestamp_ns=1785700879358030469
	DDR Capacity(MB)               : 0
	DDR Usage Rate(%)              : 0
	DDR Hugepages Total(page)      : 0
	DDR Hugepages Usage Rate(%)    : 0
	HBM Capacity(MB)               : 65536
	HBM Usage Rate(%)              : 63
	Aicore Usage Rate(%)           : 100
	Aivector Usage Rate(%)         : 16
	Aicpu Usage Rate(%)            : 0
	Ctrlcpu Usage Rate(%)          : 4
	DDR Bandwidth Usage Rate(%)    : 0
	HBM Bandwidth Usage Rate(%)    : 0
	NPU Utilization(%)             : 100
	Aicube Usage Rate(%)           : 90
	Get pid name failed.
	Process id:2294338 Process name:                  Process memory(MB):37654
Error: cannot run top on container b072be3d8b068f6d5a2d7f91de9f72409cacffb5dee4208b5534b748c7df0120 as it did not create a cgroup: this container does not have a cgroup
timestamp_ns=1785700881534753253
	DDR Capacity(MB)               : 0
	DDR Usage Rate(%)              : 0
	DDR Hugepages Total(page)      : 0
	DDR Hugepages Usage Rate(%)    : 0
	HBM Capacity(MB)               : 65536
	HBM Usage Rate(%)              : 63
	Aicore Usage Rate(%)           : 100
	Aivector Usage Rate(%)         : 20
	Aicpu Usage Rate(%)            : 0
	Ctrlcpu Usage Rate(%)          : 2
	DDR Bandwidth Usage Rate(%)    : 0
	HBM Bandwidth Usage Rate(%)    : 17
	NPU Utilization(%)             : 100
	Aicube Usage Rate(%)           : 88
	Get pid name failed.
	Process id:2294338 Process name:                  Process memory(MB):38378
Error: cannot run top on container b072be3d8b068f6d5a2d7f91de9f72409cacffb5dee4208b5534b748c7df0120 as it did not create a cgroup: this container does not have a cgroup
timestamp_ns=1785700883664002067
	DDR Capacity(MB)               : 0
	DDR Usage Rate(%)              : 0
	DDR Hugepages Total(page)      : 0
	DDR Hugepages Usage Rate(%)    : 0
	HBM Capacity(MB)               : 65536
	HBM Usage Rate(%)              : 63
	Aicore Usage Rate(%)           : 100
	Aivector Usage Rate(%)         : 21
	Aicpu Usage Rate(%)            : 0
	Ctrlcpu Usage Rate(%)          : 1
	DDR Bandwidth Usage Rate(%)    : 0
	HBM Bandwidth Usage Rate(%)    : 20
	NPU Utilization(%)             : 100
	Aicube Usage Rate(%)           : 88
	Get pid name failed.
	Process id:2294338 Process name:                  Process memory(MB):38378
Error: cannot run top on container b072be3d8b068f6d5a2d7f91de9f72409cacffb5dee4208b5534b748c7df0120 as it did not create a cgroup: this container does not have a cgroup
timestamp_ns=1785700885796284579
	DDR Capacity(MB)               : 0
	DDR Usage Rate(%)              : 0
	DDR Hugepages Total(page)      : 0
	DDR Hugepages Usage Rate(%)    : 0
	HBM Capacity(MB)               : 65536
	HBM Usage Rate(%)              : 63
	Aicore Usage Rate(%)           : 100
	Aivector Usage Rate(%)         : 19
	Aicpu Usage Rate(%)            : 0
	Ctrlcpu Usage Rate(%)          : 5
	DDR Bandwidth Usage Rate(%)    : 0
	HBM Bandwidth Usage Rate(%)    : 16
	NPU Utilization(%)             : 100
	Aicube Usage Rate(%)           : 89
	Get pid name failed.
	Process id:2294338 Process name:                  Process memory(MB):38378
Error: cannot run top on container b072be3d8b068f6d5a2d7f91de9f72409cacffb5dee4208b5534b748c7df0120 as it did not create a cgroup: this container does not have a cgroup
timestamp_ns=1785700887954253808
	DDR Capacity(MB)               : 0
	DDR Usage Rate(%)              : 0
	DDR Hugepages Total(page)      : 0
	DDR Hugepages Usage Rate(%)    : 0
	HBM Capacity(MB)               : 65536
	HBM Usage Rate(%)              : 63
	Aicore Usage Rate(%)           : 51
	Aivector Usage Rate(%)         : 13
	Aicpu Usage Rate(%)            : 0
	Ctrlcpu Usage Rate(%)          : 7
	DDR Bandwidth Usage Rate(%)    : 0
	HBM Bandwidth Usage Rate(%)    : 18
	NPU Utilization(%)             : 51
	Aicube Usage Rate(%)           : 36
	Get pid name failed.
	Process id:2294338 Process name:                  Process memory(MB):38378
Error: cannot run top on container b072be3d8b068f6d5a2d7f91de9f72409cacffb5dee4208b5534b748c7df0120 as it did not create a cgroup: this container does not have a cgroup
timestamp_ns=1785700890100511954
	DDR Capacity(MB)               : 0
	DDR Usage Rate(%)              : 0
	DDR Hugepages Total(page)      : 0
	DDR Hugepages Usage Rate(%)    : 0
	HBM Capacity(MB)               : 65536
	HBM Usage Rate(%)              : 63
	Aicore Usage Rate(%)           : 56
	Aivector Usage Rate(%)         : 16
	Aicpu Usage Rate(%)            : 0
	Ctrlcpu Usage Rate(%)          : 2
	DDR Bandwidth Usage Rate(%)    : 0
	HBM Bandwidth Usage Rate(%)    : 22
	NPU Utilization(%)             : 65
	Aicube Usage Rate(%)           : 39
	Get pid name failed.
	Process id:2294338 Process name:                  Process memory(MB):38378
Error: cannot run top on container b072be3d8b068f6d5a2d7f91de9f72409cacffb5dee4208b5534b748c7df0120 as it did not create a cgroup: this container does not have a cgroup
timestamp_ns=1785700892257244176
	DDR Capacity(MB)               : 0
	DDR Usage Rate(%)              : 0
	DDR Hugepages Total(page)      : 0
	DDR Hugepages Usage Rate(%)    : 0
	HBM Capacity(MB)               : 65536
	HBM Usage Rate(%)              : 63
	Aicore Usage Rate(%)           : 53
	Aivector Usage Rate(%)         : 14
	Aicpu Usage Rate(%)            : 0
	Ctrlcpu Usage Rate(%)          : 1
	DDR Bandwidth Usage Rate(%)    : 0
	HBM Bandwidth Usage Rate(%)    : 23
	NPU Utilization(%)             : 53
	Aicube Usage Rate(%)           : 37
	Get pid name failed.
	Process id:2294338 Process name:                  Process memory(MB):38378
Error: cannot run top on container b072be3d8b068f6d5a2d7f91de9f72409cacffb5dee4208b5534b748c7df0120 as it did not create a cgroup: this container does not have a cgroup
timestamp_ns=1785700894410208868
	DDR Capacity(MB)               : 0
	DDR Usage Rate(%)              : 0
	DDR Hugepages Total(page)      : 0
	DDR Hugepages Usage Rate(%)    : 0
	HBM Capacity(MB)               : 65536
	HBM Usage Rate(%)              : 63
	Aicore Usage Rate(%)           : 51
	Aivector Usage Rate(%)         : 14
	Aicpu Usage Rate(%)            : 0
	Ctrlcpu Usage Rate(%)          : 1
	DDR Bandwidth Usage Rate(%)    : 0
	HBM Bandwidth Usage Rate(%)    : 22
	NPU Utilization(%)             : 65
	Aicube Usage Rate(%)           : 36
	Get pid name failed.
	Process id:2294338 Process name:                  Process memory(MB):38378
Error: cannot run top on container b072be3d8b068f6d5a2d7f91de9f72409cacffb5dee4208b5534b748c7df0120 as it did not create a cgroup: this container does not have a cgroup
timestamp_ns=1785700896543510320
	DDR Capacity(MB)               : 0
	DDR Usage Rate(%)              : 0
	DDR Hugepages Total(page)      : 0
	DDR Hugepages Usage Rate(%)    : 0
	HBM Capacity(MB)               : 65536
	HBM Usage Rate(%)              : 63
	Aicore Usage Rate(%)           : 57
	Aivector Usage Rate(%)         : 16
	Aicpu Usage Rate(%)            : 0
	Ctrlcpu Usage Rate(%)          : 3
	DDR Bandwidth Usage Rate(%)    : 0
	HBM Bandwidth Usage Rate(%)    : 23
	NPU Utilization(%)             : 57
	Aicube Usage Rate(%)           : 40
	Get pid name failed.
	Process id:2294338 Process name:                  Process memory(MB):38378
Error: cannot run top on container b072be3d8b068f6d5a2d7f91de9f72409cacffb5dee4208b5534b748c7df0120 as it did not create a cgroup: this container does not have a cgroup
timestamp_ns=1785700898684514559
	DDR Capacity(MB)               : 0
	DDR Usage Rate(%)              : 0
	DDR Hugepages Total(page)      : 0
	DDR Hugepages Usage Rate(%)    : 0
	HBM Capacity(MB)               : 65536
	HBM Usage Rate(%)              : 63
	Aicore Usage Rate(%)           : 56
	Aivector Usage Rate(%)         : 15
	Aicpu Usage Rate(%)            : 0
	Ctrlcpu Usage Rate(%)          : 3
	DDR Bandwidth Usage Rate(%)    : 0
	HBM Bandwidth Usage Rate(%)    : 23
	NPU Utilization(%)             : 79
	Aicube Usage Rate(%)           : 39
	Get pid name failed.
	Process id:2294338 Process name:                  Process memory(MB):38378
Error: cannot run top on container b072be3d8b068f6d5a2d7f91de9f72409cacffb5dee4208b5534b748c7df0120 as it did not create a cgroup: this container does not have a cgroup
timestamp_ns=1785700900818634892
	DDR Capacity(MB)               : 0
	DDR Usage Rate(%)              : 0
	DDR Hugepages Total(page)      : 0
	DDR Hugepages Usage Rate(%)    : 0
	HBM Capacity(MB)               : 65536
	HBM Usage Rate(%)              : 63
	Aicore Usage Rate(%)           : 52
	Aivector Usage Rate(%)         : 13
	Aicpu Usage Rate(%)            : 0
	Ctrlcpu Usage Rate(%)          : 4
	DDR Bandwidth Usage Rate(%)    : 0
	HBM Bandwidth Usage Rate(%)    : 23
	NPU Utilization(%)             : 52
	Aicube Usage Rate(%)           : 36
	Get pid name failed.
	Process id:2294338 Process name:                  Process memory(MB):38378
Error: cannot run top on container b072be3d8b068f6d5a2d7f91de9f72409cacffb5dee4208b5534b748c7df0120 as it did not create a cgroup: this container does not have a cgroup
timestamp_ns=1785700902948039761
	DDR Capacity(MB)               : 0
	DDR Usage Rate(%)              : 0
	DDR Hugepages Total(page)      : 0
	DDR Hugepages Usage Rate(%)    : 0
	HBM Capacity(MB)               : 65536
	HBM Usage Rate(%)              : 63
	Aicore Usage Rate(%)           : 58
	Aivector Usage Rate(%)         : 15
	Aicpu Usage Rate(%)            : 0
	Ctrlcpu Usage Rate(%)          : 4
	DDR Bandwidth Usage Rate(%)    : 0
	HBM Bandwidth Usage Rate(%)    : 22
	NPU Utilization(%)             : 58
	Aicube Usage Rate(%)           : 40
	Get pid name failed.
	Process id:2294338 Process name:                  Process memory(MB):38378
Error: cannot run top on container b072be3d8b068f6d5a2d7f91de9f72409cacffb5dee4208b5534b748c7df0120 as it did not create a cgroup: this container does not have a cgroup
timestamp_ns=1785700905085136727
	DDR Capacity(MB)               : 0
	DDR Usage Rate(%)              : 0
	DDR Hugepages Total(page)      : 0
	DDR Hugepages Usage Rate(%)    : 0
	HBM Capacity(MB)               : 65536
	HBM Usage Rate(%)              : 63
	Aicore Usage Rate(%)           : 53
	Aivector Usage Rate(%)         : 14
	Aicpu Usage Rate(%)            : 0
	Ctrlcpu Usage Rate(%)          : 6
	DDR Bandwidth Usage Rate(%)    : 0
	HBM Bandwidth Usage Rate(%)    : 23
	NPU Utilization(%)             : 53
	Aicube Usage Rate(%)           : 37
	Get pid name failed.
	Process id:2294338 Process name:                  Process memory(MB):38378
Error: cannot run top on container b072be3d8b068f6d5a2d7f91de9f72409cacffb5dee4208b5534b748c7df0120 as it did not create a cgroup: this container does not have a cgroup
timestamp_ns=1785700907246495890
	DDR Capacity(MB)               : 0
	DDR Usage Rate(%)              : 0
	DDR Hugepages Total(page)      : 0
	DDR Hugepages Usage Rate(%)    : 0
	HBM Capacity(MB)               : 65536
	HBM Usage Rate(%)              : 63
	Aicore Usage Rate(%)           : 50
	Aivector Usage Rate(%)         : 14
	Aicpu Usage Rate(%)            : 0
	Ctrlcpu Usage Rate(%)          : 5
	DDR Bandwidth Usage Rate(%)    : 0
	HBM Bandwidth Usage Rate(%)    : 24
	NPU Utilization(%)             : 75
	Aicube Usage Rate(%)           : 36
	Get pid name failed.
	Process id:2294338 Process name:                  Process memory(MB):38418
Error: cannot run top on container b072be3d8b068f6d5a2d7f91de9f72409cacffb5dee4208b5534b748c7df0120 as it did not create a cgroup: this container does not have a cgroup
timestamp_ns=1785700909388891892
	DDR Capacity(MB)               : 0
	DDR Usage Rate(%)              : 0
	DDR Hugepages Total(page)      : 0
	DDR Hugepages Usage Rate(%)    : 0
	HBM Capacity(MB)               : 65536
	HBM Usage Rate(%)              : 63
	Aicore Usage Rate(%)           : 54
	Aivector Usage Rate(%)         : 14
	Aicpu Usage Rate(%)            : 0
	Ctrlcpu Usage Rate(%)          : 5
	DDR Bandwidth Usage Rate(%)    : 0
	HBM Bandwidth Usage Rate(%)    : 23
	NPU Utilization(%)             : 54
	Aicube Usage Rate(%)           : 38
	Get pid name failed.
	Process id:2294338 Process name:                  Process memory(MB):38418
Error: cannot run top on container b072be3d8b068f6d5a2d7f91de9f72409cacffb5dee4208b5534b748c7df0120 as it did not create a cgroup: this container does not have a cgroup
timestamp_ns=1785700911523790289
	DDR Capacity(MB)               : 0
	DDR Usage Rate(%)              : 0
	DDR Hugepages Total(page)      : 0
	DDR Hugepages Usage Rate(%)    : 0
	HBM Capacity(MB)               : 65536
	HBM Usage Rate(%)              : 63
	Aicore Usage Rate(%)           : 100
	Aivector Usage Rate(%)         : 31
	Aicpu Usage Rate(%)            : 0
	Ctrlcpu Usage Rate(%)          : 4
	DDR Bandwidth Usage Rate(%)    : 0
	HBM Bandwidth Usage Rate(%)    : 23
	NPU Utilization(%)             : 100
	Aicube Usage Rate(%)           : 86
	Get pid name failed.
	Process id:2294338 Process name:                  Process memory(MB):38418
Error: cannot run top on container b072be3d8b068f6d5a2d7f91de9f72409cacffb5dee4208b5534b748c7df0120 as it did not create a cgroup: this container does not have a cgroup
timestamp_ns=1785700913659179838
	DDR Capacity(MB)               : 0
	DDR Usage Rate(%)              : 0
	DDR Hugepages Total(page)      : 0
	DDR Hugepages Usage Rate(%)    : 0
	HBM Capacity(MB)               : 65536
	HBM Usage Rate(%)              : 63
	Aicore Usage Rate(%)           : 53
	Aivector Usage Rate(%)         : 14
	Aicpu Usage Rate(%)            : 0
	Ctrlcpu Usage Rate(%)          : 1
	DDR Bandwidth Usage Rate(%)    : 0
	HBM Bandwidth Usage Rate(%)    : 20
	NPU Utilization(%)             : 53
	Aicube Usage Rate(%)           : 37
	Get pid name failed.
	Process id:2294338 Process name:                  Process memory(MB):38418
Error: cannot run top on container b072be3d8b068f6d5a2d7f91de9f72409cacffb5dee4208b5534b748c7df0120 as it did not create a cgroup: this container does not have a cgroup
timestamp_ns=1785700915818482509
	DDR Capacity(MB)               : 0
	DDR Usage Rate(%)              : 0
	DDR Hugepages Total(page)      : 0
	DDR Hugepages Usage Rate(%)    : 0
	HBM Capacity(MB)               : 65536
	HBM Usage Rate(%)              : 63
	Aicore Usage Rate(%)           : 56
	Aivector Usage Rate(%)         : 16
	Aicpu Usage Rate(%)            : 0
	Ctrlcpu Usage Rate(%)          : 7
	DDR Bandwidth Usage Rate(%)    : 0
	HBM Bandwidth Usage Rate(%)    : 23
	NPU Utilization(%)             : 56
	Aicube Usage Rate(%)           : 39
	Get pid name failed.
	Process id:2294338 Process name:                  Process memory(MB):38418
Error: cannot run top on container b072be3d8b068f6d5a2d7f91de9f72409cacffb5dee4208b5534b748c7df0120 as it did not create a cgroup: this container does not have a cgroup
timestamp_ns=1785700917955984377
	DDR Capacity(MB)               : 0
	DDR Usage Rate(%)              : 0
	DDR Hugepages Total(page)      : 0
	DDR Hugepages Usage Rate(%)    : 0
	HBM Capacity(MB)               : 65536
	HBM Usage Rate(%)              : 63
	Aicore Usage Rate(%)           : 53
	Aivector Usage Rate(%)         : 15
	Aicpu Usage Rate(%)            : 0
	Ctrlcpu Usage Rate(%)          : 5
	DDR Bandwidth Usage Rate(%)    : 0
	HBM Bandwidth Usage Rate(%)    : 23
	NPU Utilization(%)             : 53
	Aicube Usage Rate(%)           : 37
	Get pid name failed.
	Process id:2294338 Process name:                  Process memory(MB):38418
Error: cannot run top on container b072be3d8b068f6d5a2d7f91de9f72409cacffb5dee4208b5534b748c7df0120 as it did not create a cgroup: this container does not have a cgroup
timestamp_ns=1785700920088242892
	DDR Capacity(MB)               : 0
	DDR Usage Rate(%)              : 0
	DDR Hugepages Total(page)      : 0
	DDR Hugepages Usage Rate(%)    : 0
	HBM Capacity(MB)               : 65536
	HBM Usage Rate(%)              : 63
	Aicore Usage Rate(%)           : 53
	Aivector Usage Rate(%)         : 15
	Aicpu Usage Rate(%)            : 0
	Ctrlcpu Usage Rate(%)          : 2
	DDR Bandwidth Usage Rate(%)    : 0
	HBM Bandwidth Usage Rate(%)    : 20
	NPU Utilization(%)             : 53
	Aicube Usage Rate(%)           : 38
	Get pid name failed.
	Process id:2294338 Process name:                  Process memory(MB):38418
Error: cannot run top on container b072be3d8b068f6d5a2d7f91de9f72409cacffb5dee4208b5534b748c7df0120 as it did not create a cgroup: this container does not have a cgroup
timestamp_ns=1785700922236912331
	DDR Capacity(MB)               : 0
	DDR Usage Rate(%)              : 0
	DDR Hugepages Total(page)      : 0
	DDR Hugepages Usage Rate(%)    : 0
	HBM Capacity(MB)               : 65536
	HBM Usage Rate(%)              : 63
	Aicore Usage Rate(%)           : 53
	Aivector Usage Rate(%)         : 15
	Aicpu Usage Rate(%)            : 0
	Ctrlcpu Usage Rate(%)          : 5
	DDR Bandwidth Usage Rate(%)    : 0
	HBM Bandwidth Usage Rate(%)    : 22
	NPU Utilization(%)             : 53
	Aicube Usage Rate(%)           : 37
	Get pid name failed.
	Process id:2294338 Process name:                  Process memory(MB):38418
Error: cannot run top on container b072be3d8b068f6d5a2d7f91de9f72409cacffb5dee4208b5534b748c7df0120 as it did not create a cgroup: this container does not have a cgroup
timestamp_ns=1785700924422316911
	DDR Capacity(MB)               : 0
	DDR Usage Rate(%)              : 0
	DDR Hugepages Total(page)      : 0
	DDR Hugepages Usage Rate(%)    : 0
	HBM Capacity(MB)               : 65536
	HBM Usage Rate(%)              : 63
	Aicore Usage Rate(%)           : 53
	Aivector Usage Rate(%)         : 14
	Aicpu Usage Rate(%)            : 0
	Ctrlcpu Usage Rate(%)          : 4
	DDR Bandwidth Usage Rate(%)    : 0
	HBM Bandwidth Usage Rate(%)    : 22
	NPU Utilization(%)             : 53
	Aicube Usage Rate(%)           : 37
	Get pid name failed.
	Process id:2294338 Process name:                  Process memory(MB):38418
Error: cannot run top on container b072be3d8b068f6d5a2d7f91de9f72409cacffb5dee4208b5534b748c7df0120 as it did not create a cgroup: this container does not have a cgroup
timestamp_ns=1785700926557406700
	DDR Capacity(MB)               : 0
	DDR Usage Rate(%)              : 0
	DDR Hugepages Total(page)      : 0
	DDR Hugepages Usage Rate(%)    : 0
	HBM Capacity(MB)               : 65536
	HBM Usage Rate(%)              : 63
	Aicore Usage Rate(%)           : 53
	Aivector Usage Rate(%)         : 15
	Aicpu Usage Rate(%)            : 0
	Ctrlcpu Usage Rate(%)          : 1
	DDR Bandwidth Usage Rate(%)    : 0
	HBM Bandwidth Usage Rate(%)    : 22
	NPU Utilization(%)             : 53
	Aicube Usage Rate(%)           : 37
	Get pid name failed.
	Process id:2294338 Process name:                  Process memory(MB):38418
Error: cannot run top on container b072be3d8b068f6d5a2d7f91de9f72409cacffb5dee4208b5534b748c7df0120 as it did not create a cgroup: this container does not have a cgroup
timestamp_ns=1785700928762037228
	DDR Capacity(MB)               : 0
	DDR Usage Rate(%)              : 0
	DDR Hugepages Total(page)      : 0
	DDR Hugepages Usage Rate(%)    : 0
	HBM Capacity(MB)               : 65536
	HBM Usage Rate(%)              : 63
	Aicore Usage Rate(%)           : 53
	Aivector Usage Rate(%)         : 15
	Aicpu Usage Rate(%)            : 0
	Ctrlcpu Usage Rate(%)          : 4
	DDR Bandwidth Usage Rate(%)    : 0
	HBM Bandwidth Usage Rate(%)    : 21
	NPU Utilization(%)             : 55
	Aicube Usage Rate(%)           : 37
	Get pid name failed.
	Process id:2294338 Process name:                  Process memory(MB):38418
Error: cannot run top on container b072be3d8b068f6d5a2d7f91de9f72409cacffb5dee4208b5534b748c7df0120 as it did not create a cgroup: this container does not have a cgroup
timestamp_ns=1785700930903214255
	DDR Capacity(MB)               : 0
	DDR Usage Rate(%)              : 0
	DDR Hugepages Total(page)      : 0
	DDR Hugepages Usage Rate(%)    : 0
	HBM Capacity(MB)               : 65536
	HBM Usage Rate(%)              : 63
	Aicore Usage Rate(%)           : 54
	Aivector Usage Rate(%)         : 15
	Aicpu Usage Rate(%)            : 0
	Ctrlcpu Usage Rate(%)          : 1
	DDR Bandwidth Usage Rate(%)    : 0
	HBM Bandwidth Usage Rate(%)    : 23
	NPU Utilization(%)             : 54
	Aicube Usage Rate(%)           : 38
	Get pid name failed.
	Process id:2294338 Process name:                  Process memory(MB):38418
Error: cannot run top on container b072be3d8b068f6d5a2d7f91de9f72409cacffb5dee4208b5534b748c7df0120 as it did not create a cgroup: this container does not have a cgroup
timestamp_ns=1785700933052618575
	DDR Capacity(MB)               : 0
	DDR Usage Rate(%)              : 0
	DDR Hugepages Total(page)      : 0
	DDR Hugepages Usage Rate(%)    : 0
	HBM Capacity(MB)               : 65536
	HBM Usage Rate(%)              : 63
	Aicore Usage Rate(%)           : 52
	Aivector Usage Rate(%)         : 15
	Aicpu Usage Rate(%)            : 0
	Ctrlcpu Usage Rate(%)          : 3
	DDR Bandwidth Usage Rate(%)    : 0
	HBM Bandwidth Usage Rate(%)    : 22
	NPU Utilization(%)             : 52
	Aicube Usage Rate(%)           : 36
	Get pid name failed.
	Process id:2294338 Process name:                  Process memory(MB):38418
Error: cannot run top on container b072be3d8b068f6d5a2d7f91de9f72409cacffb5dee4208b5534b748c7df0120 as it did not create a cgroup: this container does not have a cgroup
timestamp_ns=1785700935203561592
	DDR Capacity(MB)               : 0
	DDR Usage Rate(%)              : 0
	DDR Hugepages Total(page)      : 0
	DDR Hugepages Usage Rate(%)    : 0
	HBM Capacity(MB)               : 65536
	HBM Usage Rate(%)              : 63
	Aicore Usage Rate(%)           : 44
	Aivector Usage Rate(%)         : 11
	Aicpu Usage Rate(%)            : 0
	Ctrlcpu Usage Rate(%)          : 5
	DDR Bandwidth Usage Rate(%)    : 0
	HBM Bandwidth Usage Rate(%)    : 23
	NPU Utilization(%)             : 48
	Aicube Usage Rate(%)           : 31
	Get pid name failed.
	Process id:2294338 Process name:                  Process memory(MB):38418
Error: cannot run top on container b072be3d8b068f6d5a2d7f91de9f72409cacffb5dee4208b5534b748c7df0120 as it did not create a cgroup: this container does not have a cgroup
timestamp_ns=1785700937332740094
	DDR Capacity(MB)               : 0
	DDR Usage Rate(%)              : 0
	DDR Hugepages Total(page)      : 0
	DDR Hugepages Usage Rate(%)    : 0
	HBM Capacity(MB)               : 65536
	HBM Usage Rate(%)              : 63
	Aicore Usage Rate(%)           : 34
	Aivector Usage Rate(%)         : 5
	Aicpu Usage Rate(%)            : 0
	Ctrlcpu Usage Rate(%)          : 2
	DDR Bandwidth Usage Rate(%)    : 0
	HBM Bandwidth Usage Rate(%)    : 21
	NPU Utilization(%)             : 34
	Aicube Usage Rate(%)           : 27
	Get pid name failed.
	Process id:2294338 Process name:                  Process memory(MB):38418
Error: cannot run top on container b072be3d8b068f6d5a2d7f91de9f72409cacffb5dee4208b5534b748c7df0120 as it did not create a cgroup: this container does not have a cgroup
timestamp_ns=1785700939456707963
	DDR Capacity(MB)               : 0
	DDR Usage Rate(%)              : 0
	DDR Hugepages Total(page)      : 0
	DDR Hugepages Usage Rate(%)    : 0
	HBM Capacity(MB)               : 65536
	HBM Usage Rate(%)              : 63
	Aicore Usage Rate(%)           : 30
	Aivector Usage Rate(%)         : 3
	Aicpu Usage Rate(%)            : 0
	Ctrlcpu Usage Rate(%)          : 2
	DDR Bandwidth Usage Rate(%)    : 0
	HBM Bandwidth Usage Rate(%)    : 20
	NPU Utilization(%)             : 34
	Aicube Usage Rate(%)           : 25
	Get pid name failed.
	Process id:2294338 Process name:                  Process memory(MB):38418
Error: cannot run top on container b072be3d8b068f6d5a2d7f91de9f72409cacffb5dee4208b5534b748c7df0120 as it did not create a cgroup: this container does not have a cgroup
timestamp_ns=1785700941595278190
	DDR Capacity(MB)               : 0
	DDR Usage Rate(%)              : 0
	DDR Hugepages Total(page)      : 0
	DDR Hugepages Usage Rate(%)    : 0
	HBM Capacity(MB)               : 65536
	HBM Usage Rate(%)              : 63
	Aicore Usage Rate(%)           : 33
	Aivector Usage Rate(%)         : 4
	Aicpu Usage Rate(%)            : 0
	Ctrlcpu Usage Rate(%)          : 1
	DDR Bandwidth Usage Rate(%)    : 0
	HBM Bandwidth Usage Rate(%)    : 19
	NPU Utilization(%)             : 33
	Aicube Usage Rate(%)           : 27
	Get pid name failed.
	Process id:2294338 Process name:                  Process memory(MB):38418
Error: cannot run top on container b072be3d8b068f6d5a2d7f91de9f72409cacffb5dee4208b5534b748c7df0120 as it did not create a cgroup: this container does not have a cgroup
timestamp_ns=1785700943741040475
	DDR Capacity(MB)               : 0
	DDR Usage Rate(%)              : 0
	DDR Hugepages Total(page)      : 0
	DDR Hugepages Usage Rate(%)    : 0
	HBM Capacity(MB)               : 65536
	HBM Usage Rate(%)              : 63
	Aicore Usage Rate(%)           : 30
	Aivector Usage Rate(%)         : 2
	Aicpu Usage Rate(%)            : 0
	Ctrlcpu Usage Rate(%)          : 1
	DDR Bandwidth Usage Rate(%)    : 0
	HBM Bandwidth Usage Rate(%)    : 19
	NPU Utilization(%)             : 34
	Aicube Usage Rate(%)           : 25
	Get pid name failed.
	Process id:2294338 Process name:                  Process memory(MB):38418
Error: cannot run top on container b072be3d8b068f6d5a2d7f91de9f72409cacffb5dee4208b5534b748c7df0120 as it did not create a cgroup: this container does not have a cgroup
timestamp_ns=1785700945875877124
	DDR Capacity(MB)               : 0
	DDR Usage Rate(%)              : 0
	DDR Hugepages Total(page)      : 0
	DDR Hugepages Usage Rate(%)    : 0
	HBM Capacity(MB)               : 65536
	HBM Usage Rate(%)              : 63
	Aicore Usage Rate(%)           : 31
	Aivector Usage Rate(%)         : 2
	Aicpu Usage Rate(%)            : 0
	Ctrlcpu Usage Rate(%)          : 2
	DDR Bandwidth Usage Rate(%)    : 0
	HBM Bandwidth Usage Rate(%)    : 18
	NPU Utilization(%)             : 31
	Aicube Usage Rate(%)           : 26
	Get pid name failed.
	Process id:2294338 Process name:                  Process memory(MB):38418
Error: cannot run top on container b072be3d8b068f6d5a2d7f91de9f72409cacffb5dee4208b5534b748c7df0120 as it did not create a cgroup: this container does not have a cgroup
timestamp_ns=1785700948031001584
	DDR Capacity(MB)               : 0
	DDR Usage Rate(%)              : 0
	DDR Hugepages Total(page)      : 0
	DDR Hugepages Usage Rate(%)    : 0
	HBM Capacity(MB)               : 65536
	HBM Usage Rate(%)              : 63
	Aicore Usage Rate(%)           : 0
	Aivector Usage Rate(%)         : 0
	Aicpu Usage Rate(%)            : 0
	Ctrlcpu Usage Rate(%)          : 3
	DDR Bandwidth Usage Rate(%)    : 0
	HBM Bandwidth Usage Rate(%)    : 0
	NPU Utilization(%)             : 0
	Aicube Usage Rate(%)           : 0
	Get pid name failed.
	Process id:2294338 Process name:                  Process memory(MB):38418
Error: cannot run top on container b072be3d8b068f6d5a2d7f91de9f72409cacffb5dee4208b5534b748c7df0120 as it did not create a cgroup: this container does not have a cgroup
timestamp_ns=1785700950160201417
	DDR Capacity(MB)               : 0
	DDR Usage Rate(%)              : 0
	DDR Hugepages Total(page)      : 0
	DDR Hugepages Usage Rate(%)    : 0
	HBM Capacity(MB)               : 65536
	HBM Usage Rate(%)              : 63
	Aicore Usage Rate(%)           : 0
	Aivector Usage Rate(%)         : 0
	Aicpu Usage Rate(%)            : 0
	Ctrlcpu Usage Rate(%)          : 5
	DDR Bandwidth Usage Rate(%)    : 0
	HBM Bandwidth Usage Rate(%)    : 0
	NPU Utilization(%)             : 0
	Aicube Usage Rate(%)           : 0
	Get pid name failed.
	Process id:2294338 Process name:                  Process memory(MB):38418
Error: cannot run top on container b072be3d8b068f6d5a2d7f91de9f72409cacffb5dee4208b5534b748c7df0120 as it did not create a cgroup: this container does not have a cgroup
timestamp_ns=1785700952304515395
	DDR Capacity(MB)               : 0
	DDR Usage Rate(%)              : 0
	DDR Hugepages Total(page)      : 0
	DDR Hugepages Usage Rate(%)    : 0
	HBM Capacity(MB)               : 65536
	HBM Usage Rate(%)              : 63
	Aicore Usage Rate(%)           : 0
	Aivector Usage Rate(%)         : 0
	Aicpu Usage Rate(%)            : 0
	Ctrlcpu Usage Rate(%)          : 2
	DDR Bandwidth Usage Rate(%)    : 0
	HBM Bandwidth Usage Rate(%)    : 0
	NPU Utilization(%)             : 0
	Aicube Usage Rate(%)           : 0
	Get pid name failed.
	Process id:2294338 Process name:                  Process memory(MB):38418
Error: cannot run top on container b072be3d8b068f6d5a2d7f91de9f72409cacffb5dee4208b5534b748c7df0120 as it did not create a cgroup: this container does not have a cgroup
timestamp_ns=1785700954430173582
	DDR Capacity(MB)               : 0
	DDR Usage Rate(%)              : 0
	DDR Hugepages Total(page)      : 0
	DDR Hugepages Usage Rate(%)    : 0
	HBM Capacity(MB)               : 65536
	HBM Usage Rate(%)              : 63
	Aicore Usage Rate(%)           : 0
	Aivector Usage Rate(%)         : 0
	Aicpu Usage Rate(%)            : 0
	Ctrlcpu Usage Rate(%)          : 2
	DDR Bandwidth Usage Rate(%)    : 0
	HBM Bandwidth Usage Rate(%)    : 0
	NPU Utilization(%)             : 0
	Aicube Usage Rate(%)           : 0
	Get pid name failed.
	Process id:2294338 Process name:                  Process memory(MB):38418
Error: cannot run top on container b072be3d8b068f6d5a2d7f91de9f72409cacffb5dee4208b5534b748c7df0120 as it did not create a cgroup: this container does not have a cgroup
timestamp_ns=1785700956578291883
	DDR Capacity(MB)               : 0
	DDR Usage Rate(%)              : 0
	DDR Hugepages Total(page)      : 0
	DDR Hugepages Usage Rate(%)    : 0
	HBM Capacity(MB)               : 65536
	HBM Usage Rate(%)              : 63
	Aicore Usage Rate(%)           : 0
	Aivector Usage Rate(%)         : 0
	Aicpu Usage Rate(%)            : 0
	Ctrlcpu Usage Rate(%)          : 2
	DDR Bandwidth Usage Rate(%)    : 0
	HBM Bandwidth Usage Rate(%)    : 0
	NPU Utilization(%)             : 0
	Aicube Usage Rate(%)           : 0
	Get pid name failed.
	Process id:2294338 Process name:                  Process memory(MB):38418
Error: cannot run top on container b072be3d8b068f6d5a2d7f91de9f72409cacffb5dee4208b5534b748c7df0120 as it did not create a cgroup: this container does not have a cgroup
timestamp_ns=1785700958708917539
	DDR Capacity(MB)               : 0
	DDR Usage Rate(%)              : 0
	DDR Hugepages Total(page)      : 0
	DDR Hugepages Usage Rate(%)    : 0
	HBM Capacity(MB)               : 65536
	HBM Usage Rate(%)              : 63
	Aicore Usage Rate(%)           : 0
	Aivector Usage Rate(%)         : 0
	Aicpu Usage Rate(%)            : 0
	Ctrlcpu Usage Rate(%)          : 1
	DDR Bandwidth Usage Rate(%)    : 0
	HBM Bandwidth Usage Rate(%)    : 0
	NPU Utilization(%)             : 0
	Aicube Usage Rate(%)           : 0
	Get pid name failed.
	Process id:2294338 Process name:                  Process memory(MB):38418
Error: cannot run top on container b072be3d8b068f6d5a2d7f91de9f72409cacffb5dee4208b5534b748c7df0120 as it did not create a cgroup: this container does not have a cgroup
timestamp_ns=1785700960875144351
	DDR Capacity(MB)               : 0
	DDR Usage Rate(%)              : 0
	DDR Hugepages Total(page)      : 0
	DDR Hugepages Usage Rate(%)    : 0
	HBM Capacity(MB)               : 65536
	HBM Usage Rate(%)              : 63
	Aicore Usage Rate(%)           : 0
	Aivector Usage Rate(%)         : 0
	Aicpu Usage Rate(%)            : 0
	Ctrlcpu Usage Rate(%)          : 2
	DDR Bandwidth Usage Rate(%)    : 0
	HBM Bandwidth Usage Rate(%)    : 0
	NPU Utilization(%)             : 0
	Aicube Usage Rate(%)           : 0
	Get pid name failed.
	Process id:2294338 Process name:                  Process memory(MB):38418
Error: cannot run top on container b072be3d8b068f6d5a2d7f91de9f72409cacffb5dee4208b5534b748c7df0120 as it did not create a cgroup: this container does not have a cgroup
timestamp_ns=1785700963028420527
	DDR Capacity(MB)               : 0
	DDR Usage Rate(%)              : 0
	DDR Hugepages Total(page)      : 0
	DDR Hugepages Usage Rate(%)    : 0
	HBM Capacity(MB)               : 65536
	HBM Usage Rate(%)              : 63
	Aicore Usage Rate(%)           : 0
	Aivector Usage Rate(%)         : 0
	Aicpu Usage Rate(%)            : 0
	Ctrlcpu Usage Rate(%)          : 5
	DDR Bandwidth Usage Rate(%)    : 0
	HBM Bandwidth Usage Rate(%)    : 0
	NPU Utilization(%)             : 0
	Aicube Usage Rate(%)           : 0
	Get pid name failed.
	Process id:2294338 Process name:                  Process memory(MB):38418
Error: cannot run top on container b072be3d8b068f6d5a2d7f91de9f72409cacffb5dee4208b5534b748c7df0120 as it did not create a cgroup: this container does not have a cgroup
timestamp_ns=1785700965237448026
	DDR Capacity(MB)               : 0
	DDR Usage Rate(%)              : 0
	DDR Hugepages Total(page)      : 0
	DDR Hugepages Usage Rate(%)    : 0
	HBM Capacity(MB)               : 65536
	HBM Usage Rate(%)              : 63
	Aicore Usage Rate(%)           : 0
	Aivector Usage Rate(%)         : 0
	Aicpu Usage Rate(%)            : 0
	Ctrlcpu Usage Rate(%)          : 4
	DDR Bandwidth Usage Rate(%)    : 0
	HBM Bandwidth Usage Rate(%)    : 0
	NPU Utilization(%)             : 0
	Aicube Usage Rate(%)           : 0
	Get pid name failed.
	Process id:2294338 Process name:                  Process memory(MB):38418
Error: cannot run top on container b072be3d8b068f6d5a2d7f91de9f72409cacffb5dee4208b5534b748c7df0120 as it did not create a cgroup: this container does not have a cgroup
timestamp_ns=1785700967398795047
	DDR Capacity(MB)               : 0
	DDR Usage Rate(%)              : 0
	DDR Hugepages Total(page)      : 0
	DDR Hugepages Usage Rate(%)    : 0
	HBM Capacity(MB)               : 65536
	HBM Usage Rate(%)              : 63
	Aicore Usage Rate(%)           : 0
	Aivector Usage Rate(%)         : 0
	Aicpu Usage Rate(%)            : 0
	Ctrlcpu Usage Rate(%)          : 2
	DDR Bandwidth Usage Rate(%)    : 0
	HBM Bandwidth Usage Rate(%)    : 0
	NPU Utilization(%)             : 0
	Aicube Usage Rate(%)           : 0
	Get pid name failed.
	Process id:2294338 Process name:                  Process memory(MB):38418
Error: cannot run top on container b072be3d8b068f6d5a2d7f91de9f72409cacffb5dee4208b5534b748c7df0120 as it did not create a cgroup: this container does not have a cgroup
timestamp_ns=1785700969546629322
	DDR Capacity(MB)               : 0
	DDR Usage Rate(%)              : 0
	DDR Hugepages Total(page)      : 0
	DDR Hugepages Usage Rate(%)    : 0
	HBM Capacity(MB)               : 65536
	HBM Usage Rate(%)              : 63
	Aicore Usage Rate(%)           : 0
	Aivector Usage Rate(%)         : 0
	Aicpu Usage Rate(%)            : 0
	Ctrlcpu Usage Rate(%)          : 7
	DDR Bandwidth Usage Rate(%)    : 0
	HBM Bandwidth Usage Rate(%)    : 0
	NPU Utilization(%)             : 0
	Aicube Usage Rate(%)           : 0
	Get pid name failed.
	Process id:2294338 Process name:                  Process memory(MB):38418
Error: cannot run top on container b072be3d8b068f6d5a2d7f91de9f72409cacffb5dee4208b5534b748c7df0120 as it did not create a cgroup: this container does not have a cgroup
timestamp_ns=1785700971699578395
	DDR Capacity(MB)               : 0
	DDR Usage Rate(%)              : 0
	DDR Hugepages Total(page)      : 0
	DDR Hugepages Usage Rate(%)    : 0
	HBM Capacity(MB)               : 65536
	HBM Usage Rate(%)              : 63
	Aicore Usage Rate(%)           : 0
	Aivector Usage Rate(%)         : 0
	Aicpu Usage Rate(%)            : 0
	Ctrlcpu Usage Rate(%)          : 4
	DDR Bandwidth Usage Rate(%)    : 0
	HBM Bandwidth Usage Rate(%)    : 0
	NPU Utilization(%)             : 0
	Aicube Usage Rate(%)           : 0
	Get pid name failed.
	Process id:2294338 Process name:                  Process memory(MB):38418
Error: cannot run top on container b072be3d8b068f6d5a2d7f91de9f72409cacffb5dee4208b5534b748c7df0120 as it did not create a cgroup: this container does not have a cgroup
timestamp_ns=1785700973834778500
	DDR Capacity(MB)               : 0
	DDR Usage Rate(%)              : 0
	DDR Hugepages Total(page)      : 0
	DDR Hugepages Usage Rate(%)    : 0
	HBM Capacity(MB)               : 65536
	HBM Usage Rate(%)              : 63
	Aicore Usage Rate(%)           : 0
	Aivector Usage Rate(%)         : 0
	Aicpu Usage Rate(%)            : 0
	Ctrlcpu Usage Rate(%)          : 1
	DDR Bandwidth Usage Rate(%)    : 0
	HBM Bandwidth Usage Rate(%)    : 0
	NPU Utilization(%)             : 0
	Aicube Usage Rate(%)           : 0
	Get pid name failed.
	Process id:2294338 Process name:                  Process memory(MB):38418
Error: cannot run top on container b072be3d8b068f6d5a2d7f91de9f72409cacffb5dee4208b5534b748c7df0120 as it did not create a cgroup: this container does not have a cgroup
timestamp_ns=1785700975966716959
	DDR Capacity(MB)               : 0
	DDR Usage Rate(%)              : 0
	DDR Hugepages Total(page)      : 0
	DDR Hugepages Usage Rate(%)    : 0
	HBM Capacity(MB)               : 65536
	HBM Usage Rate(%)              : 63
	Aicore Usage Rate(%)           : 0
	Aivector Usage Rate(%)         : 0
	Aicpu Usage Rate(%)            : 0
	Ctrlcpu Usage Rate(%)          : 4
	DDR Bandwidth Usage Rate(%)    : 0
	HBM Bandwidth Usage Rate(%)    : 0
	NPU Utilization(%)             : 0
	Aicube Usage Rate(%)           : 0
	Get pid name failed.
	Process id:2294338 Process name:                  Process memory(MB):38418
Error: cannot run top on container b072be3d8b068f6d5a2d7f91de9f72409cacffb5dee4208b5534b748c7df0120 as it did not create a cgroup: this container does not have a cgroup
timestamp_ns=1785700978122695176
	DDR Capacity(MB)               : 0
	DDR Usage Rate(%)              : 0
	DDR Hugepages Total(page)      : 0
	DDR Hugepages Usage Rate(%)    : 0
	HBM Capacity(MB)               : 65536
	HBM Usage Rate(%)              : 61
	Aicore Usage Rate(%)           : 0
	Aivector Usage Rate(%)         : 0
	Aicpu Usage Rate(%)            : 0
	Ctrlcpu Usage Rate(%)          : 30
	DDR Bandwidth Usage Rate(%)    : 0
	HBM Bandwidth Usage Rate(%)    : 0
	NPU Utilization(%)             : 0
	Aicube Usage Rate(%)           : 0
	Get pid name failed.
	Process id:2294338 Process name:                  Process memory(MB):28554
Error: cannot run top on container b072be3d8b068f6d5a2d7f91de9f72409cacffb5dee4208b5534b748c7df0120 as it did not create a cgroup: this container does not have a cgroup
timestamp_ns=1785700980263692544
	DDR Capacity(MB)               : 0
	DDR Usage Rate(%)              : 0
	DDR Hugepages Total(page)      : 0
	DDR Hugepages Usage Rate(%)    : 0
	HBM Capacity(MB)               : 65536
	HBM Usage Rate(%)              : 5
	Aicore Usage Rate(%)           : 0
	Aivector Usage Rate(%)         : 0
	Aicpu Usage Rate(%)            : 0
	Ctrlcpu Usage Rate(%)          : 19
	DDR Bandwidth Usage Rate(%)    : 0
	HBM Bandwidth Usage Rate(%)    : 0
	NPU Utilization(%)             : 0
	Aicube Usage Rate(%)           : 0
	Get pid name failed.
	Process id:2294338 Process name:                  Process memory(MB):452
Error: cannot run top on container b072be3d8b068f6d5a2d7f91de9f72409cacffb5dee4208b5534b748c7df0120 as it did not create a cgroup: this container does not have a cgroup
timestamp_ns=1785700982391418189
	DDR Capacity(MB)               : 0
	DDR Usage Rate(%)              : 0
	DDR Hugepages Total(page)      : 0
	DDR Hugepages Usage Rate(%)    : 0
	HBM Capacity(MB)               : 65536
	HBM Usage Rate(%)              : 5
	Aicore Usage Rate(%)           : 0
	Aivector Usage Rate(%)         : 0
	Aicpu Usage Rate(%)            : 0
	Ctrlcpu Usage Rate(%)          : 5
	DDR Bandwidth Usage Rate(%)    : 0
	HBM Bandwidth Usage Rate(%)    : 0
	NPU Utilization(%)             : 0
	Aicube Usage Rate(%)           : 0
	Get pid name failed.
	Process id:2294338 Process name:                  Process memory(MB):452
Error: cannot run top on container b072be3d8b068f6d5a2d7f91de9f72409cacffb5dee4208b5534b748c7df0120 as it did not create a cgroup: this container does not have a cgroup
timestamp_ns=1785700984528608556
	DDR Capacity(MB)               : 0
	DDR Usage Rate(%)              : 0
	DDR Hugepages Total(page)      : 0
	DDR Hugepages Usage Rate(%)    : 0
	HBM Capacity(MB)               : 65536
	HBM Usage Rate(%)              : 5
	Aicore Usage Rate(%)           : 0
	Aivector Usage Rate(%)         : 0
	Aicpu Usage Rate(%)            : 0
	Ctrlcpu Usage Rate(%)          : 5
	DDR Bandwidth Usage Rate(%)    : 0
	HBM Bandwidth Usage Rate(%)    : 0
	NPU Utilization(%)             : 0
	Aicube Usage Rate(%)           : 0
	Get pid name failed.
	Process id:2294338 Process name:                  Process memory(MB):452
Error: cannot run top on container b072be3d8b068f6d5a2d7f91de9f72409cacffb5dee4208b5534b748c7df0120 as it did not create a cgroup: this container does not have a cgroup
timestamp_ns=1785700986676265779
	DDR Capacity(MB)               : 0
	DDR Usage Rate(%)              : 0
	DDR Hugepages Total(page)      : 0
	DDR Hugepages Usage Rate(%)    : 0
	HBM Capacity(MB)               : 65536
	HBM Usage Rate(%)              : 14
	Aicore Usage Rate(%)           : 0
	Aivector Usage Rate(%)         : 0
	Aicpu Usage Rate(%)            : 0
	Ctrlcpu Usage Rate(%)          : 17
	DDR Bandwidth Usage Rate(%)    : 0
	HBM Bandwidth Usage Rate(%)    : 0
	NPU Utilization(%)             : 0
	Aicube Usage Rate(%)           : 0
	No process in device.
Error: cannot run top on container b072be3d8b068f6d5a2d7f91de9f72409cacffb5dee4208b5534b748c7df0120 as it did not create a cgroup: this container does not have a cgroup
timestamp_ns=1785700988841711168
	DDR Capacity(MB)               : 0
	DDR Usage Rate(%)              : 0
	DDR Hugepages Total(page)      : 0
	DDR Hugepages Usage Rate(%)    : 0
	HBM Capacity(MB)               : 65536
	HBM Usage Rate(%)              : 5
	Aicore Usage Rate(%)           : 0
	Aivector Usage Rate(%)         : 0
	Aicpu Usage Rate(%)            : 0
	Ctrlcpu Usage Rate(%)          : 1
	DDR Bandwidth Usage Rate(%)    : 0
	HBM Bandwidth Usage Rate(%)    : 0
	NPU Utilization(%)             : 0
	Aicube Usage Rate(%)           : 0
	No process in device.
