timestamp_ns=1785750486693565729
	DDR Capacity(MB)               : 0
	DDR Usage Rate(%)              : 0
	DDR Hugepages Total(page)      : 0
	DDR Hugepages Usage Rate(%)    : 0
	HBM Capacity(MB)               : 65536
	HBM Usage Rate(%)              : 5
	Aicore Usage Rate(%)           : 0
	Aivector Usage Rate(%)         : 0
	Aicpu Usage Rate(%)            : 0
	Ctrlcpu Usage Rate(%)          : 4
	DDR Bandwidth Usage Rate(%)    : 0
	HBM Bandwidth Usage Rate(%)    : 0
	NPU Utilization(%)             : 0
	Aicube Usage Rate(%)           : 0
	No process in device.
Error: cannot run top on container fca65b17c7696be0978c024206dce045576ad0d5017576dab9c64493f5b57e1c as it did not create a cgroup: this container does not have a cgroup
timestamp_ns=1785750488835859683
	DDR Capacity(MB)               : 0
	DDR Usage Rate(%)              : 0
	DDR Hugepages Total(page)      : 0
	DDR Hugepages Usage Rate(%)    : 0
	HBM Capacity(MB)               : 65536
	HBM Usage Rate(%)              : 5
	Aicore Usage Rate(%)           : 0
	Aivector Usage Rate(%)         : 0
	Aicpu Usage Rate(%)            : 0
	Ctrlcpu Usage Rate(%)          : 2
	DDR Bandwidth Usage Rate(%)    : 0
	HBM Bandwidth Usage Rate(%)    : 0
	NPU Utilization(%)             : 0
	Aicube Usage Rate(%)           : 0
	No process in device.
Error: cannot run top on container fca65b17c7696be0978c024206dce045576ad0d5017576dab9c64493f5b57e1c as it did not create a cgroup: this container does not have a cgroup
timestamp_ns=1785750490978783252
	DDR Capacity(MB)               : 0
	DDR Usage Rate(%)              : 0
	DDR Hugepages Total(page)      : 0
	DDR Hugepages Usage Rate(%)    : 0
	HBM Capacity(MB)               : 65536
	HBM Usage Rate(%)              : 5
	Aicore Usage Rate(%)           : 0
	Aivector Usage Rate(%)         : 0
	Aicpu Usage Rate(%)            : 0
	Ctrlcpu Usage Rate(%)          : 1
	DDR Bandwidth Usage Rate(%)    : 0
	HBM Bandwidth Usage Rate(%)    : 0
	NPU Utilization(%)             : 0
	Aicube Usage Rate(%)           : 0
	No process in device.
Error: cannot run top on container fca65b17c7696be0978c024206dce045576ad0d5017576dab9c64493f5b57e1c as it did not create a cgroup: this container does not have a cgroup
timestamp_ns=1785750493124366690
	DDR Capacity(MB)               : 0
	DDR Usage Rate(%)              : 0
	DDR Hugepages Total(page)      : 0
	DDR Hugepages Usage Rate(%)    : 0
	HBM Capacity(MB)               : 65536
	HBM Usage Rate(%)              : 5
	Aicore Usage Rate(%)           : 0
	Aivector Usage Rate(%)         : 0
	Aicpu Usage Rate(%)            : 0
	Ctrlcpu Usage Rate(%)          : 4
	DDR Bandwidth Usage Rate(%)    : 0
	HBM Bandwidth Usage Rate(%)    : 0
	NPU Utilization(%)             : 0
	Aicube Usage Rate(%)           : 0
	No process in device.
Error: cannot run top on container fca65b17c7696be0978c024206dce045576ad0d5017576dab9c64493f5b57e1c as it did not create a cgroup: this container does not have a cgroup
timestamp_ns=1785750495267512428
	DDR Capacity(MB)               : 0
	DDR Usage Rate(%)              : 0
	DDR Hugepages Total(page)      : 0
	DDR Hugepages Usage Rate(%)    : 0
	HBM Capacity(MB)               : 65536
	HBM Usage Rate(%)              : 5
	Aicore Usage Rate(%)           : 0
	Aivector Usage Rate(%)         : 0
	Aicpu Usage Rate(%)            : 0
	Ctrlcpu Usage Rate(%)          : 0
	DDR Bandwidth Usage Rate(%)    : 0
	HBM Bandwidth Usage Rate(%)    : 0
	NPU Utilization(%)             : 0
	Aicube Usage Rate(%)           : 0
	No process in device.
Error: cannot run top on container fca65b17c7696be0978c024206dce045576ad0d5017576dab9c64493f5b57e1c as it did not create a cgroup: this container does not have a cgroup
timestamp_ns=1785750497405197931
	DDR Capacity(MB)               : 0
	DDR Usage Rate(%)              : 0
	DDR Hugepages Total(page)      : 0
	DDR Hugepages Usage Rate(%)    : 0
	HBM Capacity(MB)               : 65536
	HBM Usage Rate(%)              : 5
	Aicore Usage Rate(%)           : 0
	Aivector Usage Rate(%)         : 0
	Aicpu Usage Rate(%)            : 0
	Ctrlcpu Usage Rate(%)          : 4
	DDR Bandwidth Usage Rate(%)    : 0
	HBM Bandwidth Usage Rate(%)    : 0
	NPU Utilization(%)             : 0
	Aicube Usage Rate(%)           : 0
	No process in device.
Error: cannot run top on container fca65b17c7696be0978c024206dce045576ad0d5017576dab9c64493f5b57e1c as it did not create a cgroup: this container does not have a cgroup
timestamp_ns=1785750499549916863
	DDR Capacity(MB)               : 0
	DDR Usage Rate(%)              : 0
	DDR Hugepages Total(page)      : 0
	DDR Hugepages Usage Rate(%)    : 0
	HBM Capacity(MB)               : 65536
	HBM Usage Rate(%)              : 5
	Aicore Usage Rate(%)           : 0
	Aivector Usage Rate(%)         : 0
	Aicpu Usage Rate(%)            : 0
	Ctrlcpu Usage Rate(%)          : 1
	DDR Bandwidth Usage Rate(%)    : 0
	HBM Bandwidth Usage Rate(%)    : 0
	NPU Utilization(%)             : 0
	Aicube Usage Rate(%)           : 0
	No process in device.
Error: cannot run top on container fca65b17c7696be0978c024206dce045576ad0d5017576dab9c64493f5b57e1c as it did not create a cgroup: this container does not have a cgroup
timestamp_ns=1785750501706940128
	DDR Capacity(MB)               : 0
	DDR Usage Rate(%)              : 0
	DDR Hugepages Total(page)      : 0
	DDR Hugepages Usage Rate(%)    : 0
	HBM Capacity(MB)               : 65536
	HBM Usage Rate(%)              : 5
	Aicore Usage Rate(%)           : 0
	Aivector Usage Rate(%)         : 0
	Aicpu Usage Rate(%)            : 0
	Ctrlcpu Usage Rate(%)          : 5
	DDR Bandwidth Usage Rate(%)    : 0
	HBM Bandwidth Usage Rate(%)    : 0
	NPU Utilization(%)             : 0
	Aicube Usage Rate(%)           : 0
	No process in device.
Error: cannot run top on container fca65b17c7696be0978c024206dce045576ad0d5017576dab9c64493f5b57e1c as it did not create a cgroup: this container does not have a cgroup
timestamp_ns=1785750503847845687
	DDR Capacity(MB)               : 0
	DDR Usage Rate(%)              : 0
	DDR Hugepages Total(page)      : 0
	DDR Hugepages Usage Rate(%)    : 0
	HBM Capacity(MB)               : 65536
	HBM Usage Rate(%)              : 5
	Aicore Usage Rate(%)           : 0
	Aivector Usage Rate(%)         : 0
	Aicpu Usage Rate(%)            : 0
	Ctrlcpu Usage Rate(%)          : 1
	DDR Bandwidth Usage Rate(%)    : 0
	HBM Bandwidth Usage Rate(%)    : 0
	NPU Utilization(%)             : 0
	Aicube Usage Rate(%)           : 0
	No process in device.
Error: cannot run top on container fca65b17c7696be0978c024206dce045576ad0d5017576dab9c64493f5b57e1c as it did not create a cgroup: this container does not have a cgroup
timestamp_ns=1785750506023456370
	DDR Capacity(MB)               : 0
	DDR Usage Rate(%)              : 0
	DDR Hugepages Total(page)      : 0
	DDR Hugepages Usage Rate(%)    : 0
	HBM Capacity(MB)               : 65536
	HBM Usage Rate(%)              : 5
	Aicore Usage Rate(%)           : 0
	Aivector Usage Rate(%)         : 0
	Aicpu Usage Rate(%)            : 0
	Ctrlcpu Usage Rate(%)          : 0
	DDR Bandwidth Usage Rate(%)    : 0
	HBM Bandwidth Usage Rate(%)    : 0
	NPU Utilization(%)             : 0
	Aicube Usage Rate(%)           : 0
	No process in device.
Error: cannot run top on container fca65b17c7696be0978c024206dce045576ad0d5017576dab9c64493f5b57e1c as it did not create a cgroup: this container does not have a cgroup
timestamp_ns=1785750508171344360
	DDR Capacity(MB)               : 0
	DDR Usage Rate(%)              : 0
	DDR Hugepages Total(page)      : 0
	DDR Hugepages Usage Rate(%)    : 0
	HBM Capacity(MB)               : 65536
	HBM Usage Rate(%)              : 5
	Aicore Usage Rate(%)           : 0
	Aivector Usage Rate(%)         : 0
	Aicpu Usage Rate(%)            : 0
	Ctrlcpu Usage Rate(%)          : 4
	DDR Bandwidth Usage Rate(%)    : 0
	HBM Bandwidth Usage Rate(%)    : 0
	NPU Utilization(%)             : 0
	Aicube Usage Rate(%)           : 0
	No process in device.
Error: cannot run top on container fca65b17c7696be0978c024206dce045576ad0d5017576dab9c64493f5b57e1c as it did not create a cgroup: this container does not have a cgroup
timestamp_ns=1785750510334958294
	DDR Capacity(MB)               : 0
	DDR Usage Rate(%)              : 0
	DDR Hugepages Total(page)      : 0
	DDR Hugepages Usage Rate(%)    : 0
	HBM Capacity(MB)               : 65536
	HBM Usage Rate(%)              : 5
	Aicore Usage Rate(%)           : 0
	Aivector Usage Rate(%)         : 0
	Aicpu Usage Rate(%)            : 0
	Ctrlcpu Usage Rate(%)          : 0
	DDR Bandwidth Usage Rate(%)    : 0
	HBM Bandwidth Usage Rate(%)    : 0
	NPU Utilization(%)             : 0
	Aicube Usage Rate(%)           : 0
	No process in device.
Error: cannot run top on container fca65b17c7696be0978c024206dce045576ad0d5017576dab9c64493f5b57e1c as it did not create a cgroup: this container does not have a cgroup
timestamp_ns=1785750512474798696
	DDR Capacity(MB)               : 0
	DDR Usage Rate(%)              : 0
	DDR Hugepages Total(page)      : 0
	DDR Hugepages Usage Rate(%)    : 0
	HBM Capacity(MB)               : 65536
	HBM Usage Rate(%)              : 5
	Aicore Usage Rate(%)           : 0
	Aivector Usage Rate(%)         : 0
	Aicpu Usage Rate(%)            : 0
	Ctrlcpu Usage Rate(%)          : 6
	DDR Bandwidth Usage Rate(%)    : 0
	HBM Bandwidth Usage Rate(%)    : 0
	NPU Utilization(%)             : 0
	Aicube Usage Rate(%)           : 0
	No process in device.
Error: cannot run top on container fca65b17c7696be0978c024206dce045576ad0d5017576dab9c64493f5b57e1c as it did not create a cgroup: this container does not have a cgroup
timestamp_ns=1785750514618568162
	DDR Capacity(MB)               : 0
	DDR Usage Rate(%)              : 0
	DDR Hugepages Total(page)      : 0
	DDR Hugepages Usage Rate(%)    : 0
	HBM Capacity(MB)               : 65536
	HBM Usage Rate(%)              : 5
	Aicore Usage Rate(%)           : 0
	Aivector Usage Rate(%)         : 0
	Aicpu Usage Rate(%)            : 0
	Ctrlcpu Usage Rate(%)          : 1
	DDR Bandwidth Usage Rate(%)    : 0
	HBM Bandwidth Usage Rate(%)    : 0
	NPU Utilization(%)             : 0
	Aicube Usage Rate(%)           : 0
	No process in device.
Error: cannot run top on container fca65b17c7696be0978c024206dce045576ad0d5017576dab9c64493f5b57e1c as it did not create a cgroup: this container does not have a cgroup
timestamp_ns=1785750516828719636
	DDR Capacity(MB)               : 0
	DDR Usage Rate(%)              : 0
	DDR Hugepages Total(page)      : 0
	DDR Hugepages Usage Rate(%)    : 0
	HBM Capacity(MB)               : 65536
	HBM Usage Rate(%)              : 5
	Aicore Usage Rate(%)           : 0
	Aivector Usage Rate(%)         : 0
	Aicpu Usage Rate(%)            : 0
	Ctrlcpu Usage Rate(%)          : 3
	DDR Bandwidth Usage Rate(%)    : 0
	HBM Bandwidth Usage Rate(%)    : 0
	NPU Utilization(%)             : 0
	Aicube Usage Rate(%)           : 0
	No process in device.
Error: cannot run top on container fca65b17c7696be0978c024206dce045576ad0d5017576dab9c64493f5b57e1c as it did not create a cgroup: this container does not have a cgroup
timestamp_ns=1785750518968274583
	DDR Capacity(MB)               : 0
	DDR Usage Rate(%)              : 0
	DDR Hugepages Total(page)      : 0
	DDR Hugepages Usage Rate(%)    : 0
	HBM Capacity(MB)               : 65536
	HBM Usage Rate(%)              : 5
	Aicore Usage Rate(%)           : 0
	Aivector Usage Rate(%)         : 0
	Aicpu Usage Rate(%)            : 0
	Ctrlcpu Usage Rate(%)          : 1
	DDR Bandwidth Usage Rate(%)    : 0
	HBM Bandwidth Usage Rate(%)    : 0
	NPU Utilization(%)             : 0
	Aicube Usage Rate(%)           : 0
	No process in device.
Error: cannot run top on container fca65b17c7696be0978c024206dce045576ad0d5017576dab9c64493f5b57e1c as it did not create a cgroup: this container does not have a cgroup
timestamp_ns=1785750521112755810
	DDR Capacity(MB)               : 0
	DDR Usage Rate(%)              : 0
	DDR Hugepages Total(page)      : 0
	DDR Hugepages Usage Rate(%)    : 0
	HBM Capacity(MB)               : 65536
	HBM Usage Rate(%)              : 5
	Aicore Usage Rate(%)           : 0
	Aivector Usage Rate(%)         : 0
	Aicpu Usage Rate(%)            : 0
	Ctrlcpu Usage Rate(%)          : 1
	DDR Bandwidth Usage Rate(%)    : 0
	HBM Bandwidth Usage Rate(%)    : 0
	NPU Utilization(%)             : 0
	Aicube Usage Rate(%)           : 0
	No process in device.
Error: cannot run top on container fca65b17c7696be0978c024206dce045576ad0d5017576dab9c64493f5b57e1c as it did not create a cgroup: this container does not have a cgroup
timestamp_ns=1785750523278389248
	DDR Capacity(MB)               : 0
	DDR Usage Rate(%)              : 0
	DDR Hugepages Total(page)      : 0
	DDR Hugepages Usage Rate(%)    : 0
	HBM Capacity(MB)               : 65536
	HBM Usage Rate(%)              : 5
	Aicore Usage Rate(%)           : 0
	Aivector Usage Rate(%)         : 0
	Aicpu Usage Rate(%)            : 0
	Ctrlcpu Usage Rate(%)          : 1
	DDR Bandwidth Usage Rate(%)    : 0
	HBM Bandwidth Usage Rate(%)    : 0
	NPU Utilization(%)             : 0
	Aicube Usage Rate(%)           : 0
	No process in device.
Error: cannot run top on container fca65b17c7696be0978c024206dce045576ad0d5017576dab9c64493f5b57e1c as it did not create a cgroup: this container does not have a cgroup
timestamp_ns=1785750525450668528
	DDR Capacity(MB)               : 0
	DDR Usage Rate(%)              : 0
	DDR Hugepages Total(page)      : 0
	DDR Hugepages Usage Rate(%)    : 0
	HBM Capacity(MB)               : 65536
	HBM Usage Rate(%)              : 5
	Aicore Usage Rate(%)           : 0
	Aivector Usage Rate(%)         : 0
	Aicpu Usage Rate(%)            : 0
	Ctrlcpu Usage Rate(%)          : 4
	DDR Bandwidth Usage Rate(%)    : 0
	HBM Bandwidth Usage Rate(%)    : 0
	NPU Utilization(%)             : 0
	Aicube Usage Rate(%)           : 0
	No process in device.
Error: cannot run top on container fca65b17c7696be0978c024206dce045576ad0d5017576dab9c64493f5b57e1c as it did not create a cgroup: this container does not have a cgroup
timestamp_ns=1785750527595543622
	DDR Capacity(MB)               : 0
	DDR Usage Rate(%)              : 0
	DDR Hugepages Total(page)      : 0
	DDR Hugepages Usage Rate(%)    : 0
	HBM Capacity(MB)               : 65536
	HBM Usage Rate(%)              : 5
	Aicore Usage Rate(%)           : 0
	Aivector Usage Rate(%)         : 0
	Aicpu Usage Rate(%)            : 0
	Ctrlcpu Usage Rate(%)          : 6
	DDR Bandwidth Usage Rate(%)    : 0
	HBM Bandwidth Usage Rate(%)    : 0
	NPU Utilization(%)             : 0
	Aicube Usage Rate(%)           : 0
	No process in device.
Error: cannot run top on container fca65b17c7696be0978c024206dce045576ad0d5017576dab9c64493f5b57e1c as it did not create a cgroup: this container does not have a cgroup
timestamp_ns=1785750529749690435
	DDR Capacity(MB)               : 0
	DDR Usage Rate(%)              : 0
	DDR Hugepages Total(page)      : 0
	DDR Hugepages Usage Rate(%)    : 0
	HBM Capacity(MB)               : 65536
	HBM Usage Rate(%)              : 5
	Aicore Usage Rate(%)           : 0
	Aivector Usage Rate(%)         : 0
	Aicpu Usage Rate(%)            : 0
	Ctrlcpu Usage Rate(%)          : 3
	DDR Bandwidth Usage Rate(%)    : 0
	HBM Bandwidth Usage Rate(%)    : 0
	NPU Utilization(%)             : 0
	Aicube Usage Rate(%)           : 0
	No process in device.
Error: cannot run top on container fca65b17c7696be0978c024206dce045576ad0d5017576dab9c64493f5b57e1c as it did not create a cgroup: this container does not have a cgroup
timestamp_ns=1785750531896766816
	DDR Capacity(MB)               : 0
	DDR Usage Rate(%)              : 0
	DDR Hugepages Total(page)      : 0
	DDR Hugepages Usage Rate(%)    : 0
	HBM Capacity(MB)               : 65536
	HBM Usage Rate(%)              : 5
	Aicore Usage Rate(%)           : 0
	Aivector Usage Rate(%)         : 0
	Aicpu Usage Rate(%)            : 0
	Ctrlcpu Usage Rate(%)          : 8
	DDR Bandwidth Usage Rate(%)    : 0
	HBM Bandwidth Usage Rate(%)    : 0
	NPU Utilization(%)             : 0
	Aicube Usage Rate(%)           : 0
	No process in device.
Error: cannot run top on container fca65b17c7696be0978c024206dce045576ad0d5017576dab9c64493f5b57e1c as it did not create a cgroup: this container does not have a cgroup
timestamp_ns=1785750534033236540
	DDR Capacity(MB)               : 0
	DDR Usage Rate(%)              : 0
	DDR Hugepages Total(page)      : 0
	DDR Hugepages Usage Rate(%)    : 0
	HBM Capacity(MB)               : 65536
	HBM Usage Rate(%)              : 5
	Aicore Usage Rate(%)           : 0
	Aivector Usage Rate(%)         : 0
	Aicpu Usage Rate(%)            : 0
	Ctrlcpu Usage Rate(%)          : 5
	DDR Bandwidth Usage Rate(%)    : 0
	HBM Bandwidth Usage Rate(%)    : 0
	NPU Utilization(%)             : 0
	Aicube Usage Rate(%)           : 0
	No process in device.
Error: cannot run top on container fca65b17c7696be0978c024206dce045576ad0d5017576dab9c64493f5b57e1c as it did not create a cgroup: this container does not have a cgroup
timestamp_ns=1785750536190087491
	DDR Capacity(MB)               : 0
	DDR Usage Rate(%)              : 0
	DDR Hugepages Total(page)      : 0
	DDR Hugepages Usage Rate(%)    : 0
	HBM Capacity(MB)               : 65536
	HBM Usage Rate(%)              : 5
	Aicore Usage Rate(%)           : 0
	Aivector Usage Rate(%)         : 0
	Aicpu Usage Rate(%)            : 0
	Ctrlcpu Usage Rate(%)          : 0
	DDR Bandwidth Usage Rate(%)    : 0
	HBM Bandwidth Usage Rate(%)    : 0
	NPU Utilization(%)             : 0
	Aicube Usage Rate(%)           : 0
	No process in device.
Error: cannot run top on container fca65b17c7696be0978c024206dce045576ad0d5017576dab9c64493f5b57e1c as it did not create a cgroup: this container does not have a cgroup
timestamp_ns=1785750538357278170
	DDR Capacity(MB)               : 0
	DDR Usage Rate(%)              : 0
	DDR Hugepages Total(page)      : 0
	DDR Hugepages Usage Rate(%)    : 0
	HBM Capacity(MB)               : 65536
	HBM Usage Rate(%)              : 5
	Aicore Usage Rate(%)           : 0
	Aivector Usage Rate(%)         : 0
	Aicpu Usage Rate(%)            : 0
	Ctrlcpu Usage Rate(%)          : 1
	DDR Bandwidth Usage Rate(%)    : 0
	HBM Bandwidth Usage Rate(%)    : 0
	NPU Utilization(%)             : 0
	Aicube Usage Rate(%)           : 0
	No process in device.
Error: cannot run top on container fca65b17c7696be0978c024206dce045576ad0d5017576dab9c64493f5b57e1c as it did not create a cgroup: this container does not have a cgroup
timestamp_ns=1785750540529961609
	DDR Capacity(MB)               : 0
	DDR Usage Rate(%)              : 0
	DDR Hugepages Total(page)      : 0
	DDR Hugepages Usage Rate(%)    : 0
	HBM Capacity(MB)               : 65536
	HBM Usage Rate(%)              : 5
	Aicore Usage Rate(%)           : 0
	Aivector Usage Rate(%)         : 0
	Aicpu Usage Rate(%)            : 0
	Ctrlcpu Usage Rate(%)          : 4
	DDR Bandwidth Usage Rate(%)    : 0
	HBM Bandwidth Usage Rate(%)    : 0
	NPU Utilization(%)             : 0
	Aicube Usage Rate(%)           : 0
	No process in device.
Error: cannot run top on container fca65b17c7696be0978c024206dce045576ad0d5017576dab9c64493f5b57e1c as it did not create a cgroup: this container does not have a cgroup
timestamp_ns=1785750542681708879
	DDR Capacity(MB)               : 0
	DDR Usage Rate(%)              : 0
	DDR Hugepages Total(page)      : 0
	DDR Hugepages Usage Rate(%)    : 0
	HBM Capacity(MB)               : 65536
	HBM Usage Rate(%)              : 5
	Aicore Usage Rate(%)           : 0
	Aivector Usage Rate(%)         : 0
	Aicpu Usage Rate(%)            : 0
	Ctrlcpu Usage Rate(%)          : 7
	DDR Bandwidth Usage Rate(%)    : 0
	HBM Bandwidth Usage Rate(%)    : 0
	NPU Utilization(%)             : 0
	Aicube Usage Rate(%)           : 0
	No process in device.
Error: cannot run top on container fca65b17c7696be0978c024206dce045576ad0d5017576dab9c64493f5b57e1c as it did not create a cgroup: this container does not have a cgroup
timestamp_ns=1785750544863616780
	DDR Capacity(MB)               : 0
	DDR Usage Rate(%)              : 0
	DDR Hugepages Total(page)      : 0
	DDR Hugepages Usage Rate(%)    : 0
	HBM Capacity(MB)               : 65536
	HBM Usage Rate(%)              : 5
	Aicore Usage Rate(%)           : 0
	Aivector Usage Rate(%)         : 0
	Aicpu Usage Rate(%)            : 0
	Ctrlcpu Usage Rate(%)          : 1
	DDR Bandwidth Usage Rate(%)    : 0
	HBM Bandwidth Usage Rate(%)    : 0
	NPU Utilization(%)             : 0
	Aicube Usage Rate(%)           : 0
	No process in device.
Error: cannot run top on container fca65b17c7696be0978c024206dce045576ad0d5017576dab9c64493f5b57e1c as it did not create a cgroup: this container does not have a cgroup
timestamp_ns=1785750547017948973
	DDR Capacity(MB)               : 0
	DDR Usage Rate(%)              : 0
	DDR Hugepages Total(page)      : 0
	DDR Hugepages Usage Rate(%)    : 0
	HBM Capacity(MB)               : 65536
	HBM Usage Rate(%)              : 5
	Aicore Usage Rate(%)           : 0
	Aivector Usage Rate(%)         : 0
	Aicpu Usage Rate(%)            : 0
	Ctrlcpu Usage Rate(%)          : 1
	DDR Bandwidth Usage Rate(%)    : 0
	HBM Bandwidth Usage Rate(%)    : 0
	NPU Utilization(%)             : 0
	Aicube Usage Rate(%)           : 0
	No process in device.
Error: cannot run top on container fca65b17c7696be0978c024206dce045576ad0d5017576dab9c64493f5b57e1c as it did not create a cgroup: this container does not have a cgroup
timestamp_ns=1785750549164883838
	DDR Capacity(MB)               : 0
	DDR Usage Rate(%)              : 0
	DDR Hugepages Total(page)      : 0
	DDR Hugepages Usage Rate(%)    : 0
	HBM Capacity(MB)               : 65536
	HBM Usage Rate(%)              : 5
	Aicore Usage Rate(%)           : 0
	Aivector Usage Rate(%)         : 0
	Aicpu Usage Rate(%)            : 0
	Ctrlcpu Usage Rate(%)          : 0
	DDR Bandwidth Usage Rate(%)    : 0
	HBM Bandwidth Usage Rate(%)    : 0
	NPU Utilization(%)             : 0
	Aicube Usage Rate(%)           : 0
	No process in device.
Error: cannot run top on container fca65b17c7696be0978c024206dce045576ad0d5017576dab9c64493f5b57e1c as it did not create a cgroup: this container does not have a cgroup
timestamp_ns=1785750551312081511
	DDR Capacity(MB)               : 0
	DDR Usage Rate(%)              : 0
	DDR Hugepages Total(page)      : 0
	DDR Hugepages Usage Rate(%)    : 0
	HBM Capacity(MB)               : 65536
	HBM Usage Rate(%)              : 5
	Aicore Usage Rate(%)           : 0
	Aivector Usage Rate(%)         : 0
	Aicpu Usage Rate(%)            : 0
	Ctrlcpu Usage Rate(%)          : 0
	DDR Bandwidth Usage Rate(%)    : 0
	HBM Bandwidth Usage Rate(%)    : 0
	NPU Utilization(%)             : 0
	Aicube Usage Rate(%)           : 0
	No process in device.
Error: cannot run top on container fca65b17c7696be0978c024206dce045576ad0d5017576dab9c64493f5b57e1c as it did not create a cgroup: this container does not have a cgroup
timestamp_ns=1785750553453315871
	DDR Capacity(MB)               : 0
	DDR Usage Rate(%)              : 0
	DDR Hugepages Total(page)      : 0
	DDR Hugepages Usage Rate(%)    : 0
	HBM Capacity(MB)               : 65536
	HBM Usage Rate(%)              : 5
	Aicore Usage Rate(%)           : 0
	Aivector Usage Rate(%)         : 0
	Aicpu Usage Rate(%)            : 0
	Ctrlcpu Usage Rate(%)          : 2
	DDR Bandwidth Usage Rate(%)    : 0
	HBM Bandwidth Usage Rate(%)    : 0
	NPU Utilization(%)             : 0
	Aicube Usage Rate(%)           : 0
	No process in device.
Error: cannot run top on container fca65b17c7696be0978c024206dce045576ad0d5017576dab9c64493f5b57e1c as it did not create a cgroup: this container does not have a cgroup
timestamp_ns=1785750555590076326
	DDR Capacity(MB)               : 0
	DDR Usage Rate(%)              : 0
	DDR Hugepages Total(page)      : 0
	DDR Hugepages Usage Rate(%)    : 0
	HBM Capacity(MB)               : 65536
	HBM Usage Rate(%)              : 5
	Aicore Usage Rate(%)           : 0
	Aivector Usage Rate(%)         : 0
	Aicpu Usage Rate(%)            : 0
	Ctrlcpu Usage Rate(%)          : 9
	DDR Bandwidth Usage Rate(%)    : 0
	HBM Bandwidth Usage Rate(%)    : 0
	NPU Utilization(%)             : 0
	Aicube Usage Rate(%)           : 0
	No process in device.
Error: cannot run top on container fca65b17c7696be0978c024206dce045576ad0d5017576dab9c64493f5b57e1c as it did not create a cgroup: this container does not have a cgroup
timestamp_ns=1785750557735026690
	DDR Capacity(MB)               : 0
	DDR Usage Rate(%)              : 0
	DDR Hugepages Total(page)      : 0
	DDR Hugepages Usage Rate(%)    : 0
	HBM Capacity(MB)               : 65536
	HBM Usage Rate(%)              : 5
	Aicore Usage Rate(%)           : 0
	Aivector Usage Rate(%)         : 0
	Aicpu Usage Rate(%)            : 0
	Ctrlcpu Usage Rate(%)          : 2
	DDR Bandwidth Usage Rate(%)    : 0
	HBM Bandwidth Usage Rate(%)    : 0
	NPU Utilization(%)             : 0
	Aicube Usage Rate(%)           : 0
	No process in device.
Error: cannot run top on container fca65b17c7696be0978c024206dce045576ad0d5017576dab9c64493f5b57e1c as it did not create a cgroup: this container does not have a cgroup
timestamp_ns=1785750559915347067
	DDR Capacity(MB)               : 0
	DDR Usage Rate(%)              : 0
	DDR Hugepages Total(page)      : 0
	DDR Hugepages Usage Rate(%)    : 0
	HBM Capacity(MB)               : 65536
	HBM Usage Rate(%)              : 5
	Aicore Usage Rate(%)           : 0
	Aivector Usage Rate(%)         : 0
	Aicpu Usage Rate(%)            : 0
	Ctrlcpu Usage Rate(%)          : 1
	DDR Bandwidth Usage Rate(%)    : 0
	HBM Bandwidth Usage Rate(%)    : 0
	NPU Utilization(%)             : 0
	Aicube Usage Rate(%)           : 0
	Get pid name failed.
	Process id:1810566 Process name:                  Process memory(MB):116
Error: cannot run top on container fca65b17c7696be0978c024206dce045576ad0d5017576dab9c64493f5b57e1c as it did not create a cgroup: this container does not have a cgroup
timestamp_ns=1785750562066197453
	DDR Capacity(MB)               : 0
	DDR Usage Rate(%)              : 0
	DDR Hugepages Total(page)      : 0
	DDR Hugepages Usage Rate(%)    : 0
	HBM Capacity(MB)               : 65536
	HBM Usage Rate(%)              : 27
	Aicore Usage Rate(%)           : 0
	Aivector Usage Rate(%)         : 0
	Aicpu Usage Rate(%)            : 0
	Ctrlcpu Usage Rate(%)          : 9
	DDR Bandwidth Usage Rate(%)    : 0
	HBM Bandwidth Usage Rate(%)    : 0
	NPU Utilization(%)             : 0
	Aicube Usage Rate(%)           : 0
	Get pid name failed.
	Process id:1810566 Process name:                  Process memory(MB):14710
Error: cannot run top on container fca65b17c7696be0978c024206dce045576ad0d5017576dab9c64493f5b57e1c as it did not create a cgroup: this container does not have a cgroup
timestamp_ns=1785750564261805479
	DDR Capacity(MB)               : 0
	DDR Usage Rate(%)              : 0
	DDR Hugepages Total(page)      : 0
	DDR Hugepages Usage Rate(%)    : 0
	HBM Capacity(MB)               : 65536
	HBM Usage Rate(%)              : 27
	Aicore Usage Rate(%)           : 0
	Aivector Usage Rate(%)         : 0
	Aicpu Usage Rate(%)            : 0
	Ctrlcpu Usage Rate(%)          : 1
	DDR Bandwidth Usage Rate(%)    : 0
	HBM Bandwidth Usage Rate(%)    : 0
	NPU Utilization(%)             : 0
	Aicube Usage Rate(%)           : 0
	Get pid name failed.
	Process id:1810566 Process name:                  Process memory(MB):14710
Error: cannot run top on container fca65b17c7696be0978c024206dce045576ad0d5017576dab9c64493f5b57e1c as it did not create a cgroup: this container does not have a cgroup
timestamp_ns=1785750566404495817
	DDR Capacity(MB)               : 0
	DDR Usage Rate(%)              : 0
	DDR Hugepages Total(page)      : 0
	DDR Hugepages Usage Rate(%)    : 0
	HBM Capacity(MB)               : 65536
	HBM Usage Rate(%)              : 27
	Aicore Usage Rate(%)           : 0
	Aivector Usage Rate(%)         : 0
	Aicpu Usage Rate(%)            : 0
	Ctrlcpu Usage Rate(%)          : 1
	DDR Bandwidth Usage Rate(%)    : 0
	HBM Bandwidth Usage Rate(%)    : 0
	NPU Utilization(%)             : 0
	Aicube Usage Rate(%)           : 0
	Get pid name failed.
	Process id:1810566 Process name:                  Process memory(MB):14710
Error: cannot run top on container fca65b17c7696be0978c024206dce045576ad0d5017576dab9c64493f5b57e1c as it did not create a cgroup: this container does not have a cgroup
timestamp_ns=1785750568588072366
	DDR Capacity(MB)               : 0
	DDR Usage Rate(%)              : 0
	DDR Hugepages Total(page)      : 0
	DDR Hugepages Usage Rate(%)    : 0
	HBM Capacity(MB)               : 65536
	HBM Usage Rate(%)              : 27
	Aicore Usage Rate(%)           : 0
	Aivector Usage Rate(%)         : 0
	Aicpu Usage Rate(%)            : 0
	Ctrlcpu Usage Rate(%)          : 4
	DDR Bandwidth Usage Rate(%)    : 0
	HBM Bandwidth Usage Rate(%)    : 0
	NPU Utilization(%)             : 0
	Aicube Usage Rate(%)           : 0
	Get pid name failed.
	Process id:1810566 Process name:                  Process memory(MB):14710
Error: cannot run top on container fca65b17c7696be0978c024206dce045576ad0d5017576dab9c64493f5b57e1c as it did not create a cgroup: this container does not have a cgroup
timestamp_ns=1785750570733573962
	DDR Capacity(MB)               : 0
	DDR Usage Rate(%)              : 0
	DDR Hugepages Total(page)      : 0
	DDR Hugepages Usage Rate(%)    : 0
	HBM Capacity(MB)               : 65536
	HBM Usage Rate(%)              : 27
	Aicore Usage Rate(%)           : 0
	Aivector Usage Rate(%)         : 0
	Aicpu Usage Rate(%)            : 0
	Ctrlcpu Usage Rate(%)          : 3
	DDR Bandwidth Usage Rate(%)    : 0
	HBM Bandwidth Usage Rate(%)    : 0
	NPU Utilization(%)             : 0
	Aicube Usage Rate(%)           : 0
	Get pid name failed.
	Process id:1810566 Process name:                  Process memory(MB):14710
Error: cannot run top on container fca65b17c7696be0978c024206dce045576ad0d5017576dab9c64493f5b57e1c as it did not create a cgroup: this container does not have a cgroup
timestamp_ns=1785750572891195697
	DDR Capacity(MB)               : 0
	DDR Usage Rate(%)              : 0
	DDR Hugepages Total(page)      : 0
	DDR Hugepages Usage Rate(%)    : 0
	HBM Capacity(MB)               : 65536
	HBM Usage Rate(%)              : 27
	Aicore Usage Rate(%)           : 0
	Aivector Usage Rate(%)         : 0
	Aicpu Usage Rate(%)            : 0
	Ctrlcpu Usage Rate(%)          : 2
	DDR Bandwidth Usage Rate(%)    : 0
	HBM Bandwidth Usage Rate(%)    : 0
	NPU Utilization(%)             : 0
	Aicube Usage Rate(%)           : 0
	Get pid name failed.
	Process id:1810566 Process name:                  Process memory(MB):14710
Error: cannot run top on container fca65b17c7696be0978c024206dce045576ad0d5017576dab9c64493f5b57e1c as it did not create a cgroup: this container does not have a cgroup
timestamp_ns=1785750575051865410
	DDR Capacity(MB)               : 0
	DDR Usage Rate(%)              : 0
	DDR Hugepages Total(page)      : 0
	DDR Hugepages Usage Rate(%)    : 0
	HBM Capacity(MB)               : 65536
	HBM Usage Rate(%)              : 27
	Aicore Usage Rate(%)           : 0
	Aivector Usage Rate(%)         : 0
	Aicpu Usage Rate(%)            : 0
	Ctrlcpu Usage Rate(%)          : 5
	DDR Bandwidth Usage Rate(%)    : 0
	HBM Bandwidth Usage Rate(%)    : 0
	NPU Utilization(%)             : 0
	Aicube Usage Rate(%)           : 0
	Get pid name failed.
	Process id:1810566 Process name:                  Process memory(MB):14710
Error: cannot run top on container fca65b17c7696be0978c024206dce045576ad0d5017576dab9c64493f5b57e1c as it did not create a cgroup: this container does not have a cgroup
timestamp_ns=1785750577236966240
	DDR Capacity(MB)               : 0
	DDR Usage Rate(%)              : 0
	DDR Hugepages Total(page)      : 0
	DDR Hugepages Usage Rate(%)    : 0
	HBM Capacity(MB)               : 65536
	HBM Usage Rate(%)              : 27
	Aicore Usage Rate(%)           : 0
	Aivector Usage Rate(%)         : 0
	Aicpu Usage Rate(%)            : 0
	Ctrlcpu Usage Rate(%)          : 4
	DDR Bandwidth Usage Rate(%)    : 0
	HBM Bandwidth Usage Rate(%)    : 0
	NPU Utilization(%)             : 0
	Aicube Usage Rate(%)           : 0
	Get pid name failed.
	Process id:1810566 Process name:                  Process memory(MB):14710
Error: cannot run top on container fca65b17c7696be0978c024206dce045576ad0d5017576dab9c64493f5b57e1c as it did not create a cgroup: this container does not have a cgroup
timestamp_ns=1785750579391915199
	DDR Capacity(MB)               : 0
	DDR Usage Rate(%)              : 0
	DDR Hugepages Total(page)      : 0
	DDR Hugepages Usage Rate(%)    : 0
	HBM Capacity(MB)               : 65536
	HBM Usage Rate(%)              : 27
	Aicore Usage Rate(%)           : 0
	Aivector Usage Rate(%)         : 0
	Aicpu Usage Rate(%)            : 0
	Ctrlcpu Usage Rate(%)          : 2
	DDR Bandwidth Usage Rate(%)    : 0
	HBM Bandwidth Usage Rate(%)    : 0
	NPU Utilization(%)             : 0
	Aicube Usage Rate(%)           : 0
	Get pid name failed.
	Process id:1810566 Process name:                  Process memory(MB):14710
Error: cannot run top on container fca65b17c7696be0978c024206dce045576ad0d5017576dab9c64493f5b57e1c as it did not create a cgroup: this container does not have a cgroup
timestamp_ns=1785750581534564963
	DDR Capacity(MB)               : 0
	DDR Usage Rate(%)              : 0
	DDR Hugepages Total(page)      : 0
	DDR Hugepages Usage Rate(%)    : 0
	HBM Capacity(MB)               : 65536
	HBM Usage Rate(%)              : 27
	Aicore Usage Rate(%)           : 0
	Aivector Usage Rate(%)         : 0
	Aicpu Usage Rate(%)            : 0
	Ctrlcpu Usage Rate(%)          : 1
	DDR Bandwidth Usage Rate(%)    : 0
	HBM Bandwidth Usage Rate(%)    : 0
	NPU Utilization(%)             : 0
	Aicube Usage Rate(%)           : 0
	Get pid name failed.
	Process id:1810566 Process name:                  Process memory(MB):14710
Error: cannot run top on container fca65b17c7696be0978c024206dce045576ad0d5017576dab9c64493f5b57e1c as it did not create a cgroup: this container does not have a cgroup
timestamp_ns=1785750583684854978
	DDR Capacity(MB)               : 0
	DDR Usage Rate(%)              : 0
	DDR Hugepages Total(page)      : 0
	DDR Hugepages Usage Rate(%)    : 0
	HBM Capacity(MB)               : 65536
	HBM Usage Rate(%)              : 27
	Aicore Usage Rate(%)           : 0
	Aivector Usage Rate(%)         : 0
	Aicpu Usage Rate(%)            : 0
	Ctrlcpu Usage Rate(%)          : 2
	DDR Bandwidth Usage Rate(%)    : 0
	HBM Bandwidth Usage Rate(%)    : 0
	NPU Utilization(%)             : 0
	Aicube Usage Rate(%)           : 0
	Get pid name failed.
	Process id:1810566 Process name:                  Process memory(MB):14710
Error: cannot run top on container fca65b17c7696be0978c024206dce045576ad0d5017576dab9c64493f5b57e1c as it did not create a cgroup: this container does not have a cgroup
timestamp_ns=1785750585875190917
	DDR Capacity(MB)               : 0
	DDR Usage Rate(%)              : 0
	DDR Hugepages Total(page)      : 0
	DDR Hugepages Usage Rate(%)    : 0
	HBM Capacity(MB)               : 65536
	HBM Usage Rate(%)              : 27
	Aicore Usage Rate(%)           : 0
	Aivector Usage Rate(%)         : 0
	Aicpu Usage Rate(%)            : 0
	Ctrlcpu Usage Rate(%)          : 3
	DDR Bandwidth Usage Rate(%)    : 0
	HBM Bandwidth Usage Rate(%)    : 0
	NPU Utilization(%)             : 0
	Aicube Usage Rate(%)           : 0
	Get pid name failed.
	Process id:1810566 Process name:                  Process memory(MB):14710
Error: cannot run top on container fca65b17c7696be0978c024206dce045576ad0d5017576dab9c64493f5b57e1c as it did not create a cgroup: this container does not have a cgroup
timestamp_ns=1785750588049722029
	DDR Capacity(MB)               : 0
	DDR Usage Rate(%)              : 0
	DDR Hugepages Total(page)      : 0
	DDR Hugepages Usage Rate(%)    : 0
	HBM Capacity(MB)               : 65536
	HBM Usage Rate(%)              : 27
	Aicore Usage Rate(%)           : 0
	Aivector Usage Rate(%)         : 0
	Aicpu Usage Rate(%)            : 0
	Ctrlcpu Usage Rate(%)          : 2
	DDR Bandwidth Usage Rate(%)    : 0
	HBM Bandwidth Usage Rate(%)    : 0
	NPU Utilization(%)             : 0
	Aicube Usage Rate(%)           : 0
	Get pid name failed.
	Process id:1810566 Process name:                  Process memory(MB):14710
Error: cannot run top on container fca65b17c7696be0978c024206dce045576ad0d5017576dab9c64493f5b57e1c as it did not create a cgroup: this container does not have a cgroup
timestamp_ns=1785750590212954924
	DDR Capacity(MB)               : 0
	DDR Usage Rate(%)              : 0
	DDR Hugepages Total(page)      : 0
	DDR Hugepages Usage Rate(%)    : 0
	HBM Capacity(MB)               : 65536
	HBM Usage Rate(%)              : 27
	Aicore Usage Rate(%)           : 0
	Aivector Usage Rate(%)         : 0
	Aicpu Usage Rate(%)            : 0
	Ctrlcpu Usage Rate(%)          : 1
	DDR Bandwidth Usage Rate(%)    : 0
	HBM Bandwidth Usage Rate(%)    : 0
	NPU Utilization(%)             : 0
	Aicube Usage Rate(%)           : 0
	Get pid name failed.
	Process id:1810566 Process name:                  Process memory(MB):14714
Error: cannot run top on container fca65b17c7696be0978c024206dce045576ad0d5017576dab9c64493f5b57e1c as it did not create a cgroup: this container does not have a cgroup
timestamp_ns=1785750592369153539
	DDR Capacity(MB)               : 0
	DDR Usage Rate(%)              : 0
	DDR Hugepages Total(page)      : 0
	DDR Hugepages Usage Rate(%)    : 0
	HBM Capacity(MB)               : 65536
	HBM Usage Rate(%)              : 27
	Aicore Usage Rate(%)           : 0
	Aivector Usage Rate(%)         : 0
	Aicpu Usage Rate(%)            : 0
	Ctrlcpu Usage Rate(%)          : 6
	DDR Bandwidth Usage Rate(%)    : 0
	HBM Bandwidth Usage Rate(%)    : 0
	NPU Utilization(%)             : 0
	Aicube Usage Rate(%)           : 0
	Get pid name failed.
	Process id:1810566 Process name:                  Process memory(MB):14714
Error: cannot run top on container fca65b17c7696be0978c024206dce045576ad0d5017576dab9c64493f5b57e1c as it did not create a cgroup: this container does not have a cgroup
timestamp_ns=1785750594516625973
	DDR Capacity(MB)               : 0
	DDR Usage Rate(%)              : 0
	DDR Hugepages Total(page)      : 0
	DDR Hugepages Usage Rate(%)    : 0
	HBM Capacity(MB)               : 65536
	HBM Usage Rate(%)              : 27
	Aicore Usage Rate(%)           : 0
	Aivector Usage Rate(%)         : 0
	Aicpu Usage Rate(%)            : 0
	Ctrlcpu Usage Rate(%)          : 4
	DDR Bandwidth Usage Rate(%)    : 0
	HBM Bandwidth Usage Rate(%)    : 0
	NPU Utilization(%)             : 0
	Aicube Usage Rate(%)           : 0
	Get pid name failed.
	Process id:1810566 Process name:                  Process memory(MB):14714
Error: cannot run top on container fca65b17c7696be0978c024206dce045576ad0d5017576dab9c64493f5b57e1c as it did not create a cgroup: this container does not have a cgroup
timestamp_ns=1785750596780683879
	DDR Capacity(MB)               : 0
	DDR Usage Rate(%)              : 0
	DDR Hugepages Total(page)      : 0
	DDR Hugepages Usage Rate(%)    : 0
	HBM Capacity(MB)               : 65536
	HBM Usage Rate(%)              : 27
	Aicore Usage Rate(%)           : 0
	Aivector Usage Rate(%)         : 0
	Aicpu Usage Rate(%)            : 0
	Ctrlcpu Usage Rate(%)          : 2
	DDR Bandwidth Usage Rate(%)    : 0
	HBM Bandwidth Usage Rate(%)    : 0
	NPU Utilization(%)             : 0
	Aicube Usage Rate(%)           : 0
	Get pid name failed.
	Process id:1810566 Process name:                  Process memory(MB):14714
Error: cannot run top on container fca65b17c7696be0978c024206dce045576ad0d5017576dab9c64493f5b57e1c as it did not create a cgroup: this container does not have a cgroup
timestamp_ns=1785750599033731013
	DDR Capacity(MB)               : 0
	DDR Usage Rate(%)              : 0
	DDR Hugepages Total(page)      : 0
	DDR Hugepages Usage Rate(%)    : 0
	HBM Capacity(MB)               : 65536
	HBM Usage Rate(%)              : 27
	Aicore Usage Rate(%)           : 0
	Aivector Usage Rate(%)         : 0
	Aicpu Usage Rate(%)            : 0
	Ctrlcpu Usage Rate(%)          : 0
	DDR Bandwidth Usage Rate(%)    : 0
	HBM Bandwidth Usage Rate(%)    : 0
	NPU Utilization(%)             : 0
	Aicube Usage Rate(%)           : 0
	Get pid name failed.
	Process id:1810566 Process name:                  Process memory(MB):14714
Error: cannot run top on container fca65b17c7696be0978c024206dce045576ad0d5017576dab9c64493f5b57e1c as it did not create a cgroup: this container does not have a cgroup
timestamp_ns=1785750601262005422
	DDR Capacity(MB)               : 0
	DDR Usage Rate(%)              : 0
	DDR Hugepages Total(page)      : 0
	DDR Hugepages Usage Rate(%)    : 0
	HBM Capacity(MB)               : 65536
	HBM Usage Rate(%)              : 27
	Aicore Usage Rate(%)           : 0
	Aivector Usage Rate(%)         : 0
	Aicpu Usage Rate(%)            : 0
	Ctrlcpu Usage Rate(%)          : 4
	DDR Bandwidth Usage Rate(%)    : 0
	HBM Bandwidth Usage Rate(%)    : 0
	NPU Utilization(%)             : 0
	Aicube Usage Rate(%)           : 0
	Get pid name failed.
	Process id:1810566 Process name:                  Process memory(MB):14714
Error: cannot run top on container fca65b17c7696be0978c024206dce045576ad0d5017576dab9c64493f5b57e1c as it did not create a cgroup: this container does not have a cgroup
timestamp_ns=1785750603392332727
	DDR Capacity(MB)               : 0
	DDR Usage Rate(%)              : 0
	DDR Hugepages Total(page)      : 0
	DDR Hugepages Usage Rate(%)    : 0
	HBM Capacity(MB)               : 65536
	HBM Usage Rate(%)              : 27
	Aicore Usage Rate(%)           : 0
	Aivector Usage Rate(%)         : 0
	Aicpu Usage Rate(%)            : 0
	Ctrlcpu Usage Rate(%)          : 2
	DDR Bandwidth Usage Rate(%)    : 0
	HBM Bandwidth Usage Rate(%)    : 0
	NPU Utilization(%)             : 0
	Aicube Usage Rate(%)           : 0
	Get pid name failed.
	Process id:1810566 Process name:                  Process memory(MB):14714
Error: cannot run top on container fca65b17c7696be0978c024206dce045576ad0d5017576dab9c64493f5b57e1c as it did not create a cgroup: this container does not have a cgroup
timestamp_ns=1785750605571861069
	DDR Capacity(MB)               : 0
	DDR Usage Rate(%)              : 0
	DDR Hugepages Total(page)      : 0
	DDR Hugepages Usage Rate(%)    : 0
	HBM Capacity(MB)               : 65536
	HBM Usage Rate(%)              : 27
	Aicore Usage Rate(%)           : 0
	Aivector Usage Rate(%)         : 0
	Aicpu Usage Rate(%)            : 0
	Ctrlcpu Usage Rate(%)          : 1
	DDR Bandwidth Usage Rate(%)    : 0
	HBM Bandwidth Usage Rate(%)    : 0
	NPU Utilization(%)             : 0
	Aicube Usage Rate(%)           : 0
	Get pid name failed.
	Process id:1810566 Process name:                  Process memory(MB):14714
Error: cannot run top on container fca65b17c7696be0978c024206dce045576ad0d5017576dab9c64493f5b57e1c as it did not create a cgroup: this container does not have a cgroup
timestamp_ns=1785750607756924434
	DDR Capacity(MB)               : 0
	DDR Usage Rate(%)              : 0
	DDR Hugepages Total(page)      : 0
	DDR Hugepages Usage Rate(%)    : 0
	HBM Capacity(MB)               : 65536
	HBM Usage Rate(%)              : 28
	Aicore Usage Rate(%)           : 0
	Aivector Usage Rate(%)         : 0
	Aicpu Usage Rate(%)            : 0
	Ctrlcpu Usage Rate(%)          : 1
	DDR Bandwidth Usage Rate(%)    : 0
	HBM Bandwidth Usage Rate(%)    : 0
	NPU Utilization(%)             : 0
	Aicube Usage Rate(%)           : 0
	Get pid name failed.
	Process id:1810566 Process name:                  Process memory(MB):15046
Error: cannot run top on container fca65b17c7696be0978c024206dce045576ad0d5017576dab9c64493f5b57e1c as it did not create a cgroup: this container does not have a cgroup
timestamp_ns=1785750609923083767
	DDR Capacity(MB)               : 0
	DDR Usage Rate(%)              : 0
	DDR Hugepages Total(page)      : 0
	DDR Hugepages Usage Rate(%)    : 0
	HBM Capacity(MB)               : 65536
	HBM Usage Rate(%)              : 28
	Aicore Usage Rate(%)           : 0
	Aivector Usage Rate(%)         : 0
	Aicpu Usage Rate(%)            : 0
	Ctrlcpu Usage Rate(%)          : 6
	DDR Bandwidth Usage Rate(%)    : 0
	HBM Bandwidth Usage Rate(%)    : 0
	NPU Utilization(%)             : 0
	Aicube Usage Rate(%)           : 0
	Get pid name failed.
	Process id:1810566 Process name:                  Process memory(MB):15118
Error: cannot run top on container fca65b17c7696be0978c024206dce045576ad0d5017576dab9c64493f5b57e1c as it did not create a cgroup: this container does not have a cgroup
timestamp_ns=1785750612305820512
	DDR Capacity(MB)               : 0
	DDR Usage Rate(%)              : 0
	DDR Hugepages Total(page)      : 0
	DDR Hugepages Usage Rate(%)    : 0
	HBM Capacity(MB)               : 65536
	HBM Usage Rate(%)              : 28
	Aicore Usage Rate(%)           : 0
	Aivector Usage Rate(%)         : 0
	Aicpu Usage Rate(%)            : 0
	Ctrlcpu Usage Rate(%)          : 4
	DDR Bandwidth Usage Rate(%)    : 0
	HBM Bandwidth Usage Rate(%)    : 7
	NPU Utilization(%)             : 0
	Aicube Usage Rate(%)           : 0
	Get pid name failed.
	Process id:1810566 Process name:                  Process memory(MB):15630
Error: cannot run top on container fca65b17c7696be0978c024206dce045576ad0d5017576dab9c64493f5b57e1c as it did not create a cgroup: this container does not have a cgroup
timestamp_ns=1785750614468336739
	DDR Capacity(MB)               : 0
	DDR Usage Rate(%)              : 0
	DDR Hugepages Total(page)      : 0
	DDR Hugepages Usage Rate(%)    : 0
	HBM Capacity(MB)               : 65536
	HBM Usage Rate(%)              : 28
	Aicore Usage Rate(%)           : 0
	Aivector Usage Rate(%)         : 0
	Aicpu Usage Rate(%)            : 0
	Ctrlcpu Usage Rate(%)          : 2
	DDR Bandwidth Usage Rate(%)    : 0
	HBM Bandwidth Usage Rate(%)    : 0
	NPU Utilization(%)             : 0
	Aicube Usage Rate(%)           : 0
	Get pid name failed.
	Process id:1810566 Process name:                  Process memory(MB):15630
Error: cannot run top on container fca65b17c7696be0978c024206dce045576ad0d5017576dab9c64493f5b57e1c as it did not create a cgroup: this container does not have a cgroup
timestamp_ns=1785750616627780555
	DDR Capacity(MB)               : 0
	DDR Usage Rate(%)              : 0
	DDR Hugepages Total(page)      : 0
	DDR Hugepages Usage Rate(%)    : 0
	HBM Capacity(MB)               : 65536
	HBM Usage Rate(%)              : 28
	Aicore Usage Rate(%)           : 0
	Aivector Usage Rate(%)         : 0
	Aicpu Usage Rate(%)            : 0
	Ctrlcpu Usage Rate(%)          : 3
	DDR Bandwidth Usage Rate(%)    : 0
	HBM Bandwidth Usage Rate(%)    : 0
	NPU Utilization(%)             : 0
	Aicube Usage Rate(%)           : 0
	Get pid name failed.
	Process id:1810566 Process name:                  Process memory(MB):15630
Error: cannot run top on container fca65b17c7696be0978c024206dce045576ad0d5017576dab9c64493f5b57e1c as it did not create a cgroup: this container does not have a cgroup
timestamp_ns=1785750618827860856
	DDR Capacity(MB)               : 0
	DDR Usage Rate(%)              : 0
	DDR Hugepages Total(page)      : 0
	DDR Hugepages Usage Rate(%)    : 0
	HBM Capacity(MB)               : 65536
	HBM Usage Rate(%)              : 28
	Aicore Usage Rate(%)           : 0
	Aivector Usage Rate(%)         : 0
	Aicpu Usage Rate(%)            : 0
	Ctrlcpu Usage Rate(%)          : 7
	DDR Bandwidth Usage Rate(%)    : 0
	HBM Bandwidth Usage Rate(%)    : 0
	NPU Utilization(%)             : 0
	Aicube Usage Rate(%)           : 0
	Get pid name failed.
	Process id:1810566 Process name:                  Process memory(MB):15630
Error: cannot run top on container fca65b17c7696be0978c024206dce045576ad0d5017576dab9c64493f5b57e1c as it did not create a cgroup: this container does not have a cgroup
timestamp_ns=1785750621035001395
	DDR Capacity(MB)               : 0
	DDR Usage Rate(%)              : 0
	DDR Hugepages Total(page)      : 0
	DDR Hugepages Usage Rate(%)    : 0
	HBM Capacity(MB)               : 65536
	HBM Usage Rate(%)              : 28
	Aicore Usage Rate(%)           : 0
	Aivector Usage Rate(%)         : 0
	Aicpu Usage Rate(%)            : 0
	Ctrlcpu Usage Rate(%)          : 1
	DDR Bandwidth Usage Rate(%)    : 0
	HBM Bandwidth Usage Rate(%)    : 0
	NPU Utilization(%)             : 0
	Aicube Usage Rate(%)           : 0
	Get pid name failed.
	Process id:1810566 Process name:                  Process memory(MB):15630
Error: cannot run top on container fca65b17c7696be0978c024206dce045576ad0d5017576dab9c64493f5b57e1c as it did not create a cgroup: this container does not have a cgroup
timestamp_ns=1785750623246608358
	DDR Capacity(MB)               : 0
	DDR Usage Rate(%)              : 0
	DDR Hugepages Total(page)      : 0
	DDR Hugepages Usage Rate(%)    : 0
	HBM Capacity(MB)               : 65536
	HBM Usage Rate(%)              : 28
	Aicore Usage Rate(%)           : 0
	Aivector Usage Rate(%)         : 0
	Aicpu Usage Rate(%)            : 0
	Ctrlcpu Usage Rate(%)          : 2
	DDR Bandwidth Usage Rate(%)    : 0
	HBM Bandwidth Usage Rate(%)    : 0
	NPU Utilization(%)             : 0
	Aicube Usage Rate(%)           : 0
	Get pid name failed.
	Process id:1810566 Process name:                  Process memory(MB):15630
Error: cannot run top on container fca65b17c7696be0978c024206dce045576ad0d5017576dab9c64493f5b57e1c as it did not create a cgroup: this container does not have a cgroup
timestamp_ns=1785750625442572788
	DDR Capacity(MB)               : 0
	DDR Usage Rate(%)              : 0
	DDR Hugepages Total(page)      : 0
	DDR Hugepages Usage Rate(%)    : 0
	HBM Capacity(MB)               : 65536
	HBM Usage Rate(%)              : 28
	Aicore Usage Rate(%)           : 0
	Aivector Usage Rate(%)         : 0
	Aicpu Usage Rate(%)            : 0
	Ctrlcpu Usage Rate(%)          : 3
	DDR Bandwidth Usage Rate(%)    : 0
	HBM Bandwidth Usage Rate(%)    : 0
	NPU Utilization(%)             : 0
	Aicube Usage Rate(%)           : 0
	Get pid name failed.
	Process id:1810566 Process name:                  Process memory(MB):15630
Error: cannot run top on container fca65b17c7696be0978c024206dce045576ad0d5017576dab9c64493f5b57e1c as it did not create a cgroup: this container does not have a cgroup
timestamp_ns=1785750627596424596
	DDR Capacity(MB)               : 0
	DDR Usage Rate(%)              : 0
	DDR Hugepages Total(page)      : 0
	DDR Hugepages Usage Rate(%)    : 0
	HBM Capacity(MB)               : 65536
	HBM Usage Rate(%)              : 28
	Aicore Usage Rate(%)           : 0
	Aivector Usage Rate(%)         : 0
	Aicpu Usage Rate(%)            : 0
	Ctrlcpu Usage Rate(%)          : 1
	DDR Bandwidth Usage Rate(%)    : 0
	HBM Bandwidth Usage Rate(%)    : 0
	NPU Utilization(%)             : 0
	Aicube Usage Rate(%)           : 0
	Get pid name failed.
	Process id:1810566 Process name:                  Process memory(MB):15630
Error: cannot run top on container fca65b17c7696be0978c024206dce045576ad0d5017576dab9c64493f5b57e1c as it did not create a cgroup: this container does not have a cgroup
timestamp_ns=1785750629775356423
	DDR Capacity(MB)               : 0
	DDR Usage Rate(%)              : 0
	DDR Hugepages Total(page)      : 0
	DDR Hugepages Usage Rate(%)    : 0
	HBM Capacity(MB)               : 65536
	HBM Usage Rate(%)              : 28
	Aicore Usage Rate(%)           : 0
	Aivector Usage Rate(%)         : 0
	Aicpu Usage Rate(%)            : 0
	Ctrlcpu Usage Rate(%)          : 1
	DDR Bandwidth Usage Rate(%)    : 0
	HBM Bandwidth Usage Rate(%)    : 0
	NPU Utilization(%)             : 0
	Aicube Usage Rate(%)           : 0
	Get pid name failed.
	Process id:1810566 Process name:                  Process memory(MB):15630
Error: cannot run top on container fca65b17c7696be0978c024206dce045576ad0d5017576dab9c64493f5b57e1c as it did not create a cgroup: this container does not have a cgroup
timestamp_ns=1785750631941294815
	DDR Capacity(MB)               : 0
	DDR Usage Rate(%)              : 0
	DDR Hugepages Total(page)      : 0
	DDR Hugepages Usage Rate(%)    : 0
	HBM Capacity(MB)               : 65536
	HBM Usage Rate(%)              : 28
	Aicore Usage Rate(%)           : 0
	Aivector Usage Rate(%)         : 0
	Aicpu Usage Rate(%)            : 0
	Ctrlcpu Usage Rate(%)          : 5
	DDR Bandwidth Usage Rate(%)    : 0
	HBM Bandwidth Usage Rate(%)    : 0
	NPU Utilization(%)             : 0
	Aicube Usage Rate(%)           : 0
	Get pid name failed.
	Process id:1810566 Process name:                  Process memory(MB):15630
Error: cannot run top on container fca65b17c7696be0978c024206dce045576ad0d5017576dab9c64493f5b57e1c as it did not create a cgroup: this container does not have a cgroup
timestamp_ns=1785750634072837482
	DDR Capacity(MB)               : 0
	DDR Usage Rate(%)              : 0
	DDR Hugepages Total(page)      : 0
	DDR Hugepages Usage Rate(%)    : 0
	HBM Capacity(MB)               : 65536
	HBM Usage Rate(%)              : 28
	Aicore Usage Rate(%)           : 0
	Aivector Usage Rate(%)         : 0
	Aicpu Usage Rate(%)            : 0
	Ctrlcpu Usage Rate(%)          : 3
	DDR Bandwidth Usage Rate(%)    : 0
	HBM Bandwidth Usage Rate(%)    : 0
	NPU Utilization(%)             : 0
	Aicube Usage Rate(%)           : 0
	Get pid name failed.
	Process id:1810566 Process name:                  Process memory(MB):15630
Error: cannot run top on container fca65b17c7696be0978c024206dce045576ad0d5017576dab9c64493f5b57e1c as it did not create a cgroup: this container does not have a cgroup
timestamp_ns=1785750636208342954
	DDR Capacity(MB)               : 0
	DDR Usage Rate(%)              : 0
	DDR Hugepages Total(page)      : 0
	DDR Hugepages Usage Rate(%)    : 0
	HBM Capacity(MB)               : 65536
	HBM Usage Rate(%)              : 28
	Aicore Usage Rate(%)           : 0
	Aivector Usage Rate(%)         : 0
	Aicpu Usage Rate(%)            : 0
	Ctrlcpu Usage Rate(%)          : 4
	DDR Bandwidth Usage Rate(%)    : 0
	HBM Bandwidth Usage Rate(%)    : 0
	NPU Utilization(%)             : 0
	Aicube Usage Rate(%)           : 0
	Get pid name failed.
	Process id:1810566 Process name:                  Process memory(MB):15630
Error: cannot run top on container fca65b17c7696be0978c024206dce045576ad0d5017576dab9c64493f5b57e1c as it did not create a cgroup: this container does not have a cgroup
timestamp_ns=1785750638339934361
	DDR Capacity(MB)               : 0
	DDR Usage Rate(%)              : 0
	DDR Hugepages Total(page)      : 0
	DDR Hugepages Usage Rate(%)    : 0
	HBM Capacity(MB)               : 65536
	HBM Usage Rate(%)              : 28
	Aicore Usage Rate(%)           : 0
	Aivector Usage Rate(%)         : 0
	Aicpu Usage Rate(%)            : 0
	Ctrlcpu Usage Rate(%)          : 9
	DDR Bandwidth Usage Rate(%)    : 0
	HBM Bandwidth Usage Rate(%)    : 0
	NPU Utilization(%)             : 0
	Aicube Usage Rate(%)           : 0
	Get pid name failed.
	Process id:1810566 Process name:                  Process memory(MB):15630
Error: cannot run top on container fca65b17c7696be0978c024206dce045576ad0d5017576dab9c64493f5b57e1c as it did not create a cgroup: this container does not have a cgroup
timestamp_ns=1785750640484746117
	DDR Capacity(MB)               : 0
	DDR Usage Rate(%)              : 0
	DDR Hugepages Total(page)      : 0
	DDR Hugepages Usage Rate(%)    : 0
	HBM Capacity(MB)               : 65536
	HBM Usage Rate(%)              : 28
	Aicore Usage Rate(%)           : 0
	Aivector Usage Rate(%)         : 0
	Aicpu Usage Rate(%)            : 0
	Ctrlcpu Usage Rate(%)          : 7
	DDR Bandwidth Usage Rate(%)    : 0
	HBM Bandwidth Usage Rate(%)    : 0
	NPU Utilization(%)             : 0
	Aicube Usage Rate(%)           : 0
	Get pid name failed.
	Process id:1810566 Process name:                  Process memory(MB):15630
Error: cannot run top on container fca65b17c7696be0978c024206dce045576ad0d5017576dab9c64493f5b57e1c as it did not create a cgroup: this container does not have a cgroup
timestamp_ns=1785750642624942786
	DDR Capacity(MB)               : 0
	DDR Usage Rate(%)              : 0
	DDR Hugepages Total(page)      : 0
	DDR Hugepages Usage Rate(%)    : 0
	HBM Capacity(MB)               : 65536
	HBM Usage Rate(%)              : 29
	Aicore Usage Rate(%)           : 79
	Aivector Usage Rate(%)         : 5
	Aicpu Usage Rate(%)            : 0
	Ctrlcpu Usage Rate(%)          : 5
	DDR Bandwidth Usage Rate(%)    : 0
	HBM Bandwidth Usage Rate(%)    : 51
	NPU Utilization(%)             : 86
	Aicube Usage Rate(%)           : 73
	Get pid name failed.
	Process id:1810566 Process name:                  Process memory(MB):15960
Error: cannot run top on container fca65b17c7696be0978c024206dce045576ad0d5017576dab9c64493f5b57e1c as it did not create a cgroup: this container does not have a cgroup
timestamp_ns=1785750644777651160
	DDR Capacity(MB)               : 0
	DDR Usage Rate(%)              : 0
	DDR Hugepages Total(page)      : 0
	DDR Hugepages Usage Rate(%)    : 0
	HBM Capacity(MB)               : 65536
	HBM Usage Rate(%)              : 29
	Aicore Usage Rate(%)           : 79
	Aivector Usage Rate(%)         : 5
	Aicpu Usage Rate(%)            : 0
	Ctrlcpu Usage Rate(%)          : 3
	DDR Bandwidth Usage Rate(%)    : 0
	HBM Bandwidth Usage Rate(%)    : 53
	NPU Utilization(%)             : 96
	Aicube Usage Rate(%)           : 72
	Get pid name failed.
	Process id:1810566 Process name:                  Process memory(MB):15960
Error: cannot run top on container fca65b17c7696be0978c024206dce045576ad0d5017576dab9c64493f5b57e1c as it did not create a cgroup: this container does not have a cgroup
timestamp_ns=1785750646942390922
	DDR Capacity(MB)               : 0
	DDR Usage Rate(%)              : 0
	DDR Hugepages Total(page)      : 0
	DDR Hugepages Usage Rate(%)    : 0
	HBM Capacity(MB)               : 65536
	HBM Usage Rate(%)              : 29
	Aicore Usage Rate(%)           : 77
	Aivector Usage Rate(%)         : 5
	Aicpu Usage Rate(%)            : 0
	Ctrlcpu Usage Rate(%)          : 5
	DDR Bandwidth Usage Rate(%)    : 0
	HBM Bandwidth Usage Rate(%)    : 36
	NPU Utilization(%)             : 93
	Aicube Usage Rate(%)           : 71
	Get pid name failed.
	Process id:1810566 Process name:                  Process memory(MB):15960
Error: cannot run top on container fca65b17c7696be0978c024206dce045576ad0d5017576dab9c64493f5b57e1c as it did not create a cgroup: this container does not have a cgroup
timestamp_ns=1785750649093409556
	DDR Capacity(MB)               : 0
	DDR Usage Rate(%)              : 0
	DDR Hugepages Total(page)      : 0
	DDR Hugepages Usage Rate(%)    : 0
	HBM Capacity(MB)               : 65536
	HBM Usage Rate(%)              : 29
	Aicore Usage Rate(%)           : 77
	Aivector Usage Rate(%)         : 5
	Aicpu Usage Rate(%)            : 0
	Ctrlcpu Usage Rate(%)          : 5
	DDR Bandwidth Usage Rate(%)    : 0
	HBM Bandwidth Usage Rate(%)    : 53
	NPU Utilization(%)             : 89
	Aicube Usage Rate(%)           : 71
	Get pid name failed.
	Process id:1810566 Process name:                  Process memory(MB):15960
Error: cannot run top on container fca65b17c7696be0978c024206dce045576ad0d5017576dab9c64493f5b57e1c as it did not create a cgroup: this container does not have a cgroup
timestamp_ns=1785750651236832941
	DDR Capacity(MB)               : 0
	DDR Usage Rate(%)              : 0
	DDR Hugepages Total(page)      : 0
	DDR Hugepages Usage Rate(%)    : 0
	HBM Capacity(MB)               : 65536
	HBM Usage Rate(%)              : 29
	Aicore Usage Rate(%)           : 77
	Aivector Usage Rate(%)         : 5
	Aicpu Usage Rate(%)            : 0
	Ctrlcpu Usage Rate(%)          : 2
	DDR Bandwidth Usage Rate(%)    : 0
	HBM Bandwidth Usage Rate(%)    : 40
	NPU Utilization(%)             : 89
	Aicube Usage Rate(%)           : 71
	Get pid name failed.
	Process id:1810566 Process name:                  Process memory(MB):15960
Error: cannot run top on container fca65b17c7696be0978c024206dce045576ad0d5017576dab9c64493f5b57e1c as it did not create a cgroup: this container does not have a cgroup
timestamp_ns=1785750653372965361
	DDR Capacity(MB)               : 0
	DDR Usage Rate(%)              : 0
	DDR Hugepages Total(page)      : 0
	DDR Hugepages Usage Rate(%)    : 0
	HBM Capacity(MB)               : 65536
	HBM Usage Rate(%)              : 29
	Aicore Usage Rate(%)           : 81
	Aivector Usage Rate(%)         : 5
	Aicpu Usage Rate(%)            : 0
	Ctrlcpu Usage Rate(%)          : 3
	DDR Bandwidth Usage Rate(%)    : 0
	HBM Bandwidth Usage Rate(%)    : 53
	NPU Utilization(%)             : 100
	Aicube Usage Rate(%)           : 74
	Get pid name failed.
	Process id:1810566 Process name:                  Process memory(MB):15960
Error: cannot run top on container fca65b17c7696be0978c024206dce045576ad0d5017576dab9c64493f5b57e1c as it did not create a cgroup: this container does not have a cgroup
timestamp_ns=1785750655557365119
	DDR Capacity(MB)               : 0
	DDR Usage Rate(%)              : 0
	DDR Hugepages Total(page)      : 0
	DDR Hugepages Usage Rate(%)    : 0
	HBM Capacity(MB)               : 65536
	HBM Usage Rate(%)              : 29
	Aicore Usage Rate(%)           : 78
	Aivector Usage Rate(%)         : 5
	Aicpu Usage Rate(%)            : 0
	Ctrlcpu Usage Rate(%)          : 3
	DDR Bandwidth Usage Rate(%)    : 0
	HBM Bandwidth Usage Rate(%)    : 53
	NPU Utilization(%)             : 93
	Aicube Usage Rate(%)           : 72
	Get pid name failed.
	Process id:1810566 Process name:                  Process memory(MB):15960
Error: cannot run top on container fca65b17c7696be0978c024206dce045576ad0d5017576dab9c64493f5b57e1c as it did not create a cgroup: this container does not have a cgroup
timestamp_ns=1785750657715893725
	DDR Capacity(MB)               : 0
	DDR Usage Rate(%)              : 0
	DDR Hugepages Total(page)      : 0
	DDR Hugepages Usage Rate(%)    : 0
	HBM Capacity(MB)               : 65536
	HBM Usage Rate(%)              : 29
	Aicore Usage Rate(%)           : 79
	Aivector Usage Rate(%)         : 5
	Aicpu Usage Rate(%)            : 0
	Ctrlcpu Usage Rate(%)          : 2
	DDR Bandwidth Usage Rate(%)    : 0
	HBM Bandwidth Usage Rate(%)    : 53
	NPU Utilization(%)             : 100
	Aicube Usage Rate(%)           : 71
	Get pid name failed.
	Process id:1810566 Process name:                  Process memory(MB):15960
Error: cannot run top on container fca65b17c7696be0978c024206dce045576ad0d5017576dab9c64493f5b57e1c as it did not create a cgroup: this container does not have a cgroup
timestamp_ns=1785750659851180285
	DDR Capacity(MB)               : 0
	DDR Usage Rate(%)              : 0
	DDR Hugepages Total(page)      : 0
	DDR Hugepages Usage Rate(%)    : 0
	HBM Capacity(MB)               : 65536
	HBM Usage Rate(%)              : 29
	Aicore Usage Rate(%)           : 77
	Aivector Usage Rate(%)         : 5
	Aicpu Usage Rate(%)            : 0
	Ctrlcpu Usage Rate(%)          : 3
	DDR Bandwidth Usage Rate(%)    : 0
	HBM Bandwidth Usage Rate(%)    : 53
	NPU Utilization(%)             : 86
	Aicube Usage Rate(%)           : 71
	Get pid name failed.
	Process id:1810566 Process name:                  Process memory(MB):15960
Error: cannot run top on container fca65b17c7696be0978c024206dce045576ad0d5017576dab9c64493f5b57e1c as it did not create a cgroup: this container does not have a cgroup
timestamp_ns=1785750661988981904
	DDR Capacity(MB)               : 0
	DDR Usage Rate(%)              : 0
	DDR Hugepages Total(page)      : 0
	DDR Hugepages Usage Rate(%)    : 0
	HBM Capacity(MB)               : 65536
	HBM Usage Rate(%)              : 29
	Aicore Usage Rate(%)           : 80
	Aivector Usage Rate(%)         : 5
	Aicpu Usage Rate(%)            : 0
	Ctrlcpu Usage Rate(%)          : 10
	DDR Bandwidth Usage Rate(%)    : 0
	HBM Bandwidth Usage Rate(%)    : 52
	NPU Utilization(%)             : 86
	Aicube Usage Rate(%)           : 73
	Get pid name failed.
	Process id:1810566 Process name:                  Process memory(MB):15960
Error: cannot run top on container fca65b17c7696be0978c024206dce045576ad0d5017576dab9c64493f5b57e1c as it did not create a cgroup: this container does not have a cgroup
timestamp_ns=1785750664139414121
	DDR Capacity(MB)               : 0
	DDR Usage Rate(%)              : 0
	DDR Hugepages Total(page)      : 0
	DDR Hugepages Usage Rate(%)    : 0
	HBM Capacity(MB)               : 65536
	HBM Usage Rate(%)              : 29
	Aicore Usage Rate(%)           : 77
	Aivector Usage Rate(%)         : 5
	Aicpu Usage Rate(%)            : 0
	Ctrlcpu Usage Rate(%)          : 2
	DDR Bandwidth Usage Rate(%)    : 0
	HBM Bandwidth Usage Rate(%)    : 53
	NPU Utilization(%)             : 93
	Aicube Usage Rate(%)           : 71
	Get pid name failed.
	Process id:1810566 Process name:                  Process memory(MB):15980
Error: cannot run top on container fca65b17c7696be0978c024206dce045576ad0d5017576dab9c64493f5b57e1c as it did not create a cgroup: this container does not have a cgroup
timestamp_ns=1785750666277472784
	DDR Capacity(MB)               : 0
	DDR Usage Rate(%)              : 0
	DDR Hugepages Total(page)      : 0
	DDR Hugepages Usage Rate(%)    : 0
	HBM Capacity(MB)               : 65536
	HBM Usage Rate(%)              : 29
	Aicore Usage Rate(%)           : 77
	Aivector Usage Rate(%)         : 5
	Aicpu Usage Rate(%)            : 0
	Ctrlcpu Usage Rate(%)          : 2
	DDR Bandwidth Usage Rate(%)    : 0
	HBM Bandwidth Usage Rate(%)    : 52
	NPU Utilization(%)             : 86
	Aicube Usage Rate(%)           : 71
	Get pid name failed.
	Process id:1810566 Process name:                  Process memory(MB):15980
Error: cannot run top on container fca65b17c7696be0978c024206dce045576ad0d5017576dab9c64493f5b57e1c as it did not create a cgroup: this container does not have a cgroup
timestamp_ns=1785750668416851676
	DDR Capacity(MB)               : 0
	DDR Usage Rate(%)              : 0
	DDR Hugepages Total(page)      : 0
	DDR Hugepages Usage Rate(%)    : 0
	HBM Capacity(MB)               : 65536
	HBM Usage Rate(%)              : 29
	Aicore Usage Rate(%)           : 77
	Aivector Usage Rate(%)         : 5
	Aicpu Usage Rate(%)            : 0
	Ctrlcpu Usage Rate(%)          : 2
	DDR Bandwidth Usage Rate(%)    : 0
	HBM Bandwidth Usage Rate(%)    : 53
	NPU Utilization(%)             : 86
	Aicube Usage Rate(%)           : 71
	Get pid name failed.
	Process id:1810566 Process name:                  Process memory(MB):16000
Error: cannot run top on container fca65b17c7696be0978c024206dce045576ad0d5017576dab9c64493f5b57e1c as it did not create a cgroup: this container does not have a cgroup
timestamp_ns=1785750670584960079
	DDR Capacity(MB)               : 0
	DDR Usage Rate(%)              : 0
	DDR Hugepages Total(page)      : 0
	DDR Hugepages Usage Rate(%)    : 0
	HBM Capacity(MB)               : 65536
	HBM Usage Rate(%)              : 29
	Aicore Usage Rate(%)           : 79
	Aivector Usage Rate(%)         : 4
	Aicpu Usage Rate(%)            : 0
	Ctrlcpu Usage Rate(%)          : 3
	DDR Bandwidth Usage Rate(%)    : 0
	HBM Bandwidth Usage Rate(%)    : 53
	NPU Utilization(%)             : 100
	Aicube Usage Rate(%)           : 72
	Get pid name failed.
	Process id:1810566 Process name:                  Process memory(MB):16000
Error: cannot run top on container fca65b17c7696be0978c024206dce045576ad0d5017576dab9c64493f5b57e1c as it did not create a cgroup: this container does not have a cgroup
timestamp_ns=1785750672736264531
	DDR Capacity(MB)               : 0
	DDR Usage Rate(%)              : 0
	DDR Hugepages Total(page)      : 0
	DDR Hugepages Usage Rate(%)    : 0
	HBM Capacity(MB)               : 65536
	HBM Usage Rate(%)              : 29
	Aicore Usage Rate(%)           : 80
	Aivector Usage Rate(%)         : 5
	Aicpu Usage Rate(%)            : 0
	Ctrlcpu Usage Rate(%)          : 4
	DDR Bandwidth Usage Rate(%)    : 0
	HBM Bandwidth Usage Rate(%)    : 53
	NPU Utilization(%)             : 96
	Aicube Usage Rate(%)           : 73
	Get pid name failed.
	Process id:1810566 Process name:                  Process memory(MB):16000
Error: cannot run top on container fca65b17c7696be0978c024206dce045576ad0d5017576dab9c64493f5b57e1c as it did not create a cgroup: this container does not have a cgroup
timestamp_ns=1785750674900347583
	DDR Capacity(MB)               : 0
	DDR Usage Rate(%)              : 0
	DDR Hugepages Total(page)      : 0
	DDR Hugepages Usage Rate(%)    : 0
	HBM Capacity(MB)               : 65536
	HBM Usage Rate(%)              : 29
	Aicore Usage Rate(%)           : 77
	Aivector Usage Rate(%)         : 4
	Aicpu Usage Rate(%)            : 0
	Ctrlcpu Usage Rate(%)          : 1
	DDR Bandwidth Usage Rate(%)    : 0
	HBM Bandwidth Usage Rate(%)    : 54
	NPU Utilization(%)             : 89
	Aicube Usage Rate(%)           : 71
	Get pid name failed.
	Process id:1810566 Process name:                  Process memory(MB):16000
Error: cannot run top on container fca65b17c7696be0978c024206dce045576ad0d5017576dab9c64493f5b57e1c as it did not create a cgroup: this container does not have a cgroup
timestamp_ns=1785750677050040727
	DDR Capacity(MB)               : 0
	DDR Usage Rate(%)              : 0
	DDR Hugepages Total(page)      : 0
	DDR Hugepages Usage Rate(%)    : 0
	HBM Capacity(MB)               : 65536
	HBM Usage Rate(%)              : 29
	Aicore Usage Rate(%)           : 81
	Aivector Usage Rate(%)         : 5
	Aicpu Usage Rate(%)            : 0
	Ctrlcpu Usage Rate(%)          : 2
	DDR Bandwidth Usage Rate(%)    : 0
	HBM Bandwidth Usage Rate(%)    : 53
	NPU Utilization(%)             : 89
	Aicube Usage Rate(%)           : 74
	Get pid name failed.
	Process id:1810566 Process name:                  Process memory(MB):16000
Error: cannot run top on container fca65b17c7696be0978c024206dce045576ad0d5017576dab9c64493f5b57e1c as it did not create a cgroup: this container does not have a cgroup
timestamp_ns=1785750679195711334
	DDR Capacity(MB)               : 0
	DDR Usage Rate(%)              : 0
	DDR Hugepages Total(page)      : 0
	DDR Hugepages Usage Rate(%)    : 0
	HBM Capacity(MB)               : 65536
	HBM Usage Rate(%)              : 29
	Aicore Usage Rate(%)           : 78
	Aivector Usage Rate(%)         : 5
	Aicpu Usage Rate(%)            : 0
	Ctrlcpu Usage Rate(%)          : 3
	DDR Bandwidth Usage Rate(%)    : 0
	HBM Bandwidth Usage Rate(%)    : 54
	NPU Utilization(%)             : 89
	Aicube Usage Rate(%)           : 71
	Get pid name failed.
	Process id:1810566 Process name:                  Process memory(MB):16000
Error: cannot run top on container fca65b17c7696be0978c024206dce045576ad0d5017576dab9c64493f5b57e1c as it did not create a cgroup: this container does not have a cgroup
timestamp_ns=1785750681332919657
	DDR Capacity(MB)               : 0
	DDR Usage Rate(%)              : 0
	DDR Hugepages Total(page)      : 0
	DDR Hugepages Usage Rate(%)    : 0
	HBM Capacity(MB)               : 65536
	HBM Usage Rate(%)              : 29
	Aicore Usage Rate(%)           : 77
	Aivector Usage Rate(%)         : 5
	Aicpu Usage Rate(%)            : 0
	Ctrlcpu Usage Rate(%)          : 5
	DDR Bandwidth Usage Rate(%)    : 0
	HBM Bandwidth Usage Rate(%)    : 53
	NPU Utilization(%)             : 100
	Aicube Usage Rate(%)           : 71
	Get pid name failed.
	Process id:1810566 Process name:                  Process memory(MB):16000
Error: cannot run top on container fca65b17c7696be0978c024206dce045576ad0d5017576dab9c64493f5b57e1c as it did not create a cgroup: this container does not have a cgroup
timestamp_ns=1785750683510427506
	DDR Capacity(MB)               : 0
	DDR Usage Rate(%)              : 0
	DDR Hugepages Total(page)      : 0
	DDR Hugepages Usage Rate(%)    : 0
	HBM Capacity(MB)               : 65536
	HBM Usage Rate(%)              : 29
	Aicore Usage Rate(%)           : 79
	Aivector Usage Rate(%)         : 5
	Aicpu Usage Rate(%)            : 0
	Ctrlcpu Usage Rate(%)          : 3
	DDR Bandwidth Usage Rate(%)    : 0
	HBM Bandwidth Usage Rate(%)    : 36
	NPU Utilization(%)             : 100
	Aicube Usage Rate(%)           : 72
	Get pid name failed.
	Process id:1810566 Process name:                  Process memory(MB):16006
Error: cannot run top on container fca65b17c7696be0978c024206dce045576ad0d5017576dab9c64493f5b57e1c as it did not create a cgroup: this container does not have a cgroup
timestamp_ns=1785750685675688184
	DDR Capacity(MB)               : 0
	DDR Usage Rate(%)              : 0
	DDR Hugepages Total(page)      : 0
	DDR Hugepages Usage Rate(%)    : 0
	HBM Capacity(MB)               : 65536
	HBM Usage Rate(%)              : 29
	Aicore Usage Rate(%)           : 80
	Aivector Usage Rate(%)         : 5
	Aicpu Usage Rate(%)            : 0
	Ctrlcpu Usage Rate(%)          : 6
	DDR Bandwidth Usage Rate(%)    : 0
	HBM Bandwidth Usage Rate(%)    : 29
	NPU Utilization(%)             : 93
	Aicube Usage Rate(%)           : 73
	Get pid name failed.
	Process id:1810566 Process name:                  Process memory(MB):16006
Error: cannot run top on container fca65b17c7696be0978c024206dce045576ad0d5017576dab9c64493f5b57e1c as it did not create a cgroup: this container does not have a cgroup
timestamp_ns=1785750687823962607
	DDR Capacity(MB)               : 0
	DDR Usage Rate(%)              : 0
	DDR Hugepages Total(page)      : 0
	DDR Hugepages Usage Rate(%)    : 0
	HBM Capacity(MB)               : 65536
	HBM Usage Rate(%)              : 29
	Aicore Usage Rate(%)           : 82
	Aivector Usage Rate(%)         : 5
	Aicpu Usage Rate(%)            : 0
	Ctrlcpu Usage Rate(%)          : 4
	DDR Bandwidth Usage Rate(%)    : 0
	HBM Bandwidth Usage Rate(%)    : 53
	NPU Utilization(%)             : 96
	Aicube Usage Rate(%)           : 74
	Get pid name failed.
	Process id:1810566 Process name:                  Process memory(MB):16006
Error: cannot run top on container fca65b17c7696be0978c024206dce045576ad0d5017576dab9c64493f5b57e1c as it did not create a cgroup: this container does not have a cgroup
timestamp_ns=1785750689958552364
	DDR Capacity(MB)               : 0
	DDR Usage Rate(%)              : 0
	DDR Hugepages Total(page)      : 0
	DDR Hugepages Usage Rate(%)    : 0
	HBM Capacity(MB)               : 65536
	HBM Usage Rate(%)              : 29
	Aicore Usage Rate(%)           : 77
	Aivector Usage Rate(%)         : 5
	Aicpu Usage Rate(%)            : 0
	Ctrlcpu Usage Rate(%)          : 2
	DDR Bandwidth Usage Rate(%)    : 0
	HBM Bandwidth Usage Rate(%)    : 54
	NPU Utilization(%)             : 96
	Aicube Usage Rate(%)           : 71
	Get pid name failed.
	Process id:1810566 Process name:                  Process memory(MB):16006
Error: cannot run top on container fca65b17c7696be0978c024206dce045576ad0d5017576dab9c64493f5b57e1c as it did not create a cgroup: this container does not have a cgroup
timestamp_ns=1785750692110514183
	DDR Capacity(MB)               : 0
	DDR Usage Rate(%)              : 0
	DDR Hugepages Total(page)      : 0
	DDR Hugepages Usage Rate(%)    : 0
	HBM Capacity(MB)               : 65536
	HBM Usage Rate(%)              : 29
	Aicore Usage Rate(%)           : 78
	Aivector Usage Rate(%)         : 5
	Aicpu Usage Rate(%)            : 0
	Ctrlcpu Usage Rate(%)          : 5
	DDR Bandwidth Usage Rate(%)    : 0
	HBM Bandwidth Usage Rate(%)    : 53
	NPU Utilization(%)             : 89
	Aicube Usage Rate(%)           : 70
	Get pid name failed.
	Process id:1810566 Process name:                  Process memory(MB):16006
Error: cannot run top on container fca65b17c7696be0978c024206dce045576ad0d5017576dab9c64493f5b57e1c as it did not create a cgroup: this container does not have a cgroup
timestamp_ns=1785750694253457527
	DDR Capacity(MB)               : 0
	DDR Usage Rate(%)              : 0
	DDR Hugepages Total(page)      : 0
	DDR Hugepages Usage Rate(%)    : 0
	HBM Capacity(MB)               : 65536
	HBM Usage Rate(%)              : 29
	Aicore Usage Rate(%)           : 77
	Aivector Usage Rate(%)         : 5
	Aicpu Usage Rate(%)            : 0
	Ctrlcpu Usage Rate(%)          : 4
	DDR Bandwidth Usage Rate(%)    : 0
	HBM Bandwidth Usage Rate(%)    : 54
	NPU Utilization(%)             : 86
	Aicube Usage Rate(%)           : 71
	Get pid name failed.
	Process id:1810566 Process name:                  Process memory(MB):16006
Error: cannot run top on container fca65b17c7696be0978c024206dce045576ad0d5017576dab9c64493f5b57e1c as it did not create a cgroup: this container does not have a cgroup
timestamp_ns=1785750696394225289
	DDR Capacity(MB)               : 0
	DDR Usage Rate(%)              : 0
	DDR Hugepages Total(page)      : 0
	DDR Hugepages Usage Rate(%)    : 0
	HBM Capacity(MB)               : 65536
	HBM Usage Rate(%)              : 29
	Aicore Usage Rate(%)           : 81
	Aivector Usage Rate(%)         : 5
	Aicpu Usage Rate(%)            : 0
	Ctrlcpu Usage Rate(%)          : 2
	DDR Bandwidth Usage Rate(%)    : 0
	HBM Bandwidth Usage Rate(%)    : 53
	NPU Utilization(%)             : 89
	Aicube Usage Rate(%)           : 74
	Get pid name failed.
	Process id:1810566 Process name:                  Process memory(MB):16006
Error: cannot run top on container fca65b17c7696be0978c024206dce045576ad0d5017576dab9c64493f5b57e1c as it did not create a cgroup: this container does not have a cgroup
timestamp_ns=1785750698548285989
	DDR Capacity(MB)               : 0
	DDR Usage Rate(%)              : 0
	DDR Hugepages Total(page)      : 0
	DDR Hugepages Usage Rate(%)    : 0
	HBM Capacity(MB)               : 65536
	HBM Usage Rate(%)              : 29
	Aicore Usage Rate(%)           : 79
	Aivector Usage Rate(%)         : 5
	Aicpu Usage Rate(%)            : 0
	Ctrlcpu Usage Rate(%)          : 2
	DDR Bandwidth Usage Rate(%)    : 0
	HBM Bandwidth Usage Rate(%)    : 53
	NPU Utilization(%)             : 89
	Aicube Usage Rate(%)           : 71
	Get pid name failed.
	Process id:1810566 Process name:                  Process memory(MB):16006
Error: cannot run top on container fca65b17c7696be0978c024206dce045576ad0d5017576dab9c64493f5b57e1c as it did not create a cgroup: this container does not have a cgroup
timestamp_ns=1785750700699539956
	DDR Capacity(MB)               : 0
	DDR Usage Rate(%)              : 0
	DDR Hugepages Total(page)      : 0
	DDR Hugepages Usage Rate(%)    : 0
	HBM Capacity(MB)               : 65536
	HBM Usage Rate(%)              : 29
	Aicore Usage Rate(%)           : 77
	Aivector Usage Rate(%)         : 5
	Aicpu Usage Rate(%)            : 0
	Ctrlcpu Usage Rate(%)          : 3
	DDR Bandwidth Usage Rate(%)    : 0
	HBM Bandwidth Usage Rate(%)    : 53
	NPU Utilization(%)             : 93
	Aicube Usage Rate(%)           : 69
	Get pid name failed.
	Process id:1810566 Process name:                  Process memory(MB):16006
Error: cannot run top on container fca65b17c7696be0978c024206dce045576ad0d5017576dab9c64493f5b57e1c as it did not create a cgroup: this container does not have a cgroup
timestamp_ns=1785750702893330887
	DDR Capacity(MB)               : 0
	DDR Usage Rate(%)              : 0
	DDR Hugepages Total(page)      : 0
	DDR Hugepages Usage Rate(%)    : 0
	HBM Capacity(MB)               : 65536
	HBM Usage Rate(%)              : 29
	Aicore Usage Rate(%)           : 78
	Aivector Usage Rate(%)         : 5
	Aicpu Usage Rate(%)            : 0
	Ctrlcpu Usage Rate(%)          : 6
	DDR Bandwidth Usage Rate(%)    : 0
	HBM Bandwidth Usage Rate(%)    : 53
	NPU Utilization(%)             : 86
	Aicube Usage Rate(%)           : 71
	Get pid name failed.
	Process id:1810566 Process name:                  Process memory(MB):16006
Error: cannot run top on container fca65b17c7696be0978c024206dce045576ad0d5017576dab9c64493f5b57e1c as it did not create a cgroup: this container does not have a cgroup
timestamp_ns=1785750705038244983
	DDR Capacity(MB)               : 0
	DDR Usage Rate(%)              : 0
	DDR Hugepages Total(page)      : 0
	DDR Hugepages Usage Rate(%)    : 0
	HBM Capacity(MB)               : 65536
	HBM Usage Rate(%)              : 29
	Aicore Usage Rate(%)           : 79
	Aivector Usage Rate(%)         : 4
	Aicpu Usage Rate(%)            : 0
	Ctrlcpu Usage Rate(%)          : 5
	DDR Bandwidth Usage Rate(%)    : 0
	HBM Bandwidth Usage Rate(%)    : 52
	NPU Utilization(%)             : 86
	Aicube Usage Rate(%)           : 71
	Get pid name failed.
	Process id:1810566 Process name:                  Process memory(MB):16006
Error: cannot run top on container fca65b17c7696be0978c024206dce045576ad0d5017576dab9c64493f5b57e1c as it did not create a cgroup: this container does not have a cgroup
timestamp_ns=1785750707183220114
	DDR Capacity(MB)               : 0
	DDR Usage Rate(%)              : 0
	DDR Hugepages Total(page)      : 0
	DDR Hugepages Usage Rate(%)    : 0
	HBM Capacity(MB)               : 65536
	HBM Usage Rate(%)              : 29
	Aicore Usage Rate(%)           : 77
	Aivector Usage Rate(%)         : 5
	Aicpu Usage Rate(%)            : 0
	Ctrlcpu Usage Rate(%)          : 3
	DDR Bandwidth Usage Rate(%)    : 0
	HBM Bandwidth Usage Rate(%)    : 53
	NPU Utilization(%)             : 86
	Aicube Usage Rate(%)           : 71
	Get pid name failed.
	Process id:1810566 Process name:                  Process memory(MB):16006
Error: cannot run top on container fca65b17c7696be0978c024206dce045576ad0d5017576dab9c64493f5b57e1c as it did not create a cgroup: this container does not have a cgroup
timestamp_ns=1785750709338290119
	DDR Capacity(MB)               : 0
	DDR Usage Rate(%)              : 0
	DDR Hugepages Total(page)      : 0
	DDR Hugepages Usage Rate(%)    : 0
	HBM Capacity(MB)               : 65536
	HBM Usage Rate(%)              : 29
	Aicore Usage Rate(%)           : 79
	Aivector Usage Rate(%)         : 4
	Aicpu Usage Rate(%)            : 0
	Ctrlcpu Usage Rate(%)          : 4
	DDR Bandwidth Usage Rate(%)    : 0
	HBM Bandwidth Usage Rate(%)    : 53
	NPU Utilization(%)             : 89
	Aicube Usage Rate(%)           : 71
	Get pid name failed.
	Process id:1810566 Process name:                  Process memory(MB):16006
Error: cannot run top on container fca65b17c7696be0978c024206dce045576ad0d5017576dab9c64493f5b57e1c as it did not create a cgroup: this container does not have a cgroup
timestamp_ns=1785750711477225674
	DDR Capacity(MB)               : 0
	DDR Usage Rate(%)              : 0
	DDR Hugepages Total(page)      : 0
	DDR Hugepages Usage Rate(%)    : 0
	HBM Capacity(MB)               : 65536
	HBM Usage Rate(%)              : 29
	Aicore Usage Rate(%)           : 77
	Aivector Usage Rate(%)         : 5
	Aicpu Usage Rate(%)            : 0
	Ctrlcpu Usage Rate(%)          : 1
	DDR Bandwidth Usage Rate(%)    : 0
	HBM Bandwidth Usage Rate(%)    : 53
	NPU Utilization(%)             : 96
	Aicube Usage Rate(%)           : 71
	Get pid name failed.
	Process id:1810566 Process name:                  Process memory(MB):16006
Error: cannot run top on container fca65b17c7696be0978c024206dce045576ad0d5017576dab9c64493f5b57e1c as it did not create a cgroup: this container does not have a cgroup
timestamp_ns=1785750713625952928
	DDR Capacity(MB)               : 0
	DDR Usage Rate(%)              : 0
	DDR Hugepages Total(page)      : 0
	DDR Hugepages Usage Rate(%)    : 0
	HBM Capacity(MB)               : 65536
	HBM Usage Rate(%)              : 29
	Aicore Usage Rate(%)           : 79
	Aivector Usage Rate(%)         : 5
	Aicpu Usage Rate(%)            : 0
	Ctrlcpu Usage Rate(%)          : 3
	DDR Bandwidth Usage Rate(%)    : 0
	HBM Bandwidth Usage Rate(%)    : 53
	NPU Utilization(%)             : 89
	Aicube Usage Rate(%)           : 71
	Get pid name failed.
	Process id:1810566 Process name:                  Process memory(MB):16006
Error: cannot run top on container fca65b17c7696be0978c024206dce045576ad0d5017576dab9c64493f5b57e1c as it did not create a cgroup: this container does not have a cgroup
timestamp_ns=1785750715766817558
	DDR Capacity(MB)               : 0
	DDR Usage Rate(%)              : 0
	DDR Hugepages Total(page)      : 0
	DDR Hugepages Usage Rate(%)    : 0
	HBM Capacity(MB)               : 65536
	HBM Usage Rate(%)              : 29
	Aicore Usage Rate(%)           : 77
	Aivector Usage Rate(%)         : 4
	Aicpu Usage Rate(%)            : 0
	Ctrlcpu Usage Rate(%)          : 3
	DDR Bandwidth Usage Rate(%)    : 0
	HBM Bandwidth Usage Rate(%)    : 18
	NPU Utilization(%)             : 86
	Aicube Usage Rate(%)           : 71
	Get pid name failed.
	Process id:1810566 Process name:                  Process memory(MB):16006
Error: cannot run top on container fca65b17c7696be0978c024206dce045576ad0d5017576dab9c64493f5b57e1c as it did not create a cgroup: this container does not have a cgroup
timestamp_ns=1785750717907581492
	DDR Capacity(MB)               : 0
	DDR Usage Rate(%)              : 0
	DDR Hugepages Total(page)      : 0
	DDR Hugepages Usage Rate(%)    : 0
	HBM Capacity(MB)               : 65536
	HBM Usage Rate(%)              : 29
	Aicore Usage Rate(%)           : 81
	Aivector Usage Rate(%)         : 5
	Aicpu Usage Rate(%)            : 0
	Ctrlcpu Usage Rate(%)          : 1
	DDR Bandwidth Usage Rate(%)    : 0
	HBM Bandwidth Usage Rate(%)    : 51
	NPU Utilization(%)             : 89
	Aicube Usage Rate(%)           : 73
	Get pid name failed.
	Process id:1810566 Process name:                  Process memory(MB):16006
Error: cannot run top on container fca65b17c7696be0978c024206dce045576ad0d5017576dab9c64493f5b57e1c as it did not create a cgroup: this container does not have a cgroup
timestamp_ns=1785750720059366636
	DDR Capacity(MB)               : 0
	DDR Usage Rate(%)              : 0
	DDR Hugepages Total(page)      : 0
	DDR Hugepages Usage Rate(%)    : 0
	HBM Capacity(MB)               : 65536
	HBM Usage Rate(%)              : 29
	Aicore Usage Rate(%)           : 79
	Aivector Usage Rate(%)         : 4
	Aicpu Usage Rate(%)            : 0
	Ctrlcpu Usage Rate(%)          : 2
	DDR Bandwidth Usage Rate(%)    : 0
	HBM Bandwidth Usage Rate(%)    : 54
	NPU Utilization(%)             : 96
	Aicube Usage Rate(%)           : 73
	Get pid name failed.
	Process id:1810566 Process name:                  Process memory(MB):16006
Error: cannot run top on container fca65b17c7696be0978c024206dce045576ad0d5017576dab9c64493f5b57e1c as it did not create a cgroup: this container does not have a cgroup
timestamp_ns=1785750722203383688
	DDR Capacity(MB)               : 0
	DDR Usage Rate(%)              : 0
	DDR Hugepages Total(page)      : 0
	DDR Hugepages Usage Rate(%)    : 0
	HBM Capacity(MB)               : 65536
	HBM Usage Rate(%)              : 29
	Aicore Usage Rate(%)           : 79
	Aivector Usage Rate(%)         : 5
	Aicpu Usage Rate(%)            : 0
	Ctrlcpu Usage Rate(%)          : 6
	DDR Bandwidth Usage Rate(%)    : 0
	HBM Bandwidth Usage Rate(%)    : 53
	NPU Utilization(%)             : 89
	Aicube Usage Rate(%)           : 72
	Get pid name failed.
	Process id:1810566 Process name:                  Process memory(MB):16006
Error: cannot run top on container fca65b17c7696be0978c024206dce045576ad0d5017576dab9c64493f5b57e1c as it did not create a cgroup: this container does not have a cgroup
timestamp_ns=1785750724347306904
	DDR Capacity(MB)               : 0
	DDR Usage Rate(%)              : 0
	DDR Hugepages Total(page)      : 0
	DDR Hugepages Usage Rate(%)    : 0
	HBM Capacity(MB)               : 65536
	HBM Usage Rate(%)              : 29
	Aicore Usage Rate(%)           : 79
	Aivector Usage Rate(%)         : 5
	Aicpu Usage Rate(%)            : 0
	Ctrlcpu Usage Rate(%)          : 5
	DDR Bandwidth Usage Rate(%)    : 0
	HBM Bandwidth Usage Rate(%)    : 53
	NPU Utilization(%)             : 93
	Aicube Usage Rate(%)           : 73
	Get pid name failed.
	Process id:1810566 Process name:                  Process memory(MB):16006
Error: cannot run top on container fca65b17c7696be0978c024206dce045576ad0d5017576dab9c64493f5b57e1c as it did not create a cgroup: this container does not have a cgroup
timestamp_ns=1785750726508188013
	DDR Capacity(MB)               : 0
	DDR Usage Rate(%)              : 0
	DDR Hugepages Total(page)      : 0
	DDR Hugepages Usage Rate(%)    : 0
	HBM Capacity(MB)               : 65536
	HBM Usage Rate(%)              : 29
	Aicore Usage Rate(%)           : 81
	Aivector Usage Rate(%)         : 5
	Aicpu Usage Rate(%)            : 0
	Ctrlcpu Usage Rate(%)          : 8
	DDR Bandwidth Usage Rate(%)    : 0
	HBM Bandwidth Usage Rate(%)    : 54
	NPU Utilization(%)             : 93
	Aicube Usage Rate(%)           : 74
	Get pid name failed.
	Process id:1810566 Process name:                  Process memory(MB):16006
Error: cannot run top on container fca65b17c7696be0978c024206dce045576ad0d5017576dab9c64493f5b57e1c as it did not create a cgroup: this container does not have a cgroup
timestamp_ns=1785750728661354693
	DDR Capacity(MB)               : 0
	DDR Usage Rate(%)              : 0
	DDR Hugepages Total(page)      : 0
	DDR Hugepages Usage Rate(%)    : 0
	HBM Capacity(MB)               : 65536
	HBM Usage Rate(%)              : 29
	Aicore Usage Rate(%)           : 78
	Aivector Usage Rate(%)         : 4
	Aicpu Usage Rate(%)            : 0
	Ctrlcpu Usage Rate(%)          : 3
	DDR Bandwidth Usage Rate(%)    : 0
	HBM Bandwidth Usage Rate(%)    : 53
	NPU Utilization(%)             : 86
	Aicube Usage Rate(%)           : 71
	Get pid name failed.
	Process id:1810566 Process name:                  Process memory(MB):16006
Error: cannot run top on container fca65b17c7696be0978c024206dce045576ad0d5017576dab9c64493f5b57e1c as it did not create a cgroup: this container does not have a cgroup
timestamp_ns=1785750730816100355
	DDR Capacity(MB)               : 0
	DDR Usage Rate(%)              : 0
	DDR Hugepages Total(page)      : 0
	DDR Hugepages Usage Rate(%)    : 0
	HBM Capacity(MB)               : 65536
	HBM Usage Rate(%)              : 29
	Aicore Usage Rate(%)           : 80
	Aivector Usage Rate(%)         : 5
	Aicpu Usage Rate(%)            : 0
	Ctrlcpu Usage Rate(%)          : 3
	DDR Bandwidth Usage Rate(%)    : 0
	HBM Bandwidth Usage Rate(%)    : 53
	NPU Utilization(%)             : 96
	Aicube Usage Rate(%)           : 72
	Get pid name failed.
	Process id:1810566 Process name:                  Process memory(MB):16006
Error: cannot run top on container fca65b17c7696be0978c024206dce045576ad0d5017576dab9c64493f5b57e1c as it did not create a cgroup: this container does not have a cgroup
timestamp_ns=1785750732956827097
	DDR Capacity(MB)               : 0
	DDR Usage Rate(%)              : 0
	DDR Hugepages Total(page)      : 0
	DDR Hugepages Usage Rate(%)    : 0
	HBM Capacity(MB)               : 65536
	HBM Usage Rate(%)              : 29
	Aicore Usage Rate(%)           : 77
	Aivector Usage Rate(%)         : 5
	Aicpu Usage Rate(%)            : 0
	Ctrlcpu Usage Rate(%)          : 3
	DDR Bandwidth Usage Rate(%)    : 0
	HBM Bandwidth Usage Rate(%)    : 54
	NPU Utilization(%)             : 89
	Aicube Usage Rate(%)           : 71
	Get pid name failed.
	Process id:1810566 Process name:                  Process memory(MB):16006
Error: cannot run top on container fca65b17c7696be0978c024206dce045576ad0d5017576dab9c64493f5b57e1c as it did not create a cgroup: this container does not have a cgroup
timestamp_ns=1785750735105428572
	DDR Capacity(MB)               : 0
	DDR Usage Rate(%)              : 0
	DDR Hugepages Total(page)      : 0
	DDR Hugepages Usage Rate(%)    : 0
	HBM Capacity(MB)               : 65536
	HBM Usage Rate(%)              : 29
	Aicore Usage Rate(%)           : 79
	Aivector Usage Rate(%)         : 4
	Aicpu Usage Rate(%)            : 0
	Ctrlcpu Usage Rate(%)          : 1
	DDR Bandwidth Usage Rate(%)    : 0
	HBM Bandwidth Usage Rate(%)    : 53
	NPU Utilization(%)             : 89
	Aicube Usage Rate(%)           : 71
	Get pid name failed.
	Process id:1810566 Process name:                  Process memory(MB):16006
Error: cannot run top on container fca65b17c7696be0978c024206dce045576ad0d5017576dab9c64493f5b57e1c as it did not create a cgroup: this container does not have a cgroup
timestamp_ns=1785750737254301048
	DDR Capacity(MB)               : 0
	DDR Usage Rate(%)              : 0
	DDR Hugepages Total(page)      : 0
	DDR Hugepages Usage Rate(%)    : 0
	HBM Capacity(MB)               : 65536
	HBM Usage Rate(%)              : 29
	Aicore Usage Rate(%)           : 77
	Aivector Usage Rate(%)         : 4
	Aicpu Usage Rate(%)            : 0
	Ctrlcpu Usage Rate(%)          : 1
	DDR Bandwidth Usage Rate(%)    : 0
	HBM Bandwidth Usage Rate(%)    : 53
	NPU Utilization(%)             : 100
	Aicube Usage Rate(%)           : 71
	Get pid name failed.
	Process id:1810566 Process name:                  Process memory(MB):16006
Error: cannot run top on container fca65b17c7696be0978c024206dce045576ad0d5017576dab9c64493f5b57e1c as it did not create a cgroup: this container does not have a cgroup
timestamp_ns=1785750739394477606
	DDR Capacity(MB)               : 0
	DDR Usage Rate(%)              : 0
	DDR Hugepages Total(page)      : 0
	DDR Hugepages Usage Rate(%)    : 0
	HBM Capacity(MB)               : 65536
	HBM Usage Rate(%)              : 29
	Aicore Usage Rate(%)           : 79
	Aivector Usage Rate(%)         : 4
	Aicpu Usage Rate(%)            : 0
	Ctrlcpu Usage Rate(%)          : 3
	DDR Bandwidth Usage Rate(%)    : 0
	HBM Bandwidth Usage Rate(%)    : 53
	NPU Utilization(%)             : 93
	Aicube Usage Rate(%)           : 71
	Get pid name failed.
	Process id:1810566 Process name:                  Process memory(MB):16006
Error: cannot run top on container fca65b17c7696be0978c024206dce045576ad0d5017576dab9c64493f5b57e1c as it did not create a cgroup: this container does not have a cgroup
timestamp_ns=1785750741563450486
	DDR Capacity(MB)               : 0
	DDR Usage Rate(%)              : 0
	DDR Hugepages Total(page)      : 0
	DDR Hugepages Usage Rate(%)    : 0
	HBM Capacity(MB)               : 65536
	HBM Usage Rate(%)              : 29
	Aicore Usage Rate(%)           : 77
	Aivector Usage Rate(%)         : 4
	Aicpu Usage Rate(%)            : 0
	Ctrlcpu Usage Rate(%)          : 1
	DDR Bandwidth Usage Rate(%)    : 0
	HBM Bandwidth Usage Rate(%)    : 53
	NPU Utilization(%)             : 86
	Aicube Usage Rate(%)           : 71
	Get pid name failed.
	Process id:1810566 Process name:                  Process memory(MB):16006
Error: cannot run top on container fca65b17c7696be0978c024206dce045576ad0d5017576dab9c64493f5b57e1c as it did not create a cgroup: this container does not have a cgroup
timestamp_ns=1785750743716366020
	DDR Capacity(MB)               : 0
	DDR Usage Rate(%)              : 0
	DDR Hugepages Total(page)      : 0
	DDR Hugepages Usage Rate(%)    : 0
	HBM Capacity(MB)               : 65536
	HBM Usage Rate(%)              : 29
	Aicore Usage Rate(%)           : 78
	Aivector Usage Rate(%)         : 4
	Aicpu Usage Rate(%)            : 0
	Ctrlcpu Usage Rate(%)          : 3
	DDR Bandwidth Usage Rate(%)    : 0
	HBM Bandwidth Usage Rate(%)    : 53
	NPU Utilization(%)             : 93
	Aicube Usage Rate(%)           : 70
	Get pid name failed.
	Process id:1810566 Process name:                  Process memory(MB):16006
Error: cannot run top on container fca65b17c7696be0978c024206dce045576ad0d5017576dab9c64493f5b57e1c as it did not create a cgroup: this container does not have a cgroup
timestamp_ns=1785750745862651242
	DDR Capacity(MB)               : 0
	DDR Usage Rate(%)              : 0
	DDR Hugepages Total(page)      : 0
	DDR Hugepages Usage Rate(%)    : 0
	HBM Capacity(MB)               : 65536
	HBM Usage Rate(%)              : 29
	Aicore Usage Rate(%)           : 74
	Aivector Usage Rate(%)         : 4
	Aicpu Usage Rate(%)            : 0
	Ctrlcpu Usage Rate(%)          : 1
	DDR Bandwidth Usage Rate(%)    : 0
	HBM Bandwidth Usage Rate(%)    : 32
	NPU Utilization(%)             : 89
	Aicube Usage Rate(%)           : 68
	Get pid name failed.
	Process id:1810566 Process name:                  Process memory(MB):16006
Error: cannot run top on container fca65b17c7696be0978c024206dce045576ad0d5017576dab9c64493f5b57e1c as it did not create a cgroup: this container does not have a cgroup
timestamp_ns=1785750747994332714
	DDR Capacity(MB)               : 0
	DDR Usage Rate(%)              : 0
	DDR Hugepages Total(page)      : 0
	DDR Hugepages Usage Rate(%)    : 0
	HBM Capacity(MB)               : 65536
	HBM Usage Rate(%)              : 29
	Aicore Usage Rate(%)           : 82
	Aivector Usage Rate(%)         : 5
	Aicpu Usage Rate(%)            : 0
	Ctrlcpu Usage Rate(%)          : 5
	DDR Bandwidth Usage Rate(%)    : 0
	HBM Bandwidth Usage Rate(%)    : 53
	NPU Utilization(%)             : 93
	Aicube Usage Rate(%)           : 74
	Get pid name failed.
	Process id:1810566 Process name:                  Process memory(MB):16006
Error: cannot run top on container fca65b17c7696be0978c024206dce045576ad0d5017576dab9c64493f5b57e1c as it did not create a cgroup: this container does not have a cgroup
timestamp_ns=1785750750166425111
	DDR Capacity(MB)               : 0
	DDR Usage Rate(%)              : 0
	DDR Hugepages Total(page)      : 0
	DDR Hugepages Usage Rate(%)    : 0
	HBM Capacity(MB)               : 65536
	HBM Usage Rate(%)              : 29
	Aicore Usage Rate(%)           : 78
	Aivector Usage Rate(%)         : 5
	Aicpu Usage Rate(%)            : 0
	Ctrlcpu Usage Rate(%)          : 3
	DDR Bandwidth Usage Rate(%)    : 0
	HBM Bandwidth Usage Rate(%)    : 43
	NPU Utilization(%)             : 89
	Aicube Usage Rate(%)           : 71
	Get pid name failed.
	Process id:1810566 Process name:                  Process memory(MB):16006
Error: cannot run top on container fca65b17c7696be0978c024206dce045576ad0d5017576dab9c64493f5b57e1c as it did not create a cgroup: this container does not have a cgroup
timestamp_ns=1785750752349243312
	DDR Capacity(MB)               : 0
	DDR Usage Rate(%)              : 0
	DDR Hugepages Total(page)      : 0
	DDR Hugepages Usage Rate(%)    : 0
	HBM Capacity(MB)               : 65536
	HBM Usage Rate(%)              : 29
	Aicore Usage Rate(%)           : 78
	Aivector Usage Rate(%)         : 4
	Aicpu Usage Rate(%)            : 0
	Ctrlcpu Usage Rate(%)          : 5
	DDR Bandwidth Usage Rate(%)    : 0
	HBM Bandwidth Usage Rate(%)    : 53
	NPU Utilization(%)             : 93
	Aicube Usage Rate(%)           : 70
	Get pid name failed.
	Process id:1810566 Process name:                  Process memory(MB):16006
Error: cannot run top on container fca65b17c7696be0978c024206dce045576ad0d5017576dab9c64493f5b57e1c as it did not create a cgroup: this container does not have a cgroup
timestamp_ns=1785750754528640488
	DDR Capacity(MB)               : 0
	DDR Usage Rate(%)              : 0
	DDR Hugepages Total(page)      : 0
	DDR Hugepages Usage Rate(%)    : 0
	HBM Capacity(MB)               : 65536
	HBM Usage Rate(%)              : 29
	Aicore Usage Rate(%)           : 77
	Aivector Usage Rate(%)         : 5
	Aicpu Usage Rate(%)            : 0
	Ctrlcpu Usage Rate(%)          : 3
	DDR Bandwidth Usage Rate(%)    : 0
	HBM Bandwidth Usage Rate(%)    : 53
	NPU Utilization(%)             : 100
	Aicube Usage Rate(%)           : 71
	Get pid name failed.
	Process id:1810566 Process name:                  Process memory(MB):16006
Error: cannot run top on container fca65b17c7696be0978c024206dce045576ad0d5017576dab9c64493f5b57e1c as it did not create a cgroup: this container does not have a cgroup
timestamp_ns=1785750756704748023
	DDR Capacity(MB)               : 0
	DDR Usage Rate(%)              : 0
	DDR Hugepages Total(page)      : 0
	DDR Hugepages Usage Rate(%)    : 0
	HBM Capacity(MB)               : 65536
	HBM Usage Rate(%)              : 29
	Aicore Usage Rate(%)           : 79
	Aivector Usage Rate(%)         : 5
	Aicpu Usage Rate(%)            : 0
	Ctrlcpu Usage Rate(%)          : 2
	DDR Bandwidth Usage Rate(%)    : 0
	HBM Bandwidth Usage Rate(%)    : 53
	NPU Utilization(%)             : 93
	Aicube Usage Rate(%)           : 71
	Get pid name failed.
	Process id:1810566 Process name:                  Process memory(MB):16006
Error: cannot run top on container fca65b17c7696be0978c024206dce045576ad0d5017576dab9c64493f5b57e1c as it did not create a cgroup: this container does not have a cgroup
timestamp_ns=1785750758903268246
	DDR Capacity(MB)               : 0
	DDR Usage Rate(%)              : 0
	DDR Hugepages Total(page)      : 0
	DDR Hugepages Usage Rate(%)    : 0
	HBM Capacity(MB)               : 65536
	HBM Usage Rate(%)              : 29
	Aicore Usage Rate(%)           : 77
	Aivector Usage Rate(%)         : 5
	Aicpu Usage Rate(%)            : 0
	Ctrlcpu Usage Rate(%)          : 2
	DDR Bandwidth Usage Rate(%)    : 0
	HBM Bandwidth Usage Rate(%)    : 53
	NPU Utilization(%)             : 93
	Aicube Usage Rate(%)           : 71
	Get pid name failed.
	Process id:1810566 Process name:                  Process memory(MB):16006
Error: cannot run top on container fca65b17c7696be0978c024206dce045576ad0d5017576dab9c64493f5b57e1c as it did not create a cgroup: this container does not have a cgroup
timestamp_ns=1785750761082781812
	DDR Capacity(MB)               : 0
	DDR Usage Rate(%)              : 0
	DDR Hugepages Total(page)      : 0
	DDR Hugepages Usage Rate(%)    : 0
	HBM Capacity(MB)               : 65536
	HBM Usage Rate(%)              : 29
	Aicore Usage Rate(%)           : 79
	Aivector Usage Rate(%)         : 5
	Aicpu Usage Rate(%)            : 0
	Ctrlcpu Usage Rate(%)          : 6
	DDR Bandwidth Usage Rate(%)    : 0
	HBM Bandwidth Usage Rate(%)    : 52
	NPU Utilization(%)             : 93
	Aicube Usage Rate(%)           : 71
	Get pid name failed.
	Process id:1810566 Process name:                  Process memory(MB):16006
Error: cannot run top on container fca65b17c7696be0978c024206dce045576ad0d5017576dab9c64493f5b57e1c as it did not create a cgroup: this container does not have a cgroup
timestamp_ns=1785750763257583400
	DDR Capacity(MB)               : 0
	DDR Usage Rate(%)              : 0
	DDR Hugepages Total(page)      : 0
	DDR Hugepages Usage Rate(%)    : 0
	HBM Capacity(MB)               : 65536
	HBM Usage Rate(%)              : 29
	Aicore Usage Rate(%)           : 78
	Aivector Usage Rate(%)         : 5
	Aicpu Usage Rate(%)            : 0
	Ctrlcpu Usage Rate(%)          : 4
	DDR Bandwidth Usage Rate(%)    : 0
	HBM Bandwidth Usage Rate(%)    : 53
	NPU Utilization(%)             : 93
	Aicube Usage Rate(%)           : 71
	Get pid name failed.
	Process id:1810566 Process name:                  Process memory(MB):16006
Error: cannot run top on container fca65b17c7696be0978c024206dce045576ad0d5017576dab9c64493f5b57e1c as it did not create a cgroup: this container does not have a cgroup
timestamp_ns=1785750765439774493
	DDR Capacity(MB)               : 0
	DDR Usage Rate(%)              : 0
	DDR Hugepages Total(page)      : 0
	DDR Hugepages Usage Rate(%)    : 0
	HBM Capacity(MB)               : 65536
	HBM Usage Rate(%)              : 29
	Aicore Usage Rate(%)           : 79
	Aivector Usage Rate(%)         : 5
	Aicpu Usage Rate(%)            : 0
	Ctrlcpu Usage Rate(%)          : 2
	DDR Bandwidth Usage Rate(%)    : 0
	HBM Bandwidth Usage Rate(%)    : 53
	NPU Utilization(%)             : 89
	Aicube Usage Rate(%)           : 71
	Get pid name failed.
	Process id:1810566 Process name:                  Process memory(MB):16006
Error: cannot run top on container fca65b17c7696be0978c024206dce045576ad0d5017576dab9c64493f5b57e1c as it did not create a cgroup: this container does not have a cgroup
timestamp_ns=1785750767621362302
	DDR Capacity(MB)               : 0
	DDR Usage Rate(%)              : 0
	DDR Hugepages Total(page)      : 0
	DDR Hugepages Usage Rate(%)    : 0
	HBM Capacity(MB)               : 65536
	HBM Usage Rate(%)              : 29
	Aicore Usage Rate(%)           : 75
	Aivector Usage Rate(%)         : 4
	Aicpu Usage Rate(%)            : 0
	Ctrlcpu Usage Rate(%)          : 11
	DDR Bandwidth Usage Rate(%)    : 0
	HBM Bandwidth Usage Rate(%)    : 53
	NPU Utilization(%)             : 100
	Aicube Usage Rate(%)           : 69
	Get pid name failed.
	Process id:1810566 Process name:                  Process memory(MB):16006
Error: cannot run top on container fca65b17c7696be0978c024206dce045576ad0d5017576dab9c64493f5b57e1c as it did not create a cgroup: this container does not have a cgroup
timestamp_ns=1785750769799540767
	DDR Capacity(MB)               : 0
	DDR Usage Rate(%)              : 0
	DDR Hugepages Total(page)      : 0
	DDR Hugepages Usage Rate(%)    : 0
	HBM Capacity(MB)               : 65536
	HBM Usage Rate(%)              : 29
	Aicore Usage Rate(%)           : 81
	Aivector Usage Rate(%)         : 5
	Aicpu Usage Rate(%)            : 0
	Ctrlcpu Usage Rate(%)          : 6
	DDR Bandwidth Usage Rate(%)    : 0
	HBM Bandwidth Usage Rate(%)    : 54
	NPU Utilization(%)             : 89
	Aicube Usage Rate(%)           : 74
	Get pid name failed.
	Process id:1810566 Process name:                  Process memory(MB):16006
Error: cannot run top on container fca65b17c7696be0978c024206dce045576ad0d5017576dab9c64493f5b57e1c as it did not create a cgroup: this container does not have a cgroup
timestamp_ns=1785750771995102212
	DDR Capacity(MB)               : 0
	DDR Usage Rate(%)              : 0
	DDR Hugepages Total(page)      : 0
	DDR Hugepages Usage Rate(%)    : 0
	HBM Capacity(MB)               : 65536
	HBM Usage Rate(%)              : 29
	Aicore Usage Rate(%)           : 77
	Aivector Usage Rate(%)         : 5
	Aicpu Usage Rate(%)            : 0
	Ctrlcpu Usage Rate(%)          : 7
	DDR Bandwidth Usage Rate(%)    : 0
	HBM Bandwidth Usage Rate(%)    : 53
	NPU Utilization(%)             : 100
	Aicube Usage Rate(%)           : 70
	Get pid name failed.
	Process id:1810566 Process name:                  Process memory(MB):16006
Error: cannot run top on container fca65b17c7696be0978c024206dce045576ad0d5017576dab9c64493f5b57e1c as it did not create a cgroup: this container does not have a cgroup
timestamp_ns=1785750774174516469
	DDR Capacity(MB)               : 0
	DDR Usage Rate(%)              : 0
	DDR Hugepages Total(page)      : 0
	DDR Hugepages Usage Rate(%)    : 0
	HBM Capacity(MB)               : 65536
	HBM Usage Rate(%)              : 29
	Aicore Usage Rate(%)           : 26
	Aivector Usage Rate(%)         : 12
	Aicpu Usage Rate(%)            : 0
	Ctrlcpu Usage Rate(%)          : 2
	DDR Bandwidth Usage Rate(%)    : 0
	HBM Bandwidth Usage Rate(%)    : 53
	NPU Utilization(%)             : 72
	Aicube Usage Rate(%)           : 13
	Get pid name failed.
	Process id:1810566 Process name:                  Process memory(MB):16006
Error: cannot run top on container fca65b17c7696be0978c024206dce045576ad0d5017576dab9c64493f5b57e1c as it did not create a cgroup: this container does not have a cgroup
timestamp_ns=1785750776330124725
	DDR Capacity(MB)               : 0
	DDR Usage Rate(%)              : 0
	DDR Hugepages Total(page)      : 0
	DDR Hugepages Usage Rate(%)    : 0
	HBM Capacity(MB)               : 65536
	HBM Usage Rate(%)              : 29
	Aicore Usage Rate(%)           : 77
	Aivector Usage Rate(%)         : 5
	Aicpu Usage Rate(%)            : 0
	Ctrlcpu Usage Rate(%)          : 1
	DDR Bandwidth Usage Rate(%)    : 0
	HBM Bandwidth Usage Rate(%)    : 53
	NPU Utilization(%)             : 86
	Aicube Usage Rate(%)           : 71
	Get pid name failed.
	Process id:1810566 Process name:                  Process memory(MB):16006
Error: cannot run top on container fca65b17c7696be0978c024206dce045576ad0d5017576dab9c64493f5b57e1c as it did not create a cgroup: this container does not have a cgroup
timestamp_ns=1785750778513757018
	DDR Capacity(MB)               : 0
	DDR Usage Rate(%)              : 0
	DDR Hugepages Total(page)      : 0
	DDR Hugepages Usage Rate(%)    : 0
	HBM Capacity(MB)               : 65536
	HBM Usage Rate(%)              : 29
	Aicore Usage Rate(%)           : 100
	Aivector Usage Rate(%)         : 23
	Aicpu Usage Rate(%)            : 0
	Ctrlcpu Usage Rate(%)          : 4
	DDR Bandwidth Usage Rate(%)    : 0
	HBM Bandwidth Usage Rate(%)    : 28
	NPU Utilization(%)             : 100
	Aicube Usage Rate(%)           : 87
	Get pid name failed.
	Process id:1810566 Process name:                  Process memory(MB):16006
Error: cannot run top on container fca65b17c7696be0978c024206dce045576ad0d5017576dab9c64493f5b57e1c as it did not create a cgroup: this container does not have a cgroup
timestamp_ns=1785750780681738622
	DDR Capacity(MB)               : 0
	DDR Usage Rate(%)              : 0
	DDR Hugepages Total(page)      : 0
	DDR Hugepages Usage Rate(%)    : 0
	HBM Capacity(MB)               : 65536
	HBM Usage Rate(%)              : 29
	Aicore Usage Rate(%)           : 77
	Aivector Usage Rate(%)         : 5
	Aicpu Usage Rate(%)            : 0
	Ctrlcpu Usage Rate(%)          : 2
	DDR Bandwidth Usage Rate(%)    : 0
	HBM Bandwidth Usage Rate(%)    : 53
	NPU Utilization(%)             : 86
	Aicube Usage Rate(%)           : 71
	Get pid name failed.
	Process id:1810566 Process name:                  Process memory(MB):16006
Error: cannot run top on container fca65b17c7696be0978c024206dce045576ad0d5017576dab9c64493f5b57e1c as it did not create a cgroup: this container does not have a cgroup
timestamp_ns=1785750782841081631
	DDR Capacity(MB)               : 0
	DDR Usage Rate(%)              : 0
	DDR Hugepages Total(page)      : 0
	DDR Hugepages Usage Rate(%)    : 0
	HBM Capacity(MB)               : 65536
	HBM Usage Rate(%)              : 29
	Aicore Usage Rate(%)           : 81
	Aivector Usage Rate(%)         : 5
	Aicpu Usage Rate(%)            : 0
	Ctrlcpu Usage Rate(%)          : 2
	DDR Bandwidth Usage Rate(%)    : 0
	HBM Bandwidth Usage Rate(%)    : 54
	NPU Utilization(%)             : 89
	Aicube Usage Rate(%)           : 74
	Get pid name failed.
	Process id:1810566 Process name:                  Process memory(MB):16006
Error: cannot run top on container fca65b17c7696be0978c024206dce045576ad0d5017576dab9c64493f5b57e1c as it did not create a cgroup: this container does not have a cgroup
timestamp_ns=1785750785054841305
	DDR Capacity(MB)               : 0
	DDR Usage Rate(%)              : 0
	DDR Hugepages Total(page)      : 0
	DDR Hugepages Usage Rate(%)    : 0
	HBM Capacity(MB)               : 65536
	HBM Usage Rate(%)              : 29
	Aicore Usage Rate(%)           : 77
	Aivector Usage Rate(%)         : 5
	Aicpu Usage Rate(%)            : 0
	Ctrlcpu Usage Rate(%)          : 2
	DDR Bandwidth Usage Rate(%)    : 0
	HBM Bandwidth Usage Rate(%)    : 50
	NPU Utilization(%)             : 100
	Aicube Usage Rate(%)           : 71
	Get pid name failed.
	Process id:1810566 Process name:                  Process memory(MB):16006
Error: cannot run top on container fca65b17c7696be0978c024206dce045576ad0d5017576dab9c64493f5b57e1c as it did not create a cgroup: this container does not have a cgroup
timestamp_ns=1785750787249658020
	DDR Capacity(MB)               : 0
	DDR Usage Rate(%)              : 0
	DDR Hugepages Total(page)      : 0
	DDR Hugepages Usage Rate(%)    : 0
	HBM Capacity(MB)               : 65536
	HBM Usage Rate(%)              : 29
	Aicore Usage Rate(%)           : 78
	Aivector Usage Rate(%)         : 5
	Aicpu Usage Rate(%)            : 0
	Ctrlcpu Usage Rate(%)          : 1
	DDR Bandwidth Usage Rate(%)    : 0
	HBM Bandwidth Usage Rate(%)    : 53
	NPU Utilization(%)             : 89
	Aicube Usage Rate(%)           : 71
	Get pid name failed.
	Process id:1810566 Process name:                  Process memory(MB):16006
Error: cannot run top on container fca65b17c7696be0978c024206dce045576ad0d5017576dab9c64493f5b57e1c as it did not create a cgroup: this container does not have a cgroup
timestamp_ns=1785750789413629960
	DDR Capacity(MB)               : 0
	DDR Usage Rate(%)              : 0
	DDR Hugepages Total(page)      : 0
	DDR Hugepages Usage Rate(%)    : 0
	HBM Capacity(MB)               : 65536
	HBM Usage Rate(%)              : 29
	Aicore Usage Rate(%)           : 80
	Aivector Usage Rate(%)         : 5
	Aicpu Usage Rate(%)            : 0
	Ctrlcpu Usage Rate(%)          : 4
	DDR Bandwidth Usage Rate(%)    : 0
	HBM Bandwidth Usage Rate(%)    : 54
	NPU Utilization(%)             : 93
	Aicube Usage Rate(%)           : 72
	Get pid name failed.
	Process id:1810566 Process name:                  Process memory(MB):16006
Error: cannot run top on container fca65b17c7696be0978c024206dce045576ad0d5017576dab9c64493f5b57e1c as it did not create a cgroup: this container does not have a cgroup
timestamp_ns=1785750791543623602
	DDR Capacity(MB)               : 0
	DDR Usage Rate(%)              : 0
	DDR Hugepages Total(page)      : 0
	DDR Hugepages Usage Rate(%)    : 0
	HBM Capacity(MB)               : 65536
	HBM Usage Rate(%)              : 29
	Aicore Usage Rate(%)           : 79
	Aivector Usage Rate(%)         : 4
	Aicpu Usage Rate(%)            : 0
	Ctrlcpu Usage Rate(%)          : 2
	DDR Bandwidth Usage Rate(%)    : 0
	HBM Bandwidth Usage Rate(%)    : 54
	NPU Utilization(%)             : 86
	Aicube Usage Rate(%)           : 73
	Get pid name failed.
	Process id:1810566 Process name:                  Process memory(MB):16006
Error: cannot run top on container fca65b17c7696be0978c024206dce045576ad0d5017576dab9c64493f5b57e1c as it did not create a cgroup: this container does not have a cgroup
timestamp_ns=1785750793695250447
	DDR Capacity(MB)               : 0
	DDR Usage Rate(%)              : 0
	DDR Hugepages Total(page)      : 0
	DDR Hugepages Usage Rate(%)    : 0
	HBM Capacity(MB)               : 65536
	HBM Usage Rate(%)              : 29
	Aicore Usage Rate(%)           : 76
	Aivector Usage Rate(%)         : 5
	Aicpu Usage Rate(%)            : 0
	Ctrlcpu Usage Rate(%)          : 5
	DDR Bandwidth Usage Rate(%)    : 0
	HBM Bandwidth Usage Rate(%)    : 53
	NPU Utilization(%)             : 93
	Aicube Usage Rate(%)           : 70
	Get pid name failed.
	Process id:1810566 Process name:                  Process memory(MB):16006
Error: cannot run top on container fca65b17c7696be0978c024206dce045576ad0d5017576dab9c64493f5b57e1c as it did not create a cgroup: this container does not have a cgroup
timestamp_ns=1785750795848263329
	DDR Capacity(MB)               : 0
	DDR Usage Rate(%)              : 0
	DDR Hugepages Total(page)      : 0
	DDR Hugepages Usage Rate(%)    : 0
	HBM Capacity(MB)               : 65536
	HBM Usage Rate(%)              : 29
	Aicore Usage Rate(%)           : 76
	Aivector Usage Rate(%)         : 4
	Aicpu Usage Rate(%)            : 0
	Ctrlcpu Usage Rate(%)          : 3
	DDR Bandwidth Usage Rate(%)    : 0
	HBM Bandwidth Usage Rate(%)    : 53
	NPU Utilization(%)             : 86
	Aicube Usage Rate(%)           : 70
	Get pid name failed.
	Process id:1810566 Process name:                  Process memory(MB):16006
Error: cannot run top on container fca65b17c7696be0978c024206dce045576ad0d5017576dab9c64493f5b57e1c as it did not create a cgroup: this container does not have a cgroup
timestamp_ns=1785750798008302293
	DDR Capacity(MB)               : 0
	DDR Usage Rate(%)              : 0
	DDR Hugepages Total(page)      : 0
	DDR Hugepages Usage Rate(%)    : 0
	HBM Capacity(MB)               : 65536
	HBM Usage Rate(%)              : 29
	Aicore Usage Rate(%)           : 80
	Aivector Usage Rate(%)         : 5
	Aicpu Usage Rate(%)            : 0
	Ctrlcpu Usage Rate(%)          : 1
	DDR Bandwidth Usage Rate(%)    : 0
	HBM Bandwidth Usage Rate(%)    : 53
	NPU Utilization(%)             : 86
	Aicube Usage Rate(%)           : 73
	Get pid name failed.
	Process id:1810566 Process name:                  Process memory(MB):16006
Error: cannot run top on container fca65b17c7696be0978c024206dce045576ad0d5017576dab9c64493f5b57e1c as it did not create a cgroup: this container does not have a cgroup
timestamp_ns=1785750800158227052
	DDR Capacity(MB)               : 0
	DDR Usage Rate(%)              : 0
	DDR Hugepages Total(page)      : 0
	DDR Hugepages Usage Rate(%)    : 0
	HBM Capacity(MB)               : 65536
	HBM Usage Rate(%)              : 29
	Aicore Usage Rate(%)           : 76
	Aivector Usage Rate(%)         : 5
	Aicpu Usage Rate(%)            : 0
	Ctrlcpu Usage Rate(%)          : 4
	DDR Bandwidth Usage Rate(%)    : 0
	HBM Bandwidth Usage Rate(%)    : 53
	NPU Utilization(%)             : 93
	Aicube Usage Rate(%)           : 70
	Get pid name failed.
	Process id:1810566 Process name:                  Process memory(MB):16006
Error: cannot run top on container fca65b17c7696be0978c024206dce045576ad0d5017576dab9c64493f5b57e1c as it did not create a cgroup: this container does not have a cgroup
timestamp_ns=1785750802303095397
	DDR Capacity(MB)               : 0
	DDR Usage Rate(%)              : 0
	DDR Hugepages Total(page)      : 0
	DDR Hugepages Usage Rate(%)    : 0
	HBM Capacity(MB)               : 65536
	HBM Usage Rate(%)              : 29
	Aicore Usage Rate(%)           : 77
	Aivector Usage Rate(%)         : 5
	Aicpu Usage Rate(%)            : 0
	Ctrlcpu Usage Rate(%)          : 5
	DDR Bandwidth Usage Rate(%)    : 0
	HBM Bandwidth Usage Rate(%)    : 53
	NPU Utilization(%)             : 96
	Aicube Usage Rate(%)           : 71
	Get pid name failed.
	Process id:1810566 Process name:                  Process memory(MB):16006
Error: cannot run top on container fca65b17c7696be0978c024206dce045576ad0d5017576dab9c64493f5b57e1c as it did not create a cgroup: this container does not have a cgroup
timestamp_ns=1785750804450909206
	DDR Capacity(MB)               : 0
	DDR Usage Rate(%)              : 0
	DDR Hugepages Total(page)      : 0
	DDR Hugepages Usage Rate(%)    : 0
	HBM Capacity(MB)               : 65536
	HBM Usage Rate(%)              : 29
	Aicore Usage Rate(%)           : 77
	Aivector Usage Rate(%)         : 5
	Aicpu Usage Rate(%)            : 0
	Ctrlcpu Usage Rate(%)          : 1
	DDR Bandwidth Usage Rate(%)    : 0
	HBM Bandwidth Usage Rate(%)    : 53
	NPU Utilization(%)             : 86
	Aicube Usage Rate(%)           : 71
	Get pid name failed.
	Process id:1810566 Process name:                  Process memory(MB):16006
Error: cannot run top on container fca65b17c7696be0978c024206dce045576ad0d5017576dab9c64493f5b57e1c as it did not create a cgroup: this container does not have a cgroup
timestamp_ns=1785750806599448642
	DDR Capacity(MB)               : 0
	DDR Usage Rate(%)              : 0
	DDR Hugepages Total(page)      : 0
	DDR Hugepages Usage Rate(%)    : 0
	HBM Capacity(MB)               : 65536
	HBM Usage Rate(%)              : 29
	Aicore Usage Rate(%)           : 77
	Aivector Usage Rate(%)         : 5
	Aicpu Usage Rate(%)            : 0
	Ctrlcpu Usage Rate(%)          : 1
	DDR Bandwidth Usage Rate(%)    : 0
	HBM Bandwidth Usage Rate(%)    : 53
	NPU Utilization(%)             : 93
	Aicube Usage Rate(%)           : 71
	Get pid name failed.
	Process id:1810566 Process name:                  Process memory(MB):16006
Error: cannot run top on container fca65b17c7696be0978c024206dce045576ad0d5017576dab9c64493f5b57e1c as it did not create a cgroup: this container does not have a cgroup
timestamp_ns=1785750808745601818
	DDR Capacity(MB)               : 0
	DDR Usage Rate(%)              : 0
	DDR Hugepages Total(page)      : 0
	DDR Hugepages Usage Rate(%)    : 0
	HBM Capacity(MB)               : 65536
	HBM Usage Rate(%)              : 29
	Aicore Usage Rate(%)           : 81
	Aivector Usage Rate(%)         : 5
	Aicpu Usage Rate(%)            : 0
	Ctrlcpu Usage Rate(%)          : 8
	DDR Bandwidth Usage Rate(%)    : 0
	HBM Bandwidth Usage Rate(%)    : 53
	NPU Utilization(%)             : 89
	Aicube Usage Rate(%)           : 73
	Get pid name failed.
	Process id:1810566 Process name:                  Process memory(MB):16006
Error: cannot run top on container fca65b17c7696be0978c024206dce045576ad0d5017576dab9c64493f5b57e1c as it did not create a cgroup: this container does not have a cgroup
timestamp_ns=1785750810939159042
	DDR Capacity(MB)               : 0
	DDR Usage Rate(%)              : 0
	DDR Hugepages Total(page)      : 0
	DDR Hugepages Usage Rate(%)    : 0
	HBM Capacity(MB)               : 65536
	HBM Usage Rate(%)              : 29
	Aicore Usage Rate(%)           : 77
	Aivector Usage Rate(%)         : 5
	Aicpu Usage Rate(%)            : 0
	Ctrlcpu Usage Rate(%)          : 2
	DDR Bandwidth Usage Rate(%)    : 0
	HBM Bandwidth Usage Rate(%)    : 44
	NPU Utilization(%)             : 89
	Aicube Usage Rate(%)           : 71
	Get pid name failed.
	Process id:1810566 Process name:                  Process memory(MB):16006
Error: cannot run top on container fca65b17c7696be0978c024206dce045576ad0d5017576dab9c64493f5b57e1c as it did not create a cgroup: this container does not have a cgroup
timestamp_ns=1785750813082405581
	DDR Capacity(MB)               : 0
	DDR Usage Rate(%)              : 0
	DDR Hugepages Total(page)      : 0
	DDR Hugepages Usage Rate(%)    : 0
	HBM Capacity(MB)               : 65536
	HBM Usage Rate(%)              : 29
	Aicore Usage Rate(%)           : 72
	Aivector Usage Rate(%)         : 4
	Aicpu Usage Rate(%)            : 0
	Ctrlcpu Usage Rate(%)          : 2
	DDR Bandwidth Usage Rate(%)    : 0
	HBM Bandwidth Usage Rate(%)    : 53
	NPU Utilization(%)             : 86
	Aicube Usage Rate(%)           : 66
	Get pid name failed.
	Process id:1810566 Process name:                  Process memory(MB):16006
Error: cannot run top on container fca65b17c7696be0978c024206dce045576ad0d5017576dab9c64493f5b57e1c as it did not create a cgroup: this container does not have a cgroup
timestamp_ns=1785750815251432373
	DDR Capacity(MB)               : 0
	DDR Usage Rate(%)              : 0
	DDR Hugepages Total(page)      : 0
	DDR Hugepages Usage Rate(%)    : 0
	HBM Capacity(MB)               : 65536
	HBM Usage Rate(%)              : 29
	Aicore Usage Rate(%)           : 79
	Aivector Usage Rate(%)         : 5
	Aicpu Usage Rate(%)            : 0
	Ctrlcpu Usage Rate(%)          : 4
	DDR Bandwidth Usage Rate(%)    : 0
	HBM Bandwidth Usage Rate(%)    : 31
	NPU Utilization(%)             : 100
	Aicube Usage Rate(%)           : 72
	Get pid name failed.
	Process id:1810566 Process name:                  Process memory(MB):16006
Error: cannot run top on container fca65b17c7696be0978c024206dce045576ad0d5017576dab9c64493f5b57e1c as it did not create a cgroup: this container does not have a cgroup
timestamp_ns=1785750817395963433
	DDR Capacity(MB)               : 0
	DDR Usage Rate(%)              : 0
	DDR Hugepages Total(page)      : 0
	DDR Hugepages Usage Rate(%)    : 0
	HBM Capacity(MB)               : 65536
	HBM Usage Rate(%)              : 29
	Aicore Usage Rate(%)           : 77
	Aivector Usage Rate(%)         : 4
	Aicpu Usage Rate(%)            : 0
	Ctrlcpu Usage Rate(%)          : 0
	DDR Bandwidth Usage Rate(%)    : 0
	HBM Bandwidth Usage Rate(%)    : 53
	NPU Utilization(%)             : 86
	Aicube Usage Rate(%)           : 70
	Get pid name failed.
	Process id:1810566 Process name:                  Process memory(MB):16006
Error: cannot run top on container fca65b17c7696be0978c024206dce045576ad0d5017576dab9c64493f5b57e1c as it did not create a cgroup: this container does not have a cgroup
timestamp_ns=1785750819541205233
	DDR Capacity(MB)               : 0
	DDR Usage Rate(%)              : 0
	DDR Hugepages Total(page)      : 0
	DDR Hugepages Usage Rate(%)    : 0
	HBM Capacity(MB)               : 65536
	HBM Usage Rate(%)              : 29
	Aicore Usage Rate(%)           : 80
	Aivector Usage Rate(%)         : 5
	Aicpu Usage Rate(%)            : 0
	Ctrlcpu Usage Rate(%)          : 0
	DDR Bandwidth Usage Rate(%)    : 0
	HBM Bandwidth Usage Rate(%)    : 53
	NPU Utilization(%)             : 89
	Aicube Usage Rate(%)           : 73
	Get pid name failed.
	Process id:1810566 Process name:                  Process memory(MB):16006
Error: cannot run top on container fca65b17c7696be0978c024206dce045576ad0d5017576dab9c64493f5b57e1c as it did not create a cgroup: this container does not have a cgroup
timestamp_ns=1785750821684043327
	DDR Capacity(MB)               : 0
	DDR Usage Rate(%)              : 0
	DDR Hugepages Total(page)      : 0
	DDR Hugepages Usage Rate(%)    : 0
	HBM Capacity(MB)               : 65536
	HBM Usage Rate(%)              : 29
	Aicore Usage Rate(%)           : 80
	Aivector Usage Rate(%)         : 5
	Aicpu Usage Rate(%)            : 0
	Ctrlcpu Usage Rate(%)          : 1
	DDR Bandwidth Usage Rate(%)    : 0
	HBM Bandwidth Usage Rate(%)    : 53
	NPU Utilization(%)             : 86
	Aicube Usage Rate(%)           : 73
	Get pid name failed.
	Process id:1810566 Process name:                  Process memory(MB):16006
Error: cannot run top on container fca65b17c7696be0978c024206dce045576ad0d5017576dab9c64493f5b57e1c as it did not create a cgroup: this container does not have a cgroup
timestamp_ns=1785750823865524609
	DDR Capacity(MB)               : 0
	DDR Usage Rate(%)              : 0
	DDR Hugepages Total(page)      : 0
	DDR Hugepages Usage Rate(%)    : 0
	HBM Capacity(MB)               : 65536
	HBM Usage Rate(%)              : 29
	Aicore Usage Rate(%)           : 78
	Aivector Usage Rate(%)         : 5
	Aicpu Usage Rate(%)            : 0
	Ctrlcpu Usage Rate(%)          : 1
	DDR Bandwidth Usage Rate(%)    : 0
	HBM Bandwidth Usage Rate(%)    : 54
	NPU Utilization(%)             : 100
	Aicube Usage Rate(%)           : 71
	Get pid name failed.
	Process id:1810566 Process name:                  Process memory(MB):16006
Error: cannot run top on container fca65b17c7696be0978c024206dce045576ad0d5017576dab9c64493f5b57e1c as it did not create a cgroup: this container does not have a cgroup
timestamp_ns=1785750826041851698
	DDR Capacity(MB)               : 0
	DDR Usage Rate(%)              : 0
	DDR Hugepages Total(page)      : 0
	DDR Hugepages Usage Rate(%)    : 0
	HBM Capacity(MB)               : 65536
	HBM Usage Rate(%)              : 29
	Aicore Usage Rate(%)           : 78
	Aivector Usage Rate(%)         : 5
	Aicpu Usage Rate(%)            : 0
	Ctrlcpu Usage Rate(%)          : 5
	DDR Bandwidth Usage Rate(%)    : 0
	HBM Bandwidth Usage Rate(%)    : 53
	NPU Utilization(%)             : 89
	Aicube Usage Rate(%)           : 71
	Get pid name failed.
	Process id:1810566 Process name:                  Process memory(MB):16006
Error: cannot run top on container fca65b17c7696be0978c024206dce045576ad0d5017576dab9c64493f5b57e1c as it did not create a cgroup: this container does not have a cgroup
timestamp_ns=1785750828197001643
	DDR Capacity(MB)               : 0
	DDR Usage Rate(%)              : 0
	DDR Hugepages Total(page)      : 0
	DDR Hugepages Usage Rate(%)    : 0
	HBM Capacity(MB)               : 65536
	HBM Usage Rate(%)              : 29
	Aicore Usage Rate(%)           : 78
	Aivector Usage Rate(%)         : 4
	Aicpu Usage Rate(%)            : 0
	Ctrlcpu Usage Rate(%)          : 8
	DDR Bandwidth Usage Rate(%)    : 0
	HBM Bandwidth Usage Rate(%)    : 54
	NPU Utilization(%)             : 89
	Aicube Usage Rate(%)           : 71
	Get pid name failed.
	Process id:1810566 Process name:                  Process memory(MB):16006
Error: cannot run top on container fca65b17c7696be0978c024206dce045576ad0d5017576dab9c64493f5b57e1c as it did not create a cgroup: this container does not have a cgroup
timestamp_ns=1785750830369151918
	DDR Capacity(MB)               : 0
	DDR Usage Rate(%)              : 0
	DDR Hugepages Total(page)      : 0
	DDR Hugepages Usage Rate(%)    : 0
	HBM Capacity(MB)               : 65536
	HBM Usage Rate(%)              : 29
	Aicore Usage Rate(%)           : 78
	Aivector Usage Rate(%)         : 5
	Aicpu Usage Rate(%)            : 0
	Ctrlcpu Usage Rate(%)          : 8
	DDR Bandwidth Usage Rate(%)    : 0
	HBM Bandwidth Usage Rate(%)    : 53
	NPU Utilization(%)             : 86
	Aicube Usage Rate(%)           : 71
	Get pid name failed.
	Process id:1810566 Process name:                  Process memory(MB):16006
Error: cannot run top on container fca65b17c7696be0978c024206dce045576ad0d5017576dab9c64493f5b57e1c as it did not create a cgroup: this container does not have a cgroup
timestamp_ns=1785750832542422127
	DDR Capacity(MB)               : 0
	DDR Usage Rate(%)              : 0
	DDR Hugepages Total(page)      : 0
	DDR Hugepages Usage Rate(%)    : 0
	HBM Capacity(MB)               : 65536
	HBM Usage Rate(%)              : 29
	Aicore Usage Rate(%)           : 80
	Aivector Usage Rate(%)         : 5
	Aicpu Usage Rate(%)            : 0
	Ctrlcpu Usage Rate(%)          : 8
	DDR Bandwidth Usage Rate(%)    : 0
	HBM Bandwidth Usage Rate(%)    : 53
	NPU Utilization(%)             : 93
	Aicube Usage Rate(%)           : 73
	Get pid name failed.
	Process id:1810566 Process name:                  Process memory(MB):16006
Error: cannot run top on container fca65b17c7696be0978c024206dce045576ad0d5017576dab9c64493f5b57e1c as it did not create a cgroup: this container does not have a cgroup
timestamp_ns=1785750834697539544
	DDR Capacity(MB)               : 0
	DDR Usage Rate(%)              : 0
	DDR Hugepages Total(page)      : 0
	DDR Hugepages Usage Rate(%)    : 0
	HBM Capacity(MB)               : 65536
	HBM Usage Rate(%)              : 29
	Aicore Usage Rate(%)           : 79
	Aivector Usage Rate(%)         : 4
	Aicpu Usage Rate(%)            : 0
	Ctrlcpu Usage Rate(%)          : 3
	DDR Bandwidth Usage Rate(%)    : 0
	HBM Bandwidth Usage Rate(%)    : 53
	NPU Utilization(%)             : 86
	Aicube Usage Rate(%)           : 71
	Get pid name failed.
	Process id:1810566 Process name:                  Process memory(MB):16006
Error: cannot run top on container fca65b17c7696be0978c024206dce045576ad0d5017576dab9c64493f5b57e1c as it did not create a cgroup: this container does not have a cgroup
timestamp_ns=1785750836867167955
	DDR Capacity(MB)               : 0
	DDR Usage Rate(%)              : 0
	DDR Hugepages Total(page)      : 0
	DDR Hugepages Usage Rate(%)    : 0
	HBM Capacity(MB)               : 65536
	HBM Usage Rate(%)              : 29
	Aicore Usage Rate(%)           : 77
	Aivector Usage Rate(%)         : 5
	Aicpu Usage Rate(%)            : 0
	Ctrlcpu Usage Rate(%)          : 5
	DDR Bandwidth Usage Rate(%)    : 0
	HBM Bandwidth Usage Rate(%)    : 53
	NPU Utilization(%)             : 96
	Aicube Usage Rate(%)           : 71
	Get pid name failed.
	Process id:1810566 Process name:                  Process memory(MB):16006
Error: cannot run top on container fca65b17c7696be0978c024206dce045576ad0d5017576dab9c64493f5b57e1c as it did not create a cgroup: this container does not have a cgroup
timestamp_ns=1785750839017790729
	DDR Capacity(MB)               : 0
	DDR Usage Rate(%)              : 0
	DDR Hugepages Total(page)      : 0
	DDR Hugepages Usage Rate(%)    : 0
	HBM Capacity(MB)               : 65536
	HBM Usage Rate(%)              : 29
	Aicore Usage Rate(%)           : 79
	Aivector Usage Rate(%)         : 5
	Aicpu Usage Rate(%)            : 0
	Ctrlcpu Usage Rate(%)          : 5
	DDR Bandwidth Usage Rate(%)    : 0
	HBM Bandwidth Usage Rate(%)    : 53
	NPU Utilization(%)             : 89
	Aicube Usage Rate(%)           : 72
	Get pid name failed.
	Process id:1810566 Process name:                  Process memory(MB):16006
Error: cannot run top on container fca65b17c7696be0978c024206dce045576ad0d5017576dab9c64493f5b57e1c as it did not create a cgroup: this container does not have a cgroup
timestamp_ns=1785750841165441601
	DDR Capacity(MB)               : 0
	DDR Usage Rate(%)              : 0
	DDR Hugepages Total(page)      : 0
	DDR Hugepages Usage Rate(%)    : 0
	HBM Capacity(MB)               : 65536
	HBM Usage Rate(%)              : 29
	Aicore Usage Rate(%)           : 78
	Aivector Usage Rate(%)         : 5
	Aicpu Usage Rate(%)            : 0
	Ctrlcpu Usage Rate(%)          : 3
	DDR Bandwidth Usage Rate(%)    : 0
	HBM Bandwidth Usage Rate(%)    : 53
	NPU Utilization(%)             : 93
	Aicube Usage Rate(%)           : 72
	Get pid name failed.
	Process id:1810566 Process name:                  Process memory(MB):16006
Error: cannot run top on container fca65b17c7696be0978c024206dce045576ad0d5017576dab9c64493f5b57e1c as it did not create a cgroup: this container does not have a cgroup
timestamp_ns=1785750843353786709
	DDR Capacity(MB)               : 0
	DDR Usage Rate(%)              : 0
	DDR Hugepages Total(page)      : 0
	DDR Hugepages Usage Rate(%)    : 0
	HBM Capacity(MB)               : 65536
	HBM Usage Rate(%)              : 29
	Aicore Usage Rate(%)           : 79
	Aivector Usage Rate(%)         : 5
	Aicpu Usage Rate(%)            : 0
	Ctrlcpu Usage Rate(%)          : 4
	DDR Bandwidth Usage Rate(%)    : 0
	HBM Bandwidth Usage Rate(%)    : 54
	NPU Utilization(%)             : 93
	Aicube Usage Rate(%)           : 71
	Get pid name failed.
	Process id:1810566 Process name:                  Process memory(MB):16006
Error: cannot run top on container fca65b17c7696be0978c024206dce045576ad0d5017576dab9c64493f5b57e1c as it did not create a cgroup: this container does not have a cgroup
timestamp_ns=1785750845525571875
	DDR Capacity(MB)               : 0
	DDR Usage Rate(%)              : 0
	DDR Hugepages Total(page)      : 0
	DDR Hugepages Usage Rate(%)    : 0
	HBM Capacity(MB)               : 65536
	HBM Usage Rate(%)              : 29
	Aicore Usage Rate(%)           : 81
	Aivector Usage Rate(%)         : 5
	Aicpu Usage Rate(%)            : 0
	Ctrlcpu Usage Rate(%)          : 5
	DDR Bandwidth Usage Rate(%)    : 0
	HBM Bandwidth Usage Rate(%)    : 53
	NPU Utilization(%)             : 89
	Aicube Usage Rate(%)           : 74
	Get pid name failed.
	Process id:1810566 Process name:                  Process memory(MB):16006
Error: cannot run top on container fca65b17c7696be0978c024206dce045576ad0d5017576dab9c64493f5b57e1c as it did not create a cgroup: this container does not have a cgroup
timestamp_ns=1785750847670755508
	DDR Capacity(MB)               : 0
	DDR Usage Rate(%)              : 0
	DDR Hugepages Total(page)      : 0
	DDR Hugepages Usage Rate(%)    : 0
	HBM Capacity(MB)               : 65536
	HBM Usage Rate(%)              : 29
	Aicore Usage Rate(%)           : 79
	Aivector Usage Rate(%)         : 5
	Aicpu Usage Rate(%)            : 0
	Ctrlcpu Usage Rate(%)          : 2
	DDR Bandwidth Usage Rate(%)    : 0
	HBM Bandwidth Usage Rate(%)    : 53
	NPU Utilization(%)             : 89
	Aicube Usage Rate(%)           : 72
	Get pid name failed.
	Process id:1810566 Process name:                  Process memory(MB):16006
Error: cannot run top on container fca65b17c7696be0978c024206dce045576ad0d5017576dab9c64493f5b57e1c as it did not create a cgroup: this container does not have a cgroup
timestamp_ns=1785750849847508041
	DDR Capacity(MB)               : 0
	DDR Usage Rate(%)              : 0
	DDR Hugepages Total(page)      : 0
	DDR Hugepages Usage Rate(%)    : 0
	HBM Capacity(MB)               : 65536
	HBM Usage Rate(%)              : 29
	Aicore Usage Rate(%)           : 78
	Aivector Usage Rate(%)         : 5
	Aicpu Usage Rate(%)            : 0
	Ctrlcpu Usage Rate(%)          : 2
	DDR Bandwidth Usage Rate(%)    : 0
	HBM Bandwidth Usage Rate(%)    : 22
	NPU Utilization(%)             : 93
	Aicube Usage Rate(%)           : 71
	Get pid name failed.
	Process id:1810566 Process name:                  Process memory(MB):16006
Error: cannot run top on container fca65b17c7696be0978c024206dce045576ad0d5017576dab9c64493f5b57e1c as it did not create a cgroup: this container does not have a cgroup
timestamp_ns=1785750852000171627
	DDR Capacity(MB)               : 0
	DDR Usage Rate(%)              : 0
	DDR Hugepages Total(page)      : 0
	DDR Hugepages Usage Rate(%)    : 0
	HBM Capacity(MB)               : 65536
	HBM Usage Rate(%)              : 29
	Aicore Usage Rate(%)           : 79
	Aivector Usage Rate(%)         : 5
	Aicpu Usage Rate(%)            : 0
	Ctrlcpu Usage Rate(%)          : 6
	DDR Bandwidth Usage Rate(%)    : 0
	HBM Bandwidth Usage Rate(%)    : 53
	NPU Utilization(%)             : 96
	Aicube Usage Rate(%)           : 72
	Get pid name failed.
	Process id:1810566 Process name:                  Process memory(MB):16006
Error: cannot run top on container fca65b17c7696be0978c024206dce045576ad0d5017576dab9c64493f5b57e1c as it did not create a cgroup: this container does not have a cgroup
timestamp_ns=1785750854163638269
	DDR Capacity(MB)               : 0
	DDR Usage Rate(%)              : 0
	DDR Hugepages Total(page)      : 0
	DDR Hugepages Usage Rate(%)    : 0
	HBM Capacity(MB)               : 65536
	HBM Usage Rate(%)              : 29
	Aicore Usage Rate(%)           : 76
	Aivector Usage Rate(%)         : 5
	Aicpu Usage Rate(%)            : 0
	Ctrlcpu Usage Rate(%)          : 2
	DDR Bandwidth Usage Rate(%)    : 0
	HBM Bandwidth Usage Rate(%)    : 45
	NPU Utilization(%)             : 96
	Aicube Usage Rate(%)           : 70
	Get pid name failed.
	Process id:1810566 Process name:                  Process memory(MB):16006
Error: cannot run top on container fca65b17c7696be0978c024206dce045576ad0d5017576dab9c64493f5b57e1c as it did not create a cgroup: this container does not have a cgroup
timestamp_ns=1785750856320105504
	DDR Capacity(MB)               : 0
	DDR Usage Rate(%)              : 0
	DDR Hugepages Total(page)      : 0
	DDR Hugepages Usage Rate(%)    : 0
	HBM Capacity(MB)               : 65536
	HBM Usage Rate(%)              : 29
	Aicore Usage Rate(%)           : 82
	Aivector Usage Rate(%)         : 5
	Aicpu Usage Rate(%)            : 0
	Ctrlcpu Usage Rate(%)          : 5
	DDR Bandwidth Usage Rate(%)    : 0
	HBM Bandwidth Usage Rate(%)    : 53
	NPU Utilization(%)             : 93
	Aicube Usage Rate(%)           : 74
	Get pid name failed.
	Process id:1810566 Process name:                  Process memory(MB):16006
Error: cannot run top on container fca65b17c7696be0978c024206dce045576ad0d5017576dab9c64493f5b57e1c as it did not create a cgroup: this container does not have a cgroup
timestamp_ns=1785750858464535847
	DDR Capacity(MB)               : 0
	DDR Usage Rate(%)              : 0
	DDR Hugepages Total(page)      : 0
	DDR Hugepages Usage Rate(%)    : 0
	HBM Capacity(MB)               : 65536
	HBM Usage Rate(%)              : 29
	Aicore Usage Rate(%)           : 81
	Aivector Usage Rate(%)         : 5
	Aicpu Usage Rate(%)            : 0
	Ctrlcpu Usage Rate(%)          : 5
	DDR Bandwidth Usage Rate(%)    : 0
	HBM Bandwidth Usage Rate(%)    : 53
	NPU Utilization(%)             : 93
	Aicube Usage Rate(%)           : 74
	Get pid name failed.
	Process id:1810566 Process name:                  Process memory(MB):16006
Error: cannot run top on container fca65b17c7696be0978c024206dce045576ad0d5017576dab9c64493f5b57e1c as it did not create a cgroup: this container does not have a cgroup
timestamp_ns=1785750860605505533
	DDR Capacity(MB)               : 0
	DDR Usage Rate(%)              : 0
	DDR Hugepages Total(page)      : 0
	DDR Hugepages Usage Rate(%)    : 0
	HBM Capacity(MB)               : 65536
	HBM Usage Rate(%)              : 29
	Aicore Usage Rate(%)           : 79
	Aivector Usage Rate(%)         : 5
	Aicpu Usage Rate(%)            : 0
	Ctrlcpu Usage Rate(%)          : 5
	DDR Bandwidth Usage Rate(%)    : 0
	HBM Bandwidth Usage Rate(%)    : 54
	NPU Utilization(%)             : 93
	Aicube Usage Rate(%)           : 71
	Get pid name failed.
	Process id:1810566 Process name:                  Process memory(MB):16006
Error: cannot run top on container fca65b17c7696be0978c024206dce045576ad0d5017576dab9c64493f5b57e1c as it did not create a cgroup: this container does not have a cgroup
timestamp_ns=1785750862770925708
	DDR Capacity(MB)               : 0
	DDR Usage Rate(%)              : 0
	DDR Hugepages Total(page)      : 0
	DDR Hugepages Usage Rate(%)    : 0
	HBM Capacity(MB)               : 65536
	HBM Usage Rate(%)              : 29
	Aicore Usage Rate(%)           : 76
	Aivector Usage Rate(%)         : 5
	Aicpu Usage Rate(%)            : 0
	Ctrlcpu Usage Rate(%)          : 6
	DDR Bandwidth Usage Rate(%)    : 0
	HBM Bandwidth Usage Rate(%)    : 53
	NPU Utilization(%)             : 96
	Aicube Usage Rate(%)           : 70
	Get pid name failed.
	Process id:1810566 Process name:                  Process memory(MB):16006
Error: cannot run top on container fca65b17c7696be0978c024206dce045576ad0d5017576dab9c64493f5b57e1c as it did not create a cgroup: this container does not have a cgroup
timestamp_ns=1785750864925498792
	DDR Capacity(MB)               : 0
	DDR Usage Rate(%)              : 0
	DDR Hugepages Total(page)      : 0
	DDR Hugepages Usage Rate(%)    : 0
	HBM Capacity(MB)               : 65536
	HBM Usage Rate(%)              : 29
	Aicore Usage Rate(%)           : 79
	Aivector Usage Rate(%)         : 4
	Aicpu Usage Rate(%)            : 0
	Ctrlcpu Usage Rate(%)          : 1
	DDR Bandwidth Usage Rate(%)    : 0
	HBM Bandwidth Usage Rate(%)    : 52
	NPU Utilization(%)             : 93
	Aicube Usage Rate(%)           : 71
	Get pid name failed.
	Process id:1810566 Process name:                  Process memory(MB):16006
Error: cannot run top on container fca65b17c7696be0978c024206dce045576ad0d5017576dab9c64493f5b57e1c as it did not create a cgroup: this container does not have a cgroup
timestamp_ns=1785750867085321803
	DDR Capacity(MB)               : 0
	DDR Usage Rate(%)              : 0
	DDR Hugepages Total(page)      : 0
	DDR Hugepages Usage Rate(%)    : 0
	HBM Capacity(MB)               : 65536
	HBM Usage Rate(%)              : 29
	Aicore Usage Rate(%)           : 77
	Aivector Usage Rate(%)         : 5
	Aicpu Usage Rate(%)            : 0
	Ctrlcpu Usage Rate(%)          : 1
	DDR Bandwidth Usage Rate(%)    : 0
	HBM Bandwidth Usage Rate(%)    : 53
	NPU Utilization(%)             : 93
	Aicube Usage Rate(%)           : 71
	Get pid name failed.
	Process id:1810566 Process name:                  Process memory(MB):16006
Error: cannot run top on container fca65b17c7696be0978c024206dce045576ad0d5017576dab9c64493f5b57e1c as it did not create a cgroup: this container does not have a cgroup
timestamp_ns=1785750869249484711
	DDR Capacity(MB)               : 0
	DDR Usage Rate(%)              : 0
	DDR Hugepages Total(page)      : 0
	DDR Hugepages Usage Rate(%)    : 0
	HBM Capacity(MB)               : 65536
	HBM Usage Rate(%)              : 29
	Aicore Usage Rate(%)           : 79
	Aivector Usage Rate(%)         : 5
	Aicpu Usage Rate(%)            : 0
	Ctrlcpu Usage Rate(%)          : 4
	DDR Bandwidth Usage Rate(%)    : 0
	HBM Bandwidth Usage Rate(%)    : 53
	NPU Utilization(%)             : 93
	Aicube Usage Rate(%)           : 72
	Get pid name failed.
	Process id:1810566 Process name:                  Process memory(MB):16006
Error: cannot run top on container fca65b17c7696be0978c024206dce045576ad0d5017576dab9c64493f5b57e1c as it did not create a cgroup: this container does not have a cgroup
timestamp_ns=1785750871403339439
	DDR Capacity(MB)               : 0
	DDR Usage Rate(%)              : 0
	DDR Hugepages Total(page)      : 0
	DDR Hugepages Usage Rate(%)    : 0
	HBM Capacity(MB)               : 65536
	HBM Usage Rate(%)              : 29
	Aicore Usage Rate(%)           : 77
	Aivector Usage Rate(%)         : 5
	Aicpu Usage Rate(%)            : 0
	Ctrlcpu Usage Rate(%)          : 5
	DDR Bandwidth Usage Rate(%)    : 0
	HBM Bandwidth Usage Rate(%)    : 53
	NPU Utilization(%)             : 93
	Aicube Usage Rate(%)           : 71
	Get pid name failed.
	Process id:1810566 Process name:                  Process memory(MB):16006
Error: cannot run top on container fca65b17c7696be0978c024206dce045576ad0d5017576dab9c64493f5b57e1c as it did not create a cgroup: this container does not have a cgroup
timestamp_ns=1785750873550877121
	DDR Capacity(MB)               : 0
	DDR Usage Rate(%)              : 0
	DDR Hugepages Total(page)      : 0
	DDR Hugepages Usage Rate(%)    : 0
	HBM Capacity(MB)               : 65536
	HBM Usage Rate(%)              : 29
	Aicore Usage Rate(%)           : 79
	Aivector Usage Rate(%)         : 5
	Aicpu Usage Rate(%)            : 0
	Ctrlcpu Usage Rate(%)          : 5
	DDR Bandwidth Usage Rate(%)    : 0
	HBM Bandwidth Usage Rate(%)    : 52
	NPU Utilization(%)             : 93
	Aicube Usage Rate(%)           : 71
	Get pid name failed.
	Process id:1810566 Process name:                  Process memory(MB):16006
Error: cannot run top on container fca65b17c7696be0978c024206dce045576ad0d5017576dab9c64493f5b57e1c as it did not create a cgroup: this container does not have a cgroup
timestamp_ns=1785750875726941618
	DDR Capacity(MB)               : 0
	DDR Usage Rate(%)              : 0
	DDR Hugepages Total(page)      : 0
	DDR Hugepages Usage Rate(%)    : 0
	HBM Capacity(MB)               : 65536
	HBM Usage Rate(%)              : 29
	Aicore Usage Rate(%)           : 79
	Aivector Usage Rate(%)         : 5
	Aicpu Usage Rate(%)            : 0
	Ctrlcpu Usage Rate(%)          : 5
	DDR Bandwidth Usage Rate(%)    : 0
	HBM Bandwidth Usage Rate(%)    : 53
	NPU Utilization(%)             : 96
	Aicube Usage Rate(%)           : 72
	Get pid name failed.
	Process id:1810566 Process name:                  Process memory(MB):16006
Error: cannot run top on container fca65b17c7696be0978c024206dce045576ad0d5017576dab9c64493f5b57e1c as it did not create a cgroup: this container does not have a cgroup
timestamp_ns=1785750877881460984
	DDR Capacity(MB)               : 0
	DDR Usage Rate(%)              : 0
	DDR Hugepages Total(page)      : 0
	DDR Hugepages Usage Rate(%)    : 0
	HBM Capacity(MB)               : 65536
	HBM Usage Rate(%)              : 29
	Aicore Usage Rate(%)           : 78
	Aivector Usage Rate(%)         : 5
	Aicpu Usage Rate(%)            : 0
	Ctrlcpu Usage Rate(%)          : 4
	DDR Bandwidth Usage Rate(%)    : 0
	HBM Bandwidth Usage Rate(%)    : 54
	NPU Utilization(%)             : 93
	Aicube Usage Rate(%)           : 71
	Get pid name failed.
	Process id:1810566 Process name:                  Process memory(MB):16006
Error: cannot run top on container fca65b17c7696be0978c024206dce045576ad0d5017576dab9c64493f5b57e1c as it did not create a cgroup: this container does not have a cgroup
timestamp_ns=1785750880028834958
	DDR Capacity(MB)               : 0
	DDR Usage Rate(%)              : 0
	DDR Hugepages Total(page)      : 0
	DDR Hugepages Usage Rate(%)    : 0
	HBM Capacity(MB)               : 65536
	HBM Usage Rate(%)              : 29
	Aicore Usage Rate(%)           : 78
	Aivector Usage Rate(%)         : 5
	Aicpu Usage Rate(%)            : 0
	Ctrlcpu Usage Rate(%)          : 2
	DDR Bandwidth Usage Rate(%)    : 0
	HBM Bandwidth Usage Rate(%)    : 53
	NPU Utilization(%)             : 86
	Aicube Usage Rate(%)           : 71
	Get pid name failed.
	Process id:1810566 Process name:                  Process memory(MB):16006
Error: cannot run top on container fca65b17c7696be0978c024206dce045576ad0d5017576dab9c64493f5b57e1c as it did not create a cgroup: this container does not have a cgroup
timestamp_ns=1785750882193531179
	DDR Capacity(MB)               : 0
	DDR Usage Rate(%)              : 0
	DDR Hugepages Total(page)      : 0
	DDR Hugepages Usage Rate(%)    : 0
	HBM Capacity(MB)               : 65536
	HBM Usage Rate(%)              : 29
	Aicore Usage Rate(%)           : 48
	Aivector Usage Rate(%)         : 11
	Aicpu Usage Rate(%)            : 0
	Ctrlcpu Usage Rate(%)          : 5
	DDR Bandwidth Usage Rate(%)    : 0
	HBM Bandwidth Usage Rate(%)    : 53
	NPU Utilization(%)             : 86
	Aicube Usage Rate(%)           : 36
	Get pid name failed.
	Process id:1810566 Process name:                  Process memory(MB):16006
Error: cannot run top on container fca65b17c7696be0978c024206dce045576ad0d5017576dab9c64493f5b57e1c as it did not create a cgroup: this container does not have a cgroup
timestamp_ns=1785750884359451019
	DDR Capacity(MB)               : 0
	DDR Usage Rate(%)              : 0
	DDR Hugepages Total(page)      : 0
	DDR Hugepages Usage Rate(%)    : 0
	HBM Capacity(MB)               : 65536
	HBM Usage Rate(%)              : 29
	Aicore Usage Rate(%)           : 79
	Aivector Usage Rate(%)         : 5
	Aicpu Usage Rate(%)            : 0
	Ctrlcpu Usage Rate(%)          : 5
	DDR Bandwidth Usage Rate(%)    : 0
	HBM Bandwidth Usage Rate(%)    : 26
	NPU Utilization(%)             : 86
	Aicube Usage Rate(%)           : 72
	Get pid name failed.
	Process id:1810566 Process name:                  Process memory(MB):16006
Error: cannot run top on container fca65b17c7696be0978c024206dce045576ad0d5017576dab9c64493f5b57e1c as it did not create a cgroup: this container does not have a cgroup
timestamp_ns=1785750886524084048
	DDR Capacity(MB)               : 0
	DDR Usage Rate(%)              : 0
	DDR Hugepages Total(page)      : 0
	DDR Hugepages Usage Rate(%)    : 0
	HBM Capacity(MB)               : 65536
	HBM Usage Rate(%)              : 29
	Aicore Usage Rate(%)           : 78
	Aivector Usage Rate(%)         : 5
	Aicpu Usage Rate(%)            : 0
	Ctrlcpu Usage Rate(%)          : 0
	DDR Bandwidth Usage Rate(%)    : 0
	HBM Bandwidth Usage Rate(%)    : 39
	NPU Utilization(%)             : 78
	Aicube Usage Rate(%)           : 72
	Get pid name failed.
	Process id:1810566 Process name:                  Process memory(MB):16006
Error: cannot run top on container fca65b17c7696be0978c024206dce045576ad0d5017576dab9c64493f5b57e1c as it did not create a cgroup: this container does not have a cgroup
timestamp_ns=1785750888674163440
	DDR Capacity(MB)               : 0
	DDR Usage Rate(%)              : 0
	DDR Hugepages Total(page)      : 0
	DDR Hugepages Usage Rate(%)    : 0
	HBM Capacity(MB)               : 65536
	HBM Usage Rate(%)              : 29
	Aicore Usage Rate(%)           : 80
	Aivector Usage Rate(%)         : 5
	Aicpu Usage Rate(%)            : 0
	Ctrlcpu Usage Rate(%)          : 4
	DDR Bandwidth Usage Rate(%)    : 0
	HBM Bandwidth Usage Rate(%)    : 53
	NPU Utilization(%)             : 100
	Aicube Usage Rate(%)           : 72
	Get pid name failed.
	Process id:1810566 Process name:                  Process memory(MB):16006
Error: cannot run top on container fca65b17c7696be0978c024206dce045576ad0d5017576dab9c64493f5b57e1c as it did not create a cgroup: this container does not have a cgroup
timestamp_ns=1785750890820274088
	DDR Capacity(MB)               : 0
	DDR Usage Rate(%)              : 0
	DDR Hugepages Total(page)      : 0
	DDR Hugepages Usage Rate(%)    : 0
	HBM Capacity(MB)               : 65536
	HBM Usage Rate(%)              : 29
	Aicore Usage Rate(%)           : 79
	Aivector Usage Rate(%)         : 5
	Aicpu Usage Rate(%)            : 0
	Ctrlcpu Usage Rate(%)          : 1
	DDR Bandwidth Usage Rate(%)    : 0
	HBM Bandwidth Usage Rate(%)    : 54
	NPU Utilization(%)             : 100
	Aicube Usage Rate(%)           : 73
	Get pid name failed.
	Process id:1810566 Process name:                  Process memory(MB):16006
Error: cannot run top on container fca65b17c7696be0978c024206dce045576ad0d5017576dab9c64493f5b57e1c as it did not create a cgroup: this container does not have a cgroup
timestamp_ns=1785750892969635713
	DDR Capacity(MB)               : 0
	DDR Usage Rate(%)              : 0
	DDR Hugepages Total(page)      : 0
	DDR Hugepages Usage Rate(%)    : 0
	HBM Capacity(MB)               : 65536
	HBM Usage Rate(%)              : 29
	Aicore Usage Rate(%)           : 77
	Aivector Usage Rate(%)         : 5
	Aicpu Usage Rate(%)            : 0
	Ctrlcpu Usage Rate(%)          : 7
	DDR Bandwidth Usage Rate(%)    : 0
	HBM Bandwidth Usage Rate(%)    : 53
	NPU Utilization(%)             : 96
	Aicube Usage Rate(%)           : 71
	Get pid name failed.
	Process id:1810566 Process name:                  Process memory(MB):16006
Error: cannot run top on container fca65b17c7696be0978c024206dce045576ad0d5017576dab9c64493f5b57e1c as it did not create a cgroup: this container does not have a cgroup
timestamp_ns=1785750895146557880
	DDR Capacity(MB)               : 0
	DDR Usage Rate(%)              : 0
	DDR Hugepages Total(page)      : 0
	DDR Hugepages Usage Rate(%)    : 0
	HBM Capacity(MB)               : 65536
	HBM Usage Rate(%)              : 29
	Aicore Usage Rate(%)           : 77
	Aivector Usage Rate(%)         : 5
	Aicpu Usage Rate(%)            : 0
	Ctrlcpu Usage Rate(%)          : 0
	DDR Bandwidth Usage Rate(%)    : 0
	HBM Bandwidth Usage Rate(%)    : 54
	NPU Utilization(%)             : 89
	Aicube Usage Rate(%)           : 71
	Get pid name failed.
	Process id:1810566 Process name:                  Process memory(MB):16006
Error: cannot run top on container fca65b17c7696be0978c024206dce045576ad0d5017576dab9c64493f5b57e1c as it did not create a cgroup: this container does not have a cgroup
timestamp_ns=1785750897306914580
	DDR Capacity(MB)               : 0
	DDR Usage Rate(%)              : 0
	DDR Hugepages Total(page)      : 0
	DDR Hugepages Usage Rate(%)    : 0
	HBM Capacity(MB)               : 65536
	HBM Usage Rate(%)              : 29
	Aicore Usage Rate(%)           : 77
	Aivector Usage Rate(%)         : 5
	Aicpu Usage Rate(%)            : 0
	Ctrlcpu Usage Rate(%)          : 2
	DDR Bandwidth Usage Rate(%)    : 0
	HBM Bandwidth Usage Rate(%)    : 53
	NPU Utilization(%)             : 79
	Aicube Usage Rate(%)           : 71
	Get pid name failed.
	Process id:1810566 Process name:                  Process memory(MB):16006
Error: cannot run top on container fca65b17c7696be0978c024206dce045576ad0d5017576dab9c64493f5b57e1c as it did not create a cgroup: this container does not have a cgroup
timestamp_ns=1785750899452297576
	DDR Capacity(MB)               : 0
	DDR Usage Rate(%)              : 0
	DDR Hugepages Total(page)      : 0
	DDR Hugepages Usage Rate(%)    : 0
	HBM Capacity(MB)               : 65536
	HBM Usage Rate(%)              : 29
	Aicore Usage Rate(%)           : 77
	Aivector Usage Rate(%)         : 5
	Aicpu Usage Rate(%)            : 0
	Ctrlcpu Usage Rate(%)          : 3
	DDR Bandwidth Usage Rate(%)    : 0
	HBM Bandwidth Usage Rate(%)    : 53
	NPU Utilization(%)             : 89
	Aicube Usage Rate(%)           : 71
	Get pid name failed.
	Process id:1810566 Process name:                  Process memory(MB):16006
Error: cannot run top on container fca65b17c7696be0978c024206dce045576ad0d5017576dab9c64493f5b57e1c as it did not create a cgroup: this container does not have a cgroup
timestamp_ns=1785750901602085208
	DDR Capacity(MB)               : 0
	DDR Usage Rate(%)              : 0
	DDR Hugepages Total(page)      : 0
	DDR Hugepages Usage Rate(%)    : 0
	HBM Capacity(MB)               : 65536
	HBM Usage Rate(%)              : 29
	Aicore Usage Rate(%)           : 78
	Aivector Usage Rate(%)         : 5
	Aicpu Usage Rate(%)            : 0
	Ctrlcpu Usage Rate(%)          : 3
	DDR Bandwidth Usage Rate(%)    : 0
	HBM Bandwidth Usage Rate(%)    : 53
	NPU Utilization(%)             : 100
	Aicube Usage Rate(%)           : 71
	Get pid name failed.
	Process id:1810566 Process name:                  Process memory(MB):16006
Error: cannot run top on container fca65b17c7696be0978c024206dce045576ad0d5017576dab9c64493f5b57e1c as it did not create a cgroup: this container does not have a cgroup
timestamp_ns=1785750903766186200
	DDR Capacity(MB)               : 0
	DDR Usage Rate(%)              : 0
	DDR Hugepages Total(page)      : 0
	DDR Hugepages Usage Rate(%)    : 0
	HBM Capacity(MB)               : 65536
	HBM Usage Rate(%)              : 29
	Aicore Usage Rate(%)           : 80
	Aivector Usage Rate(%)         : 5
	Aicpu Usage Rate(%)            : 0
	Ctrlcpu Usage Rate(%)          : 3
	DDR Bandwidth Usage Rate(%)    : 0
	HBM Bandwidth Usage Rate(%)    : 53
	NPU Utilization(%)             : 86
	Aicube Usage Rate(%)           : 74
	Get pid name failed.
	Process id:1810566 Process name:                  Process memory(MB):16006
Error: cannot run top on container fca65b17c7696be0978c024206dce045576ad0d5017576dab9c64493f5b57e1c as it did not create a cgroup: this container does not have a cgroup
timestamp_ns=1785750905912533234
	DDR Capacity(MB)               : 0
	DDR Usage Rate(%)              : 0
	DDR Hugepages Total(page)      : 0
	DDR Hugepages Usage Rate(%)    : 0
	HBM Capacity(MB)               : 65536
	HBM Usage Rate(%)              : 29
	Aicore Usage Rate(%)           : 77
	Aivector Usage Rate(%)         : 5
	Aicpu Usage Rate(%)            : 0
	Ctrlcpu Usage Rate(%)          : 3
	DDR Bandwidth Usage Rate(%)    : 0
	HBM Bandwidth Usage Rate(%)    : 53
	NPU Utilization(%)             : 86
	Aicube Usage Rate(%)           : 71
	Get pid name failed.
	Process id:1810566 Process name:                  Process memory(MB):16006
Error: cannot run top on container fca65b17c7696be0978c024206dce045576ad0d5017576dab9c64493f5b57e1c as it did not create a cgroup: this container does not have a cgroup
timestamp_ns=1785750908067802996
	DDR Capacity(MB)               : 0
	DDR Usage Rate(%)              : 0
	DDR Hugepages Total(page)      : 0
	DDR Hugepages Usage Rate(%)    : 0
	HBM Capacity(MB)               : 65536
	HBM Usage Rate(%)              : 29
	Aicore Usage Rate(%)           : 77
	Aivector Usage Rate(%)         : 5
	Aicpu Usage Rate(%)            : 0
	Ctrlcpu Usage Rate(%)          : 4
	DDR Bandwidth Usage Rate(%)    : 0
	HBM Bandwidth Usage Rate(%)    : 53
	NPU Utilization(%)             : 89
	Aicube Usage Rate(%)           : 71
	Get pid name failed.
	Process id:1810566 Process name:                  Process memory(MB):16006
Error: cannot run top on container fca65b17c7696be0978c024206dce045576ad0d5017576dab9c64493f5b57e1c as it did not create a cgroup: this container does not have a cgroup
timestamp_ns=1785750910210337741
	DDR Capacity(MB)               : 0
	DDR Usage Rate(%)              : 0
	DDR Hugepages Total(page)      : 0
	DDR Hugepages Usage Rate(%)    : 0
	HBM Capacity(MB)               : 65536
	HBM Usage Rate(%)              : 29
	Aicore Usage Rate(%)           : 81
	Aivector Usage Rate(%)         : 5
	Aicpu Usage Rate(%)            : 0
	Ctrlcpu Usage Rate(%)          : 3
	DDR Bandwidth Usage Rate(%)    : 0
	HBM Bandwidth Usage Rate(%)    : 54
	NPU Utilization(%)             : 86
	Aicube Usage Rate(%)           : 73
	Get pid name failed.
	Process id:1810566 Process name:                  Process memory(MB):16006
Error: cannot run top on container fca65b17c7696be0978c024206dce045576ad0d5017576dab9c64493f5b57e1c as it did not create a cgroup: this container does not have a cgroup
timestamp_ns=1785750912350705065
	DDR Capacity(MB)               : 0
	DDR Usage Rate(%)              : 0
	DDR Hugepages Total(page)      : 0
	DDR Hugepages Usage Rate(%)    : 0
	HBM Capacity(MB)               : 65536
	HBM Usage Rate(%)              : 29
	Aicore Usage Rate(%)           : 77
	Aivector Usage Rate(%)         : 5
	Aicpu Usage Rate(%)            : 0
	Ctrlcpu Usage Rate(%)          : 5
	DDR Bandwidth Usage Rate(%)    : 0
	HBM Bandwidth Usage Rate(%)    : 53
	NPU Utilization(%)             : 86
	Aicube Usage Rate(%)           : 71
	Get pid name failed.
	Process id:1810566 Process name:                  Process memory(MB):16006
Error: cannot run top on container fca65b17c7696be0978c024206dce045576ad0d5017576dab9c64493f5b57e1c as it did not create a cgroup: this container does not have a cgroup
timestamp_ns=1785750914594267947
	DDR Capacity(MB)               : 0
	DDR Usage Rate(%)              : 0
	DDR Hugepages Total(page)      : 0
	DDR Hugepages Usage Rate(%)    : 0
	HBM Capacity(MB)               : 65536
	HBM Usage Rate(%)              : 29
	Aicore Usage Rate(%)           : 77
	Aivector Usage Rate(%)         : 5
	Aicpu Usage Rate(%)            : 0
	Ctrlcpu Usage Rate(%)          : 2
	DDR Bandwidth Usage Rate(%)    : 0
	HBM Bandwidth Usage Rate(%)    : 53
	NPU Utilization(%)             : 86
	Aicube Usage Rate(%)           : 71
	Get pid name failed.
	Process id:1810566 Process name:                  Process memory(MB):16006
Error: cannot run top on container fca65b17c7696be0978c024206dce045576ad0d5017576dab9c64493f5b57e1c as it did not create a cgroup: this container does not have a cgroup
timestamp_ns=1785750916836905128
	DDR Capacity(MB)               : 0
	DDR Usage Rate(%)              : 0
	DDR Hugepages Total(page)      : 0
	DDR Hugepages Usage Rate(%)    : 0
	HBM Capacity(MB)               : 65536
	HBM Usage Rate(%)              : 29
	Aicore Usage Rate(%)           : 75
	Aivector Usage Rate(%)         : 4
	Aicpu Usage Rate(%)            : 0
	Ctrlcpu Usage Rate(%)          : 4
	DDR Bandwidth Usage Rate(%)    : 0
	HBM Bandwidth Usage Rate(%)    : 19
	NPU Utilization(%)             : 93
	Aicube Usage Rate(%)           : 69
	Get pid name failed.
	Process id:1810566 Process name:                  Process memory(MB):16006
Error: cannot run top on container fca65b17c7696be0978c024206dce045576ad0d5017576dab9c64493f5b57e1c as it did not create a cgroup: this container does not have a cgroup
timestamp_ns=1785750919045633115
	DDR Capacity(MB)               : 0
	DDR Usage Rate(%)              : 0
	DDR Hugepages Total(page)      : 0
	DDR Hugepages Usage Rate(%)    : 0
	HBM Capacity(MB)               : 65536
	HBM Usage Rate(%)              : 29
	Aicore Usage Rate(%)           : 77
	Aivector Usage Rate(%)         : 5
	Aicpu Usage Rate(%)            : 0
	Ctrlcpu Usage Rate(%)          : 2
	DDR Bandwidth Usage Rate(%)    : 0
	HBM Bandwidth Usage Rate(%)    : 53
	NPU Utilization(%)             : 89
	Aicube Usage Rate(%)           : 71
	Get pid name failed.
	Process id:1810566 Process name:                  Process memory(MB):16006
Error: cannot run top on container fca65b17c7696be0978c024206dce045576ad0d5017576dab9c64493f5b57e1c as it did not create a cgroup: this container does not have a cgroup
timestamp_ns=1785750921219318355
	DDR Capacity(MB)               : 0
	DDR Usage Rate(%)              : 0
	DDR Hugepages Total(page)      : 0
	DDR Hugepages Usage Rate(%)    : 0
	HBM Capacity(MB)               : 65536
	HBM Usage Rate(%)              : 29
	Aicore Usage Rate(%)           : 73
	Aivector Usage Rate(%)         : 4
	Aicpu Usage Rate(%)            : 0
	Ctrlcpu Usage Rate(%)          : 1
	DDR Bandwidth Usage Rate(%)    : 0
	HBM Bandwidth Usage Rate(%)    : 52
	NPU Utilization(%)             : 100
	Aicube Usage Rate(%)           : 67
	Get pid name failed.
	Process id:1810566 Process name:                  Process memory(MB):16006
Error: cannot run top on container fca65b17c7696be0978c024206dce045576ad0d5017576dab9c64493f5b57e1c as it did not create a cgroup: this container does not have a cgroup
timestamp_ns=1785750923392950331
	DDR Capacity(MB)               : 0
	DDR Usage Rate(%)              : 0
	DDR Hugepages Total(page)      : 0
	DDR Hugepages Usage Rate(%)    : 0
	HBM Capacity(MB)               : 65536
	HBM Usage Rate(%)              : 29
	Aicore Usage Rate(%)           : 77
	Aivector Usage Rate(%)         : 5
	Aicpu Usage Rate(%)            : 0
	Ctrlcpu Usage Rate(%)          : 4
	DDR Bandwidth Usage Rate(%)    : 0
	HBM Bandwidth Usage Rate(%)    : 53
	NPU Utilization(%)             : 89
	Aicube Usage Rate(%)           : 71
	Get pid name failed.
	Process id:1810566 Process name:                  Process memory(MB):16006
Error: cannot run top on container fca65b17c7696be0978c024206dce045576ad0d5017576dab9c64493f5b57e1c as it did not create a cgroup: this container does not have a cgroup
timestamp_ns=1785750925569400344
	DDR Capacity(MB)               : 0
	DDR Usage Rate(%)              : 0
	DDR Hugepages Total(page)      : 0
	DDR Hugepages Usage Rate(%)    : 0
	HBM Capacity(MB)               : 65536
	HBM Usage Rate(%)              : 29
	Aicore Usage Rate(%)           : 71
	Aivector Usage Rate(%)         : 4
	Aicpu Usage Rate(%)            : 0
	Ctrlcpu Usage Rate(%)          : 2
	DDR Bandwidth Usage Rate(%)    : 0
	HBM Bandwidth Usage Rate(%)    : 52
	NPU Utilization(%)             : 86
	Aicube Usage Rate(%)           : 64
	Get pid name failed.
	Process id:1810566 Process name:                  Process memory(MB):16006
Error: cannot run top on container fca65b17c7696be0978c024206dce045576ad0d5017576dab9c64493f5b57e1c as it did not create a cgroup: this container does not have a cgroup
timestamp_ns=1785750927747211767
	DDR Capacity(MB)               : 0
	DDR Usage Rate(%)              : 0
	DDR Hugepages Total(page)      : 0
	DDR Hugepages Usage Rate(%)    : 0
	HBM Capacity(MB)               : 65536
	HBM Usage Rate(%)              : 29
	Aicore Usage Rate(%)           : 73
	Aivector Usage Rate(%)         : 4
	Aicpu Usage Rate(%)            : 0
	Ctrlcpu Usage Rate(%)          : 2
	DDR Bandwidth Usage Rate(%)    : 0
	HBM Bandwidth Usage Rate(%)    : 53
	NPU Utilization(%)             : 100
	Aicube Usage Rate(%)           : 67
	Get pid name failed.
	Process id:1810566 Process name:                  Process memory(MB):16006
Error: cannot run top on container fca65b17c7696be0978c024206dce045576ad0d5017576dab9c64493f5b57e1c as it did not create a cgroup: this container does not have a cgroup
timestamp_ns=1785750929915767511
	DDR Capacity(MB)               : 0
	DDR Usage Rate(%)              : 0
	DDR Hugepages Total(page)      : 0
	DDR Hugepages Usage Rate(%)    : 0
	HBM Capacity(MB)               : 65536
	HBM Usage Rate(%)              : 29
	Aicore Usage Rate(%)           : 79
	Aivector Usage Rate(%)         : 5
	Aicpu Usage Rate(%)            : 0
	Ctrlcpu Usage Rate(%)          : 3
	DDR Bandwidth Usage Rate(%)    : 0
	HBM Bandwidth Usage Rate(%)    : 51
	NPU Utilization(%)             : 93
	Aicube Usage Rate(%)           : 73
	Get pid name failed.
	Process id:1810566 Process name:                  Process memory(MB):16006
Error: cannot run top on container fca65b17c7696be0978c024206dce045576ad0d5017576dab9c64493f5b57e1c as it did not create a cgroup: this container does not have a cgroup
timestamp_ns=1785750932102273110
	DDR Capacity(MB)               : 0
	DDR Usage Rate(%)              : 0
	DDR Hugepages Total(page)      : 0
	DDR Hugepages Usage Rate(%)    : 0
	HBM Capacity(MB)               : 65536
	HBM Usage Rate(%)              : 29
	Aicore Usage Rate(%)           : 78
	Aivector Usage Rate(%)         : 5
	Aicpu Usage Rate(%)            : 0
	Ctrlcpu Usage Rate(%)          : 4
	DDR Bandwidth Usage Rate(%)    : 0
	HBM Bandwidth Usage Rate(%)    : 53
	NPU Utilization(%)             : 82
	Aicube Usage Rate(%)           : 71
	Get pid name failed.
	Process id:1810566 Process name:                  Process memory(MB):16006
Error: cannot run top on container fca65b17c7696be0978c024206dce045576ad0d5017576dab9c64493f5b57e1c as it did not create a cgroup: this container does not have a cgroup
timestamp_ns=1785750934294096881
	DDR Capacity(MB)               : 0
	DDR Usage Rate(%)              : 0
	DDR Hugepages Total(page)      : 0
	DDR Hugepages Usage Rate(%)    : 0
	HBM Capacity(MB)               : 65536
	HBM Usage Rate(%)              : 29
	Aicore Usage Rate(%)           : 81
	Aivector Usage Rate(%)         : 5
	Aicpu Usage Rate(%)            : 0
	Ctrlcpu Usage Rate(%)          : 1
	DDR Bandwidth Usage Rate(%)    : 0
	HBM Bandwidth Usage Rate(%)    : 51
	NPU Utilization(%)             : 100
	Aicube Usage Rate(%)           : 74
	Get pid name failed.
	Process id:1810566 Process name:                  Process memory(MB):16006
Error: cannot run top on container fca65b17c7696be0978c024206dce045576ad0d5017576dab9c64493f5b57e1c as it did not create a cgroup: this container does not have a cgroup
timestamp_ns=1785750936496524649
	DDR Capacity(MB)               : 0
	DDR Usage Rate(%)              : 0
	DDR Hugepages Total(page)      : 0
	DDR Hugepages Usage Rate(%)    : 0
	HBM Capacity(MB)               : 65536
	HBM Usage Rate(%)              : 29
	Aicore Usage Rate(%)           : 75
	Aivector Usage Rate(%)         : 5
	Aicpu Usage Rate(%)            : 0
	Ctrlcpu Usage Rate(%)          : 1
	DDR Bandwidth Usage Rate(%)    : 0
	HBM Bandwidth Usage Rate(%)    : 53
	NPU Utilization(%)             : 93
	Aicube Usage Rate(%)           : 69
	Get pid name failed.
	Process id:1810566 Process name:                  Process memory(MB):16006
Error: cannot run top on container fca65b17c7696be0978c024206dce045576ad0d5017576dab9c64493f5b57e1c as it did not create a cgroup: this container does not have a cgroup
timestamp_ns=1785750938671895660
	DDR Capacity(MB)               : 0
	DDR Usage Rate(%)              : 0
	DDR Hugepages Total(page)      : 0
	DDR Hugepages Usage Rate(%)    : 0
	HBM Capacity(MB)               : 65536
	HBM Usage Rate(%)              : 29
	Aicore Usage Rate(%)           : 76
	Aivector Usage Rate(%)         : 4
	Aicpu Usage Rate(%)            : 0
	Ctrlcpu Usage Rate(%)          : 10
	DDR Bandwidth Usage Rate(%)    : 0
	HBM Bandwidth Usage Rate(%)    : 53
	NPU Utilization(%)             : 89
	Aicube Usage Rate(%)           : 69
	Get pid name failed.
	Process id:1810566 Process name:                  Process memory(MB):16006
Error: cannot run top on container fca65b17c7696be0978c024206dce045576ad0d5017576dab9c64493f5b57e1c as it did not create a cgroup: this container does not have a cgroup
timestamp_ns=1785750940879823096
	DDR Capacity(MB)               : 0
	DDR Usage Rate(%)              : 0
	DDR Hugepages Total(page)      : 0
	DDR Hugepages Usage Rate(%)    : 0
	HBM Capacity(MB)               : 65536
	HBM Usage Rate(%)              : 29
	Aicore Usage Rate(%)           : 81
	Aivector Usage Rate(%)         : 5
	Aicpu Usage Rate(%)            : 0
	Ctrlcpu Usage Rate(%)          : 1
	DDR Bandwidth Usage Rate(%)    : 0
	HBM Bandwidth Usage Rate(%)    : 53
	NPU Utilization(%)             : 86
	Aicube Usage Rate(%)           : 74
	Get pid name failed.
	Process id:1810566 Process name:                  Process memory(MB):16006
Error: cannot run top on container fca65b17c7696be0978c024206dce045576ad0d5017576dab9c64493f5b57e1c as it did not create a cgroup: this container does not have a cgroup
timestamp_ns=1785750943039173634
	DDR Capacity(MB)               : 0
	DDR Usage Rate(%)              : 0
	DDR Hugepages Total(page)      : 0
	DDR Hugepages Usage Rate(%)    : 0
	HBM Capacity(MB)               : 65536
	HBM Usage Rate(%)              : 29
	Aicore Usage Rate(%)           : 78
	Aivector Usage Rate(%)         : 4
	Aicpu Usage Rate(%)            : 0
	Ctrlcpu Usage Rate(%)          : 2
	DDR Bandwidth Usage Rate(%)    : 0
	HBM Bandwidth Usage Rate(%)    : 51
	NPU Utilization(%)             : 86
	Aicube Usage Rate(%)           : 72
	Get pid name failed.
	Process id:1810566 Process name:                  Process memory(MB):16006
Error: cannot run top on container fca65b17c7696be0978c024206dce045576ad0d5017576dab9c64493f5b57e1c as it did not create a cgroup: this container does not have a cgroup
timestamp_ns=1785750945218748925
	DDR Capacity(MB)               : 0
	DDR Usage Rate(%)              : 0
	DDR Hugepages Total(page)      : 0
	DDR Hugepages Usage Rate(%)    : 0
	HBM Capacity(MB)               : 65536
	HBM Usage Rate(%)              : 29
	Aicore Usage Rate(%)           : 79
	Aivector Usage Rate(%)         : 5
	Aicpu Usage Rate(%)            : 0
	Ctrlcpu Usage Rate(%)          : 4
	DDR Bandwidth Usage Rate(%)    : 0
	HBM Bandwidth Usage Rate(%)    : 50
	NPU Utilization(%)             : 89
	Aicube Usage Rate(%)           : 72
	Get pid name failed.
	Process id:1810566 Process name:                  Process memory(MB):16006
Error: cannot run top on container fca65b17c7696be0978c024206dce045576ad0d5017576dab9c64493f5b57e1c as it did not create a cgroup: this container does not have a cgroup
timestamp_ns=1785750947401261957
	DDR Capacity(MB)               : 0
	DDR Usage Rate(%)              : 0
	DDR Hugepages Total(page)      : 0
	DDR Hugepages Usage Rate(%)    : 0
	HBM Capacity(MB)               : 65536
	HBM Usage Rate(%)              : 29
	Aicore Usage Rate(%)           : 80
	Aivector Usage Rate(%)         : 5
	Aicpu Usage Rate(%)            : 0
	Ctrlcpu Usage Rate(%)          : 6
	DDR Bandwidth Usage Rate(%)    : 0
	HBM Bandwidth Usage Rate(%)    : 53
	NPU Utilization(%)             : 93
	Aicube Usage Rate(%)           : 73
	Get pid name failed.
	Process id:1810566 Process name:                  Process memory(MB):16006
Error: cannot run top on container fca65b17c7696be0978c024206dce045576ad0d5017576dab9c64493f5b57e1c as it did not create a cgroup: this container does not have a cgroup
timestamp_ns=1785750949551706730
	DDR Capacity(MB)               : 0
	DDR Usage Rate(%)              : 0
	DDR Hugepages Total(page)      : 0
	DDR Hugepages Usage Rate(%)    : 0
	HBM Capacity(MB)               : 65536
	HBM Usage Rate(%)              : 29
	Aicore Usage Rate(%)           : 81
	Aivector Usage Rate(%)         : 5
	Aicpu Usage Rate(%)            : 0
	Ctrlcpu Usage Rate(%)          : 3
	DDR Bandwidth Usage Rate(%)    : 0
	HBM Bandwidth Usage Rate(%)    : 54
	NPU Utilization(%)             : 93
	Aicube Usage Rate(%)           : 74
	Get pid name failed.
	Process id:1810566 Process name:                  Process memory(MB):16006
Error: cannot run top on container fca65b17c7696be0978c024206dce045576ad0d5017576dab9c64493f5b57e1c as it did not create a cgroup: this container does not have a cgroup
timestamp_ns=1785750951701414876
	DDR Capacity(MB)               : 0
	DDR Usage Rate(%)              : 0
	DDR Hugepages Total(page)      : 0
	DDR Hugepages Usage Rate(%)    : 0
	HBM Capacity(MB)               : 65536
	HBM Usage Rate(%)              : 29
	Aicore Usage Rate(%)           : 80
	Aivector Usage Rate(%)         : 5
	Aicpu Usage Rate(%)            : 0
	Ctrlcpu Usage Rate(%)          : 2
	DDR Bandwidth Usage Rate(%)    : 0
	HBM Bandwidth Usage Rate(%)    : 19
	NPU Utilization(%)             : 89
	Aicube Usage Rate(%)           : 73
	Get pid name failed.
	Process id:1810566 Process name:                  Process memory(MB):16006
Error: cannot run top on container fca65b17c7696be0978c024206dce045576ad0d5017576dab9c64493f5b57e1c as it did not create a cgroup: this container does not have a cgroup
timestamp_ns=1785750953853200662
	DDR Capacity(MB)               : 0
	DDR Usage Rate(%)              : 0
	DDR Hugepages Total(page)      : 0
	DDR Hugepages Usage Rate(%)    : 0
	HBM Capacity(MB)               : 65536
	HBM Usage Rate(%)              : 29
	Aicore Usage Rate(%)           : 80
	Aivector Usage Rate(%)         : 5
	Aicpu Usage Rate(%)            : 0
	Ctrlcpu Usage Rate(%)          : 3
	DDR Bandwidth Usage Rate(%)    : 0
	HBM Bandwidth Usage Rate(%)    : 53
	NPU Utilization(%)             : 89
	Aicube Usage Rate(%)           : 72
	Get pid name failed.
	Process id:1810566 Process name:                  Process memory(MB):16006
Error: cannot run top on container fca65b17c7696be0978c024206dce045576ad0d5017576dab9c64493f5b57e1c as it did not create a cgroup: this container does not have a cgroup
timestamp_ns=1785750956107744608
	DDR Capacity(MB)               : 0
	DDR Usage Rate(%)              : 0
	DDR Hugepages Total(page)      : 0
	DDR Hugepages Usage Rate(%)    : 0
	HBM Capacity(MB)               : 65536
	HBM Usage Rate(%)              : 29
	Aicore Usage Rate(%)           : 77
	Aivector Usage Rate(%)         : 4
	Aicpu Usage Rate(%)            : 0
	Ctrlcpu Usage Rate(%)          : 1
	DDR Bandwidth Usage Rate(%)    : 0
	HBM Bandwidth Usage Rate(%)    : 53
	NPU Utilization(%)             : 96
	Aicube Usage Rate(%)           : 71
	Get pid name failed.
	Process id:1810566 Process name:                  Process memory(MB):16006
Error: cannot run top on container fca65b17c7696be0978c024206dce045576ad0d5017576dab9c64493f5b57e1c as it did not create a cgroup: this container does not have a cgroup
timestamp_ns=1785750958293162943
	DDR Capacity(MB)               : 0
	DDR Usage Rate(%)              : 0
	DDR Hugepages Total(page)      : 0
	DDR Hugepages Usage Rate(%)    : 0
	HBM Capacity(MB)               : 65536
	HBM Usage Rate(%)              : 29
	Aicore Usage Rate(%)           : 79
	Aivector Usage Rate(%)         : 5
	Aicpu Usage Rate(%)            : 0
	Ctrlcpu Usage Rate(%)          : 2
	DDR Bandwidth Usage Rate(%)    : 0
	HBM Bandwidth Usage Rate(%)    : 54
	NPU Utilization(%)             : 93
	Aicube Usage Rate(%)           : 71
	Get pid name failed.
	Process id:1810566 Process name:                  Process memory(MB):16006
Error: cannot run top on container fca65b17c7696be0978c024206dce045576ad0d5017576dab9c64493f5b57e1c as it did not create a cgroup: this container does not have a cgroup
timestamp_ns=1785750960457921365
	DDR Capacity(MB)               : 0
	DDR Usage Rate(%)              : 0
	DDR Hugepages Total(page)      : 0
	DDR Hugepages Usage Rate(%)    : 0
	HBM Capacity(MB)               : 65536
	HBM Usage Rate(%)              : 29
	Aicore Usage Rate(%)           : 81
	Aivector Usage Rate(%)         : 5
	Aicpu Usage Rate(%)            : 0
	Ctrlcpu Usage Rate(%)          : 5
	DDR Bandwidth Usage Rate(%)    : 0
	HBM Bandwidth Usage Rate(%)    : 53
	NPU Utilization(%)             : 93
	Aicube Usage Rate(%)           : 73
	Get pid name failed.
	Process id:1810566 Process name:                  Process memory(MB):16006
Error: cannot run top on container fca65b17c7696be0978c024206dce045576ad0d5017576dab9c64493f5b57e1c as it did not create a cgroup: this container does not have a cgroup
timestamp_ns=1785750962615487546
	DDR Capacity(MB)               : 0
	DDR Usage Rate(%)              : 0
	DDR Hugepages Total(page)      : 0
	DDR Hugepages Usage Rate(%)    : 0
	HBM Capacity(MB)               : 65536
	HBM Usage Rate(%)              : 29
	Aicore Usage Rate(%)           : 82
	Aivector Usage Rate(%)         : 5
	Aicpu Usage Rate(%)            : 0
	Ctrlcpu Usage Rate(%)          : 11
	DDR Bandwidth Usage Rate(%)    : 0
	HBM Bandwidth Usage Rate(%)    : 54
	NPU Utilization(%)             : 93
	Aicube Usage Rate(%)           : 74
	Get pid name failed.
	Process id:1810566 Process name:                  Process memory(MB):16006
Error: cannot run top on container fca65b17c7696be0978c024206dce045576ad0d5017576dab9c64493f5b57e1c as it did not create a cgroup: this container does not have a cgroup
timestamp_ns=1785750964760455023
	DDR Capacity(MB)               : 0
	DDR Usage Rate(%)              : 0
	DDR Hugepages Total(page)      : 0
	DDR Hugepages Usage Rate(%)    : 0
	HBM Capacity(MB)               : 65536
	HBM Usage Rate(%)              : 29
	Aicore Usage Rate(%)           : 78
	Aivector Usage Rate(%)         : 5
	Aicpu Usage Rate(%)            : 0
	Ctrlcpu Usage Rate(%)          : 3
	DDR Bandwidth Usage Rate(%)    : 0
	HBM Bandwidth Usage Rate(%)    : 53
	NPU Utilization(%)             : 89
	Aicube Usage Rate(%)           : 71
	Get pid name failed.
	Process id:1810566 Process name:                  Process memory(MB):16006
Error: cannot run top on container fca65b17c7696be0978c024206dce045576ad0d5017576dab9c64493f5b57e1c as it did not create a cgroup: this container does not have a cgroup
timestamp_ns=1785750966911904655
	DDR Capacity(MB)               : 0
	DDR Usage Rate(%)              : 0
	DDR Hugepages Total(page)      : 0
	DDR Hugepages Usage Rate(%)    : 0
	HBM Capacity(MB)               : 65536
	HBM Usage Rate(%)              : 29
	Aicore Usage Rate(%)           : 79
	Aivector Usage Rate(%)         : 5
	Aicpu Usage Rate(%)            : 0
	Ctrlcpu Usage Rate(%)          : 0
	DDR Bandwidth Usage Rate(%)    : 0
	HBM Bandwidth Usage Rate(%)    : 54
	NPU Utilization(%)             : 89
	Aicube Usage Rate(%)           : 72
	Get pid name failed.
	Process id:1810566 Process name:                  Process memory(MB):16006
Error: cannot run top on container fca65b17c7696be0978c024206dce045576ad0d5017576dab9c64493f5b57e1c as it did not create a cgroup: this container does not have a cgroup
timestamp_ns=1785750969063952133
	DDR Capacity(MB)               : 0
	DDR Usage Rate(%)              : 0
	DDR Hugepages Total(page)      : 0
	DDR Hugepages Usage Rate(%)    : 0
	HBM Capacity(MB)               : 65536
	HBM Usage Rate(%)              : 29
	Aicore Usage Rate(%)           : 81
	Aivector Usage Rate(%)         : 5
	Aicpu Usage Rate(%)            : 0
	Ctrlcpu Usage Rate(%)          : 4
	DDR Bandwidth Usage Rate(%)    : 0
	HBM Bandwidth Usage Rate(%)    : 53
	NPU Utilization(%)             : 93
	Aicube Usage Rate(%)           : 74
	Get pid name failed.
	Process id:1810566 Process name:                  Process memory(MB):16006
Error: cannot run top on container fca65b17c7696be0978c024206dce045576ad0d5017576dab9c64493f5b57e1c as it did not create a cgroup: this container does not have a cgroup
timestamp_ns=1785750971209330848
	DDR Capacity(MB)               : 0
	DDR Usage Rate(%)              : 0
	DDR Hugepages Total(page)      : 0
	DDR Hugepages Usage Rate(%)    : 0
	HBM Capacity(MB)               : 65536
	HBM Usage Rate(%)              : 29
	Aicore Usage Rate(%)           : 79
	Aivector Usage Rate(%)         : 5
	Aicpu Usage Rate(%)            : 0
	Ctrlcpu Usage Rate(%)          : 1
	DDR Bandwidth Usage Rate(%)    : 0
	HBM Bandwidth Usage Rate(%)    : 53
	NPU Utilization(%)             : 89
	Aicube Usage Rate(%)           : 71
	Get pid name failed.
	Process id:1810566 Process name:                  Process memory(MB):16006
Error: cannot run top on container fca65b17c7696be0978c024206dce045576ad0d5017576dab9c64493f5b57e1c as it did not create a cgroup: this container does not have a cgroup
timestamp_ns=1785750973348755684
	DDR Capacity(MB)               : 0
	DDR Usage Rate(%)              : 0
	DDR Hugepages Total(page)      : 0
	DDR Hugepages Usage Rate(%)    : 0
	HBM Capacity(MB)               : 65536
	HBM Usage Rate(%)              : 29
	Aicore Usage Rate(%)           : 74
	Aivector Usage Rate(%)         : 4
	Aicpu Usage Rate(%)            : 0
	Ctrlcpu Usage Rate(%)          : 3
	DDR Bandwidth Usage Rate(%)    : 0
	HBM Bandwidth Usage Rate(%)    : 53
	NPU Utilization(%)             : 89
	Aicube Usage Rate(%)           : 68
	Get pid name failed.
	Process id:1810566 Process name:                  Process memory(MB):16006
Error: cannot run top on container fca65b17c7696be0978c024206dce045576ad0d5017576dab9c64493f5b57e1c as it did not create a cgroup: this container does not have a cgroup
timestamp_ns=1785750975500531444
	DDR Capacity(MB)               : 0
	DDR Usage Rate(%)              : 0
	DDR Hugepages Total(page)      : 0
	DDR Hugepages Usage Rate(%)    : 0
	HBM Capacity(MB)               : 65536
	HBM Usage Rate(%)              : 29
	Aicore Usage Rate(%)           : 78
	Aivector Usage Rate(%)         : 5
	Aicpu Usage Rate(%)            : 0
	Ctrlcpu Usage Rate(%)          : 1
	DDR Bandwidth Usage Rate(%)    : 0
	HBM Bandwidth Usage Rate(%)    : 53
	NPU Utilization(%)             : 86
	Aicube Usage Rate(%)           : 71
	Get pid name failed.
	Process id:1810566 Process name:                  Process memory(MB):16006
Error: cannot run top on container fca65b17c7696be0978c024206dce045576ad0d5017576dab9c64493f5b57e1c as it did not create a cgroup: this container does not have a cgroup
timestamp_ns=1785750977657042476
	DDR Capacity(MB)               : 0
	DDR Usage Rate(%)              : 0
	DDR Hugepages Total(page)      : 0
	DDR Hugepages Usage Rate(%)    : 0
	HBM Capacity(MB)               : 65536
	HBM Usage Rate(%)              : 29
	Aicore Usage Rate(%)           : 77
	Aivector Usage Rate(%)         : 5
	Aicpu Usage Rate(%)            : 0
	Ctrlcpu Usage Rate(%)          : 2
	DDR Bandwidth Usage Rate(%)    : 0
	HBM Bandwidth Usage Rate(%)    : 53
	NPU Utilization(%)             : 96
	Aicube Usage Rate(%)           : 71
	Get pid name failed.
	Process id:1810566 Process name:                  Process memory(MB):16006
Error: cannot run top on container fca65b17c7696be0978c024206dce045576ad0d5017576dab9c64493f5b57e1c as it did not create a cgroup: this container does not have a cgroup
timestamp_ns=1785750979799265531
	DDR Capacity(MB)               : 0
	DDR Usage Rate(%)              : 0
	DDR Hugepages Total(page)      : 0
	DDR Hugepages Usage Rate(%)    : 0
	HBM Capacity(MB)               : 65536
	HBM Usage Rate(%)              : 29
	Aicore Usage Rate(%)           : 82
	Aivector Usage Rate(%)         : 5
	Aicpu Usage Rate(%)            : 0
	Ctrlcpu Usage Rate(%)          : 1
	DDR Bandwidth Usage Rate(%)    : 0
	HBM Bandwidth Usage Rate(%)    : 53
	NPU Utilization(%)             : 89
	Aicube Usage Rate(%)           : 74
	Get pid name failed.
	Process id:1810566 Process name:                  Process memory(MB):16006
Error: cannot run top on container fca65b17c7696be0978c024206dce045576ad0d5017576dab9c64493f5b57e1c as it did not create a cgroup: this container does not have a cgroup
timestamp_ns=1785750981975571599
	DDR Capacity(MB)               : 0
	DDR Usage Rate(%)              : 0
	DDR Hugepages Total(page)      : 0
	DDR Hugepages Usage Rate(%)    : 0
	HBM Capacity(MB)               : 65536
	HBM Usage Rate(%)              : 29
	Aicore Usage Rate(%)           : 76
	Aivector Usage Rate(%)         : 5
	Aicpu Usage Rate(%)            : 0
	Ctrlcpu Usage Rate(%)          : 5
	DDR Bandwidth Usage Rate(%)    : 0
	HBM Bandwidth Usage Rate(%)    : 31
	NPU Utilization(%)             : 96
	Aicube Usage Rate(%)           : 70
	Get pid name failed.
	Process id:1810566 Process name:                  Process memory(MB):16006
Error: cannot run top on container fca65b17c7696be0978c024206dce045576ad0d5017576dab9c64493f5b57e1c as it did not create a cgroup: this container does not have a cgroup
timestamp_ns=1785750984118836357
	DDR Capacity(MB)               : 0
	DDR Usage Rate(%)              : 0
	DDR Hugepages Total(page)      : 0
	DDR Hugepages Usage Rate(%)    : 0
	HBM Capacity(MB)               : 65536
	HBM Usage Rate(%)              : 29
	Aicore Usage Rate(%)           : 81
	Aivector Usage Rate(%)         : 5
	Aicpu Usage Rate(%)            : 0
	Ctrlcpu Usage Rate(%)          : 2
	DDR Bandwidth Usage Rate(%)    : 0
	HBM Bandwidth Usage Rate(%)    : 53
	NPU Utilization(%)             : 89
	Aicube Usage Rate(%)           : 74
	Get pid name failed.
	Process id:1810566 Process name:                  Process memory(MB):16006
Error: cannot run top on container fca65b17c7696be0978c024206dce045576ad0d5017576dab9c64493f5b57e1c as it did not create a cgroup: this container does not have a cgroup
timestamp_ns=1785750986269273172
	DDR Capacity(MB)               : 0
	DDR Usage Rate(%)              : 0
	DDR Hugepages Total(page)      : 0
	DDR Hugepages Usage Rate(%)    : 0
	HBM Capacity(MB)               : 65536
	HBM Usage Rate(%)              : 29
	Aicore Usage Rate(%)           : 77
	Aivector Usage Rate(%)         : 5
	Aicpu Usage Rate(%)            : 0
	Ctrlcpu Usage Rate(%)          : 0
	DDR Bandwidth Usage Rate(%)    : 0
	HBM Bandwidth Usage Rate(%)    : 37
	NPU Utilization(%)             : 96
	Aicube Usage Rate(%)           : 71
	Get pid name failed.
	Process id:1810566 Process name:                  Process memory(MB):16006
Error: cannot run top on container fca65b17c7696be0978c024206dce045576ad0d5017576dab9c64493f5b57e1c as it did not create a cgroup: this container does not have a cgroup
timestamp_ns=1785750988416407031
	DDR Capacity(MB)               : 0
	DDR Usage Rate(%)              : 0
	DDR Hugepages Total(page)      : 0
	DDR Hugepages Usage Rate(%)    : 0
	HBM Capacity(MB)               : 65536
	HBM Usage Rate(%)              : 29
	Aicore Usage Rate(%)           : 79
	Aivector Usage Rate(%)         : 4
	Aicpu Usage Rate(%)            : 0
	Ctrlcpu Usage Rate(%)          : 2
	DDR Bandwidth Usage Rate(%)    : 0
	HBM Bandwidth Usage Rate(%)    : 54
	NPU Utilization(%)             : 93
	Aicube Usage Rate(%)           : 71
	Get pid name failed.
	Process id:1810566 Process name:                  Process memory(MB):16006
Error: cannot run top on container fca65b17c7696be0978c024206dce045576ad0d5017576dab9c64493f5b57e1c as it did not create a cgroup: this container does not have a cgroup
timestamp_ns=1785750990558321419
	DDR Capacity(MB)               : 0
	DDR Usage Rate(%)              : 0
	DDR Hugepages Total(page)      : 0
	DDR Hugepages Usage Rate(%)    : 0
	HBM Capacity(MB)               : 65536
	HBM Usage Rate(%)              : 29
	Aicore Usage Rate(%)           : 77
	Aivector Usage Rate(%)         : 5
	Aicpu Usage Rate(%)            : 0
	Ctrlcpu Usage Rate(%)          : 2
	DDR Bandwidth Usage Rate(%)    : 0
	HBM Bandwidth Usage Rate(%)    : 53
	NPU Utilization(%)             : 93
	Aicube Usage Rate(%)           : 71
	Get pid name failed.
	Process id:1810566 Process name:                  Process memory(MB):16006
Error: cannot run top on container fca65b17c7696be0978c024206dce045576ad0d5017576dab9c64493f5b57e1c as it did not create a cgroup: this container does not have a cgroup
timestamp_ns=1785750992709992501
	DDR Capacity(MB)               : 0
	DDR Usage Rate(%)              : 0
	DDR Hugepages Total(page)      : 0
	DDR Hugepages Usage Rate(%)    : 0
	HBM Capacity(MB)               : 65536
	HBM Usage Rate(%)              : 29
	Aicore Usage Rate(%)           : 81
	Aivector Usage Rate(%)         : 5
	Aicpu Usage Rate(%)            : 0
	Ctrlcpu Usage Rate(%)          : 6
	DDR Bandwidth Usage Rate(%)    : 0
	HBM Bandwidth Usage Rate(%)    : 54
	NPU Utilization(%)             : 89
	Aicube Usage Rate(%)           : 73
	Get pid name failed.
	Process id:1810566 Process name:                  Process memory(MB):16006
Error: cannot run top on container fca65b17c7696be0978c024206dce045576ad0d5017576dab9c64493f5b57e1c as it did not create a cgroup: this container does not have a cgroup
timestamp_ns=1785750994861037759
	DDR Capacity(MB)               : 0
	DDR Usage Rate(%)              : 0
	DDR Hugepages Total(page)      : 0
	DDR Hugepages Usage Rate(%)    : 0
	HBM Capacity(MB)               : 65536
	HBM Usage Rate(%)              : 29
	Aicore Usage Rate(%)           : 80
	Aivector Usage Rate(%)         : 5
	Aicpu Usage Rate(%)            : 0
	Ctrlcpu Usage Rate(%)          : 1
	DDR Bandwidth Usage Rate(%)    : 0
	HBM Bandwidth Usage Rate(%)    : 53
	NPU Utilization(%)             : 89
	Aicube Usage Rate(%)           : 73
	Get pid name failed.
	Process id:1810566 Process name:                  Process memory(MB):16006
Error: cannot run top on container fca65b17c7696be0978c024206dce045576ad0d5017576dab9c64493f5b57e1c as it did not create a cgroup: this container does not have a cgroup
timestamp_ns=1785750997000109277
	DDR Capacity(MB)               : 0
	DDR Usage Rate(%)              : 0
	DDR Hugepages Total(page)      : 0
	DDR Hugepages Usage Rate(%)    : 0
	HBM Capacity(MB)               : 65536
	HBM Usage Rate(%)              : 29
	Aicore Usage Rate(%)           : 73
	Aivector Usage Rate(%)         : 6
	Aicpu Usage Rate(%)            : 0
	Ctrlcpu Usage Rate(%)          : 2
	DDR Bandwidth Usage Rate(%)    : 0
	HBM Bandwidth Usage Rate(%)    : 53
	NPU Utilization(%)             : 89
	Aicube Usage Rate(%)           : 64
	Get pid name failed.
	Process id:1810566 Process name:                  Process memory(MB):16006
Error: cannot run top on container fca65b17c7696be0978c024206dce045576ad0d5017576dab9c64493f5b57e1c as it did not create a cgroup: this container does not have a cgroup
timestamp_ns=1785750999139138497
	DDR Capacity(MB)               : 0
	DDR Usage Rate(%)              : 0
	DDR Hugepages Total(page)      : 0
	DDR Hugepages Usage Rate(%)    : 0
	HBM Capacity(MB)               : 65536
	HBM Usage Rate(%)              : 29
	Aicore Usage Rate(%)           : 77
	Aivector Usage Rate(%)         : 4
	Aicpu Usage Rate(%)            : 0
	Ctrlcpu Usage Rate(%)          : 5
	DDR Bandwidth Usage Rate(%)    : 0
	HBM Bandwidth Usage Rate(%)    : 53
	NPU Utilization(%)             : 100
	Aicube Usage Rate(%)           : 71
	Get pid name failed.
	Process id:1810566 Process name:                  Process memory(MB):16006
Error: cannot run top on container fca65b17c7696be0978c024206dce045576ad0d5017576dab9c64493f5b57e1c as it did not create a cgroup: this container does not have a cgroup
timestamp_ns=1785751001288070866
	DDR Capacity(MB)               : 0
	DDR Usage Rate(%)              : 0
	DDR Hugepages Total(page)      : 0
	DDR Hugepages Usage Rate(%)    : 0
	HBM Capacity(MB)               : 65536
	HBM Usage Rate(%)              : 29
	Aicore Usage Rate(%)           : 37
	Aivector Usage Rate(%)         : 10
	Aicpu Usage Rate(%)            : 0
	Ctrlcpu Usage Rate(%)          : 8
	DDR Bandwidth Usage Rate(%)    : 0
	HBM Bandwidth Usage Rate(%)    : 53
	NPU Utilization(%)             : 72
	Aicube Usage Rate(%)           : 25
	Get pid name failed.
	Process id:1810566 Process name:                  Process memory(MB):16006
Error: cannot run top on container fca65b17c7696be0978c024206dce045576ad0d5017576dab9c64493f5b57e1c as it did not create a cgroup: this container does not have a cgroup
timestamp_ns=1785751003454857818
	DDR Capacity(MB)               : 0
	DDR Usage Rate(%)              : 0
	DDR Hugepages Total(page)      : 0
	DDR Hugepages Usage Rate(%)    : 0
	HBM Capacity(MB)               : 65536
	HBM Usage Rate(%)              : 29
	Aicore Usage Rate(%)           : 77
	Aivector Usage Rate(%)         : 4
	Aicpu Usage Rate(%)            : 0
	Ctrlcpu Usage Rate(%)          : 2
	DDR Bandwidth Usage Rate(%)    : 0
	HBM Bandwidth Usage Rate(%)    : 53
	NPU Utilization(%)             : 96
	Aicube Usage Rate(%)           : 70
	Get pid name failed.
	Process id:1810566 Process name:                  Process memory(MB):16006
Error: cannot run top on container fca65b17c7696be0978c024206dce045576ad0d5017576dab9c64493f5b57e1c as it did not create a cgroup: this container does not have a cgroup
timestamp_ns=1785751005606359814
	DDR Capacity(MB)               : 0
	DDR Usage Rate(%)              : 0
	DDR Hugepages Total(page)      : 0
	DDR Hugepages Usage Rate(%)    : 0
	HBM Capacity(MB)               : 65536
	HBM Usage Rate(%)              : 29
	Aicore Usage Rate(%)           : 100
	Aivector Usage Rate(%)         : 24
	Aicpu Usage Rate(%)            : 0
	Ctrlcpu Usage Rate(%)          : 2
	DDR Bandwidth Usage Rate(%)    : 0
	HBM Bandwidth Usage Rate(%)    : 53
	NPU Utilization(%)             : 100
	Aicube Usage Rate(%)           : 87
	Get pid name failed.
	Process id:1810566 Process name:                  Process memory(MB):16006
Error: cannot run top on container fca65b17c7696be0978c024206dce045576ad0d5017576dab9c64493f5b57e1c as it did not create a cgroup: this container does not have a cgroup
timestamp_ns=1785751007780989087
	DDR Capacity(MB)               : 0
	DDR Usage Rate(%)              : 0
	DDR Hugepages Total(page)      : 0
	DDR Hugepages Usage Rate(%)    : 0
	HBM Capacity(MB)               : 65536
	HBM Usage Rate(%)              : 29
	Aicore Usage Rate(%)           : 75
	Aivector Usage Rate(%)         : 5
	Aicpu Usage Rate(%)            : 0
	Ctrlcpu Usage Rate(%)          : 5
	DDR Bandwidth Usage Rate(%)    : 0
	HBM Bandwidth Usage Rate(%)    : 53
	NPU Utilization(%)             : 93
	Aicube Usage Rate(%)           : 69
	Get pid name failed.
	Process id:1810566 Process name:                  Process memory(MB):16006
Error: cannot run top on container fca65b17c7696be0978c024206dce045576ad0d5017576dab9c64493f5b57e1c as it did not create a cgroup: this container does not have a cgroup
timestamp_ns=1785751009932198468
	DDR Capacity(MB)               : 0
	DDR Usage Rate(%)              : 0
	DDR Hugepages Total(page)      : 0
	DDR Hugepages Usage Rate(%)    : 0
	HBM Capacity(MB)               : 65536
	HBM Usage Rate(%)              : 29
	Aicore Usage Rate(%)           : 90
	Aivector Usage Rate(%)         : 12
	Aicpu Usage Rate(%)            : 0
	Ctrlcpu Usage Rate(%)          : 3
	DDR Bandwidth Usage Rate(%)    : 0
	HBM Bandwidth Usage Rate(%)    : 53
	NPU Utilization(%)             : 100
	Aicube Usage Rate(%)           : 77
	Get pid name failed.
	Process id:1810566 Process name:                  Process memory(MB):16006
Error: cannot run top on container fca65b17c7696be0978c024206dce045576ad0d5017576dab9c64493f5b57e1c as it did not create a cgroup: this container does not have a cgroup
timestamp_ns=1785751012103249666
	DDR Capacity(MB)               : 0
	DDR Usage Rate(%)              : 0
	DDR Hugepages Total(page)      : 0
	DDR Hugepages Usage Rate(%)    : 0
	HBM Capacity(MB)               : 65536
	HBM Usage Rate(%)              : 29
	Aicore Usage Rate(%)           : 77
	Aivector Usage Rate(%)         : 5
	Aicpu Usage Rate(%)            : 0
	Ctrlcpu Usage Rate(%)          : 6
	DDR Bandwidth Usage Rate(%)    : 0
	HBM Bandwidth Usage Rate(%)    : 53
	NPU Utilization(%)             : 86
	Aicube Usage Rate(%)           : 70
	Get pid name failed.
	Process id:1810566 Process name:                  Process memory(MB):16006
Error: cannot run top on container fca65b17c7696be0978c024206dce045576ad0d5017576dab9c64493f5b57e1c as it did not create a cgroup: this container does not have a cgroup
timestamp_ns=1785751014268647183
	DDR Capacity(MB)               : 0
	DDR Usage Rate(%)              : 0
	DDR Hugepages Total(page)      : 0
	DDR Hugepages Usage Rate(%)    : 0
	HBM Capacity(MB)               : 65536
	HBM Usage Rate(%)              : 29
	Aicore Usage Rate(%)           : 77
	Aivector Usage Rate(%)         : 4
	Aicpu Usage Rate(%)            : 0
	Ctrlcpu Usage Rate(%)          : 4
	DDR Bandwidth Usage Rate(%)    : 0
	HBM Bandwidth Usage Rate(%)    : 53
	NPU Utilization(%)             : 77
	Aicube Usage Rate(%)           : 71
	Get pid name failed.
	Process id:1810566 Process name:                  Process memory(MB):16006
Error: cannot run top on container fca65b17c7696be0978c024206dce045576ad0d5017576dab9c64493f5b57e1c as it did not create a cgroup: this container does not have a cgroup
timestamp_ns=1785751016418071921
	DDR Capacity(MB)               : 0
	DDR Usage Rate(%)              : 0
	DDR Hugepages Total(page)      : 0
	DDR Hugepages Usage Rate(%)    : 0
	HBM Capacity(MB)               : 65536
	HBM Usage Rate(%)              : 29
	Aicore Usage Rate(%)           : 72
	Aivector Usage Rate(%)         : 4
	Aicpu Usage Rate(%)            : 0
	Ctrlcpu Usage Rate(%)          : 3
	DDR Bandwidth Usage Rate(%)    : 0
	HBM Bandwidth Usage Rate(%)    : 53
	NPU Utilization(%)             : 86
	Aicube Usage Rate(%)           : 66
	Get pid name failed.
	Process id:1810566 Process name:                  Process memory(MB):16006
Error: cannot run top on container fca65b17c7696be0978c024206dce045576ad0d5017576dab9c64493f5b57e1c as it did not create a cgroup: this container does not have a cgroup
timestamp_ns=1785751018623357288
	DDR Capacity(MB)               : 0
	DDR Usage Rate(%)              : 0
	DDR Hugepages Total(page)      : 0
	DDR Hugepages Usage Rate(%)    : 0
	HBM Capacity(MB)               : 65536
	HBM Usage Rate(%)              : 29
	Aicore Usage Rate(%)           : 77
	Aivector Usage Rate(%)         : 4
	Aicpu Usage Rate(%)            : 0
	Ctrlcpu Usage Rate(%)          : 1
	DDR Bandwidth Usage Rate(%)    : 0
	HBM Bandwidth Usage Rate(%)    : 17
	NPU Utilization(%)             : 93
	Aicube Usage Rate(%)           : 71
	Get pid name failed.
	Process id:1810566 Process name:                  Process memory(MB):16006
Error: cannot run top on container fca65b17c7696be0978c024206dce045576ad0d5017576dab9c64493f5b57e1c as it did not create a cgroup: this container does not have a cgroup
timestamp_ns=1785751020795541494
	DDR Capacity(MB)               : 0
	DDR Usage Rate(%)              : 0
	DDR Hugepages Total(page)      : 0
	DDR Hugepages Usage Rate(%)    : 0
	HBM Capacity(MB)               : 65536
	HBM Usage Rate(%)              : 29
	Aicore Usage Rate(%)           : 78
	Aivector Usage Rate(%)         : 5
	Aicpu Usage Rate(%)            : 0
	Ctrlcpu Usage Rate(%)          : 3
	DDR Bandwidth Usage Rate(%)    : 0
	HBM Bandwidth Usage Rate(%)    : 53
	NPU Utilization(%)             : 89
	Aicube Usage Rate(%)           : 72
	Get pid name failed.
	Process id:1810566 Process name:                  Process memory(MB):16006
Error: cannot run top on container fca65b17c7696be0978c024206dce045576ad0d5017576dab9c64493f5b57e1c as it did not create a cgroup: this container does not have a cgroup
timestamp_ns=1785751022955318298
	DDR Capacity(MB)               : 0
	DDR Usage Rate(%)              : 0
	DDR Hugepages Total(page)      : 0
	DDR Hugepages Usage Rate(%)    : 0
	HBM Capacity(MB)               : 65536
	HBM Usage Rate(%)              : 29
	Aicore Usage Rate(%)           : 79
	Aivector Usage Rate(%)         : 5
	Aicpu Usage Rate(%)            : 0
	Ctrlcpu Usage Rate(%)          : 11
	DDR Bandwidth Usage Rate(%)    : 0
	HBM Bandwidth Usage Rate(%)    : 53
	NPU Utilization(%)             : 86
	Aicube Usage Rate(%)           : 72
	Get pid name failed.
	Process id:1810566 Process name:                  Process memory(MB):16006
Error: cannot run top on container fca65b17c7696be0978c024206dce045576ad0d5017576dab9c64493f5b57e1c as it did not create a cgroup: this container does not have a cgroup
timestamp_ns=1785751025120514005
	DDR Capacity(MB)               : 0
	DDR Usage Rate(%)              : 0
	DDR Hugepages Total(page)      : 0
	DDR Hugepages Usage Rate(%)    : 0
	HBM Capacity(MB)               : 65536
	HBM Usage Rate(%)              : 29
	Aicore Usage Rate(%)           : 78
	Aivector Usage Rate(%)         : 5
	Aicpu Usage Rate(%)            : 0
	Ctrlcpu Usage Rate(%)          : 1
	DDR Bandwidth Usage Rate(%)    : 0
	HBM Bandwidth Usage Rate(%)    : 54
	NPU Utilization(%)             : 89
	Aicube Usage Rate(%)           : 71
	Get pid name failed.
	Process id:1810566 Process name:                  Process memory(MB):16006
Error: cannot run top on container fca65b17c7696be0978c024206dce045576ad0d5017576dab9c64493f5b57e1c as it did not create a cgroup: this container does not have a cgroup
timestamp_ns=1785751027282095276
	DDR Capacity(MB)               : 0
	DDR Usage Rate(%)              : 0
	DDR Hugepages Total(page)      : 0
	DDR Hugepages Usage Rate(%)    : 0
	HBM Capacity(MB)               : 65536
	HBM Usage Rate(%)              : 29
	Aicore Usage Rate(%)           : 77
	Aivector Usage Rate(%)         : 4
	Aicpu Usage Rate(%)            : 0
	Ctrlcpu Usage Rate(%)          : 2
	DDR Bandwidth Usage Rate(%)    : 0
	HBM Bandwidth Usage Rate(%)    : 52
	NPU Utilization(%)             : 86
	Aicube Usage Rate(%)           : 71
	Get pid name failed.
	Process id:1810566 Process name:                  Process memory(MB):16006
Error: cannot run top on container fca65b17c7696be0978c024206dce045576ad0d5017576dab9c64493f5b57e1c as it did not create a cgroup: this container does not have a cgroup
timestamp_ns=1785751029450126423
	DDR Capacity(MB)               : 0
	DDR Usage Rate(%)              : 0
	DDR Hugepages Total(page)      : 0
	DDR Hugepages Usage Rate(%)    : 0
	HBM Capacity(MB)               : 65536
	HBM Usage Rate(%)              : 29
	Aicore Usage Rate(%)           : 76
	Aivector Usage Rate(%)         : 4
	Aicpu Usage Rate(%)            : 0
	Ctrlcpu Usage Rate(%)          : 1
	DDR Bandwidth Usage Rate(%)    : 0
	HBM Bandwidth Usage Rate(%)    : 53
	NPU Utilization(%)             : 96
	Aicube Usage Rate(%)           : 70
	Get pid name failed.
	Process id:1810566 Process name:                  Process memory(MB):16006
Error: cannot run top on container fca65b17c7696be0978c024206dce045576ad0d5017576dab9c64493f5b57e1c as it did not create a cgroup: this container does not have a cgroup
timestamp_ns=1785751031642001631
	DDR Capacity(MB)               : 0
	DDR Usage Rate(%)              : 0
	DDR Hugepages Total(page)      : 0
	DDR Hugepages Usage Rate(%)    : 0
	HBM Capacity(MB)               : 65536
	HBM Usage Rate(%)              : 29
	Aicore Usage Rate(%)           : 71
	Aivector Usage Rate(%)         : 4
	Aicpu Usage Rate(%)            : 0
	Ctrlcpu Usage Rate(%)          : 6
	DDR Bandwidth Usage Rate(%)    : 0
	HBM Bandwidth Usage Rate(%)    : 52
	NPU Utilization(%)             : 86
	Aicube Usage Rate(%)           : 65
	Get pid name failed.
	Process id:1810566 Process name:                  Process memory(MB):16006
Error: cannot run top on container fca65b17c7696be0978c024206dce045576ad0d5017576dab9c64493f5b57e1c as it did not create a cgroup: this container does not have a cgroup
timestamp_ns=1785751033791257364
	DDR Capacity(MB)               : 0
	DDR Usage Rate(%)              : 0
	DDR Hugepages Total(page)      : 0
	DDR Hugepages Usage Rate(%)    : 0
	HBM Capacity(MB)               : 65536
	HBM Usage Rate(%)              : 29
	Aicore Usage Rate(%)           : 77
	Aivector Usage Rate(%)         : 5
	Aicpu Usage Rate(%)            : 0
	Ctrlcpu Usage Rate(%)          : 3
	DDR Bandwidth Usage Rate(%)    : 0
	HBM Bandwidth Usage Rate(%)    : 54
	NPU Utilization(%)             : 89
	Aicube Usage Rate(%)           : 71
	Get pid name failed.
	Process id:1810566 Process name:                  Process memory(MB):16006
Error: cannot run top on container fca65b17c7696be0978c024206dce045576ad0d5017576dab9c64493f5b57e1c as it did not create a cgroup: this container does not have a cgroup
timestamp_ns=1785751035953683360
	DDR Capacity(MB)               : 0
	DDR Usage Rate(%)              : 0
	DDR Hugepages Total(page)      : 0
	DDR Hugepages Usage Rate(%)    : 0
	HBM Capacity(MB)               : 65536
	HBM Usage Rate(%)              : 29
	Aicore Usage Rate(%)           : 79
	Aivector Usage Rate(%)         : 5
	Aicpu Usage Rate(%)            : 0
	Ctrlcpu Usage Rate(%)          : 0
	DDR Bandwidth Usage Rate(%)    : 0
	HBM Bandwidth Usage Rate(%)    : 53
	NPU Utilization(%)             : 93
	Aicube Usage Rate(%)           : 73
	Get pid name failed.
	Process id:1810566 Process name:                  Process memory(MB):16006
Error: cannot run top on container fca65b17c7696be0978c024206dce045576ad0d5017576dab9c64493f5b57e1c as it did not create a cgroup: this container does not have a cgroup
timestamp_ns=1785751038095320105
	DDR Capacity(MB)               : 0
	DDR Usage Rate(%)              : 0
	DDR Hugepages Total(page)      : 0
	DDR Hugepages Usage Rate(%)    : 0
	HBM Capacity(MB)               : 65536
	HBM Usage Rate(%)              : 29
	Aicore Usage Rate(%)           : 80
	Aivector Usage Rate(%)         : 5
	Aicpu Usage Rate(%)            : 0
	Ctrlcpu Usage Rate(%)          : 4
	DDR Bandwidth Usage Rate(%)    : 0
	HBM Bandwidth Usage Rate(%)    : 53
	NPU Utilization(%)             : 93
	Aicube Usage Rate(%)           : 73
	Get pid name failed.
	Process id:1810566 Process name:                  Process memory(MB):16006
Error: cannot run top on container fca65b17c7696be0978c024206dce045576ad0d5017576dab9c64493f5b57e1c as it did not create a cgroup: this container does not have a cgroup
timestamp_ns=1785751040235210043
	DDR Capacity(MB)               : 0
	DDR Usage Rate(%)              : 0
	DDR Hugepages Total(page)      : 0
	DDR Hugepages Usage Rate(%)    : 0
	HBM Capacity(MB)               : 65536
	HBM Usage Rate(%)              : 29
	Aicore Usage Rate(%)           : 74
	Aivector Usage Rate(%)         : 4
	Aicpu Usage Rate(%)            : 0
	Ctrlcpu Usage Rate(%)          : 2
	DDR Bandwidth Usage Rate(%)    : 0
	HBM Bandwidth Usage Rate(%)    : 53
	NPU Utilization(%)             : 82
	Aicube Usage Rate(%)           : 68
	Get pid name failed.
	Process id:1810566 Process name:                  Process memory(MB):16006
Error: cannot run top on container fca65b17c7696be0978c024206dce045576ad0d5017576dab9c64493f5b57e1c as it did not create a cgroup: this container does not have a cgroup
timestamp_ns=1785751042391089203
	DDR Capacity(MB)               : 0
	DDR Usage Rate(%)              : 0
	DDR Hugepages Total(page)      : 0
	DDR Hugepages Usage Rate(%)    : 0
	HBM Capacity(MB)               : 65536
	HBM Usage Rate(%)              : 29
	Aicore Usage Rate(%)           : 80
	Aivector Usage Rate(%)         : 5
	Aicpu Usage Rate(%)            : 0
	Ctrlcpu Usage Rate(%)          : 4
	DDR Bandwidth Usage Rate(%)    : 0
	HBM Bandwidth Usage Rate(%)    : 53
	NPU Utilization(%)             : 89
	Aicube Usage Rate(%)           : 73
	Get pid name failed.
	Process id:1810566 Process name:                  Process memory(MB):16006
Error: cannot run top on container fca65b17c7696be0978c024206dce045576ad0d5017576dab9c64493f5b57e1c as it did not create a cgroup: this container does not have a cgroup
timestamp_ns=1785751044544952269
	DDR Capacity(MB)               : 0
	DDR Usage Rate(%)              : 0
	DDR Hugepages Total(page)      : 0
	DDR Hugepages Usage Rate(%)    : 0
	HBM Capacity(MB)               : 65536
	HBM Usage Rate(%)              : 29
	Aicore Usage Rate(%)           : 80
	Aivector Usage Rate(%)         : 5
	Aicpu Usage Rate(%)            : 0
	Ctrlcpu Usage Rate(%)          : 4
	DDR Bandwidth Usage Rate(%)    : 0
	HBM Bandwidth Usage Rate(%)    : 54
	NPU Utilization(%)             : 86
	Aicube Usage Rate(%)           : 73
	Get pid name failed.
	Process id:1810566 Process name:                  Process memory(MB):16006
Error: cannot run top on container fca65b17c7696be0978c024206dce045576ad0d5017576dab9c64493f5b57e1c as it did not create a cgroup: this container does not have a cgroup
timestamp_ns=1785751046691612132
	DDR Capacity(MB)               : 0
	DDR Usage Rate(%)              : 0
	DDR Hugepages Total(page)      : 0
	DDR Hugepages Usage Rate(%)    : 0
	HBM Capacity(MB)               : 65536
	HBM Usage Rate(%)              : 29
	Aicore Usage Rate(%)           : 77
	Aivector Usage Rate(%)         : 5
	Aicpu Usage Rate(%)            : 0
	Ctrlcpu Usage Rate(%)          : 4
	DDR Bandwidth Usage Rate(%)    : 0
	HBM Bandwidth Usage Rate(%)    : 54
	NPU Utilization(%)             : 86
	Aicube Usage Rate(%)           : 71
	Get pid name failed.
	Process id:1810566 Process name:                  Process memory(MB):16006
Error: cannot run top on container fca65b17c7696be0978c024206dce045576ad0d5017576dab9c64493f5b57e1c as it did not create a cgroup: this container does not have a cgroup
timestamp_ns=1785751048839236616
	DDR Capacity(MB)               : 0
	DDR Usage Rate(%)              : 0
	DDR Hugepages Total(page)      : 0
	DDR Hugepages Usage Rate(%)    : 0
	HBM Capacity(MB)               : 65536
	HBM Usage Rate(%)              : 29
	Aicore Usage Rate(%)           : 78
	Aivector Usage Rate(%)         : 5
	Aicpu Usage Rate(%)            : 0
	Ctrlcpu Usage Rate(%)          : 4
	DDR Bandwidth Usage Rate(%)    : 0
	HBM Bandwidth Usage Rate(%)    : 53
	NPU Utilization(%)             : 96
	Aicube Usage Rate(%)           : 71
	Get pid name failed.
	Process id:1810566 Process name:                  Process memory(MB):16006
Error: cannot run top on container fca65b17c7696be0978c024206dce045576ad0d5017576dab9c64493f5b57e1c as it did not create a cgroup: this container does not have a cgroup
timestamp_ns=1785751050983629992
	DDR Capacity(MB)               : 0
	DDR Usage Rate(%)              : 0
	DDR Hugepages Total(page)      : 0
	DDR Hugepages Usage Rate(%)    : 0
	HBM Capacity(MB)               : 65536
	HBM Usage Rate(%)              : 29
	Aicore Usage Rate(%)           : 78
	Aivector Usage Rate(%)         : 5
	Aicpu Usage Rate(%)            : 0
	Ctrlcpu Usage Rate(%)          : 1
	DDR Bandwidth Usage Rate(%)    : 0
	HBM Bandwidth Usage Rate(%)    : 18
	NPU Utilization(%)             : 93
	Aicube Usage Rate(%)           : 71
	Get pid name failed.
	Process id:1810566 Process name:                  Process memory(MB):16006
Error: cannot run top on container fca65b17c7696be0978c024206dce045576ad0d5017576dab9c64493f5b57e1c as it did not create a cgroup: this container does not have a cgroup
timestamp_ns=1785751053130780470
	DDR Capacity(MB)               : 0
	DDR Usage Rate(%)              : 0
	DDR Hugepages Total(page)      : 0
	DDR Hugepages Usage Rate(%)    : 0
	HBM Capacity(MB)               : 65536
	HBM Usage Rate(%)              : 29
	Aicore Usage Rate(%)           : 80
	Aivector Usage Rate(%)         : 5
	Aicpu Usage Rate(%)            : 0
	Ctrlcpu Usage Rate(%)          : 2
	DDR Bandwidth Usage Rate(%)    : 0
	HBM Bandwidth Usage Rate(%)    : 53
	NPU Utilization(%)             : 86
	Aicube Usage Rate(%)           : 73
	Get pid name failed.
	Process id:1810566 Process name:                  Process memory(MB):16006
Error: cannot run top on container fca65b17c7696be0978c024206dce045576ad0d5017576dab9c64493f5b57e1c as it did not create a cgroup: this container does not have a cgroup
timestamp_ns=1785751055268628598
	DDR Capacity(MB)               : 0
	DDR Usage Rate(%)              : 0
	DDR Hugepages Total(page)      : 0
	DDR Hugepages Usage Rate(%)    : 0
	HBM Capacity(MB)               : 65536
	HBM Usage Rate(%)              : 29
	Aicore Usage Rate(%)           : 79
	Aivector Usage Rate(%)         : 5
	Aicpu Usage Rate(%)            : 0
	Ctrlcpu Usage Rate(%)          : 0
	DDR Bandwidth Usage Rate(%)    : 0
	HBM Bandwidth Usage Rate(%)    : 54
	NPU Utilization(%)             : 93
	Aicube Usage Rate(%)           : 71
	Get pid name failed.
	Process id:1810566 Process name:                  Process memory(MB):16006
Error: cannot run top on container fca65b17c7696be0978c024206dce045576ad0d5017576dab9c64493f5b57e1c as it did not create a cgroup: this container does not have a cgroup
timestamp_ns=1785751057421047096
	DDR Capacity(MB)               : 0
	DDR Usage Rate(%)              : 0
	DDR Hugepages Total(page)      : 0
	DDR Hugepages Usage Rate(%)    : 0
	HBM Capacity(MB)               : 65536
	HBM Usage Rate(%)              : 29
	Aicore Usage Rate(%)           : 76
	Aivector Usage Rate(%)         : 4
	Aicpu Usage Rate(%)            : 0
	Ctrlcpu Usage Rate(%)          : 1
	DDR Bandwidth Usage Rate(%)    : 0
	HBM Bandwidth Usage Rate(%)    : 53
	NPU Utilization(%)             : 93
	Aicube Usage Rate(%)           : 70
	Get pid name failed.
	Process id:1810566 Process name:                  Process memory(MB):16006
Error: cannot run top on container fca65b17c7696be0978c024206dce045576ad0d5017576dab9c64493f5b57e1c as it did not create a cgroup: this container does not have a cgroup
timestamp_ns=1785751059557106306
	DDR Capacity(MB)               : 0
	DDR Usage Rate(%)              : 0
	DDR Hugepages Total(page)      : 0
	DDR Hugepages Usage Rate(%)    : 0
	HBM Capacity(MB)               : 65536
	HBM Usage Rate(%)              : 29
	Aicore Usage Rate(%)           : 77
	Aivector Usage Rate(%)         : 4
	Aicpu Usage Rate(%)            : 0
	Ctrlcpu Usage Rate(%)          : 3
	DDR Bandwidth Usage Rate(%)    : 0
	HBM Bandwidth Usage Rate(%)    : 54
	NPU Utilization(%)             : 96
	Aicube Usage Rate(%)           : 71
	Get pid name failed.
	Process id:1810566 Process name:                  Process memory(MB):16006
Error: cannot run top on container fca65b17c7696be0978c024206dce045576ad0d5017576dab9c64493f5b57e1c as it did not create a cgroup: this container does not have a cgroup
timestamp_ns=1785751061703514736
	DDR Capacity(MB)               : 0
	DDR Usage Rate(%)              : 0
	DDR Hugepages Total(page)      : 0
	DDR Hugepages Usage Rate(%)    : 0
	HBM Capacity(MB)               : 65536
	HBM Usage Rate(%)              : 29
	Aicore Usage Rate(%)           : 77
	Aivector Usage Rate(%)         : 5
	Aicpu Usage Rate(%)            : 0
	Ctrlcpu Usage Rate(%)          : 4
	DDR Bandwidth Usage Rate(%)    : 0
	HBM Bandwidth Usage Rate(%)    : 53
	NPU Utilization(%)             : 100
	Aicube Usage Rate(%)           : 71
	Get pid name failed.
	Process id:1810566 Process name:                  Process memory(MB):16006
Error: cannot run top on container fca65b17c7696be0978c024206dce045576ad0d5017576dab9c64493f5b57e1c as it did not create a cgroup: this container does not have a cgroup
timestamp_ns=1785751063845304272
	DDR Capacity(MB)               : 0
	DDR Usage Rate(%)              : 0
	DDR Hugepages Total(page)      : 0
	DDR Hugepages Usage Rate(%)    : 0
	HBM Capacity(MB)               : 65536
	HBM Usage Rate(%)              : 29
	Aicore Usage Rate(%)           : 79
	Aivector Usage Rate(%)         : 5
	Aicpu Usage Rate(%)            : 0
	Ctrlcpu Usage Rate(%)          : 6
	DDR Bandwidth Usage Rate(%)    : 0
	HBM Bandwidth Usage Rate(%)    : 53
	NPU Utilization(%)             : 89
	Aicube Usage Rate(%)           : 72
	Get pid name failed.
	Process id:1810566 Process name:                  Process memory(MB):16006
Error: cannot run top on container fca65b17c7696be0978c024206dce045576ad0d5017576dab9c64493f5b57e1c as it did not create a cgroup: this container does not have a cgroup
timestamp_ns=1785751065998128827
	DDR Capacity(MB)               : 0
	DDR Usage Rate(%)              : 0
	DDR Hugepages Total(page)      : 0
	DDR Hugepages Usage Rate(%)    : 0
	HBM Capacity(MB)               : 65536
	HBM Usage Rate(%)              : 29
	Aicore Usage Rate(%)           : 77
	Aivector Usage Rate(%)         : 5
	Aicpu Usage Rate(%)            : 0
	Ctrlcpu Usage Rate(%)          : 2
	DDR Bandwidth Usage Rate(%)    : 0
	HBM Bandwidth Usage Rate(%)    : 53
	NPU Utilization(%)             : 93
	Aicube Usage Rate(%)           : 71
	Get pid name failed.
	Process id:1810566 Process name:                  Process memory(MB):16006
Error: cannot run top on container fca65b17c7696be0978c024206dce045576ad0d5017576dab9c64493f5b57e1c as it did not create a cgroup: this container does not have a cgroup
timestamp_ns=1785751068145756780
	DDR Capacity(MB)               : 0
	DDR Usage Rate(%)              : 0
	DDR Hugepages Total(page)      : 0
	DDR Hugepages Usage Rate(%)    : 0
	HBM Capacity(MB)               : 65536
	HBM Usage Rate(%)              : 29
	Aicore Usage Rate(%)           : 77
	Aivector Usage Rate(%)         : 4
	Aicpu Usage Rate(%)            : 0
	Ctrlcpu Usage Rate(%)          : 6
	DDR Bandwidth Usage Rate(%)    : 0
	HBM Bandwidth Usage Rate(%)    : 53
	NPU Utilization(%)             : 96
	Aicube Usage Rate(%)           : 71
	Get pid name failed.
	Process id:1810566 Process name:                  Process memory(MB):16006
Error: cannot run top on container fca65b17c7696be0978c024206dce045576ad0d5017576dab9c64493f5b57e1c as it did not create a cgroup: this container does not have a cgroup
timestamp_ns=1785751070291465557
	DDR Capacity(MB)               : 0
	DDR Usage Rate(%)              : 0
	DDR Hugepages Total(page)      : 0
	DDR Hugepages Usage Rate(%)    : 0
	HBM Capacity(MB)               : 65536
	HBM Usage Rate(%)              : 29
	Aicore Usage Rate(%)           : 77
	Aivector Usage Rate(%)         : 5
	Aicpu Usage Rate(%)            : 0
	Ctrlcpu Usage Rate(%)          : 1
	DDR Bandwidth Usage Rate(%)    : 0
	HBM Bandwidth Usage Rate(%)    : 52
	NPU Utilization(%)             : 100
	Aicube Usage Rate(%)           : 71
	Get pid name failed.
	Process id:1810566 Process name:                  Process memory(MB):16006
Error: cannot run top on container fca65b17c7696be0978c024206dce045576ad0d5017576dab9c64493f5b57e1c as it did not create a cgroup: this container does not have a cgroup
timestamp_ns=1785751072484772693
	DDR Capacity(MB)               : 0
	DDR Usage Rate(%)              : 0
	DDR Hugepages Total(page)      : 0
	DDR Hugepages Usage Rate(%)    : 0
	HBM Capacity(MB)               : 65536
	HBM Usage Rate(%)              : 29
	Aicore Usage Rate(%)           : 78
	Aivector Usage Rate(%)         : 5
	Aicpu Usage Rate(%)            : 0
	Ctrlcpu Usage Rate(%)          : 5
	DDR Bandwidth Usage Rate(%)    : 0
	HBM Bandwidth Usage Rate(%)    : 41
	NPU Utilization(%)             : 89
	Aicube Usage Rate(%)           : 71
	Get pid name failed.
	Process id:1810566 Process name:                  Process memory(MB):16006
Error: cannot run top on container fca65b17c7696be0978c024206dce045576ad0d5017576dab9c64493f5b57e1c as it did not create a cgroup: this container does not have a cgroup
timestamp_ns=1785751074736820577
	DDR Capacity(MB)               : 0
	DDR Usage Rate(%)              : 0
	DDR Hugepages Total(page)      : 0
	DDR Hugepages Usage Rate(%)    : 0
	HBM Capacity(MB)               : 65536
	HBM Usage Rate(%)              : 29
	Aicore Usage Rate(%)           : 79
	Aivector Usage Rate(%)         : 5
	Aicpu Usage Rate(%)            : 0
	Ctrlcpu Usage Rate(%)          : 3
	DDR Bandwidth Usage Rate(%)    : 0
	HBM Bandwidth Usage Rate(%)    : 52
	NPU Utilization(%)             : 89
	Aicube Usage Rate(%)           : 73
	Get pid name failed.
	Process id:1810566 Process name:                  Process memory(MB):16006
Error: cannot run top on container fca65b17c7696be0978c024206dce045576ad0d5017576dab9c64493f5b57e1c as it did not create a cgroup: this container does not have a cgroup
timestamp_ns=1785751076957910592
	DDR Capacity(MB)               : 0
	DDR Usage Rate(%)              : 0
	DDR Hugepages Total(page)      : 0
	DDR Hugepages Usage Rate(%)    : 0
	HBM Capacity(MB)               : 65536
	HBM Usage Rate(%)              : 29
	Aicore Usage Rate(%)           : 77
	Aivector Usage Rate(%)         : 5
	Aicpu Usage Rate(%)            : 0
	Ctrlcpu Usage Rate(%)          : 2
	DDR Bandwidth Usage Rate(%)    : 0
	HBM Bandwidth Usage Rate(%)    : 52
	NPU Utilization(%)             : 93
	Aicube Usage Rate(%)           : 71
	Get pid name failed.
	Process id:1810566 Process name:                  Process memory(MB):16006
Error: cannot run top on container fca65b17c7696be0978c024206dce045576ad0d5017576dab9c64493f5b57e1c as it did not create a cgroup: this container does not have a cgroup
timestamp_ns=1785751079204910935
	DDR Capacity(MB)               : 0
	DDR Usage Rate(%)              : 0
	DDR Hugepages Total(page)      : 0
	DDR Hugepages Usage Rate(%)    : 0
	HBM Capacity(MB)               : 65536
	HBM Usage Rate(%)              : 29
	Aicore Usage Rate(%)           : 78
	Aivector Usage Rate(%)         : 5
	Aicpu Usage Rate(%)            : 0
	Ctrlcpu Usage Rate(%)          : 2
	DDR Bandwidth Usage Rate(%)    : 0
	HBM Bandwidth Usage Rate(%)    : 53
	NPU Utilization(%)             : 89
	Aicube Usage Rate(%)           : 72
	Get pid name failed.
	Process id:1810566 Process name:                  Process memory(MB):16006
Error: cannot run top on container fca65b17c7696be0978c024206dce045576ad0d5017576dab9c64493f5b57e1c as it did not create a cgroup: this container does not have a cgroup
timestamp_ns=1785751081506217761
	DDR Capacity(MB)               : 0
	DDR Usage Rate(%)              : 0
	DDR Hugepages Total(page)      : 0
	DDR Hugepages Usage Rate(%)    : 0
	HBM Capacity(MB)               : 65536
	HBM Usage Rate(%)              : 29
	Aicore Usage Rate(%)           : 74
	Aivector Usage Rate(%)         : 4
	Aicpu Usage Rate(%)            : 0
	Ctrlcpu Usage Rate(%)          : 3
	DDR Bandwidth Usage Rate(%)    : 0
	HBM Bandwidth Usage Rate(%)    : 17
	NPU Utilization(%)             : 82
	Aicube Usage Rate(%)           : 68
	Get pid name failed.
	Process id:1810566 Process name:                  Process memory(MB):16006
Error: cannot run top on container fca65b17c7696be0978c024206dce045576ad0d5017576dab9c64493f5b57e1c as it did not create a cgroup: this container does not have a cgroup
timestamp_ns=1785751083697545408
	DDR Capacity(MB)               : 0
	DDR Usage Rate(%)              : 0
	DDR Hugepages Total(page)      : 0
	DDR Hugepages Usage Rate(%)    : 0
	HBM Capacity(MB)               : 65536
	HBM Usage Rate(%)              : 29
	Aicore Usage Rate(%)           : 77
	Aivector Usage Rate(%)         : 5
	Aicpu Usage Rate(%)            : 0
	Ctrlcpu Usage Rate(%)          : 3
	DDR Bandwidth Usage Rate(%)    : 0
	HBM Bandwidth Usage Rate(%)    : 49
	NPU Utilization(%)             : 86
	Aicube Usage Rate(%)           : 70
	Get pid name failed.
	Process id:1810566 Process name:                  Process memory(MB):16006
Error: cannot run top on container fca65b17c7696be0978c024206dce045576ad0d5017576dab9c64493f5b57e1c as it did not create a cgroup: this container does not have a cgroup
timestamp_ns=1785751085906657660
	DDR Capacity(MB)               : 0
	DDR Usage Rate(%)              : 0
	DDR Hugepages Total(page)      : 0
	DDR Hugepages Usage Rate(%)    : 0
	HBM Capacity(MB)               : 65536
	HBM Usage Rate(%)              : 29
	Aicore Usage Rate(%)           : 78
	Aivector Usage Rate(%)         : 4
	Aicpu Usage Rate(%)            : 0
	Ctrlcpu Usage Rate(%)          : 7
	DDR Bandwidth Usage Rate(%)    : 0
	HBM Bandwidth Usage Rate(%)    : 53
	NPU Utilization(%)             : 86
	Aicube Usage Rate(%)           : 72
	Get pid name failed.
	Process id:1810566 Process name:                  Process memory(MB):16006
Error: cannot run top on container fca65b17c7696be0978c024206dce045576ad0d5017576dab9c64493f5b57e1c as it did not create a cgroup: this container does not have a cgroup
timestamp_ns=1785751088067123749
	DDR Capacity(MB)               : 0
	DDR Usage Rate(%)              : 0
	DDR Hugepages Total(page)      : 0
	DDR Hugepages Usage Rate(%)    : 0
	HBM Capacity(MB)               : 65536
	HBM Usage Rate(%)              : 29
	Aicore Usage Rate(%)           : 81
	Aivector Usage Rate(%)         : 5
	Aicpu Usage Rate(%)            : 0
	Ctrlcpu Usage Rate(%)          : 3
	DDR Bandwidth Usage Rate(%)    : 0
	HBM Bandwidth Usage Rate(%)    : 53
	NPU Utilization(%)             : 89
	Aicube Usage Rate(%)           : 73
	Get pid name failed.
	Process id:1810566 Process name:                  Process memory(MB):16006
Error: cannot run top on container fca65b17c7696be0978c024206dce045576ad0d5017576dab9c64493f5b57e1c as it did not create a cgroup: this container does not have a cgroup
timestamp_ns=1785751090253430206
	DDR Capacity(MB)               : 0
	DDR Usage Rate(%)              : 0
	DDR Hugepages Total(page)      : 0
	DDR Hugepages Usage Rate(%)    : 0
	HBM Capacity(MB)               : 65536
	HBM Usage Rate(%)              : 29
	Aicore Usage Rate(%)           : 77
	Aivector Usage Rate(%)         : 5
	Aicpu Usage Rate(%)            : 0
	Ctrlcpu Usage Rate(%)          : 3
	DDR Bandwidth Usage Rate(%)    : 0
	HBM Bandwidth Usage Rate(%)    : 53
	NPU Utilization(%)             : 82
	Aicube Usage Rate(%)           : 71
	Get pid name failed.
	Process id:1810566 Process name:                  Process memory(MB):16006
Error: cannot run top on container fca65b17c7696be0978c024206dce045576ad0d5017576dab9c64493f5b57e1c as it did not create a cgroup: this container does not have a cgroup
timestamp_ns=1785751092420297580
	DDR Capacity(MB)               : 0
	DDR Usage Rate(%)              : 0
	DDR Hugepages Total(page)      : 0
	DDR Hugepages Usage Rate(%)    : 0
	HBM Capacity(MB)               : 65536
	HBM Usage Rate(%)              : 29
	Aicore Usage Rate(%)           : 78
	Aivector Usage Rate(%)         : 4
	Aicpu Usage Rate(%)            : 0
	Ctrlcpu Usage Rate(%)          : 5
	DDR Bandwidth Usage Rate(%)    : 0
	HBM Bandwidth Usage Rate(%)    : 53
	NPU Utilization(%)             : 89
	Aicube Usage Rate(%)           : 71
	Get pid name failed.
	Process id:1810566 Process name:                  Process memory(MB):16006
Error: cannot run top on container fca65b17c7696be0978c024206dce045576ad0d5017576dab9c64493f5b57e1c as it did not create a cgroup: this container does not have a cgroup
timestamp_ns=1785751094613380673
	DDR Capacity(MB)               : 0
	DDR Usage Rate(%)              : 0
	DDR Hugepages Total(page)      : 0
	DDR Hugepages Usage Rate(%)    : 0
	HBM Capacity(MB)               : 65536
	HBM Usage Rate(%)              : 29
	Aicore Usage Rate(%)           : 81
	Aivector Usage Rate(%)         : 5
	Aicpu Usage Rate(%)            : 0
	Ctrlcpu Usage Rate(%)          : 2
	DDR Bandwidth Usage Rate(%)    : 0
	HBM Bandwidth Usage Rate(%)    : 53
	NPU Utilization(%)             : 93
	Aicube Usage Rate(%)           : 74
	Get pid name failed.
	Process id:1810566 Process name:                  Process memory(MB):16006
Error: cannot run top on container fca65b17c7696be0978c024206dce045576ad0d5017576dab9c64493f5b57e1c as it did not create a cgroup: this container does not have a cgroup
timestamp_ns=1785751096883558786
	DDR Capacity(MB)               : 0
	DDR Usage Rate(%)              : 0
	DDR Hugepages Total(page)      : 0
	DDR Hugepages Usage Rate(%)    : 0
	HBM Capacity(MB)               : 65536
	HBM Usage Rate(%)              : 29
	Aicore Usage Rate(%)           : 81
	Aivector Usage Rate(%)         : 5
	Aicpu Usage Rate(%)            : 0
	Ctrlcpu Usage Rate(%)          : 1
	DDR Bandwidth Usage Rate(%)    : 0
	HBM Bandwidth Usage Rate(%)    : 53
	NPU Utilization(%)             : 89
	Aicube Usage Rate(%)           : 74
	Get pid name failed.
	Process id:1810566 Process name:                  Process memory(MB):16006
Error: cannot run top on container fca65b17c7696be0978c024206dce045576ad0d5017576dab9c64493f5b57e1c as it did not create a cgroup: this container does not have a cgroup
timestamp_ns=1785751099028513789
	DDR Capacity(MB)               : 0
	DDR Usage Rate(%)              : 0
	DDR Hugepages Total(page)      : 0
	DDR Hugepages Usage Rate(%)    : 0
	HBM Capacity(MB)               : 65536
	HBM Usage Rate(%)              : 29
	Aicore Usage Rate(%)           : 77
	Aivector Usage Rate(%)         : 5
	Aicpu Usage Rate(%)            : 0
	Ctrlcpu Usage Rate(%)          : 4
	DDR Bandwidth Usage Rate(%)    : 0
	HBM Bandwidth Usage Rate(%)    : 54
	NPU Utilization(%)             : 93
	Aicube Usage Rate(%)           : 71
	Get pid name failed.
	Process id:1810566 Process name:                  Process memory(MB):16006
Error: cannot run top on container fca65b17c7696be0978c024206dce045576ad0d5017576dab9c64493f5b57e1c as it did not create a cgroup: this container does not have a cgroup
timestamp_ns=1785751101195958976
	DDR Capacity(MB)               : 0
	DDR Usage Rate(%)              : 0
	DDR Hugepages Total(page)      : 0
	DDR Hugepages Usage Rate(%)    : 0
	HBM Capacity(MB)               : 65536
	HBM Usage Rate(%)              : 29
	Aicore Usage Rate(%)           : 78
	Aivector Usage Rate(%)         : 5
	Aicpu Usage Rate(%)            : 0
	Ctrlcpu Usage Rate(%)          : 1
	DDR Bandwidth Usage Rate(%)    : 0
	HBM Bandwidth Usage Rate(%)    : 52
	NPU Utilization(%)             : 93
	Aicube Usage Rate(%)           : 71
	Get pid name failed.
	Process id:1810566 Process name:                  Process memory(MB):16006
Error: cannot run top on container fca65b17c7696be0978c024206dce045576ad0d5017576dab9c64493f5b57e1c as it did not create a cgroup: this container does not have a cgroup
timestamp_ns=1785751103332244003
	DDR Capacity(MB)               : 0
	DDR Usage Rate(%)              : 0
	DDR Hugepages Total(page)      : 0
	DDR Hugepages Usage Rate(%)    : 0
	HBM Capacity(MB)               : 65536
	HBM Usage Rate(%)              : 29
	Aicore Usage Rate(%)           : 75
	Aivector Usage Rate(%)         : 4
	Aicpu Usage Rate(%)            : 0
	Ctrlcpu Usage Rate(%)          : 3
	DDR Bandwidth Usage Rate(%)    : 0
	HBM Bandwidth Usage Rate(%)    : 53
	NPU Utilization(%)             : 89
	Aicube Usage Rate(%)           : 69
	Get pid name failed.
	Process id:1810566 Process name:                  Process memory(MB):16006
Error: cannot run top on container fca65b17c7696be0978c024206dce045576ad0d5017576dab9c64493f5b57e1c as it did not create a cgroup: this container does not have a cgroup
timestamp_ns=1785751105472016780
	DDR Capacity(MB)               : 0
	DDR Usage Rate(%)              : 0
	DDR Hugepages Total(page)      : 0
	DDR Hugepages Usage Rate(%)    : 0
	HBM Capacity(MB)               : 65536
	HBM Usage Rate(%)              : 29
	Aicore Usage Rate(%)           : 79
	Aivector Usage Rate(%)         : 5
	Aicpu Usage Rate(%)            : 0
	Ctrlcpu Usage Rate(%)          : 1
	DDR Bandwidth Usage Rate(%)    : 0
	HBM Bandwidth Usage Rate(%)    : 54
	NPU Utilization(%)             : 86
	Aicube Usage Rate(%)           : 72
	Get pid name failed.
	Process id:1810566 Process name:                  Process memory(MB):16006
Error: cannot run top on container fca65b17c7696be0978c024206dce045576ad0d5017576dab9c64493f5b57e1c as it did not create a cgroup: this container does not have a cgroup
timestamp_ns=1785751107621298403
	DDR Capacity(MB)               : 0
	DDR Usage Rate(%)              : 0
	DDR Hugepages Total(page)      : 0
	DDR Hugepages Usage Rate(%)    : 0
	HBM Capacity(MB)               : 65536
	HBM Usage Rate(%)              : 29
	Aicore Usage Rate(%)           : 77
	Aivector Usage Rate(%)         : 5
	Aicpu Usage Rate(%)            : 0
	Ctrlcpu Usage Rate(%)          : 6
	DDR Bandwidth Usage Rate(%)    : 0
	HBM Bandwidth Usage Rate(%)    : 53
	NPU Utilization(%)             : 89
	Aicube Usage Rate(%)           : 71
	Get pid name failed.
	Process id:1810566 Process name:                  Process memory(MB):16006
Error: cannot run top on container fca65b17c7696be0978c024206dce045576ad0d5017576dab9c64493f5b57e1c as it did not create a cgroup: this container does not have a cgroup
timestamp_ns=1785751109780647257
	DDR Capacity(MB)               : 0
	DDR Usage Rate(%)              : 0
	DDR Hugepages Total(page)      : 0
	DDR Hugepages Usage Rate(%)    : 0
	HBM Capacity(MB)               : 65536
	HBM Usage Rate(%)              : 29
	Aicore Usage Rate(%)           : 78
	Aivector Usage Rate(%)         : 5
	Aicpu Usage Rate(%)            : 0
	Ctrlcpu Usage Rate(%)          : 4
	DDR Bandwidth Usage Rate(%)    : 0
	HBM Bandwidth Usage Rate(%)    : 53
	NPU Utilization(%)             : 93
	Aicube Usage Rate(%)           : 71
	Get pid name failed.
	Process id:1810566 Process name:                  Process memory(MB):16006
Error: cannot run top on container fca65b17c7696be0978c024206dce045576ad0d5017576dab9c64493f5b57e1c as it did not create a cgroup: this container does not have a cgroup
timestamp_ns=1785751111914042651
	DDR Capacity(MB)               : 0
	DDR Usage Rate(%)              : 0
	DDR Hugepages Total(page)      : 0
	DDR Hugepages Usage Rate(%)    : 0
	HBM Capacity(MB)               : 65536
	HBM Usage Rate(%)              : 29
	Aicore Usage Rate(%)           : 76
	Aivector Usage Rate(%)         : 5
	Aicpu Usage Rate(%)            : 0
	Ctrlcpu Usage Rate(%)          : 4
	DDR Bandwidth Usage Rate(%)    : 0
	HBM Bandwidth Usage Rate(%)    : 53
	NPU Utilization(%)             : 93
	Aicube Usage Rate(%)           : 70
	Get pid name failed.
	Process id:1810566 Process name:                  Process memory(MB):16006
Error: cannot run top on container fca65b17c7696be0978c024206dce045576ad0d5017576dab9c64493f5b57e1c as it did not create a cgroup: this container does not have a cgroup
timestamp_ns=1785751114068340533
	DDR Capacity(MB)               : 0
	DDR Usage Rate(%)              : 0
	DDR Hugepages Total(page)      : 0
	DDR Hugepages Usage Rate(%)    : 0
	HBM Capacity(MB)               : 65536
	HBM Usage Rate(%)              : 29
	Aicore Usage Rate(%)           : 73
	Aivector Usage Rate(%)         : 7
	Aicpu Usage Rate(%)            : 0
	Ctrlcpu Usage Rate(%)          : 4
	DDR Bandwidth Usage Rate(%)    : 0
	HBM Bandwidth Usage Rate(%)    : 54
	NPU Utilization(%)             : 89
	Aicube Usage Rate(%)           : 64
	Get pid name failed.
	Process id:1810566 Process name:                  Process memory(MB):16006
Error: cannot run top on container fca65b17c7696be0978c024206dce045576ad0d5017576dab9c64493f5b57e1c as it did not create a cgroup: this container does not have a cgroup
timestamp_ns=1785751116215459401
	DDR Capacity(MB)               : 0
	DDR Usage Rate(%)              : 0
	DDR Hugepages Total(page)      : 0
	DDR Hugepages Usage Rate(%)    : 0
	HBM Capacity(MB)               : 65536
	HBM Usage Rate(%)              : 29
	Aicore Usage Rate(%)           : 78
	Aivector Usage Rate(%)         : 5
	Aicpu Usage Rate(%)            : 0
	Ctrlcpu Usage Rate(%)          : 0
	DDR Bandwidth Usage Rate(%)    : 0
	HBM Bandwidth Usage Rate(%)    : 18
	NPU Utilization(%)             : 93
	Aicube Usage Rate(%)           : 71
	Get pid name failed.
	Process id:1810566 Process name:                  Process memory(MB):16006
Error: cannot run top on container fca65b17c7696be0978c024206dce045576ad0d5017576dab9c64493f5b57e1c as it did not create a cgroup: this container does not have a cgroup
timestamp_ns=1785751118367107278
	DDR Capacity(MB)               : 0
	DDR Usage Rate(%)              : 0
	DDR Hugepages Total(page)      : 0
	DDR Hugepages Usage Rate(%)    : 0
	HBM Capacity(MB)               : 65536
	HBM Usage Rate(%)              : 29
	Aicore Usage Rate(%)           : 79
	Aivector Usage Rate(%)         : 5
	Aicpu Usage Rate(%)            : 0
	Ctrlcpu Usage Rate(%)          : 1
	DDR Bandwidth Usage Rate(%)    : 0
	HBM Bandwidth Usage Rate(%)    : 52
	NPU Utilization(%)             : 89
	Aicube Usage Rate(%)           : 71
	Get pid name failed.
	Process id:1810566 Process name:                  Process memory(MB):16006
Error: cannot run top on container fca65b17c7696be0978c024206dce045576ad0d5017576dab9c64493f5b57e1c as it did not create a cgroup: this container does not have a cgroup
timestamp_ns=1785751120539415836
	DDR Capacity(MB)               : 0
	DDR Usage Rate(%)              : 0
	DDR Hugepages Total(page)      : 0
	DDR Hugepages Usage Rate(%)    : 0
	HBM Capacity(MB)               : 65536
	HBM Usage Rate(%)              : 29
	Aicore Usage Rate(%)           : 80
	Aivector Usage Rate(%)         : 5
	Aicpu Usage Rate(%)            : 0
	Ctrlcpu Usage Rate(%)          : 3
	DDR Bandwidth Usage Rate(%)    : 0
	HBM Bandwidth Usage Rate(%)    : 53
	NPU Utilization(%)             : 93
	Aicube Usage Rate(%)           : 73
	Get pid name failed.
	Process id:1810566 Process name:                  Process memory(MB):16006
Error: cannot run top on container fca65b17c7696be0978c024206dce045576ad0d5017576dab9c64493f5b57e1c as it did not create a cgroup: this container does not have a cgroup
timestamp_ns=1785751122688918094
	DDR Capacity(MB)               : 0
	DDR Usage Rate(%)              : 0
	DDR Hugepages Total(page)      : 0
	DDR Hugepages Usage Rate(%)    : 0
	HBM Capacity(MB)               : 65536
	HBM Usage Rate(%)              : 29
	Aicore Usage Rate(%)           : 72
	Aivector Usage Rate(%)         : 6
	Aicpu Usage Rate(%)            : 0
	Ctrlcpu Usage Rate(%)          : 5
	DDR Bandwidth Usage Rate(%)    : 0
	HBM Bandwidth Usage Rate(%)    : 54
	NPU Utilization(%)             : 86
	Aicube Usage Rate(%)           : 64
	Get pid name failed.
	Process id:1810566 Process name:                  Process memory(MB):16006
Error: cannot run top on container fca65b17c7696be0978c024206dce045576ad0d5017576dab9c64493f5b57e1c as it did not create a cgroup: this container does not have a cgroup
timestamp_ns=1785751124843510527
	DDR Capacity(MB)               : 0
	DDR Usage Rate(%)              : 0
	DDR Hugepages Total(page)      : 0
	DDR Hugepages Usage Rate(%)    : 0
	HBM Capacity(MB)               : 65536
	HBM Usage Rate(%)              : 29
	Aicore Usage Rate(%)           : 77
	Aivector Usage Rate(%)         : 5
	Aicpu Usage Rate(%)            : 0
	Ctrlcpu Usage Rate(%)          : 5
	DDR Bandwidth Usage Rate(%)    : 0
	HBM Bandwidth Usage Rate(%)    : 53
	NPU Utilization(%)             : 89
	Aicube Usage Rate(%)           : 71
	Get pid name failed.
	Process id:1810566 Process name:                  Process memory(MB):16006
Error: cannot run top on container fca65b17c7696be0978c024206dce045576ad0d5017576dab9c64493f5b57e1c as it did not create a cgroup: this container does not have a cgroup
timestamp_ns=1785751127002728273
	DDR Capacity(MB)               : 0
	DDR Usage Rate(%)              : 0
	DDR Hugepages Total(page)      : 0
	DDR Hugepages Usage Rate(%)    : 0
	HBM Capacity(MB)               : 65536
	HBM Usage Rate(%)              : 29
	Aicore Usage Rate(%)           : 100
	Aivector Usage Rate(%)         : 16
	Aicpu Usage Rate(%)            : 0
	Ctrlcpu Usage Rate(%)          : 5
	DDR Bandwidth Usage Rate(%)    : 0
	HBM Bandwidth Usage Rate(%)    : 53
	NPU Utilization(%)             : 100
	Aicube Usage Rate(%)           : 86
	Get pid name failed.
	Process id:1810566 Process name:                  Process memory(MB):16006
Error: cannot run top on container fca65b17c7696be0978c024206dce045576ad0d5017576dab9c64493f5b57e1c as it did not create a cgroup: this container does not have a cgroup
timestamp_ns=1785751129179858729
	DDR Capacity(MB)               : 0
	DDR Usage Rate(%)              : 0
	DDR Hugepages Total(page)      : 0
	DDR Hugepages Usage Rate(%)    : 0
	HBM Capacity(MB)               : 65536
	HBM Usage Rate(%)              : 29
	Aicore Usage Rate(%)           : 80
	Aivector Usage Rate(%)         : 5
	Aicpu Usage Rate(%)            : 0
	Ctrlcpu Usage Rate(%)          : 8
	DDR Bandwidth Usage Rate(%)    : 0
	HBM Bandwidth Usage Rate(%)    : 54
	NPU Utilization(%)             : 100
	Aicube Usage Rate(%)           : 73
	Get pid name failed.
	Process id:1810566 Process name:                  Process memory(MB):16006
Error: cannot run top on container fca65b17c7696be0978c024206dce045576ad0d5017576dab9c64493f5b57e1c as it did not create a cgroup: this container does not have a cgroup
timestamp_ns=1785751131404448430
	DDR Capacity(MB)               : 0
	DDR Usage Rate(%)              : 0
	DDR Hugepages Total(page)      : 0
	DDR Hugepages Usage Rate(%)    : 0
	HBM Capacity(MB)               : 65536
	HBM Usage Rate(%)              : 29
	Aicore Usage Rate(%)           : 89
	Aivector Usage Rate(%)         : 11
	Aicpu Usage Rate(%)            : 0
	Ctrlcpu Usage Rate(%)          : 2
	DDR Bandwidth Usage Rate(%)    : 0
	HBM Bandwidth Usage Rate(%)    : 53
	NPU Utilization(%)             : 100
	Aicube Usage Rate(%)           : 76
	Get pid name failed.
	Process id:1810566 Process name:                  Process memory(MB):16006
Error: cannot run top on container fca65b17c7696be0978c024206dce045576ad0d5017576dab9c64493f5b57e1c as it did not create a cgroup: this container does not have a cgroup
timestamp_ns=1785751133687821440
	DDR Capacity(MB)               : 0
	DDR Usage Rate(%)              : 0
	DDR Hugepages Total(page)      : 0
	DDR Hugepages Usage Rate(%)    : 0
	HBM Capacity(MB)               : 65536
	HBM Usage Rate(%)              : 29
	Aicore Usage Rate(%)           : 77
	Aivector Usage Rate(%)         : 5
	Aicpu Usage Rate(%)            : 0
	Ctrlcpu Usage Rate(%)          : 2
	DDR Bandwidth Usage Rate(%)    : 0
	HBM Bandwidth Usage Rate(%)    : 53
	NPU Utilization(%)             : 96
	Aicube Usage Rate(%)           : 71
	Get pid name failed.
	Process id:1810566 Process name:                  Process memory(MB):16006
Error: cannot run top on container fca65b17c7696be0978c024206dce045576ad0d5017576dab9c64493f5b57e1c as it did not create a cgroup: this container does not have a cgroup
timestamp_ns=1785751135829873906
	DDR Capacity(MB)               : 0
	DDR Usage Rate(%)              : 0
	DDR Hugepages Total(page)      : 0
	DDR Hugepages Usage Rate(%)    : 0
	HBM Capacity(MB)               : 65536
	HBM Usage Rate(%)              : 29
	Aicore Usage Rate(%)           : 76
	Aivector Usage Rate(%)         : 4
	Aicpu Usage Rate(%)            : 0
	Ctrlcpu Usage Rate(%)          : 1
	DDR Bandwidth Usage Rate(%)    : 0
	HBM Bandwidth Usage Rate(%)    : 53
	NPU Utilization(%)             : 86
	Aicube Usage Rate(%)           : 70
	Get pid name failed.
	Process id:1810566 Process name:                  Process memory(MB):16006
Error: cannot run top on container fca65b17c7696be0978c024206dce045576ad0d5017576dab9c64493f5b57e1c as it did not create a cgroup: this container does not have a cgroup
timestamp_ns=1785751137966530794
	DDR Capacity(MB)               : 0
	DDR Usage Rate(%)              : 0
	DDR Hugepages Total(page)      : 0
	DDR Hugepages Usage Rate(%)    : 0
	HBM Capacity(MB)               : 65536
	HBM Usage Rate(%)              : 29
	Aicore Usage Rate(%)           : 77
	Aivector Usage Rate(%)         : 5
	Aicpu Usage Rate(%)            : 0
	Ctrlcpu Usage Rate(%)          : 3
	DDR Bandwidth Usage Rate(%)    : 0
	HBM Bandwidth Usage Rate(%)    : 53
	NPU Utilization(%)             : 82
	Aicube Usage Rate(%)           : 71
	Get pid name failed.
	Process id:1810566 Process name:                  Process memory(MB):16006
Error: cannot run top on container fca65b17c7696be0978c024206dce045576ad0d5017576dab9c64493f5b57e1c as it did not create a cgroup: this container does not have a cgroup
timestamp_ns=1785751140111493454
	DDR Capacity(MB)               : 0
	DDR Usage Rate(%)              : 0
	DDR Hugepages Total(page)      : 0
	DDR Hugepages Usage Rate(%)    : 0
	HBM Capacity(MB)               : 65536
	HBM Usage Rate(%)              : 29
	Aicore Usage Rate(%)           : 77
	Aivector Usage Rate(%)         : 5
	Aicpu Usage Rate(%)            : 0
	Ctrlcpu Usage Rate(%)          : 1
	DDR Bandwidth Usage Rate(%)    : 0
	HBM Bandwidth Usage Rate(%)    : 53
	NPU Utilization(%)             : 77
	Aicube Usage Rate(%)           : 71
	Get pid name failed.
	Process id:1810566 Process name:                  Process memory(MB):16006
Error: cannot run top on container fca65b17c7696be0978c024206dce045576ad0d5017576dab9c64493f5b57e1c as it did not create a cgroup: this container does not have a cgroup
timestamp_ns=1785751142279680630
	DDR Capacity(MB)               : 0
	DDR Usage Rate(%)              : 0
	DDR Hugepages Total(page)      : 0
	DDR Hugepages Usage Rate(%)    : 0
	HBM Capacity(MB)               : 65536
	HBM Usage Rate(%)              : 29
	Aicore Usage Rate(%)           : 77
	Aivector Usage Rate(%)         : 4
	Aicpu Usage Rate(%)            : 0
	Ctrlcpu Usage Rate(%)          : 7
	DDR Bandwidth Usage Rate(%)    : 0
	HBM Bandwidth Usage Rate(%)    : 53
	NPU Utilization(%)             : 89
	Aicube Usage Rate(%)           : 71
	Get pid name failed.
	Process id:1810566 Process name:                  Process memory(MB):16006
Error: cannot run top on container fca65b17c7696be0978c024206dce045576ad0d5017576dab9c64493f5b57e1c as it did not create a cgroup: this container does not have a cgroup
timestamp_ns=1785751144417793331
	DDR Capacity(MB)               : 0
	DDR Usage Rate(%)              : 0
	DDR Hugepages Total(page)      : 0
	DDR Hugepages Usage Rate(%)    : 0
	HBM Capacity(MB)               : 65536
	HBM Usage Rate(%)              : 29
	Aicore Usage Rate(%)           : 76
	Aivector Usage Rate(%)         : 4
	Aicpu Usage Rate(%)            : 0
	Ctrlcpu Usage Rate(%)          : 5
	DDR Bandwidth Usage Rate(%)    : 0
	HBM Bandwidth Usage Rate(%)    : 54
	NPU Utilization(%)             : 100
	Aicube Usage Rate(%)           : 70
	Get pid name failed.
	Process id:1810566 Process name:                  Process memory(MB):16006
Error: cannot run top on container fca65b17c7696be0978c024206dce045576ad0d5017576dab9c64493f5b57e1c as it did not create a cgroup: this container does not have a cgroup
timestamp_ns=1785751146569464708
	DDR Capacity(MB)               : 0
	DDR Usage Rate(%)              : 0
	DDR Hugepages Total(page)      : 0
	DDR Hugepages Usage Rate(%)    : 0
	HBM Capacity(MB)               : 65536
	HBM Usage Rate(%)              : 29
	Aicore Usage Rate(%)           : 77
	Aivector Usage Rate(%)         : 5
	Aicpu Usage Rate(%)            : 0
	Ctrlcpu Usage Rate(%)          : 2
	DDR Bandwidth Usage Rate(%)    : 0
	HBM Bandwidth Usage Rate(%)    : 53
	NPU Utilization(%)             : 82
	Aicube Usage Rate(%)           : 71
	Get pid name failed.
	Process id:1810566 Process name:                  Process memory(MB):16006
Error: cannot run top on container fca65b17c7696be0978c024206dce045576ad0d5017576dab9c64493f5b57e1c as it did not create a cgroup: this container does not have a cgroup
timestamp_ns=1785751148728100761
	DDR Capacity(MB)               : 0
	DDR Usage Rate(%)              : 0
	DDR Hugepages Total(page)      : 0
	DDR Hugepages Usage Rate(%)    : 0
	HBM Capacity(MB)               : 65536
	HBM Usage Rate(%)              : 29
	Aicore Usage Rate(%)           : 78
	Aivector Usage Rate(%)         : 5
	Aicpu Usage Rate(%)            : 0
	Ctrlcpu Usage Rate(%)          : 1
	DDR Bandwidth Usage Rate(%)    : 0
	HBM Bandwidth Usage Rate(%)    : 19
	NPU Utilization(%)             : 89
	Aicube Usage Rate(%)           : 71
	Get pid name failed.
	Process id:1810566 Process name:                  Process memory(MB):16006
Error: cannot run top on container fca65b17c7696be0978c024206dce045576ad0d5017576dab9c64493f5b57e1c as it did not create a cgroup: this container does not have a cgroup
timestamp_ns=1785751150924120748
	DDR Capacity(MB)               : 0
	DDR Usage Rate(%)              : 0
	DDR Hugepages Total(page)      : 0
	DDR Hugepages Usage Rate(%)    : 0
	HBM Capacity(MB)               : 65536
	HBM Usage Rate(%)              : 29
	Aicore Usage Rate(%)           : 80
	Aivector Usage Rate(%)         : 5
	Aicpu Usage Rate(%)            : 0
	Ctrlcpu Usage Rate(%)          : 9
	DDR Bandwidth Usage Rate(%)    : 0
	HBM Bandwidth Usage Rate(%)    : 53
	NPU Utilization(%)             : 93
	Aicube Usage Rate(%)           : 73
	Get pid name failed.
	Process id:1810566 Process name:                  Process memory(MB):16006
Error: cannot run top on container fca65b17c7696be0978c024206dce045576ad0d5017576dab9c64493f5b57e1c as it did not create a cgroup: this container does not have a cgroup
timestamp_ns=1785751153072515142
	DDR Capacity(MB)               : 0
	DDR Usage Rate(%)              : 0
	DDR Hugepages Total(page)      : 0
	DDR Hugepages Usage Rate(%)    : 0
	HBM Capacity(MB)               : 65536
	HBM Usage Rate(%)              : 29
	Aicore Usage Rate(%)           : 80
	Aivector Usage Rate(%)         : 5
	Aicpu Usage Rate(%)            : 0
	Ctrlcpu Usage Rate(%)          : 2
	DDR Bandwidth Usage Rate(%)    : 0
	HBM Bandwidth Usage Rate(%)    : 54
	NPU Utilization(%)             : 100
	Aicube Usage Rate(%)           : 72
	Get pid name failed.
	Process id:1810566 Process name:                  Process memory(MB):16006
Error: cannot run top on container fca65b17c7696be0978c024206dce045576ad0d5017576dab9c64493f5b57e1c as it did not create a cgroup: this container does not have a cgroup
timestamp_ns=1785751155244067066
	DDR Capacity(MB)               : 0
	DDR Usage Rate(%)              : 0
	DDR Hugepages Total(page)      : 0
	DDR Hugepages Usage Rate(%)    : 0
	HBM Capacity(MB)               : 65536
	HBM Usage Rate(%)              : 29
	Aicore Usage Rate(%)           : 78
	Aivector Usage Rate(%)         : 5
	Aicpu Usage Rate(%)            : 0
	Ctrlcpu Usage Rate(%)          : 2
	DDR Bandwidth Usage Rate(%)    : 0
	HBM Bandwidth Usage Rate(%)    : 53
	NPU Utilization(%)             : 82
	Aicube Usage Rate(%)           : 71
	Get pid name failed.
	Process id:1810566 Process name:                  Process memory(MB):16006
Error: cannot run top on container fca65b17c7696be0978c024206dce045576ad0d5017576dab9c64493f5b57e1c as it did not create a cgroup: this container does not have a cgroup
timestamp_ns=1785751157386271244
	DDR Capacity(MB)               : 0
	DDR Usage Rate(%)              : 0
	DDR Hugepages Total(page)      : 0
	DDR Hugepages Usage Rate(%)    : 0
	HBM Capacity(MB)               : 65536
	HBM Usage Rate(%)              : 29
	Aicore Usage Rate(%)           : 77
	Aivector Usage Rate(%)         : 5
	Aicpu Usage Rate(%)            : 0
	Ctrlcpu Usage Rate(%)          : 2
	DDR Bandwidth Usage Rate(%)    : 0
	HBM Bandwidth Usage Rate(%)    : 53
	NPU Utilization(%)             : 93
	Aicube Usage Rate(%)           : 71
	Get pid name failed.
	Process id:1810566 Process name:                  Process memory(MB):16006
Error: cannot run top on container fca65b17c7696be0978c024206dce045576ad0d5017576dab9c64493f5b57e1c as it did not create a cgroup: this container does not have a cgroup
timestamp_ns=1785751159552717260
	DDR Capacity(MB)               : 0
	DDR Usage Rate(%)              : 0
	DDR Hugepages Total(page)      : 0
	DDR Hugepages Usage Rate(%)    : 0
	HBM Capacity(MB)               : 65536
	HBM Usage Rate(%)              : 29
	Aicore Usage Rate(%)           : 78
	Aivector Usage Rate(%)         : 5
	Aicpu Usage Rate(%)            : 0
	Ctrlcpu Usage Rate(%)          : 6
	DDR Bandwidth Usage Rate(%)    : 0
	HBM Bandwidth Usage Rate(%)    : 53
	NPU Utilization(%)             : 86
	Aicube Usage Rate(%)           : 71
	Get pid name failed.
	Process id:1810566 Process name:                  Process memory(MB):16006
Error: cannot run top on container fca65b17c7696be0978c024206dce045576ad0d5017576dab9c64493f5b57e1c as it did not create a cgroup: this container does not have a cgroup
timestamp_ns=1785751161692649899
	DDR Capacity(MB)               : 0
	DDR Usage Rate(%)              : 0
	DDR Hugepages Total(page)      : 0
	DDR Hugepages Usage Rate(%)    : 0
	HBM Capacity(MB)               : 65536
	HBM Usage Rate(%)              : 29
	Aicore Usage Rate(%)           : 77
	Aivector Usage Rate(%)         : 5
	Aicpu Usage Rate(%)            : 0
	Ctrlcpu Usage Rate(%)          : 3
	DDR Bandwidth Usage Rate(%)    : 0
	HBM Bandwidth Usage Rate(%)    : 54
	NPU Utilization(%)             : 96
	Aicube Usage Rate(%)           : 71
	Get pid name failed.
	Process id:1810566 Process name:                  Process memory(MB):16006
Error: cannot run top on container fca65b17c7696be0978c024206dce045576ad0d5017576dab9c64493f5b57e1c as it did not create a cgroup: this container does not have a cgroup
timestamp_ns=1785751163849070049
	DDR Capacity(MB)               : 0
	DDR Usage Rate(%)              : 0
	DDR Hugepages Total(page)      : 0
	DDR Hugepages Usage Rate(%)    : 0
	HBM Capacity(MB)               : 65536
	HBM Usage Rate(%)              : 29
	Aicore Usage Rate(%)           : 76
	Aivector Usage Rate(%)         : 5
	Aicpu Usage Rate(%)            : 0
	Ctrlcpu Usage Rate(%)          : 2
	DDR Bandwidth Usage Rate(%)    : 0
	HBM Bandwidth Usage Rate(%)    : 53
	NPU Utilization(%)             : 86
	Aicube Usage Rate(%)           : 70
	Get pid name failed.
	Process id:1810566 Process name:                  Process memory(MB):16006
Error: cannot run top on container fca65b17c7696be0978c024206dce045576ad0d5017576dab9c64493f5b57e1c as it did not create a cgroup: this container does not have a cgroup
timestamp_ns=1785751165998832843
	DDR Capacity(MB)               : 0
	DDR Usage Rate(%)              : 0
	DDR Hugepages Total(page)      : 0
	DDR Hugepages Usage Rate(%)    : 0
	HBM Capacity(MB)               : 65536
	HBM Usage Rate(%)              : 29
	Aicore Usage Rate(%)           : 77
	Aivector Usage Rate(%)         : 5
	Aicpu Usage Rate(%)            : 0
	Ctrlcpu Usage Rate(%)          : 1
	DDR Bandwidth Usage Rate(%)    : 0
	HBM Bandwidth Usage Rate(%)    : 54
	NPU Utilization(%)             : 86
	Aicube Usage Rate(%)           : 71
	Get pid name failed.
	Process id:1810566 Process name:                  Process memory(MB):16006
Error: cannot run top on container fca65b17c7696be0978c024206dce045576ad0d5017576dab9c64493f5b57e1c as it did not create a cgroup: this container does not have a cgroup
timestamp_ns=1785751168149642875
	DDR Capacity(MB)               : 0
	DDR Usage Rate(%)              : 0
	DDR Hugepages Total(page)      : 0
	DDR Hugepages Usage Rate(%)    : 0
	HBM Capacity(MB)               : 65536
	HBM Usage Rate(%)              : 29
	Aicore Usage Rate(%)           : 78
	Aivector Usage Rate(%)         : 5
	Aicpu Usage Rate(%)            : 0
	Ctrlcpu Usage Rate(%)          : 5
	DDR Bandwidth Usage Rate(%)    : 0
	HBM Bandwidth Usage Rate(%)    : 53
	NPU Utilization(%)             : 100
	Aicube Usage Rate(%)           : 71
	Get pid name failed.
	Process id:1810566 Process name:                  Process memory(MB):16006
Error: cannot run top on container fca65b17c7696be0978c024206dce045576ad0d5017576dab9c64493f5b57e1c as it did not create a cgroup: this container does not have a cgroup
timestamp_ns=1785751170315988542
	DDR Capacity(MB)               : 0
	DDR Usage Rate(%)              : 0
	DDR Hugepages Total(page)      : 0
	DDR Hugepages Usage Rate(%)    : 0
	HBM Capacity(MB)               : 65536
	HBM Usage Rate(%)              : 29
	Aicore Usage Rate(%)           : 80
	Aivector Usage Rate(%)         : 5
	Aicpu Usage Rate(%)            : 0
	Ctrlcpu Usage Rate(%)          : 3
	DDR Bandwidth Usage Rate(%)    : 0
	HBM Bandwidth Usage Rate(%)    : 53
	NPU Utilization(%)             : 93
	Aicube Usage Rate(%)           : 73
	Get pid name failed.
	Process id:1810566 Process name:                  Process memory(MB):16006
Error: cannot run top on container fca65b17c7696be0978c024206dce045576ad0d5017576dab9c64493f5b57e1c as it did not create a cgroup: this container does not have a cgroup
timestamp_ns=1785751172455924718
	DDR Capacity(MB)               : 0
	DDR Usage Rate(%)              : 0
	DDR Hugepages Total(page)      : 0
	DDR Hugepages Usage Rate(%)    : 0
	HBM Capacity(MB)               : 65536
	HBM Usage Rate(%)              : 29
	Aicore Usage Rate(%)           : 76
	Aivector Usage Rate(%)         : 5
	Aicpu Usage Rate(%)            : 0
	Ctrlcpu Usage Rate(%)          : 7
	DDR Bandwidth Usage Rate(%)    : 0
	HBM Bandwidth Usage Rate(%)    : 53
	NPU Utilization(%)             : 89
	Aicube Usage Rate(%)           : 70
	Get pid name failed.
	Process id:1810566 Process name:                  Process memory(MB):16006
Error: cannot run top on container fca65b17c7696be0978c024206dce045576ad0d5017576dab9c64493f5b57e1c as it did not create a cgroup: this container does not have a cgroup
timestamp_ns=1785751174614245226
	DDR Capacity(MB)               : 0
	DDR Usage Rate(%)              : 0
	DDR Hugepages Total(page)      : 0
	DDR Hugepages Usage Rate(%)    : 0
	HBM Capacity(MB)               : 65536
	HBM Usage Rate(%)              : 29
	Aicore Usage Rate(%)           : 77
	Aivector Usage Rate(%)         : 4
	Aicpu Usage Rate(%)            : 0
	Ctrlcpu Usage Rate(%)          : 5
	DDR Bandwidth Usage Rate(%)    : 0
	HBM Bandwidth Usage Rate(%)    : 53
	NPU Utilization(%)             : 86
	Aicube Usage Rate(%)           : 71
	Get pid name failed.
	Process id:1810566 Process name:                  Process memory(MB):16006
Error: cannot run top on container fca65b17c7696be0978c024206dce045576ad0d5017576dab9c64493f5b57e1c as it did not create a cgroup: this container does not have a cgroup
timestamp_ns=1785751176828088328
	DDR Capacity(MB)               : 0
	DDR Usage Rate(%)              : 0
	DDR Hugepages Total(page)      : 0
	DDR Hugepages Usage Rate(%)    : 0
	HBM Capacity(MB)               : 65536
	HBM Usage Rate(%)              : 29
	Aicore Usage Rate(%)           : 79
	Aivector Usage Rate(%)         : 5
	Aicpu Usage Rate(%)            : 0
	Ctrlcpu Usage Rate(%)          : 2
	DDR Bandwidth Usage Rate(%)    : 0
	HBM Bandwidth Usage Rate(%)    : 54
	NPU Utilization(%)             : 93
	Aicube Usage Rate(%)           : 71
	Get pid name failed.
	Process id:1810566 Process name:                  Process memory(MB):16006
Error: cannot run top on container fca65b17c7696be0978c024206dce045576ad0d5017576dab9c64493f5b57e1c as it did not create a cgroup: this container does not have a cgroup
timestamp_ns=1785751178990362494
	DDR Capacity(MB)               : 0
	DDR Usage Rate(%)              : 0
	DDR Hugepages Total(page)      : 0
	DDR Hugepages Usage Rate(%)    : 0
	HBM Capacity(MB)               : 65536
	HBM Usage Rate(%)              : 29
	Aicore Usage Rate(%)           : 77
	Aivector Usage Rate(%)         : 5
	Aicpu Usage Rate(%)            : 0
	Ctrlcpu Usage Rate(%)          : 2
	DDR Bandwidth Usage Rate(%)    : 0
	HBM Bandwidth Usage Rate(%)    : 53
	NPU Utilization(%)             : 96
	Aicube Usage Rate(%)           : 71
	Get pid name failed.
	Process id:1810566 Process name:                  Process memory(MB):16006
Error: cannot run top on container fca65b17c7696be0978c024206dce045576ad0d5017576dab9c64493f5b57e1c as it did not create a cgroup: this container does not have a cgroup
timestamp_ns=1785751181150274159
	DDR Capacity(MB)               : 0
	DDR Usage Rate(%)              : 0
	DDR Hugepages Total(page)      : 0
	DDR Hugepages Usage Rate(%)    : 0
	HBM Capacity(MB)               : 65536
	HBM Usage Rate(%)              : 29
	Aicore Usage Rate(%)           : 78
	Aivector Usage Rate(%)         : 5
	Aicpu Usage Rate(%)            : 0
	Ctrlcpu Usage Rate(%)          : 0
	DDR Bandwidth Usage Rate(%)    : 0
	HBM Bandwidth Usage Rate(%)    : 53
	NPU Utilization(%)             : 93
	Aicube Usage Rate(%)           : 71
	Get pid name failed.
	Process id:1810566 Process name:                  Process memory(MB):16006
Error: cannot run top on container fca65b17c7696be0978c024206dce045576ad0d5017576dab9c64493f5b57e1c as it did not create a cgroup: this container does not have a cgroup
timestamp_ns=1785751183302171615
	DDR Capacity(MB)               : 0
	DDR Usage Rate(%)              : 0
	DDR Hugepages Total(page)      : 0
	DDR Hugepages Usage Rate(%)    : 0
	HBM Capacity(MB)               : 65536
	HBM Usage Rate(%)              : 29
	Aicore Usage Rate(%)           : 79
	Aivector Usage Rate(%)         : 5
	Aicpu Usage Rate(%)            : 0
	Ctrlcpu Usage Rate(%)          : 4
	DDR Bandwidth Usage Rate(%)    : 0
	HBM Bandwidth Usage Rate(%)    : 53
	NPU Utilization(%)             : 93
	Aicube Usage Rate(%)           : 72
	Get pid name failed.
	Process id:1810566 Process name:                  Process memory(MB):16006
Error: cannot run top on container fca65b17c7696be0978c024206dce045576ad0d5017576dab9c64493f5b57e1c as it did not create a cgroup: this container does not have a cgroup
timestamp_ns=1785751185461000957
	DDR Capacity(MB)               : 0
	DDR Usage Rate(%)              : 0
	DDR Hugepages Total(page)      : 0
	DDR Hugepages Usage Rate(%)    : 0
	HBM Capacity(MB)               : 65536
	HBM Usage Rate(%)              : 29
	Aicore Usage Rate(%)           : 81
	Aivector Usage Rate(%)         : 5
	Aicpu Usage Rate(%)            : 0
	Ctrlcpu Usage Rate(%)          : 4
	DDR Bandwidth Usage Rate(%)    : 0
	HBM Bandwidth Usage Rate(%)    : 53
	NPU Utilization(%)             : 93
	Aicube Usage Rate(%)           : 74
	Get pid name failed.
	Process id:1810566 Process name:                  Process memory(MB):16006
Error: cannot run top on container fca65b17c7696be0978c024206dce045576ad0d5017576dab9c64493f5b57e1c as it did not create a cgroup: this container does not have a cgroup
timestamp_ns=1785751187611246228
	DDR Capacity(MB)               : 0
	DDR Usage Rate(%)              : 0
	DDR Hugepages Total(page)      : 0
	DDR Hugepages Usage Rate(%)    : 0
	HBM Capacity(MB)               : 65536
	HBM Usage Rate(%)              : 29
	Aicore Usage Rate(%)           : 78
	Aivector Usage Rate(%)         : 5
	Aicpu Usage Rate(%)            : 0
	Ctrlcpu Usage Rate(%)          : 4
	DDR Bandwidth Usage Rate(%)    : 0
	HBM Bandwidth Usage Rate(%)    : 51
	NPU Utilization(%)             : 96
	Aicube Usage Rate(%)           : 72
	Get pid name failed.
	Process id:1810566 Process name:                  Process memory(MB):16026
Error: cannot run top on container fca65b17c7696be0978c024206dce045576ad0d5017576dab9c64493f5b57e1c as it did not create a cgroup: this container does not have a cgroup
timestamp_ns=1785751189794097031
	DDR Capacity(MB)               : 0
	DDR Usage Rate(%)              : 0
	DDR Hugepages Total(page)      : 0
	DDR Hugepages Usage Rate(%)    : 0
	HBM Capacity(MB)               : 65536
	HBM Usage Rate(%)              : 29
	Aicore Usage Rate(%)           : 77
	Aivector Usage Rate(%)         : 4
	Aicpu Usage Rate(%)            : 0
	Ctrlcpu Usage Rate(%)          : 7
	DDR Bandwidth Usage Rate(%)    : 0
	HBM Bandwidth Usage Rate(%)    : 19
	NPU Utilization(%)             : 96
	Aicube Usage Rate(%)           : 71
	Get pid name failed.
	Process id:1810566 Process name:                  Process memory(MB):16026
Error: cannot run top on container fca65b17c7696be0978c024206dce045576ad0d5017576dab9c64493f5b57e1c as it did not create a cgroup: this container does not have a cgroup
timestamp_ns=1785751191943680823
	DDR Capacity(MB)               : 0
	DDR Usage Rate(%)              : 0
	DDR Hugepages Total(page)      : 0
	DDR Hugepages Usage Rate(%)    : 0
	HBM Capacity(MB)               : 65536
	HBM Usage Rate(%)              : 29
	Aicore Usage Rate(%)           : 79
	Aivector Usage Rate(%)         : 5
	Aicpu Usage Rate(%)            : 0
	Ctrlcpu Usage Rate(%)          : 10
	DDR Bandwidth Usage Rate(%)    : 0
	HBM Bandwidth Usage Rate(%)    : 53
	NPU Utilization(%)             : 89
	Aicube Usage Rate(%)           : 71
	Get pid name failed.
	Process id:1810566 Process name:                  Process memory(MB):16026
Error: cannot run top on container fca65b17c7696be0978c024206dce045576ad0d5017576dab9c64493f5b57e1c as it did not create a cgroup: this container does not have a cgroup
timestamp_ns=1785751194091398400
	DDR Capacity(MB)               : 0
	DDR Usage Rate(%)              : 0
	DDR Hugepages Total(page)      : 0
	DDR Hugepages Usage Rate(%)    : 0
	HBM Capacity(MB)               : 65536
	HBM Usage Rate(%)              : 29
	Aicore Usage Rate(%)           : 79
	Aivector Usage Rate(%)         : 5
	Aicpu Usage Rate(%)            : 0
	Ctrlcpu Usage Rate(%)          : 3
	DDR Bandwidth Usage Rate(%)    : 0
	HBM Bandwidth Usage Rate(%)    : 54
	NPU Utilization(%)             : 86
	Aicube Usage Rate(%)           : 72
	Get pid name failed.
	Process id:1810566 Process name:                  Process memory(MB):16026
Error: cannot run top on container fca65b17c7696be0978c024206dce045576ad0d5017576dab9c64493f5b57e1c as it did not create a cgroup: this container does not have a cgroup
timestamp_ns=1785751196232187770
	DDR Capacity(MB)               : 0
	DDR Usage Rate(%)              : 0
	DDR Hugepages Total(page)      : 0
	DDR Hugepages Usage Rate(%)    : 0
	HBM Capacity(MB)               : 65536
	HBM Usage Rate(%)              : 29
	Aicore Usage Rate(%)           : 81
	Aivector Usage Rate(%)         : 5
	Aicpu Usage Rate(%)            : 0
	Ctrlcpu Usage Rate(%)          : 1
	DDR Bandwidth Usage Rate(%)    : 0
	HBM Bandwidth Usage Rate(%)    : 53
	NPU Utilization(%)             : 96
	Aicube Usage Rate(%)           : 74
	Get pid name failed.
	Process id:1810566 Process name:                  Process memory(MB):16026
Error: cannot run top on container fca65b17c7696be0978c024206dce045576ad0d5017576dab9c64493f5b57e1c as it did not create a cgroup: this container does not have a cgroup
timestamp_ns=1785751198372936835
	DDR Capacity(MB)               : 0
	DDR Usage Rate(%)              : 0
	DDR Hugepages Total(page)      : 0
	DDR Hugepages Usage Rate(%)    : 0
	HBM Capacity(MB)               : 65536
	HBM Usage Rate(%)              : 29
	Aicore Usage Rate(%)           : 79
	Aivector Usage Rate(%)         : 5
	Aicpu Usage Rate(%)            : 0
	Ctrlcpu Usage Rate(%)          : 4
	DDR Bandwidth Usage Rate(%)    : 0
	HBM Bandwidth Usage Rate(%)    : 54
	NPU Utilization(%)             : 100
	Aicube Usage Rate(%)           : 72
	Get pid name failed.
	Process id:1810566 Process name:                  Process memory(MB):16026
Error: cannot run top on container fca65b17c7696be0978c024206dce045576ad0d5017576dab9c64493f5b57e1c as it did not create a cgroup: this container does not have a cgroup
timestamp_ns=1785751200522282052
	DDR Capacity(MB)               : 0
	DDR Usage Rate(%)              : 0
	DDR Hugepages Total(page)      : 0
	DDR Hugepages Usage Rate(%)    : 0
	HBM Capacity(MB)               : 65536
	HBM Usage Rate(%)              : 29
	Aicore Usage Rate(%)           : 79
	Aivector Usage Rate(%)         : 5
	Aicpu Usage Rate(%)            : 0
	Ctrlcpu Usage Rate(%)          : 3
	DDR Bandwidth Usage Rate(%)    : 0
	HBM Bandwidth Usage Rate(%)    : 54
	NPU Utilization(%)             : 93
	Aicube Usage Rate(%)           : 71
	Get pid name failed.
	Process id:1810566 Process name:                  Process memory(MB):16026
Error: cannot run top on container fca65b17c7696be0978c024206dce045576ad0d5017576dab9c64493f5b57e1c as it did not create a cgroup: this container does not have a cgroup
timestamp_ns=1785751202687154361
	DDR Capacity(MB)               : 0
	DDR Usage Rate(%)              : 0
	DDR Hugepages Total(page)      : 0
	DDR Hugepages Usage Rate(%)    : 0
	HBM Capacity(MB)               : 65536
	HBM Usage Rate(%)              : 29
	Aicore Usage Rate(%)           : 77
	Aivector Usage Rate(%)         : 5
	Aicpu Usage Rate(%)            : 0
	Ctrlcpu Usage Rate(%)          : 7
	DDR Bandwidth Usage Rate(%)    : 0
	HBM Bandwidth Usage Rate(%)    : 53
	NPU Utilization(%)             : 86
	Aicube Usage Rate(%)           : 71
	Get pid name failed.
	Process id:1810566 Process name:                  Process memory(MB):16026
Error: cannot run top on container fca65b17c7696be0978c024206dce045576ad0d5017576dab9c64493f5b57e1c as it did not create a cgroup: this container does not have a cgroup
timestamp_ns=1785751204830086032
	DDR Capacity(MB)               : 0
	DDR Usage Rate(%)              : 0
	DDR Hugepages Total(page)      : 0
	DDR Hugepages Usage Rate(%)    : 0
	HBM Capacity(MB)               : 65536
	HBM Usage Rate(%)              : 29
	Aicore Usage Rate(%)           : 78
	Aivector Usage Rate(%)         : 5
	Aicpu Usage Rate(%)            : 0
	Ctrlcpu Usage Rate(%)          : 8
	DDR Bandwidth Usage Rate(%)    : 0
	HBM Bandwidth Usage Rate(%)    : 54
	NPU Utilization(%)             : 93
	Aicube Usage Rate(%)           : 71
	Get pid name failed.
	Process id:1810566 Process name:                  Process memory(MB):16026
Error: cannot run top on container fca65b17c7696be0978c024206dce045576ad0d5017576dab9c64493f5b57e1c as it did not create a cgroup: this container does not have a cgroup
timestamp_ns=1785751206966594764
	DDR Capacity(MB)               : 0
	DDR Usage Rate(%)              : 0
	DDR Hugepages Total(page)      : 0
	DDR Hugepages Usage Rate(%)    : 0
	HBM Capacity(MB)               : 65536
	HBM Usage Rate(%)              : 29
	Aicore Usage Rate(%)           : 81
	Aivector Usage Rate(%)         : 5
	Aicpu Usage Rate(%)            : 0
	Ctrlcpu Usage Rate(%)          : 2
	DDR Bandwidth Usage Rate(%)    : 0
	HBM Bandwidth Usage Rate(%)    : 53
	NPU Utilization(%)             : 93
	Aicube Usage Rate(%)           : 74
	Get pid name failed.
	Process id:1810566 Process name:                  Process memory(MB):16026
Error: cannot run top on container fca65b17c7696be0978c024206dce045576ad0d5017576dab9c64493f5b57e1c as it did not create a cgroup: this container does not have a cgroup
timestamp_ns=1785751209145565707
	DDR Capacity(MB)               : 0
	DDR Usage Rate(%)              : 0
	DDR Hugepages Total(page)      : 0
	DDR Hugepages Usage Rate(%)    : 0
	HBM Capacity(MB)               : 65536
	HBM Usage Rate(%)              : 29
	Aicore Usage Rate(%)           : 79
	Aivector Usage Rate(%)         : 5
	Aicpu Usage Rate(%)            : 0
	Ctrlcpu Usage Rate(%)          : 2
	DDR Bandwidth Usage Rate(%)    : 0
	HBM Bandwidth Usage Rate(%)    : 53
	NPU Utilization(%)             : 89
	Aicube Usage Rate(%)           : 71
	Get pid name failed.
	Process id:1810566 Process name:                  Process memory(MB):16026
Error: cannot run top on container fca65b17c7696be0978c024206dce045576ad0d5017576dab9c64493f5b57e1c as it did not create a cgroup: this container does not have a cgroup
timestamp_ns=1785751211299569417
	DDR Capacity(MB)               : 0
	DDR Usage Rate(%)              : 0
	DDR Hugepages Total(page)      : 0
	DDR Hugepages Usage Rate(%)    : 0
	HBM Capacity(MB)               : 65536
	HBM Usage Rate(%)              : 29
	Aicore Usage Rate(%)           : 77
	Aivector Usage Rate(%)         : 5
	Aicpu Usage Rate(%)            : 0
	Ctrlcpu Usage Rate(%)          : 1
	DDR Bandwidth Usage Rate(%)    : 0
	HBM Bandwidth Usage Rate(%)    : 53
	NPU Utilization(%)             : 86
	Aicube Usage Rate(%)           : 71
	Get pid name failed.
	Process id:1810566 Process name:                  Process memory(MB):16026
Error: cannot run top on container fca65b17c7696be0978c024206dce045576ad0d5017576dab9c64493f5b57e1c as it did not create a cgroup: this container does not have a cgroup
timestamp_ns=1785751213443415600
	DDR Capacity(MB)               : 0
	DDR Usage Rate(%)              : 0
	DDR Hugepages Total(page)      : 0
	DDR Hugepages Usage Rate(%)    : 0
	HBM Capacity(MB)               : 65536
	HBM Usage Rate(%)              : 29
	Aicore Usage Rate(%)           : 81
	Aivector Usage Rate(%)         : 5
	Aicpu Usage Rate(%)            : 0
	Ctrlcpu Usage Rate(%)          : 7
	DDR Bandwidth Usage Rate(%)    : 0
	HBM Bandwidth Usage Rate(%)    : 54
	NPU Utilization(%)             : 89
	Aicube Usage Rate(%)           : 74
	Get pid name failed.
	Process id:1810566 Process name:                  Process memory(MB):16026
Error: cannot run top on container fca65b17c7696be0978c024206dce045576ad0d5017576dab9c64493f5b57e1c as it did not create a cgroup: this container does not have a cgroup
timestamp_ns=1785751215578184325
	DDR Capacity(MB)               : 0
	DDR Usage Rate(%)              : 0
	DDR Hugepages Total(page)      : 0
	DDR Hugepages Usage Rate(%)    : 0
	HBM Capacity(MB)               : 65536
	HBM Usage Rate(%)              : 29
	Aicore Usage Rate(%)           : 77
	Aivector Usage Rate(%)         : 4
	Aicpu Usage Rate(%)            : 0
	Ctrlcpu Usage Rate(%)          : 1
	DDR Bandwidth Usage Rate(%)    : 0
	HBM Bandwidth Usage Rate(%)    : 53
	NPU Utilization(%)             : 96
	Aicube Usage Rate(%)           : 71
	Get pid name failed.
	Process id:1810566 Process name:                  Process memory(MB):16026
Error: cannot run top on container fca65b17c7696be0978c024206dce045576ad0d5017576dab9c64493f5b57e1c as it did not create a cgroup: this container does not have a cgroup
timestamp_ns=1785751217738571974
	DDR Capacity(MB)               : 0
	DDR Usage Rate(%)              : 0
	DDR Hugepages Total(page)      : 0
	DDR Hugepages Usage Rate(%)    : 0
	HBM Capacity(MB)               : 65536
	HBM Usage Rate(%)              : 29
	Aicore Usage Rate(%)           : 79
	Aivector Usage Rate(%)         : 5
	Aicpu Usage Rate(%)            : 0
	Ctrlcpu Usage Rate(%)          : 2
	DDR Bandwidth Usage Rate(%)    : 0
	HBM Bandwidth Usage Rate(%)    : 53
	NPU Utilization(%)             : 93
	Aicube Usage Rate(%)           : 71
	Get pid name failed.
	Process id:1810566 Process name:                  Process memory(MB):16026
Error: cannot run top on container fca65b17c7696be0978c024206dce045576ad0d5017576dab9c64493f5b57e1c as it did not create a cgroup: this container does not have a cgroup
timestamp_ns=1785751219880998105
	DDR Capacity(MB)               : 0
	DDR Usage Rate(%)              : 0
	DDR Hugepages Total(page)      : 0
	DDR Hugepages Usage Rate(%)    : 0
	HBM Capacity(MB)               : 65536
	HBM Usage Rate(%)              : 29
	Aicore Usage Rate(%)           : 81
	Aivector Usage Rate(%)         : 5
	Aicpu Usage Rate(%)            : 0
	Ctrlcpu Usage Rate(%)          : 2
	DDR Bandwidth Usage Rate(%)    : 0
	HBM Bandwidth Usage Rate(%)    : 53
	NPU Utilization(%)             : 89
	Aicube Usage Rate(%)           : 73
	Get pid name failed.
	Process id:1810566 Process name:                  Process memory(MB):16026
Error: cannot run top on container fca65b17c7696be0978c024206dce045576ad0d5017576dab9c64493f5b57e1c as it did not create a cgroup: this container does not have a cgroup
timestamp_ns=1785751222026110405
	DDR Capacity(MB)               : 0
	DDR Usage Rate(%)              : 0
	DDR Hugepages Total(page)      : 0
	DDR Hugepages Usage Rate(%)    : 0
	HBM Capacity(MB)               : 65536
	HBM Usage Rate(%)              : 29
	Aicore Usage Rate(%)           : 77
	Aivector Usage Rate(%)         : 10
	Aicpu Usage Rate(%)            : 0
	Ctrlcpu Usage Rate(%)          : 3
	DDR Bandwidth Usage Rate(%)    : 0
	HBM Bandwidth Usage Rate(%)    : 52
	NPU Utilization(%)             : 86
	Aicube Usage Rate(%)           : 64
	Get pid name failed.
	Process id:1810566 Process name:                  Process memory(MB):16026
Error: cannot run top on container fca65b17c7696be0978c024206dce045576ad0d5017576dab9c64493f5b57e1c as it did not create a cgroup: this container does not have a cgroup
timestamp_ns=1785751224199795301
	DDR Capacity(MB)               : 0
	DDR Usage Rate(%)              : 0
	DDR Hugepages Total(page)      : 0
	DDR Hugepages Usage Rate(%)    : 0
	HBM Capacity(MB)               : 65536
	HBM Usage Rate(%)              : 29
	Aicore Usage Rate(%)           : 80
	Aivector Usage Rate(%)         : 5
	Aicpu Usage Rate(%)            : 0
	Ctrlcpu Usage Rate(%)          : 1
	DDR Bandwidth Usage Rate(%)    : 0
	HBM Bandwidth Usage Rate(%)    : 53
	NPU Utilization(%)             : 86
	Aicube Usage Rate(%)           : 73
	Get pid name failed.
	Process id:1810566 Process name:                  Process memory(MB):16026
Error: cannot run top on container fca65b17c7696be0978c024206dce045576ad0d5017576dab9c64493f5b57e1c as it did not create a cgroup: this container does not have a cgroup
timestamp_ns=1785751226352245516
	DDR Capacity(MB)               : 0
	DDR Usage Rate(%)              : 0
	DDR Hugepages Total(page)      : 0
	DDR Hugepages Usage Rate(%)    : 0
	HBM Capacity(MB)               : 65536
	HBM Usage Rate(%)              : 29
	Aicore Usage Rate(%)           : 100
	Aivector Usage Rate(%)         : 21
	Aicpu Usage Rate(%)            : 0
	Ctrlcpu Usage Rate(%)          : 1
	DDR Bandwidth Usage Rate(%)    : 0
	HBM Bandwidth Usage Rate(%)    : 53
	NPU Utilization(%)             : 100
	Aicube Usage Rate(%)           : 77
	Get pid name failed.
	Process id:1810566 Process name:                  Process memory(MB):16026
Error: cannot run top on container fca65b17c7696be0978c024206dce045576ad0d5017576dab9c64493f5b57e1c as it did not create a cgroup: this container does not have a cgroup
timestamp_ns=1785751228542117905
	DDR Capacity(MB)               : 0
	DDR Usage Rate(%)              : 0
	DDR Hugepages Total(page)      : 0
	DDR Hugepages Usage Rate(%)    : 0
	HBM Capacity(MB)               : 65536
	HBM Usage Rate(%)              : 29
	Aicore Usage Rate(%)           : 79
	Aivector Usage Rate(%)         : 5
	Aicpu Usage Rate(%)            : 0
	Ctrlcpu Usage Rate(%)          : 5
	DDR Bandwidth Usage Rate(%)    : 0
	HBM Bandwidth Usage Rate(%)    : 48
	NPU Utilization(%)             : 93
	Aicube Usage Rate(%)           : 72
	Get pid name failed.
	Process id:1810566 Process name:                  Process memory(MB):16026
Error: cannot run top on container fca65b17c7696be0978c024206dce045576ad0d5017576dab9c64493f5b57e1c as it did not create a cgroup: this container does not have a cgroup
timestamp_ns=1785751230878128457
	DDR Capacity(MB)               : 0
	DDR Usage Rate(%)              : 0
	DDR Hugepages Total(page)      : 0
	DDR Hugepages Usage Rate(%)    : 0
	HBM Capacity(MB)               : 65536
	HBM Usage Rate(%)              : 29
	Aicore Usage Rate(%)           : 79
	Aivector Usage Rate(%)         : 5
	Aicpu Usage Rate(%)            : 0
	Ctrlcpu Usage Rate(%)          : 2
	DDR Bandwidth Usage Rate(%)    : 0
	HBM Bandwidth Usage Rate(%)    : 50
	NPU Utilization(%)             : 96
	Aicube Usage Rate(%)           : 72
	Get pid name failed.
	Process id:1810566 Process name:                  Process memory(MB):16026
Error: cannot run top on container fca65b17c7696be0978c024206dce045576ad0d5017576dab9c64493f5b57e1c as it did not create a cgroup: this container does not have a cgroup
timestamp_ns=1785751233088363761
	DDR Capacity(MB)               : 0
	DDR Usage Rate(%)              : 0
	DDR Hugepages Total(page)      : 0
	DDR Hugepages Usage Rate(%)    : 0
	HBM Capacity(MB)               : 65536
	HBM Usage Rate(%)              : 29
	Aicore Usage Rate(%)           : 71
	Aivector Usage Rate(%)         : 4
	Aicpu Usage Rate(%)            : 0
	Ctrlcpu Usage Rate(%)          : 2
	DDR Bandwidth Usage Rate(%)    : 0
	HBM Bandwidth Usage Rate(%)    : 51
	NPU Utilization(%)             : 89
	Aicube Usage Rate(%)           : 65
	Get pid name failed.
	Process id:1810566 Process name:                  Process memory(MB):16026
Error: cannot run top on container fca65b17c7696be0978c024206dce045576ad0d5017576dab9c64493f5b57e1c as it did not create a cgroup: this container does not have a cgroup
timestamp_ns=1785751235297031801
	DDR Capacity(MB)               : 0
	DDR Usage Rate(%)              : 0
	DDR Hugepages Total(page)      : 0
	DDR Hugepages Usage Rate(%)    : 0
	HBM Capacity(MB)               : 65536
	HBM Usage Rate(%)              : 29
	Aicore Usage Rate(%)           : 76
	Aivector Usage Rate(%)         : 4
	Aicpu Usage Rate(%)            : 0
	Ctrlcpu Usage Rate(%)          : 5
	DDR Bandwidth Usage Rate(%)    : 0
	HBM Bandwidth Usage Rate(%)    : 51
	NPU Utilization(%)             : 100
	Aicube Usage Rate(%)           : 70
	Get pid name failed.
	Process id:1810566 Process name:                  Process memory(MB):16026
Error: cannot run top on container fca65b17c7696be0978c024206dce045576ad0d5017576dab9c64493f5b57e1c as it did not create a cgroup: this container does not have a cgroup
timestamp_ns=1785751237493269608
	DDR Capacity(MB)               : 0
	DDR Usage Rate(%)              : 0
	DDR Hugepages Total(page)      : 0
	DDR Hugepages Usage Rate(%)    : 0
	HBM Capacity(MB)               : 65536
	HBM Usage Rate(%)              : 29
	Aicore Usage Rate(%)           : 75
	Aivector Usage Rate(%)         : 5
	Aicpu Usage Rate(%)            : 0
	Ctrlcpu Usage Rate(%)          : 3
	DDR Bandwidth Usage Rate(%)    : 0
	HBM Bandwidth Usage Rate(%)    : 50
	NPU Utilization(%)             : 86
	Aicube Usage Rate(%)           : 69
	Get pid name failed.
	Process id:1810566 Process name:                  Process memory(MB):16026
Error: cannot run top on container fca65b17c7696be0978c024206dce045576ad0d5017576dab9c64493f5b57e1c as it did not create a cgroup: this container does not have a cgroup
timestamp_ns=1785751239696048062
	DDR Capacity(MB)               : 0
	DDR Usage Rate(%)              : 0
	DDR Hugepages Total(page)      : 0
	DDR Hugepages Usage Rate(%)    : 0
	HBM Capacity(MB)               : 65536
	HBM Usage Rate(%)              : 29
	Aicore Usage Rate(%)           : 78
	Aivector Usage Rate(%)         : 5
	Aicpu Usage Rate(%)            : 0
	Ctrlcpu Usage Rate(%)          : 4
	DDR Bandwidth Usage Rate(%)    : 0
	HBM Bandwidth Usage Rate(%)    : 53
	NPU Utilization(%)             : 89
	Aicube Usage Rate(%)           : 72
	Get pid name failed.
	Process id:1810566 Process name:                  Process memory(MB):16026
Error: cannot run top on container fca65b17c7696be0978c024206dce045576ad0d5017576dab9c64493f5b57e1c as it did not create a cgroup: this container does not have a cgroup
timestamp_ns=1785751241902935929
	DDR Capacity(MB)               : 0
	DDR Usage Rate(%)              : 0
	DDR Hugepages Total(page)      : 0
	DDR Hugepages Usage Rate(%)    : 0
	HBM Capacity(MB)               : 65536
	HBM Usage Rate(%)              : 29
	Aicore Usage Rate(%)           : 77
	Aivector Usage Rate(%)         : 5
	Aicpu Usage Rate(%)            : 0
	Ctrlcpu Usage Rate(%)          : 7
	DDR Bandwidth Usage Rate(%)    : 0
	HBM Bandwidth Usage Rate(%)    : 50
	NPU Utilization(%)             : 100
	Aicube Usage Rate(%)           : 71
	Get pid name failed.
	Process id:1810566 Process name:                  Process memory(MB):16026
Error: cannot run top on container fca65b17c7696be0978c024206dce045576ad0d5017576dab9c64493f5b57e1c as it did not create a cgroup: this container does not have a cgroup
timestamp_ns=1785751244193208797
	DDR Capacity(MB)               : 0
	DDR Usage Rate(%)              : 0
	DDR Hugepages Total(page)      : 0
	DDR Hugepages Usage Rate(%)    : 0
	HBM Capacity(MB)               : 65536
	HBM Usage Rate(%)              : 29
	Aicore Usage Rate(%)           : 75
	Aivector Usage Rate(%)         : 5
	Aicpu Usage Rate(%)            : 0
	Ctrlcpu Usage Rate(%)          : 3
	DDR Bandwidth Usage Rate(%)    : 0
	HBM Bandwidth Usage Rate(%)    : 53
	NPU Utilization(%)             : 89
	Aicube Usage Rate(%)           : 68
	Get pid name failed.
	Process id:1810566 Process name:                  Process memory(MB):16026
Error: cannot run top on container fca65b17c7696be0978c024206dce045576ad0d5017576dab9c64493f5b57e1c as it did not create a cgroup: this container does not have a cgroup
timestamp_ns=1785751246463883216
	DDR Capacity(MB)               : 0
	DDR Usage Rate(%)              : 0
	DDR Hugepages Total(page)      : 0
	DDR Hugepages Usage Rate(%)    : 0
	HBM Capacity(MB)               : 65536
	HBM Usage Rate(%)              : 29
	Aicore Usage Rate(%)           : 80
	Aivector Usage Rate(%)         : 5
	Aicpu Usage Rate(%)            : 0
	Ctrlcpu Usage Rate(%)          : 3
	DDR Bandwidth Usage Rate(%)    : 0
	HBM Bandwidth Usage Rate(%)    : 53
	NPU Utilization(%)             : 89
	Aicube Usage Rate(%)           : 73
	Get pid name failed.
	Process id:1810566 Process name:                  Process memory(MB):16026
Error: cannot run top on container fca65b17c7696be0978c024206dce045576ad0d5017576dab9c64493f5b57e1c as it did not create a cgroup: this container does not have a cgroup
timestamp_ns=1785751248632598909
	DDR Capacity(MB)               : 0
	DDR Usage Rate(%)              : 0
	DDR Hugepages Total(page)      : 0
	DDR Hugepages Usage Rate(%)    : 0
	HBM Capacity(MB)               : 65536
	HBM Usage Rate(%)              : 29
	Aicore Usage Rate(%)           : 81
	Aivector Usage Rate(%)         : 5
	Aicpu Usage Rate(%)            : 0
	Ctrlcpu Usage Rate(%)          : 5
	DDR Bandwidth Usage Rate(%)    : 0
	HBM Bandwidth Usage Rate(%)    : 53
	NPU Utilization(%)             : 86
	Aicube Usage Rate(%)           : 74
	Get pid name failed.
	Process id:1810566 Process name:                  Process memory(MB):16026
Error: cannot run top on container fca65b17c7696be0978c024206dce045576ad0d5017576dab9c64493f5b57e1c as it did not create a cgroup: this container does not have a cgroup
timestamp_ns=1785751250818189142
	DDR Capacity(MB)               : 0
	DDR Usage Rate(%)              : 0
	DDR Hugepages Total(page)      : 0
	DDR Hugepages Usage Rate(%)    : 0
	HBM Capacity(MB)               : 65536
	HBM Usage Rate(%)              : 29
	Aicore Usage Rate(%)           : 80
	Aivector Usage Rate(%)         : 5
	Aicpu Usage Rate(%)            : 0
	Ctrlcpu Usage Rate(%)          : 5
	DDR Bandwidth Usage Rate(%)    : 0
	HBM Bandwidth Usage Rate(%)    : 53
	NPU Utilization(%)             : 86
	Aicube Usage Rate(%)           : 73
	Get pid name failed.
	Process id:1810566 Process name:                  Process memory(MB):16026
Error: cannot run top on container fca65b17c7696be0978c024206dce045576ad0d5017576dab9c64493f5b57e1c as it did not create a cgroup: this container does not have a cgroup
timestamp_ns=1785751253014769687
	DDR Capacity(MB)               : 0
	DDR Usage Rate(%)              : 0
	DDR Hugepages Total(page)      : 0
	DDR Hugepages Usage Rate(%)    : 0
	HBM Capacity(MB)               : 65536
	HBM Usage Rate(%)              : 29
	Aicore Usage Rate(%)           : 77
	Aivector Usage Rate(%)         : 5
	Aicpu Usage Rate(%)            : 0
	Ctrlcpu Usage Rate(%)          : 1
	DDR Bandwidth Usage Rate(%)    : 0
	HBM Bandwidth Usage Rate(%)    : 54
	NPU Utilization(%)             : 93
	Aicube Usage Rate(%)           : 70
	Get pid name failed.
	Process id:1810566 Process name:                  Process memory(MB):16026
Error: cannot run top on container fca65b17c7696be0978c024206dce045576ad0d5017576dab9c64493f5b57e1c as it did not create a cgroup: this container does not have a cgroup
timestamp_ns=1785751255337350564
	DDR Capacity(MB)               : 0
	DDR Usage Rate(%)              : 0
	DDR Hugepages Total(page)      : 0
	DDR Hugepages Usage Rate(%)    : 0
	HBM Capacity(MB)               : 65536
	HBM Usage Rate(%)              : 29
	Aicore Usage Rate(%)           : 80
	Aivector Usage Rate(%)         : 5
	Aicpu Usage Rate(%)            : 0
	Ctrlcpu Usage Rate(%)          : 6
	DDR Bandwidth Usage Rate(%)    : 0
	HBM Bandwidth Usage Rate(%)    : 28
	NPU Utilization(%)             : 86
	Aicube Usage Rate(%)           : 73
	Get pid name failed.
	Process id:1810566 Process name:                  Process memory(MB):16026
Error: cannot run top on container fca65b17c7696be0978c024206dce045576ad0d5017576dab9c64493f5b57e1c as it did not create a cgroup: this container does not have a cgroup
timestamp_ns=1785751257508275182
	DDR Capacity(MB)               : 0
	DDR Usage Rate(%)              : 0
	DDR Hugepages Total(page)      : 0
	DDR Hugepages Usage Rate(%)    : 0
	HBM Capacity(MB)               : 65536
	HBM Usage Rate(%)              : 29
	Aicore Usage Rate(%)           : 80
	Aivector Usage Rate(%)         : 5
	Aicpu Usage Rate(%)            : 0
	Ctrlcpu Usage Rate(%)          : 3
	DDR Bandwidth Usage Rate(%)    : 0
	HBM Bandwidth Usage Rate(%)    : 54
	NPU Utilization(%)             : 89
	Aicube Usage Rate(%)           : 73
	Get pid name failed.
	Process id:1810566 Process name:                  Process memory(MB):16026
Error: cannot run top on container fca65b17c7696be0978c024206dce045576ad0d5017576dab9c64493f5b57e1c as it did not create a cgroup: this container does not have a cgroup
timestamp_ns=1785751259732308059
	DDR Capacity(MB)               : 0
	DDR Usage Rate(%)              : 0
	DDR Hugepages Total(page)      : 0
	DDR Hugepages Usage Rate(%)    : 0
	HBM Capacity(MB)               : 65536
	HBM Usage Rate(%)              : 29
	Aicore Usage Rate(%)           : 77
	Aivector Usage Rate(%)         : 5
	Aicpu Usage Rate(%)            : 0
	Ctrlcpu Usage Rate(%)          : 7
	DDR Bandwidth Usage Rate(%)    : 0
	HBM Bandwidth Usage Rate(%)    : 42
	NPU Utilization(%)             : 93
	Aicube Usage Rate(%)           : 71
	Get pid name failed.
	Process id:1810566 Process name:                  Process memory(MB):16026
Error: cannot run top on container fca65b17c7696be0978c024206dce045576ad0d5017576dab9c64493f5b57e1c as it did not create a cgroup: this container does not have a cgroup
timestamp_ns=1785751261870494909
	DDR Capacity(MB)               : 0
	DDR Usage Rate(%)              : 0
	DDR Hugepages Total(page)      : 0
	DDR Hugepages Usage Rate(%)    : 0
	HBM Capacity(MB)               : 65536
	HBM Usage Rate(%)              : 29
	Aicore Usage Rate(%)           : 81
	Aivector Usage Rate(%)         : 5
	Aicpu Usage Rate(%)            : 0
	Ctrlcpu Usage Rate(%)          : 3
	DDR Bandwidth Usage Rate(%)    : 0
	HBM Bandwidth Usage Rate(%)    : 53
	NPU Utilization(%)             : 96
	Aicube Usage Rate(%)           : 73
	Get pid name failed.
	Process id:1810566 Process name:                  Process memory(MB):16026
Error: cannot run top on container fca65b17c7696be0978c024206dce045576ad0d5017576dab9c64493f5b57e1c as it did not create a cgroup: this container does not have a cgroup
timestamp_ns=1785751264004597849
	DDR Capacity(MB)               : 0
	DDR Usage Rate(%)              : 0
	DDR Hugepages Total(page)      : 0
	DDR Hugepages Usage Rate(%)    : 0
	HBM Capacity(MB)               : 65536
	HBM Usage Rate(%)              : 29
	Aicore Usage Rate(%)           : 78
	Aivector Usage Rate(%)         : 5
	Aicpu Usage Rate(%)            : 0
	Ctrlcpu Usage Rate(%)          : 0
	DDR Bandwidth Usage Rate(%)    : 0
	HBM Bandwidth Usage Rate(%)    : 54
	NPU Utilization(%)             : 89
	Aicube Usage Rate(%)           : 71
	Get pid name failed.
	Process id:1810566 Process name:                  Process memory(MB):16026
Error: cannot run top on container fca65b17c7696be0978c024206dce045576ad0d5017576dab9c64493f5b57e1c as it did not create a cgroup: this container does not have a cgroup
timestamp_ns=1785751266164816193
	DDR Capacity(MB)               : 0
	DDR Usage Rate(%)              : 0
	DDR Hugepages Total(page)      : 0
	DDR Hugepages Usage Rate(%)    : 0
	HBM Capacity(MB)               : 65536
	HBM Usage Rate(%)              : 29
	Aicore Usage Rate(%)           : 78
	Aivector Usage Rate(%)         : 5
	Aicpu Usage Rate(%)            : 0
	Ctrlcpu Usage Rate(%)          : 4
	DDR Bandwidth Usage Rate(%)    : 0
	HBM Bandwidth Usage Rate(%)    : 53
	NPU Utilization(%)             : 89
	Aicube Usage Rate(%)           : 71
	Get pid name failed.
	Process id:1810566 Process name:                  Process memory(MB):16026
Error: cannot run top on container fca65b17c7696be0978c024206dce045576ad0d5017576dab9c64493f5b57e1c as it did not create a cgroup: this container does not have a cgroup
timestamp_ns=1785751268304787329
	DDR Capacity(MB)               : 0
	DDR Usage Rate(%)              : 0
	DDR Hugepages Total(page)      : 0
	DDR Hugepages Usage Rate(%)    : 0
	HBM Capacity(MB)               : 65536
	HBM Usage Rate(%)              : 29
	Aicore Usage Rate(%)           : 80
	Aivector Usage Rate(%)         : 5
	Aicpu Usage Rate(%)            : 0
	Ctrlcpu Usage Rate(%)          : 2
	DDR Bandwidth Usage Rate(%)    : 0
	HBM Bandwidth Usage Rate(%)    : 54
	NPU Utilization(%)             : 89
	Aicube Usage Rate(%)           : 73
	Get pid name failed.
	Process id:1810566 Process name:                  Process memory(MB):16026
Error: cannot run top on container fca65b17c7696be0978c024206dce045576ad0d5017576dab9c64493f5b57e1c as it did not create a cgroup: this container does not have a cgroup
timestamp_ns=1785751270441999979
	DDR Capacity(MB)               : 0
	DDR Usage Rate(%)              : 0
	DDR Hugepages Total(page)      : 0
	DDR Hugepages Usage Rate(%)    : 0
	HBM Capacity(MB)               : 65536
	HBM Usage Rate(%)              : 29
	Aicore Usage Rate(%)           : 77
	Aivector Usage Rate(%)         : 4
	Aicpu Usage Rate(%)            : 0
	Ctrlcpu Usage Rate(%)          : 2
	DDR Bandwidth Usage Rate(%)    : 0
	HBM Bandwidth Usage Rate(%)    : 53
	NPU Utilization(%)             : 96
	Aicube Usage Rate(%)           : 69
	Get pid name failed.
	Process id:1810566 Process name:                  Process memory(MB):16026
Error: cannot run top on container fca65b17c7696be0978c024206dce045576ad0d5017576dab9c64493f5b57e1c as it did not create a cgroup: this container does not have a cgroup
timestamp_ns=1785751272593953367
	DDR Capacity(MB)               : 0
	DDR Usage Rate(%)              : 0
	DDR Hugepages Total(page)      : 0
	DDR Hugepages Usage Rate(%)    : 0
	HBM Capacity(MB)               : 65536
	HBM Usage Rate(%)              : 29
	Aicore Usage Rate(%)           : 81
	Aivector Usage Rate(%)         : 5
	Aicpu Usage Rate(%)            : 0
	Ctrlcpu Usage Rate(%)          : 4
	DDR Bandwidth Usage Rate(%)    : 0
	HBM Bandwidth Usage Rate(%)    : 53
	NPU Utilization(%)             : 89
	Aicube Usage Rate(%)           : 73
	Get pid name failed.
	Process id:1810566 Process name:                  Process memory(MB):16026
Error: cannot run top on container fca65b17c7696be0978c024206dce045576ad0d5017576dab9c64493f5b57e1c as it did not create a cgroup: this container does not have a cgroup
timestamp_ns=1785751274761914623
	DDR Capacity(MB)               : 0
	DDR Usage Rate(%)              : 0
	DDR Hugepages Total(page)      : 0
	DDR Hugepages Usage Rate(%)    : 0
	HBM Capacity(MB)               : 65536
	HBM Usage Rate(%)              : 29
	Aicore Usage Rate(%)           : 81
	Aivector Usage Rate(%)         : 5
	Aicpu Usage Rate(%)            : 0
	Ctrlcpu Usage Rate(%)          : 4
	DDR Bandwidth Usage Rate(%)    : 0
	HBM Bandwidth Usage Rate(%)    : 53
	NPU Utilization(%)             : 93
	Aicube Usage Rate(%)           : 74
	Get pid name failed.
	Process id:1810566 Process name:                  Process memory(MB):16026
Error: cannot run top on container fca65b17c7696be0978c024206dce045576ad0d5017576dab9c64493f5b57e1c as it did not create a cgroup: this container does not have a cgroup
timestamp_ns=1785751276916429224
	DDR Capacity(MB)               : 0
	DDR Usage Rate(%)              : 0
	DDR Hugepages Total(page)      : 0
	DDR Hugepages Usage Rate(%)    : 0
	HBM Capacity(MB)               : 65536
	HBM Usage Rate(%)              : 29
	Aicore Usage Rate(%)           : 80
	Aivector Usage Rate(%)         : 5
	Aicpu Usage Rate(%)            : 0
	Ctrlcpu Usage Rate(%)          : 6
	DDR Bandwidth Usage Rate(%)    : 0
	HBM Bandwidth Usage Rate(%)    : 54
	NPU Utilization(%)             : 100
	Aicube Usage Rate(%)           : 73
	Get pid name failed.
	Process id:1810566 Process name:                  Process memory(MB):16026
Error: cannot run top on container fca65b17c7696be0978c024206dce045576ad0d5017576dab9c64493f5b57e1c as it did not create a cgroup: this container does not have a cgroup
timestamp_ns=1785751279056368223
	DDR Capacity(MB)               : 0
	DDR Usage Rate(%)              : 0
	DDR Hugepages Total(page)      : 0
	DDR Hugepages Usage Rate(%)    : 0
	HBM Capacity(MB)               : 65536
	HBM Usage Rate(%)              : 29
	Aicore Usage Rate(%)           : 79
	Aivector Usage Rate(%)         : 5
	Aicpu Usage Rate(%)            : 0
	Ctrlcpu Usage Rate(%)          : 2
	DDR Bandwidth Usage Rate(%)    : 0
	HBM Bandwidth Usage Rate(%)    : 53
	NPU Utilization(%)             : 89
	Aicube Usage Rate(%)           : 71
	Get pid name failed.
	Process id:1810566 Process name:                  Process memory(MB):16026
Error: cannot run top on container fca65b17c7696be0978c024206dce045576ad0d5017576dab9c64493f5b57e1c as it did not create a cgroup: this container does not have a cgroup
timestamp_ns=1785751281214056582
	DDR Capacity(MB)               : 0
	DDR Usage Rate(%)              : 0
	DDR Hugepages Total(page)      : 0
	DDR Hugepages Usage Rate(%)    : 0
	HBM Capacity(MB)               : 65536
	HBM Usage Rate(%)              : 29
	Aicore Usage Rate(%)           : 81
	Aivector Usage Rate(%)         : 5
	Aicpu Usage Rate(%)            : 0
	Ctrlcpu Usage Rate(%)          : 3
	DDR Bandwidth Usage Rate(%)    : 0
	HBM Bandwidth Usage Rate(%)    : 53
	NPU Utilization(%)             : 100
	Aicube Usage Rate(%)           : 73
	Get pid name failed.
	Process id:1810566 Process name:                  Process memory(MB):16026
Error: cannot run top on container fca65b17c7696be0978c024206dce045576ad0d5017576dab9c64493f5b57e1c as it did not create a cgroup: this container does not have a cgroup
timestamp_ns=1785751283349776346
	DDR Capacity(MB)               : 0
	DDR Usage Rate(%)              : 0
	DDR Hugepages Total(page)      : 0
	DDR Hugepages Usage Rate(%)    : 0
	HBM Capacity(MB)               : 65536
	HBM Usage Rate(%)              : 29
	Aicore Usage Rate(%)           : 82
	Aivector Usage Rate(%)         : 5
	Aicpu Usage Rate(%)            : 0
	Ctrlcpu Usage Rate(%)          : 1
	DDR Bandwidth Usage Rate(%)    : 0
	HBM Bandwidth Usage Rate(%)    : 53
	NPU Utilization(%)             : 89
	Aicube Usage Rate(%)           : 74
	Get pid name failed.
	Process id:1810566 Process name:                  Process memory(MB):16026
Error: cannot run top on container fca65b17c7696be0978c024206dce045576ad0d5017576dab9c64493f5b57e1c as it did not create a cgroup: this container does not have a cgroup
timestamp_ns=1785751285486778678
	DDR Capacity(MB)               : 0
	DDR Usage Rate(%)              : 0
	DDR Hugepages Total(page)      : 0
	DDR Hugepages Usage Rate(%)    : 0
	HBM Capacity(MB)               : 65536
	HBM Usage Rate(%)              : 29
	Aicore Usage Rate(%)           : 77
	Aivector Usage Rate(%)         : 5
	Aicpu Usage Rate(%)            : 0
	Ctrlcpu Usage Rate(%)          : 1
	DDR Bandwidth Usage Rate(%)    : 0
	HBM Bandwidth Usage Rate(%)    : 53
	NPU Utilization(%)             : 86
	Aicube Usage Rate(%)           : 71
	Get pid name failed.
	Process id:1810566 Process name:                  Process memory(MB):16026
Error: cannot run top on container fca65b17c7696be0978c024206dce045576ad0d5017576dab9c64493f5b57e1c as it did not create a cgroup: this container does not have a cgroup
timestamp_ns=1785751287619435417
	DDR Capacity(MB)               : 0
	DDR Usage Rate(%)              : 0
	DDR Hugepages Total(page)      : 0
	DDR Hugepages Usage Rate(%)    : 0
	HBM Capacity(MB)               : 65536
	HBM Usage Rate(%)              : 29
	Aicore Usage Rate(%)           : 81
	Aivector Usage Rate(%)         : 5
	Aicpu Usage Rate(%)            : 0
	Ctrlcpu Usage Rate(%)          : 2
	DDR Bandwidth Usage Rate(%)    : 0
	HBM Bandwidth Usage Rate(%)    : 53
	NPU Utilization(%)             : 86
	Aicube Usage Rate(%)           : 74
	Get pid name failed.
	Process id:1810566 Process name:                  Process memory(MB):16026
Error: cannot run top on container fca65b17c7696be0978c024206dce045576ad0d5017576dab9c64493f5b57e1c as it did not create a cgroup: this container does not have a cgroup
timestamp_ns=1785751289760330960
	DDR Capacity(MB)               : 0
	DDR Usage Rate(%)              : 0
	DDR Hugepages Total(page)      : 0
	DDR Hugepages Usage Rate(%)    : 0
	HBM Capacity(MB)               : 65536
	HBM Usage Rate(%)              : 29
	Aicore Usage Rate(%)           : 81
	Aivector Usage Rate(%)         : 5
	Aicpu Usage Rate(%)            : 0
	Ctrlcpu Usage Rate(%)          : 4
	DDR Bandwidth Usage Rate(%)    : 0
	HBM Bandwidth Usage Rate(%)    : 54
	NPU Utilization(%)             : 86
	Aicube Usage Rate(%)           : 74
	Get pid name failed.
	Process id:1810566 Process name:                  Process memory(MB):16026
Error: cannot run top on container fca65b17c7696be0978c024206dce045576ad0d5017576dab9c64493f5b57e1c as it did not create a cgroup: this container does not have a cgroup
timestamp_ns=1785751291897575249
	DDR Capacity(MB)               : 0
	DDR Usage Rate(%)              : 0
	DDR Hugepages Total(page)      : 0
	DDR Hugepages Usage Rate(%)    : 0
	HBM Capacity(MB)               : 65536
	HBM Usage Rate(%)              : 29
	Aicore Usage Rate(%)           : 80
	Aivector Usage Rate(%)         : 5
	Aicpu Usage Rate(%)            : 0
	Ctrlcpu Usage Rate(%)          : 4
	DDR Bandwidth Usage Rate(%)    : 0
	HBM Bandwidth Usage Rate(%)    : 49
	NPU Utilization(%)             : 96
	Aicube Usage Rate(%)           : 72
	Get pid name failed.
	Process id:1810566 Process name:                  Process memory(MB):16026
Error: cannot run top on container fca65b17c7696be0978c024206dce045576ad0d5017576dab9c64493f5b57e1c as it did not create a cgroup: this container does not have a cgroup
timestamp_ns=1785751294041451120
	DDR Capacity(MB)               : 0
	DDR Usage Rate(%)              : 0
	DDR Hugepages Total(page)      : 0
	DDR Hugepages Usage Rate(%)    : 0
	HBM Capacity(MB)               : 65536
	HBM Usage Rate(%)              : 29
	Aicore Usage Rate(%)           : 77
	Aivector Usage Rate(%)         : 5
	Aicpu Usage Rate(%)            : 0
	Ctrlcpu Usage Rate(%)          : 4
	DDR Bandwidth Usage Rate(%)    : 0
	HBM Bandwidth Usage Rate(%)    : 49
	NPU Utilization(%)             : 96
	Aicube Usage Rate(%)           : 71
	Get pid name failed.
	Process id:1810566 Process name:                  Process memory(MB):16026
Error: cannot run top on container fca65b17c7696be0978c024206dce045576ad0d5017576dab9c64493f5b57e1c as it did not create a cgroup: this container does not have a cgroup
timestamp_ns=1785751296200554378
	DDR Capacity(MB)               : 0
	DDR Usage Rate(%)              : 0
	DDR Hugepages Total(page)      : 0
	DDR Hugepages Usage Rate(%)    : 0
	HBM Capacity(MB)               : 65536
	HBM Usage Rate(%)              : 29
	Aicore Usage Rate(%)           : 79
	Aivector Usage Rate(%)         : 5
	Aicpu Usage Rate(%)            : 0
	Ctrlcpu Usage Rate(%)          : 8
	DDR Bandwidth Usage Rate(%)    : 0
	HBM Bandwidth Usage Rate(%)    : 53
	NPU Utilization(%)             : 89
	Aicube Usage Rate(%)           : 71
	Get pid name failed.
	Process id:1810566 Process name:                  Process memory(MB):16026
Error: cannot run top on container fca65b17c7696be0978c024206dce045576ad0d5017576dab9c64493f5b57e1c as it did not create a cgroup: this container does not have a cgroup
timestamp_ns=1785751298342704689
	DDR Capacity(MB)               : 0
	DDR Usage Rate(%)              : 0
	DDR Hugepages Total(page)      : 0
	DDR Hugepages Usage Rate(%)    : 0
	HBM Capacity(MB)               : 65536
	HBM Usage Rate(%)              : 29
	Aicore Usage Rate(%)           : 78
	Aivector Usage Rate(%)         : 5
	Aicpu Usage Rate(%)            : 0
	Ctrlcpu Usage Rate(%)          : 1
	DDR Bandwidth Usage Rate(%)    : 0
	HBM Bandwidth Usage Rate(%)    : 23
	NPU Utilization(%)             : 100
	Aicube Usage Rate(%)           : 72
	Get pid name failed.
	Process id:1810566 Process name:                  Process memory(MB):16026
Error: cannot run top on container fca65b17c7696be0978c024206dce045576ad0d5017576dab9c64493f5b57e1c as it did not create a cgroup: this container does not have a cgroup
timestamp_ns=1785751300559573949
	DDR Capacity(MB)               : 0
	DDR Usage Rate(%)              : 0
	DDR Hugepages Total(page)      : 0
	DDR Hugepages Usage Rate(%)    : 0
	HBM Capacity(MB)               : 65536
	HBM Usage Rate(%)              : 29
	Aicore Usage Rate(%)           : 60
	Aivector Usage Rate(%)         : 13
	Aicpu Usage Rate(%)            : 0
	Ctrlcpu Usage Rate(%)          : 4
	DDR Bandwidth Usage Rate(%)    : 0
	HBM Bandwidth Usage Rate(%)    : 54
	NPU Utilization(%)             : 93
	Aicube Usage Rate(%)           : 45
	Get pid name failed.
	Process id:1810566 Process name:                  Process memory(MB):16026
Error: cannot run top on container fca65b17c7696be0978c024206dce045576ad0d5017576dab9c64493f5b57e1c as it did not create a cgroup: this container does not have a cgroup
timestamp_ns=1785751302702638437
	DDR Capacity(MB)               : 0
	DDR Usage Rate(%)              : 0
	DDR Hugepages Total(page)      : 0
	DDR Hugepages Usage Rate(%)    : 0
	HBM Capacity(MB)               : 65536
	HBM Usage Rate(%)              : 29
	Aicore Usage Rate(%)           : 77
	Aivector Usage Rate(%)         : 5
	Aicpu Usage Rate(%)            : 0
	Ctrlcpu Usage Rate(%)          : 4
	DDR Bandwidth Usage Rate(%)    : 0
	HBM Bandwidth Usage Rate(%)    : 52
	NPU Utilization(%)             : 89
	Aicube Usage Rate(%)           : 71
	Get pid name failed.
	Process id:1810566 Process name:                  Process memory(MB):16026
Error: cannot run top on container fca65b17c7696be0978c024206dce045576ad0d5017576dab9c64493f5b57e1c as it did not create a cgroup: this container does not have a cgroup
timestamp_ns=1785751304859035005
	DDR Capacity(MB)               : 0
	DDR Usage Rate(%)              : 0
	DDR Hugepages Total(page)      : 0
	DDR Hugepages Usage Rate(%)    : 0
	HBM Capacity(MB)               : 65536
	HBM Usage Rate(%)              : 29
	Aicore Usage Rate(%)           : 100
	Aivector Usage Rate(%)         : 24
	Aicpu Usage Rate(%)            : 0
	Ctrlcpu Usage Rate(%)          : 7
	DDR Bandwidth Usage Rate(%)    : 0
	HBM Bandwidth Usage Rate(%)    : 50
	NPU Utilization(%)             : 100
	Aicube Usage Rate(%)           : 85
	Get pid name failed.
	Process id:1810566 Process name:                  Process memory(MB):16026
Error: cannot run top on container fca65b17c7696be0978c024206dce045576ad0d5017576dab9c64493f5b57e1c as it did not create a cgroup: this container does not have a cgroup
timestamp_ns=1785751306996810718
	DDR Capacity(MB)               : 0
	DDR Usage Rate(%)              : 0
	DDR Hugepages Total(page)      : 0
	DDR Hugepages Usage Rate(%)    : 0
	HBM Capacity(MB)               : 65536
	HBM Usage Rate(%)              : 29
	Aicore Usage Rate(%)           : 77
	Aivector Usage Rate(%)         : 5
	Aicpu Usage Rate(%)            : 0
	Ctrlcpu Usage Rate(%)          : 5
	DDR Bandwidth Usage Rate(%)    : 0
	HBM Bandwidth Usage Rate(%)    : 53
	NPU Utilization(%)             : 86
	Aicube Usage Rate(%)           : 71
	Get pid name failed.
	Process id:1810566 Process name:                  Process memory(MB):16026
Error: cannot run top on container fca65b17c7696be0978c024206dce045576ad0d5017576dab9c64493f5b57e1c as it did not create a cgroup: this container does not have a cgroup
timestamp_ns=1785751309140784782
	DDR Capacity(MB)               : 0
	DDR Usage Rate(%)              : 0
	DDR Hugepages Total(page)      : 0
	DDR Hugepages Usage Rate(%)    : 0
	HBM Capacity(MB)               : 65536
	HBM Usage Rate(%)              : 29
	Aicore Usage Rate(%)           : 100
	Aivector Usage Rate(%)         : 23
	Aicpu Usage Rate(%)            : 0
	Ctrlcpu Usage Rate(%)          : 5
	DDR Bandwidth Usage Rate(%)    : 0
	HBM Bandwidth Usage Rate(%)    : 54
	NPU Utilization(%)             : 100
	Aicube Usage Rate(%)           : 87
	Get pid name failed.
	Process id:1810566 Process name:                  Process memory(MB):16026
Error: cannot run top on container fca65b17c7696be0978c024206dce045576ad0d5017576dab9c64493f5b57e1c as it did not create a cgroup: this container does not have a cgroup
timestamp_ns=1785751311289037071
	DDR Capacity(MB)               : 0
	DDR Usage Rate(%)              : 0
	DDR Hugepages Total(page)      : 0
	DDR Hugepages Usage Rate(%)    : 0
	HBM Capacity(MB)               : 65536
	HBM Usage Rate(%)              : 29
	Aicore Usage Rate(%)           : 72
	Aivector Usage Rate(%)         : 4
	Aicpu Usage Rate(%)            : 0
	Ctrlcpu Usage Rate(%)          : 2
	DDR Bandwidth Usage Rate(%)    : 0
	HBM Bandwidth Usage Rate(%)    : 53
	NPU Utilization(%)             : 86
	Aicube Usage Rate(%)           : 66
	Get pid name failed.
	Process id:1810566 Process name:                  Process memory(MB):16026
Error: cannot run top on container fca65b17c7696be0978c024206dce045576ad0d5017576dab9c64493f5b57e1c as it did not create a cgroup: this container does not have a cgroup
timestamp_ns=1785751313435706130
	DDR Capacity(MB)               : 0
	DDR Usage Rate(%)              : 0
	DDR Hugepages Total(page)      : 0
	DDR Hugepages Usage Rate(%)    : 0
	HBM Capacity(MB)               : 65536
	HBM Usage Rate(%)              : 29
	Aicore Usage Rate(%)           : 100
	Aivector Usage Rate(%)         : 24
	Aicpu Usage Rate(%)            : 0
	Ctrlcpu Usage Rate(%)          : 1
	DDR Bandwidth Usage Rate(%)    : 0
	HBM Bandwidth Usage Rate(%)    : 50
	NPU Utilization(%)             : 100
	Aicube Usage Rate(%)           : 87
	Get pid name failed.
	Process id:1810566 Process name:                  Process memory(MB):16026
Error: cannot run top on container fca65b17c7696be0978c024206dce045576ad0d5017576dab9c64493f5b57e1c as it did not create a cgroup: this container does not have a cgroup
timestamp_ns=1785751315830843294
	DDR Capacity(MB)               : 0
	DDR Usage Rate(%)              : 0
	DDR Hugepages Total(page)      : 0
	DDR Hugepages Usage Rate(%)    : 0
	HBM Capacity(MB)               : 65536
	HBM Usage Rate(%)              : 29
	Aicore Usage Rate(%)           : 79
	Aivector Usage Rate(%)         : 5
	Aicpu Usage Rate(%)            : 0
	Ctrlcpu Usage Rate(%)          : 0
	DDR Bandwidth Usage Rate(%)    : 0
	HBM Bandwidth Usage Rate(%)    : 53
	NPU Utilization(%)             : 100
	Aicube Usage Rate(%)           : 72
	Get pid name failed.
	Process id:1810566 Process name:                  Process memory(MB):16026
Error: cannot run top on container fca65b17c7696be0978c024206dce045576ad0d5017576dab9c64493f5b57e1c as it did not create a cgroup: this container does not have a cgroup
timestamp_ns=1785751317998526504
	DDR Capacity(MB)               : 0
	DDR Usage Rate(%)              : 0
	DDR Hugepages Total(page)      : 0
	DDR Hugepages Usage Rate(%)    : 0
	HBM Capacity(MB)               : 65536
	HBM Usage Rate(%)              : 29
	Aicore Usage Rate(%)           : 77
	Aivector Usage Rate(%)         : 4
	Aicpu Usage Rate(%)            : 0
	Ctrlcpu Usage Rate(%)          : 5
	DDR Bandwidth Usage Rate(%)    : 0
	HBM Bandwidth Usage Rate(%)    : 53
	NPU Utilization(%)             : 86
	Aicube Usage Rate(%)           : 71
	Get pid name failed.
	Process id:1810566 Process name:                  Process memory(MB):16026
Error: cannot run top on container fca65b17c7696be0978c024206dce045576ad0d5017576dab9c64493f5b57e1c as it did not create a cgroup: this container does not have a cgroup
timestamp_ns=1785751320145479460
	DDR Capacity(MB)               : 0
	DDR Usage Rate(%)              : 0
	DDR Hugepages Total(page)      : 0
	DDR Hugepages Usage Rate(%)    : 0
	HBM Capacity(MB)               : 65536
	HBM Usage Rate(%)              : 29
	Aicore Usage Rate(%)           : 77
	Aivector Usage Rate(%)         : 5
	Aicpu Usage Rate(%)            : 0
	Ctrlcpu Usage Rate(%)          : 4
	DDR Bandwidth Usage Rate(%)    : 0
	HBM Bandwidth Usage Rate(%)    : 53
	NPU Utilization(%)             : 93
	Aicube Usage Rate(%)           : 71
	Get pid name failed.
	Process id:1810566 Process name:                  Process memory(MB):16026
Error: cannot run top on container fca65b17c7696be0978c024206dce045576ad0d5017576dab9c64493f5b57e1c as it did not create a cgroup: this container does not have a cgroup
timestamp_ns=1785751322290281153
	DDR Capacity(MB)               : 0
	DDR Usage Rate(%)              : 0
	DDR Hugepages Total(page)      : 0
	DDR Hugepages Usage Rate(%)    : 0
	HBM Capacity(MB)               : 65536
	HBM Usage Rate(%)              : 29
	Aicore Usage Rate(%)           : 77
	Aivector Usage Rate(%)         : 5
	Aicpu Usage Rate(%)            : 0
	Ctrlcpu Usage Rate(%)          : 8
	DDR Bandwidth Usage Rate(%)    : 0
	HBM Bandwidth Usage Rate(%)    : 53
	NPU Utilization(%)             : 100
	Aicube Usage Rate(%)           : 71
	Get pid name failed.
	Process id:1810566 Process name:                  Process memory(MB):16026
Error: cannot run top on container fca65b17c7696be0978c024206dce045576ad0d5017576dab9c64493f5b57e1c as it did not create a cgroup: this container does not have a cgroup
timestamp_ns=1785751324431003815
	DDR Capacity(MB)               : 0
	DDR Usage Rate(%)              : 0
	DDR Hugepages Total(page)      : 0
	DDR Hugepages Usage Rate(%)    : 0
	HBM Capacity(MB)               : 65536
	HBM Usage Rate(%)              : 29
	Aicore Usage Rate(%)           : 77
	Aivector Usage Rate(%)         : 5
	Aicpu Usage Rate(%)            : 0
	Ctrlcpu Usage Rate(%)          : 4
	DDR Bandwidth Usage Rate(%)    : 0
	HBM Bandwidth Usage Rate(%)    : 53
	NPU Utilization(%)             : 86
	Aicube Usage Rate(%)           : 71
	Get pid name failed.
	Process id:1810566 Process name:                  Process memory(MB):16026
Error: cannot run top on container fca65b17c7696be0978c024206dce045576ad0d5017576dab9c64493f5b57e1c as it did not create a cgroup: this container does not have a cgroup
timestamp_ns=1785751326577123240
	DDR Capacity(MB)               : 0
	DDR Usage Rate(%)              : 0
	DDR Hugepages Total(page)      : 0
	DDR Hugepages Usage Rate(%)    : 0
	HBM Capacity(MB)               : 65536
	HBM Usage Rate(%)              : 29
	Aicore Usage Rate(%)           : 81
	Aivector Usage Rate(%)         : 5
	Aicpu Usage Rate(%)            : 0
	Ctrlcpu Usage Rate(%)          : 1
	DDR Bandwidth Usage Rate(%)    : 0
	HBM Bandwidth Usage Rate(%)    : 53
	NPU Utilization(%)             : 86
	Aicube Usage Rate(%)           : 73
	Get pid name failed.
	Process id:1810566 Process name:                  Process memory(MB):16026
Error: cannot run top on container fca65b17c7696be0978c024206dce045576ad0d5017576dab9c64493f5b57e1c as it did not create a cgroup: this container does not have a cgroup
timestamp_ns=1785751328720917948
	DDR Capacity(MB)               : 0
	DDR Usage Rate(%)              : 0
	DDR Hugepages Total(page)      : 0
	DDR Hugepages Usage Rate(%)    : 0
	HBM Capacity(MB)               : 65536
	HBM Usage Rate(%)              : 29
	Aicore Usage Rate(%)           : 81
	Aivector Usage Rate(%)         : 5
	Aicpu Usage Rate(%)            : 0
	Ctrlcpu Usage Rate(%)          : 5
	DDR Bandwidth Usage Rate(%)    : 0
	HBM Bandwidth Usage Rate(%)    : 54
	NPU Utilization(%)             : 86
	Aicube Usage Rate(%)           : 74
	Get pid name failed.
	Process id:1810566 Process name:                  Process memory(MB):16026
Error: cannot run top on container fca65b17c7696be0978c024206dce045576ad0d5017576dab9c64493f5b57e1c as it did not create a cgroup: this container does not have a cgroup
timestamp_ns=1785751330868042809
	DDR Capacity(MB)               : 0
	DDR Usage Rate(%)              : 0
	DDR Hugepages Total(page)      : 0
	DDR Hugepages Usage Rate(%)    : 0
	HBM Capacity(MB)               : 65536
	HBM Usage Rate(%)              : 29
	Aicore Usage Rate(%)           : 77
	Aivector Usage Rate(%)         : 4
	Aicpu Usage Rate(%)            : 0
	Ctrlcpu Usage Rate(%)          : 4
	DDR Bandwidth Usage Rate(%)    : 0
	HBM Bandwidth Usage Rate(%)    : 42
	NPU Utilization(%)             : 89
	Aicube Usage Rate(%)           : 70
	Get pid name failed.
	Process id:1810566 Process name:                  Process memory(MB):16026
Error: cannot run top on container fca65b17c7696be0978c024206dce045576ad0d5017576dab9c64493f5b57e1c as it did not create a cgroup: this container does not have a cgroup
timestamp_ns=1785751333008320623
	DDR Capacity(MB)               : 0
	DDR Usage Rate(%)              : 0
	DDR Hugepages Total(page)      : 0
	DDR Hugepages Usage Rate(%)    : 0
	HBM Capacity(MB)               : 65536
	HBM Usage Rate(%)              : 29
	Aicore Usage Rate(%)           : 81
	Aivector Usage Rate(%)         : 5
	Aicpu Usage Rate(%)            : 0
	Ctrlcpu Usage Rate(%)          : 1
	DDR Bandwidth Usage Rate(%)    : 0
	HBM Bandwidth Usage Rate(%)    : 54
	NPU Utilization(%)             : 86
	Aicube Usage Rate(%)           : 73
	Get pid name failed.
	Process id:1810566 Process name:                  Process memory(MB):16026
Error: cannot run top on container fca65b17c7696be0978c024206dce045576ad0d5017576dab9c64493f5b57e1c as it did not create a cgroup: this container does not have a cgroup
timestamp_ns=1785751335155475795
	DDR Capacity(MB)               : 0
	DDR Usage Rate(%)              : 0
	DDR Hugepages Total(page)      : 0
	DDR Hugepages Usage Rate(%)    : 0
	HBM Capacity(MB)               : 65536
	HBM Usage Rate(%)              : 29
	Aicore Usage Rate(%)           : 81
	Aivector Usage Rate(%)         : 5
	Aicpu Usage Rate(%)            : 0
	Ctrlcpu Usage Rate(%)          : 3
	DDR Bandwidth Usage Rate(%)    : 0
	HBM Bandwidth Usage Rate(%)    : 33
	NPU Utilization(%)             : 89
	Aicube Usage Rate(%)           : 74
	Get pid name failed.
	Process id:1810566 Process name:                  Process memory(MB):16026
Error: cannot run top on container fca65b17c7696be0978c024206dce045576ad0d5017576dab9c64493f5b57e1c as it did not create a cgroup: this container does not have a cgroup
timestamp_ns=1785751337298200979
	DDR Capacity(MB)               : 0
	DDR Usage Rate(%)              : 0
	DDR Hugepages Total(page)      : 0
	DDR Hugepages Usage Rate(%)    : 0
	HBM Capacity(MB)               : 65536
	HBM Usage Rate(%)              : 29
	Aicore Usage Rate(%)           : 77
	Aivector Usage Rate(%)         : 5
	Aicpu Usage Rate(%)            : 0
	Ctrlcpu Usage Rate(%)          : 1
	DDR Bandwidth Usage Rate(%)    : 0
	HBM Bandwidth Usage Rate(%)    : 53
	NPU Utilization(%)             : 82
	Aicube Usage Rate(%)           : 71
	Get pid name failed.
	Process id:1810566 Process name:                  Process memory(MB):16026
Error: cannot run top on container fca65b17c7696be0978c024206dce045576ad0d5017576dab9c64493f5b57e1c as it did not create a cgroup: this container does not have a cgroup
timestamp_ns=1785751339440422083
	DDR Capacity(MB)               : 0
	DDR Usage Rate(%)              : 0
	DDR Hugepages Total(page)      : 0
	DDR Hugepages Usage Rate(%)    : 0
	HBM Capacity(MB)               : 65536
	HBM Usage Rate(%)              : 29
	Aicore Usage Rate(%)           : 77
	Aivector Usage Rate(%)         : 5
	Aicpu Usage Rate(%)            : 0
	Ctrlcpu Usage Rate(%)          : 4
	DDR Bandwidth Usage Rate(%)    : 0
	HBM Bandwidth Usage Rate(%)    : 54
	NPU Utilization(%)             : 86
	Aicube Usage Rate(%)           : 71
	Get pid name failed.
	Process id:1810566 Process name:                  Process memory(MB):16026
Error: cannot run top on container fca65b17c7696be0978c024206dce045576ad0d5017576dab9c64493f5b57e1c as it did not create a cgroup: this container does not have a cgroup
timestamp_ns=1785751341575836072
	DDR Capacity(MB)               : 0
	DDR Usage Rate(%)              : 0
	DDR Hugepages Total(page)      : 0
	DDR Hugepages Usage Rate(%)    : 0
	HBM Capacity(MB)               : 65536
	HBM Usage Rate(%)              : 29
	Aicore Usage Rate(%)           : 77
	Aivector Usage Rate(%)         : 5
	Aicpu Usage Rate(%)            : 0
	Ctrlcpu Usage Rate(%)          : 2
	DDR Bandwidth Usage Rate(%)    : 0
	HBM Bandwidth Usage Rate(%)    : 53
	NPU Utilization(%)             : 89
	Aicube Usage Rate(%)           : 71
	Get pid name failed.
	Process id:1810566 Process name:                  Process memory(MB):16026
Error: cannot run top on container fca65b17c7696be0978c024206dce045576ad0d5017576dab9c64493f5b57e1c as it did not create a cgroup: this container does not have a cgroup
timestamp_ns=1785751343727974663
	DDR Capacity(MB)               : 0
	DDR Usage Rate(%)              : 0
	DDR Hugepages Total(page)      : 0
	DDR Hugepages Usage Rate(%)    : 0
	HBM Capacity(MB)               : 65536
	HBM Usage Rate(%)              : 29
	Aicore Usage Rate(%)           : 80
	Aivector Usage Rate(%)         : 5
	Aicpu Usage Rate(%)            : 0
	Ctrlcpu Usage Rate(%)          : 6
	DDR Bandwidth Usage Rate(%)    : 0
	HBM Bandwidth Usage Rate(%)    : 53
	NPU Utilization(%)             : 100
	Aicube Usage Rate(%)           : 73
	Get pid name failed.
	Process id:1810566 Process name:                  Process memory(MB):16026
Error: cannot run top on container fca65b17c7696be0978c024206dce045576ad0d5017576dab9c64493f5b57e1c as it did not create a cgroup: this container does not have a cgroup
timestamp_ns=1785751345869416953
	DDR Capacity(MB)               : 0
	DDR Usage Rate(%)              : 0
	DDR Hugepages Total(page)      : 0
	DDR Hugepages Usage Rate(%)    : 0
	HBM Capacity(MB)               : 65536
	HBM Usage Rate(%)              : 29
	Aicore Usage Rate(%)           : 80
	Aivector Usage Rate(%)         : 5
	Aicpu Usage Rate(%)            : 0
	Ctrlcpu Usage Rate(%)          : 2
	DDR Bandwidth Usage Rate(%)    : 0
	HBM Bandwidth Usage Rate(%)    : 53
	NPU Utilization(%)             : 93
	Aicube Usage Rate(%)           : 72
	Get pid name failed.
	Process id:1810566 Process name:                  Process memory(MB):16026
Error: cannot run top on container fca65b17c7696be0978c024206dce045576ad0d5017576dab9c64493f5b57e1c as it did not create a cgroup: this container does not have a cgroup
timestamp_ns=1785751348019392324
	DDR Capacity(MB)               : 0
	DDR Usage Rate(%)              : 0
	DDR Hugepages Total(page)      : 0
	DDR Hugepages Usage Rate(%)    : 0
	HBM Capacity(MB)               : 65536
	HBM Usage Rate(%)              : 29
	Aicore Usage Rate(%)           : 77
	Aivector Usage Rate(%)         : 5
	Aicpu Usage Rate(%)            : 0
	Ctrlcpu Usage Rate(%)          : 3
	DDR Bandwidth Usage Rate(%)    : 0
	HBM Bandwidth Usage Rate(%)    : 53
	NPU Utilization(%)             : 86
	Aicube Usage Rate(%)           : 71
	Get pid name failed.
	Process id:1810566 Process name:                  Process memory(MB):16026
Error: cannot run top on container fca65b17c7696be0978c024206dce045576ad0d5017576dab9c64493f5b57e1c as it did not create a cgroup: this container does not have a cgroup
timestamp_ns=1785751350165790539
	DDR Capacity(MB)               : 0
	DDR Usage Rate(%)              : 0
	DDR Hugepages Total(page)      : 0
	DDR Hugepages Usage Rate(%)    : 0
	HBM Capacity(MB)               : 65536
	HBM Usage Rate(%)              : 29
	Aicore Usage Rate(%)           : 76
	Aivector Usage Rate(%)         : 5
	Aicpu Usage Rate(%)            : 0
	Ctrlcpu Usage Rate(%)          : 2
	DDR Bandwidth Usage Rate(%)    : 0
	HBM Bandwidth Usage Rate(%)    : 53
	NPU Utilization(%)             : 96
	Aicube Usage Rate(%)           : 70
	Get pid name failed.
	Process id:1810566 Process name:                  Process memory(MB):16026
Error: cannot run top on container fca65b17c7696be0978c024206dce045576ad0d5017576dab9c64493f5b57e1c as it did not create a cgroup: this container does not have a cgroup
timestamp_ns=1785751352310579588
	DDR Capacity(MB)               : 0
	DDR Usage Rate(%)              : 0
	DDR Hugepages Total(page)      : 0
	DDR Hugepages Usage Rate(%)    : 0
	HBM Capacity(MB)               : 65536
	HBM Usage Rate(%)              : 29
	Aicore Usage Rate(%)           : 77
	Aivector Usage Rate(%)         : 5
	Aicpu Usage Rate(%)            : 0
	Ctrlcpu Usage Rate(%)          : 4
	DDR Bandwidth Usage Rate(%)    : 0
	HBM Bandwidth Usage Rate(%)    : 53
	NPU Utilization(%)             : 96
	Aicube Usage Rate(%)           : 71
	Get pid name failed.
	Process id:1810566 Process name:                  Process memory(MB):16026
Error: cannot run top on container fca65b17c7696be0978c024206dce045576ad0d5017576dab9c64493f5b57e1c as it did not create a cgroup: this container does not have a cgroup
timestamp_ns=1785751354443837768
	DDR Capacity(MB)               : 0
	DDR Usage Rate(%)              : 0
	DDR Hugepages Total(page)      : 0
	DDR Hugepages Usage Rate(%)    : 0
	HBM Capacity(MB)               : 65536
	HBM Usage Rate(%)              : 29
	Aicore Usage Rate(%)           : 78
	Aivector Usage Rate(%)         : 5
	Aicpu Usage Rate(%)            : 0
	Ctrlcpu Usage Rate(%)          : 0
	DDR Bandwidth Usage Rate(%)    : 0
	HBM Bandwidth Usage Rate(%)    : 52
	NPU Utilization(%)             : 93
	Aicube Usage Rate(%)           : 72
	Get pid name failed.
	Process id:1810566 Process name:                  Process memory(MB):16026
Error: cannot run top on container fca65b17c7696be0978c024206dce045576ad0d5017576dab9c64493f5b57e1c as it did not create a cgroup: this container does not have a cgroup
timestamp_ns=1785751356586912691
	DDR Capacity(MB)               : 0
	DDR Usage Rate(%)              : 0
	DDR Hugepages Total(page)      : 0
	DDR Hugepages Usage Rate(%)    : 0
	HBM Capacity(MB)               : 65536
	HBM Usage Rate(%)              : 29
	Aicore Usage Rate(%)           : 81
	Aivector Usage Rate(%)         : 5
	Aicpu Usage Rate(%)            : 0
	Ctrlcpu Usage Rate(%)          : 2
	DDR Bandwidth Usage Rate(%)    : 0
	HBM Bandwidth Usage Rate(%)    : 53
	NPU Utilization(%)             : 89
	Aicube Usage Rate(%)           : 73
	Get pid name failed.
	Process id:1810566 Process name:                  Process memory(MB):16026
Error: cannot run top on container fca65b17c7696be0978c024206dce045576ad0d5017576dab9c64493f5b57e1c as it did not create a cgroup: this container does not have a cgroup
timestamp_ns=1785751358734333733
	DDR Capacity(MB)               : 0
	DDR Usage Rate(%)              : 0
	DDR Hugepages Total(page)      : 0
	DDR Hugepages Usage Rate(%)    : 0
	HBM Capacity(MB)               : 65536
	HBM Usage Rate(%)              : 29
	Aicore Usage Rate(%)           : 78
	Aivector Usage Rate(%)         : 5
	Aicpu Usage Rate(%)            : 0
	Ctrlcpu Usage Rate(%)          : 5
	DDR Bandwidth Usage Rate(%)    : 0
	HBM Bandwidth Usage Rate(%)    : 53
	NPU Utilization(%)             : 89
	Aicube Usage Rate(%)           : 72
	Get pid name failed.
	Process id:1810566 Process name:                  Process memory(MB):16026
Error: cannot run top on container fca65b17c7696be0978c024206dce045576ad0d5017576dab9c64493f5b57e1c as it did not create a cgroup: this container does not have a cgroup
timestamp_ns=1785751360917475634
	DDR Capacity(MB)               : 0
	DDR Usage Rate(%)              : 0
	DDR Hugepages Total(page)      : 0
	DDR Hugepages Usage Rate(%)    : 0
	HBM Capacity(MB)               : 65536
	HBM Usage Rate(%)              : 29
	Aicore Usage Rate(%)           : 77
	Aivector Usage Rate(%)         : 4
	Aicpu Usage Rate(%)            : 0
	Ctrlcpu Usage Rate(%)          : 1
	DDR Bandwidth Usage Rate(%)    : 0
	HBM Bandwidth Usage Rate(%)    : 53
	NPU Utilization(%)             : 86
	Aicube Usage Rate(%)           : 71
	Get pid name failed.
	Process id:1810566 Process name:                  Process memory(MB):16026
Error: cannot run top on container fca65b17c7696be0978c024206dce045576ad0d5017576dab9c64493f5b57e1c as it did not create a cgroup: this container does not have a cgroup
timestamp_ns=1785751363195494126
	DDR Capacity(MB)               : 0
	DDR Usage Rate(%)              : 0
	DDR Hugepages Total(page)      : 0
	DDR Hugepages Usage Rate(%)    : 0
	HBM Capacity(MB)               : 65536
	HBM Usage Rate(%)              : 29
	Aicore Usage Rate(%)           : 77
	Aivector Usage Rate(%)         : 4
	Aicpu Usage Rate(%)            : 0
	Ctrlcpu Usage Rate(%)          : 3
	DDR Bandwidth Usage Rate(%)    : 0
	HBM Bandwidth Usage Rate(%)    : 53
	NPU Utilization(%)             : 93
	Aicube Usage Rate(%)           : 71
	Get pid name failed.
	Process id:1810566 Process name:                  Process memory(MB):16026
Error: cannot run top on container fca65b17c7696be0978c024206dce045576ad0d5017576dab9c64493f5b57e1c as it did not create a cgroup: this container does not have a cgroup
timestamp_ns=1785751365375992235
	DDR Capacity(MB)               : 0
	DDR Usage Rate(%)              : 0
	DDR Hugepages Total(page)      : 0
	DDR Hugepages Usage Rate(%)    : 0
	HBM Capacity(MB)               : 65536
	HBM Usage Rate(%)              : 29
	Aicore Usage Rate(%)           : 78
	Aivector Usage Rate(%)         : 4
	Aicpu Usage Rate(%)            : 0
	Ctrlcpu Usage Rate(%)          : 5
	DDR Bandwidth Usage Rate(%)    : 0
	HBM Bandwidth Usage Rate(%)    : 52
	NPU Utilization(%)             : 86
	Aicube Usage Rate(%)           : 71
	Get pid name failed.
	Process id:1810566 Process name:                  Process memory(MB):16026
Error: cannot run top on container fca65b17c7696be0978c024206dce045576ad0d5017576dab9c64493f5b57e1c as it did not create a cgroup: this container does not have a cgroup
timestamp_ns=1785751367573183549
	DDR Capacity(MB)               : 0
	DDR Usage Rate(%)              : 0
	DDR Hugepages Total(page)      : 0
	DDR Hugepages Usage Rate(%)    : 0
	HBM Capacity(MB)               : 65536
	HBM Usage Rate(%)              : 29
	Aicore Usage Rate(%)           : 78
	Aivector Usage Rate(%)         : 5
	Aicpu Usage Rate(%)            : 0
	Ctrlcpu Usage Rate(%)          : 7
	DDR Bandwidth Usage Rate(%)    : 0
	HBM Bandwidth Usage Rate(%)    : 23
	NPU Utilization(%)             : 89
	Aicube Usage Rate(%)           : 71
	Get pid name failed.
	Process id:1810566 Process name:                  Process memory(MB):16026
Error: cannot run top on container fca65b17c7696be0978c024206dce045576ad0d5017576dab9c64493f5b57e1c as it did not create a cgroup: this container does not have a cgroup
timestamp_ns=1785751369842158471
	DDR Capacity(MB)               : 0
	DDR Usage Rate(%)              : 0
	DDR Hugepages Total(page)      : 0
	DDR Hugepages Usage Rate(%)    : 0
	HBM Capacity(MB)               : 65536
	HBM Usage Rate(%)              : 29
	Aicore Usage Rate(%)           : 79
	Aivector Usage Rate(%)         : 5
	Aicpu Usage Rate(%)            : 0
	Ctrlcpu Usage Rate(%)          : 1
	DDR Bandwidth Usage Rate(%)    : 0
	HBM Bandwidth Usage Rate(%)    : 53
	NPU Utilization(%)             : 93
	Aicube Usage Rate(%)           : 71
	Get pid name failed.
	Process id:1810566 Process name:                  Process memory(MB):16026
Error: cannot run top on container fca65b17c7696be0978c024206dce045576ad0d5017576dab9c64493f5b57e1c as it did not create a cgroup: this container does not have a cgroup
timestamp_ns=1785751372170494095
	DDR Capacity(MB)               : 0
	DDR Usage Rate(%)              : 0
	DDR Hugepages Total(page)      : 0
	DDR Hugepages Usage Rate(%)    : 0
	HBM Capacity(MB)               : 65536
	HBM Usage Rate(%)              : 29
	Aicore Usage Rate(%)           : 79
	Aivector Usage Rate(%)         : 5
	Aicpu Usage Rate(%)            : 0
	Ctrlcpu Usage Rate(%)          : 4
	DDR Bandwidth Usage Rate(%)    : 0
	HBM Bandwidth Usage Rate(%)    : 54
	NPU Utilization(%)             : 86
	Aicube Usage Rate(%)           : 72
	Get pid name failed.
	Process id:1810566 Process name:                  Process memory(MB):16026
Error: cannot run top on container fca65b17c7696be0978c024206dce045576ad0d5017576dab9c64493f5b57e1c as it did not create a cgroup: this container does not have a cgroup
timestamp_ns=1785751374431411858
	DDR Capacity(MB)               : 0
	DDR Usage Rate(%)              : 0
	DDR Hugepages Total(page)      : 0
	DDR Hugepages Usage Rate(%)    : 0
	HBM Capacity(MB)               : 65536
	HBM Usage Rate(%)              : 29
	Aicore Usage Rate(%)           : 74
	Aivector Usage Rate(%)         : 4
	Aicpu Usage Rate(%)            : 0
	Ctrlcpu Usage Rate(%)          : 5
	DDR Bandwidth Usage Rate(%)    : 0
	HBM Bandwidth Usage Rate(%)    : 53
	NPU Utilization(%)             : 89
	Aicube Usage Rate(%)           : 66
	Get pid name failed.
	Process id:1810566 Process name:                  Process memory(MB):16026
Error: cannot run top on container fca65b17c7696be0978c024206dce045576ad0d5017576dab9c64493f5b57e1c as it did not create a cgroup: this container does not have a cgroup
timestamp_ns=1785751376672931114
	DDR Capacity(MB)               : 0
	DDR Usage Rate(%)              : 0
	DDR Hugepages Total(page)      : 0
	DDR Hugepages Usage Rate(%)    : 0
	HBM Capacity(MB)               : 65536
	HBM Usage Rate(%)              : 29
	Aicore Usage Rate(%)           : 80
	Aivector Usage Rate(%)         : 5
	Aicpu Usage Rate(%)            : 0
	Ctrlcpu Usage Rate(%)          : 1
	DDR Bandwidth Usage Rate(%)    : 0
	HBM Bandwidth Usage Rate(%)    : 53
	NPU Utilization(%)             : 100
	Aicube Usage Rate(%)           : 73
	Get pid name failed.
	Process id:1810566 Process name:                  Process memory(MB):16026
Error: cannot run top on container fca65b17c7696be0978c024206dce045576ad0d5017576dab9c64493f5b57e1c as it did not create a cgroup: this container does not have a cgroup
timestamp_ns=1785751378925599339
	DDR Capacity(MB)               : 0
	DDR Usage Rate(%)              : 0
	DDR Hugepages Total(page)      : 0
	DDR Hugepages Usage Rate(%)    : 0
	HBM Capacity(MB)               : 65536
	HBM Usage Rate(%)              : 29
	Aicore Usage Rate(%)           : 100
	Aivector Usage Rate(%)         : 22
	Aicpu Usage Rate(%)            : 0
	Ctrlcpu Usage Rate(%)          : 3
	DDR Bandwidth Usage Rate(%)    : 0
	HBM Bandwidth Usage Rate(%)    : 54
	NPU Utilization(%)             : 100
	Aicube Usage Rate(%)           : 82
	Get pid name failed.
	Process id:1810566 Process name:                  Process memory(MB):16026
Error: cannot run top on container fca65b17c7696be0978c024206dce045576ad0d5017576dab9c64493f5b57e1c as it did not create a cgroup: this container does not have a cgroup
timestamp_ns=1785751381269063868
	DDR Capacity(MB)               : 0
	DDR Usage Rate(%)              : 0
	DDR Hugepages Total(page)      : 0
	DDR Hugepages Usage Rate(%)    : 0
	HBM Capacity(MB)               : 65536
	HBM Usage Rate(%)              : 29
	Aicore Usage Rate(%)           : 72
	Aivector Usage Rate(%)         : 4
	Aicpu Usage Rate(%)            : 0
	Ctrlcpu Usage Rate(%)          : 2
	DDR Bandwidth Usage Rate(%)    : 0
	HBM Bandwidth Usage Rate(%)    : 53
	NPU Utilization(%)             : 93
	Aicube Usage Rate(%)           : 66
	Get pid name failed.
	Process id:1810566 Process name:                  Process memory(MB):16026
Error: cannot run top on container fca65b17c7696be0978c024206dce045576ad0d5017576dab9c64493f5b57e1c as it did not create a cgroup: this container does not have a cgroup
timestamp_ns=1785751383530064192
	DDR Capacity(MB)               : 0
	DDR Usage Rate(%)              : 0
	DDR Hugepages Total(page)      : 0
	DDR Hugepages Usage Rate(%)    : 0
	HBM Capacity(MB)               : 65536
	HBM Usage Rate(%)              : 29
	Aicore Usage Rate(%)           : 45
	Aivector Usage Rate(%)         : 18
	Aicpu Usage Rate(%)            : 0
	Ctrlcpu Usage Rate(%)          : 6
	DDR Bandwidth Usage Rate(%)    : 0
	HBM Bandwidth Usage Rate(%)    : 53
	NPU Utilization(%)             : 75
	Aicube Usage Rate(%)           : 26
	Get pid name failed.
	Process id:1810566 Process name:                  Process memory(MB):16026
Error: cannot run top on container fca65b17c7696be0978c024206dce045576ad0d5017576dab9c64493f5b57e1c as it did not create a cgroup: this container does not have a cgroup
timestamp_ns=1785751385799253804
	DDR Capacity(MB)               : 0
	DDR Usage Rate(%)              : 0
	DDR Hugepages Total(page)      : 0
	DDR Hugepages Usage Rate(%)    : 0
	HBM Capacity(MB)               : 65536
	HBM Usage Rate(%)              : 29
	Aicore Usage Rate(%)           : 81
	Aivector Usage Rate(%)         : 5
	Aicpu Usage Rate(%)            : 0
	Ctrlcpu Usage Rate(%)          : 6
	DDR Bandwidth Usage Rate(%)    : 0
	HBM Bandwidth Usage Rate(%)    : 40
	NPU Utilization(%)             : 86
	Aicube Usage Rate(%)           : 74
	Get pid name failed.
	Process id:1810566 Process name:                  Process memory(MB):16026
Error: cannot run top on container fca65b17c7696be0978c024206dce045576ad0d5017576dab9c64493f5b57e1c as it did not create a cgroup: this container does not have a cgroup
timestamp_ns=1785751388010878656
	DDR Capacity(MB)               : 0
	DDR Usage Rate(%)              : 0
	DDR Hugepages Total(page)      : 0
	DDR Hugepages Usage Rate(%)    : 0
	HBM Capacity(MB)               : 65536
	HBM Usage Rate(%)              : 29
	Aicore Usage Rate(%)           : 100
	Aivector Usage Rate(%)         : 16
	Aicpu Usage Rate(%)            : 0
	Ctrlcpu Usage Rate(%)          : 0
	DDR Bandwidth Usage Rate(%)    : 0
	HBM Bandwidth Usage Rate(%)    : 49
	NPU Utilization(%)             : 100
	Aicube Usage Rate(%)           : 86
	Get pid name failed.
	Process id:1810566 Process name:                  Process memory(MB):16026
Error: cannot run top on container fca65b17c7696be0978c024206dce045576ad0d5017576dab9c64493f5b57e1c as it did not create a cgroup: this container does not have a cgroup
timestamp_ns=1785751390249561407
	DDR Capacity(MB)               : 0
	DDR Usage Rate(%)              : 0
	DDR Hugepages Total(page)      : 0
	DDR Hugepages Usage Rate(%)    : 0
	HBM Capacity(MB)               : 65536
	HBM Usage Rate(%)              : 29
	Aicore Usage Rate(%)           : 75
	Aivector Usage Rate(%)         : 4
	Aicpu Usage Rate(%)            : 0
	Ctrlcpu Usage Rate(%)          : 5
	DDR Bandwidth Usage Rate(%)    : 0
	HBM Bandwidth Usage Rate(%)    : 51
	NPU Utilization(%)             : 96
	Aicube Usage Rate(%)           : 69
	Get pid name failed.
	Process id:1810566 Process name:                  Process memory(MB):16026
Error: cannot run top on container fca65b17c7696be0978c024206dce045576ad0d5017576dab9c64493f5b57e1c as it did not create a cgroup: this container does not have a cgroup
timestamp_ns=1785751392450169909
	DDR Capacity(MB)               : 0
	DDR Usage Rate(%)              : 0
	DDR Hugepages Total(page)      : 0
	DDR Hugepages Usage Rate(%)    : 0
	HBM Capacity(MB)               : 65536
	HBM Usage Rate(%)              : 29
	Aicore Usage Rate(%)           : 48
	Aivector Usage Rate(%)         : 17
	Aicpu Usage Rate(%)            : 0
	Ctrlcpu Usage Rate(%)          : 5
	DDR Bandwidth Usage Rate(%)    : 0
	HBM Bandwidth Usage Rate(%)    : 48
	NPU Utilization(%)             : 86
	Aicube Usage Rate(%)           : 30
	Get pid name failed.
	Process id:1810566 Process name:                  Process memory(MB):16026
Error: cannot run top on container fca65b17c7696be0978c024206dce045576ad0d5017576dab9c64493f5b57e1c as it did not create a cgroup: this container does not have a cgroup
timestamp_ns=1785751394657855335
	DDR Capacity(MB)               : 0
	DDR Usage Rate(%)              : 0
	DDR Hugepages Total(page)      : 0
	DDR Hugepages Usage Rate(%)    : 0
	HBM Capacity(MB)               : 65536
	HBM Usage Rate(%)              : 29
	Aicore Usage Rate(%)           : 77
	Aivector Usage Rate(%)         : 5
	Aicpu Usage Rate(%)            : 0
	Ctrlcpu Usage Rate(%)          : 2
	DDR Bandwidth Usage Rate(%)    : 0
	HBM Bandwidth Usage Rate(%)    : 52
	NPU Utilization(%)             : 93
	Aicube Usage Rate(%)           : 71
	Get pid name failed.
	Process id:1810566 Process name:                  Process memory(MB):16026
Error: cannot run top on container fca65b17c7696be0978c024206dce045576ad0d5017576dab9c64493f5b57e1c as it did not create a cgroup: this container does not have a cgroup
timestamp_ns=1785751396874145811
	DDR Capacity(MB)               : 0
	DDR Usage Rate(%)              : 0
	DDR Hugepages Total(page)      : 0
	DDR Hugepages Usage Rate(%)    : 0
	HBM Capacity(MB)               : 65536
	HBM Usage Rate(%)              : 29
	Aicore Usage Rate(%)           : 49
	Aivector Usage Rate(%)         : 10
	Aicpu Usage Rate(%)            : 0
	Ctrlcpu Usage Rate(%)          : 4
	DDR Bandwidth Usage Rate(%)    : 0
	HBM Bandwidth Usage Rate(%)    : 53
	NPU Utilization(%)             : 72
	Aicube Usage Rate(%)           : 36
	Get pid name failed.
	Process id:1810566 Process name:                  Process memory(MB):16026
Error: cannot run top on container fca65b17c7696be0978c024206dce045576ad0d5017576dab9c64493f5b57e1c as it did not create a cgroup: this container does not have a cgroup
timestamp_ns=1785751399064820239
	DDR Capacity(MB)               : 0
	DDR Usage Rate(%)              : 0
	DDR Hugepages Total(page)      : 0
	DDR Hugepages Usage Rate(%)    : 0
	HBM Capacity(MB)               : 65536
	HBM Usage Rate(%)              : 29
	Aicore Usage Rate(%)           : 77
	Aivector Usage Rate(%)         : 4
	Aicpu Usage Rate(%)            : 0
	Ctrlcpu Usage Rate(%)          : 2
	DDR Bandwidth Usage Rate(%)    : 0
	HBM Bandwidth Usage Rate(%)    : 52
	NPU Utilization(%)             : 89
	Aicube Usage Rate(%)           : 71
	Get pid name failed.
	Process id:1810566 Process name:                  Process memory(MB):16026
Error: cannot run top on container fca65b17c7696be0978c024206dce045576ad0d5017576dab9c64493f5b57e1c as it did not create a cgroup: this container does not have a cgroup
timestamp_ns=1785751401290315261
	DDR Capacity(MB)               : 0
	DDR Usage Rate(%)              : 0
	DDR Hugepages Total(page)      : 0
	DDR Hugepages Usage Rate(%)    : 0
	HBM Capacity(MB)               : 65536
	HBM Usage Rate(%)              : 29
	Aicore Usage Rate(%)           : 72
	Aivector Usage Rate(%)         : 4
	Aicpu Usage Rate(%)            : 0
	Ctrlcpu Usage Rate(%)          : 2
	DDR Bandwidth Usage Rate(%)    : 0
	HBM Bandwidth Usage Rate(%)    : 54
	NPU Utilization(%)             : 72
	Aicube Usage Rate(%)           : 66
	Get pid name failed.
	Process id:1810566 Process name:                  Process memory(MB):16026
Error: cannot run top on container fca65b17c7696be0978c024206dce045576ad0d5017576dab9c64493f5b57e1c as it did not create a cgroup: this container does not have a cgroup
timestamp_ns=1785751403495235607
	DDR Capacity(MB)               : 0
	DDR Usage Rate(%)              : 0
	DDR Hugepages Total(page)      : 0
	DDR Hugepages Usage Rate(%)    : 0
	HBM Capacity(MB)               : 65536
	HBM Usage Rate(%)              : 29
	Aicore Usage Rate(%)           : 73
	Aivector Usage Rate(%)         : 5
	Aicpu Usage Rate(%)            : 0
	Ctrlcpu Usage Rate(%)          : 2
	DDR Bandwidth Usage Rate(%)    : 0
	HBM Bandwidth Usage Rate(%)    : 52
	NPU Utilization(%)             : 89
	Aicube Usage Rate(%)           : 68
	Get pid name failed.
	Process id:1810566 Process name:                  Process memory(MB):16026
Error: cannot run top on container fca65b17c7696be0978c024206dce045576ad0d5017576dab9c64493f5b57e1c as it did not create a cgroup: this container does not have a cgroup
timestamp_ns=1785751405671794332
	DDR Capacity(MB)               : 0
	DDR Usage Rate(%)              : 0
	DDR Hugepages Total(page)      : 0
	DDR Hugepages Usage Rate(%)    : 0
	HBM Capacity(MB)               : 65536
	HBM Usage Rate(%)              : 29
	Aicore Usage Rate(%)           : 77
	Aivector Usage Rate(%)         : 4
	Aicpu Usage Rate(%)            : 0
	Ctrlcpu Usage Rate(%)          : 9
	DDR Bandwidth Usage Rate(%)    : 0
	HBM Bandwidth Usage Rate(%)    : 53
	NPU Utilization(%)             : 100
	Aicube Usage Rate(%)           : 71
	Get pid name failed.
	Process id:1810566 Process name:                  Process memory(MB):16026
Error: cannot run top on container fca65b17c7696be0978c024206dce045576ad0d5017576dab9c64493f5b57e1c as it did not create a cgroup: this container does not have a cgroup
timestamp_ns=1785751407873846601
	DDR Capacity(MB)               : 0
	DDR Usage Rate(%)              : 0
	DDR Hugepages Total(page)      : 0
	DDR Hugepages Usage Rate(%)    : 0
	HBM Capacity(MB)               : 65536
	HBM Usage Rate(%)              : 29
	Aicore Usage Rate(%)           : 78
	Aivector Usage Rate(%)         : 5
	Aicpu Usage Rate(%)            : 0
	Ctrlcpu Usage Rate(%)          : 0
	DDR Bandwidth Usage Rate(%)    : 0
	HBM Bandwidth Usage Rate(%)    : 53
	NPU Utilization(%)             : 89
	Aicube Usage Rate(%)           : 72
	Get pid name failed.
	Process id:1810566 Process name:                  Process memory(MB):16026
Error: cannot run top on container fca65b17c7696be0978c024206dce045576ad0d5017576dab9c64493f5b57e1c as it did not create a cgroup: this container does not have a cgroup
timestamp_ns=1785751410075123566
	DDR Capacity(MB)               : 0
	DDR Usage Rate(%)              : 0
	DDR Hugepages Total(page)      : 0
	DDR Hugepages Usage Rate(%)    : 0
	HBM Capacity(MB)               : 65536
	HBM Usage Rate(%)              : 29
	Aicore Usage Rate(%)           : 81
	Aivector Usage Rate(%)         : 5
	Aicpu Usage Rate(%)            : 0
	Ctrlcpu Usage Rate(%)          : 2
	DDR Bandwidth Usage Rate(%)    : 0
	HBM Bandwidth Usage Rate(%)    : 54
	NPU Utilization(%)             : 86
	Aicube Usage Rate(%)           : 73
	Get pid name failed.
	Process id:1810566 Process name:                  Process memory(MB):16026
Error: cannot run top on container fca65b17c7696be0978c024206dce045576ad0d5017576dab9c64493f5b57e1c as it did not create a cgroup: this container does not have a cgroup
timestamp_ns=1785751412281137309
	DDR Capacity(MB)               : 0
	DDR Usage Rate(%)              : 0
	DDR Hugepages Total(page)      : 0
	DDR Hugepages Usage Rate(%)    : 0
	HBM Capacity(MB)               : 65536
	HBM Usage Rate(%)              : 29
	Aicore Usage Rate(%)           : 80
	Aivector Usage Rate(%)         : 5
	Aicpu Usage Rate(%)            : 0
	Ctrlcpu Usage Rate(%)          : 7
	DDR Bandwidth Usage Rate(%)    : 0
	HBM Bandwidth Usage Rate(%)    : 54
	NPU Utilization(%)             : 89
	Aicube Usage Rate(%)           : 73
	Get pid name failed.
	Process id:1810566 Process name:                  Process memory(MB):16026
Error: cannot run top on container fca65b17c7696be0978c024206dce045576ad0d5017576dab9c64493f5b57e1c as it did not create a cgroup: this container does not have a cgroup
timestamp_ns=1785751414466571878
	DDR Capacity(MB)               : 0
	DDR Usage Rate(%)              : 0
	DDR Hugepages Total(page)      : 0
	DDR Hugepages Usage Rate(%)    : 0
	HBM Capacity(MB)               : 65536
	HBM Usage Rate(%)              : 29
	Aicore Usage Rate(%)           : 77
	Aivector Usage Rate(%)         : 5
	Aicpu Usage Rate(%)            : 0
	Ctrlcpu Usage Rate(%)          : 3
	DDR Bandwidth Usage Rate(%)    : 0
	HBM Bandwidth Usage Rate(%)    : 54
	NPU Utilization(%)             : 89
	Aicube Usage Rate(%)           : 71
	Get pid name failed.
	Process id:1810566 Process name:                  Process memory(MB):16026
Error: cannot run top on container fca65b17c7696be0978c024206dce045576ad0d5017576dab9c64493f5b57e1c as it did not create a cgroup: this container does not have a cgroup
timestamp_ns=1785751416638645778
	DDR Capacity(MB)               : 0
	DDR Usage Rate(%)              : 0
	DDR Hugepages Total(page)      : 0
	DDR Hugepages Usage Rate(%)    : 0
	HBM Capacity(MB)               : 65536
	HBM Usage Rate(%)              : 29
	Aicore Usage Rate(%)           : 77
	Aivector Usage Rate(%)         : 5
	Aicpu Usage Rate(%)            : 0
	Ctrlcpu Usage Rate(%)          : 3
	DDR Bandwidth Usage Rate(%)    : 0
	HBM Bandwidth Usage Rate(%)    : 53
	NPU Utilization(%)             : 82
	Aicube Usage Rate(%)           : 71
	Get pid name failed.
	Process id:1810566 Process name:                  Process memory(MB):16026
Error: cannot run top on container fca65b17c7696be0978c024206dce045576ad0d5017576dab9c64493f5b57e1c as it did not create a cgroup: this container does not have a cgroup
timestamp_ns=1785751418811156485
	DDR Capacity(MB)               : 0
	DDR Usage Rate(%)              : 0
	DDR Hugepages Total(page)      : 0
	DDR Hugepages Usage Rate(%)    : 0
	HBM Capacity(MB)               : 65536
	HBM Usage Rate(%)              : 29
	Aicore Usage Rate(%)           : 77
	Aivector Usage Rate(%)         : 5
	Aicpu Usage Rate(%)            : 0
	Ctrlcpu Usage Rate(%)          : 1
	DDR Bandwidth Usage Rate(%)    : 0
	HBM Bandwidth Usage Rate(%)    : 52
	NPU Utilization(%)             : 89
	Aicube Usage Rate(%)           : 71
	Get pid name failed.
	Process id:1810566 Process name:                  Process memory(MB):16026
Error: cannot run top on container fca65b17c7696be0978c024206dce045576ad0d5017576dab9c64493f5b57e1c as it did not create a cgroup: this container does not have a cgroup
timestamp_ns=1785751420959382205
	DDR Capacity(MB)               : 0
	DDR Usage Rate(%)              : 0
	DDR Hugepages Total(page)      : 0
	DDR Hugepages Usage Rate(%)    : 0
	HBM Capacity(MB)               : 65536
	HBM Usage Rate(%)              : 29
	Aicore Usage Rate(%)           : 78
	Aivector Usage Rate(%)         : 5
	Aicpu Usage Rate(%)            : 0
	Ctrlcpu Usage Rate(%)          : 1
	DDR Bandwidth Usage Rate(%)    : 0
	HBM Bandwidth Usage Rate(%)    : 53
	NPU Utilization(%)             : 89
	Aicube Usage Rate(%)           : 72
	Get pid name failed.
	Process id:1810566 Process name:                  Process memory(MB):16026
Error: cannot run top on container fca65b17c7696be0978c024206dce045576ad0d5017576dab9c64493f5b57e1c as it did not create a cgroup: this container does not have a cgroup
timestamp_ns=1785751423151695955
	DDR Capacity(MB)               : 0
	DDR Usage Rate(%)              : 0
	DDR Hugepages Total(page)      : 0
	DDR Hugepages Usage Rate(%)    : 0
	HBM Capacity(MB)               : 65536
	HBM Usage Rate(%)              : 29
	Aicore Usage Rate(%)           : 77
	Aivector Usage Rate(%)         : 5
	Aicpu Usage Rate(%)            : 0
	Ctrlcpu Usage Rate(%)          : 3
	DDR Bandwidth Usage Rate(%)    : 0
	HBM Bandwidth Usage Rate(%)    : 19
	NPU Utilization(%)             : 89
	Aicube Usage Rate(%)           : 71
	Get pid name failed.
	Process id:1810566 Process name:                  Process memory(MB):16026
Error: cannot run top on container fca65b17c7696be0978c024206dce045576ad0d5017576dab9c64493f5b57e1c as it did not create a cgroup: this container does not have a cgroup
timestamp_ns=1785751425355531375
	DDR Capacity(MB)               : 0
	DDR Usage Rate(%)              : 0
	DDR Hugepages Total(page)      : 0
	DDR Hugepages Usage Rate(%)    : 0
	HBM Capacity(MB)               : 65536
	HBM Usage Rate(%)              : 29
	Aicore Usage Rate(%)           : 77
	Aivector Usage Rate(%)         : 5
	Aicpu Usage Rate(%)            : 0
	Ctrlcpu Usage Rate(%)          : 7
	DDR Bandwidth Usage Rate(%)    : 0
	HBM Bandwidth Usage Rate(%)    : 54
	NPU Utilization(%)             : 89
	Aicube Usage Rate(%)           : 70
	Get pid name failed.
	Process id:1810566 Process name:                  Process memory(MB):16026
Error: cannot run top on container fca65b17c7696be0978c024206dce045576ad0d5017576dab9c64493f5b57e1c as it did not create a cgroup: this container does not have a cgroup
timestamp_ns=1785751427539690737
	DDR Capacity(MB)               : 0
	DDR Usage Rate(%)              : 0
	DDR Hugepages Total(page)      : 0
	DDR Hugepages Usage Rate(%)    : 0
	HBM Capacity(MB)               : 65536
	HBM Usage Rate(%)              : 29
	Aicore Usage Rate(%)           : 77
	Aivector Usage Rate(%)         : 4
	Aicpu Usage Rate(%)            : 0
	Ctrlcpu Usage Rate(%)          : 5
	DDR Bandwidth Usage Rate(%)    : 0
	HBM Bandwidth Usage Rate(%)    : 53
	NPU Utilization(%)             : 93
	Aicube Usage Rate(%)           : 71
	Get pid name failed.
	Process id:1810566 Process name:                  Process memory(MB):16026
Error: cannot run top on container fca65b17c7696be0978c024206dce045576ad0d5017576dab9c64493f5b57e1c as it did not create a cgroup: this container does not have a cgroup
timestamp_ns=1785751429733001493
	DDR Capacity(MB)               : 0
	DDR Usage Rate(%)              : 0
	DDR Hugepages Total(page)      : 0
	DDR Hugepages Usage Rate(%)    : 0
	HBM Capacity(MB)               : 65536
	HBM Usage Rate(%)              : 29
	Aicore Usage Rate(%)           : 81
	Aivector Usage Rate(%)         : 5
	Aicpu Usage Rate(%)            : 0
	Ctrlcpu Usage Rate(%)          : 7
	DDR Bandwidth Usage Rate(%)    : 0
	HBM Bandwidth Usage Rate(%)    : 53
	NPU Utilization(%)             : 86
	Aicube Usage Rate(%)           : 74
	Get pid name failed.
	Process id:1810566 Process name:                  Process memory(MB):16026
Error: cannot run top on container fca65b17c7696be0978c024206dce045576ad0d5017576dab9c64493f5b57e1c as it did not create a cgroup: this container does not have a cgroup
timestamp_ns=1785751431892175931
	DDR Capacity(MB)               : 0
	DDR Usage Rate(%)              : 0
	DDR Hugepages Total(page)      : 0
	DDR Hugepages Usage Rate(%)    : 0
	HBM Capacity(MB)               : 65536
	HBM Usage Rate(%)              : 29
	Aicore Usage Rate(%)           : 80
	Aivector Usage Rate(%)         : 5
	Aicpu Usage Rate(%)            : 0
	Ctrlcpu Usage Rate(%)          : 2
	DDR Bandwidth Usage Rate(%)    : 0
	HBM Bandwidth Usage Rate(%)    : 54
	NPU Utilization(%)             : 93
	Aicube Usage Rate(%)           : 73
	Get pid name failed.
	Process id:1810566 Process name:                  Process memory(MB):16026
Error: cannot run top on container fca65b17c7696be0978c024206dce045576ad0d5017576dab9c64493f5b57e1c as it did not create a cgroup: this container does not have a cgroup
timestamp_ns=1785751434068421161
	DDR Capacity(MB)               : 0
	DDR Usage Rate(%)              : 0
	DDR Hugepages Total(page)      : 0
	DDR Hugepages Usage Rate(%)    : 0
	HBM Capacity(MB)               : 65536
	HBM Usage Rate(%)              : 29
	Aicore Usage Rate(%)           : 78
	Aivector Usage Rate(%)         : 5
	Aicpu Usage Rate(%)            : 0
	Ctrlcpu Usage Rate(%)          : 4
	DDR Bandwidth Usage Rate(%)    : 0
	HBM Bandwidth Usage Rate(%)    : 53
	NPU Utilization(%)             : 96
	Aicube Usage Rate(%)           : 71
	Get pid name failed.
	Process id:1810566 Process name:                  Process memory(MB):16026
Error: cannot run top on container fca65b17c7696be0978c024206dce045576ad0d5017576dab9c64493f5b57e1c as it did not create a cgroup: this container does not have a cgroup
timestamp_ns=1785751436226754076
	DDR Capacity(MB)               : 0
	DDR Usage Rate(%)              : 0
	DDR Hugepages Total(page)      : 0
	DDR Hugepages Usage Rate(%)    : 0
	HBM Capacity(MB)               : 65536
	HBM Usage Rate(%)              : 29
	Aicore Usage Rate(%)           : 78
	Aivector Usage Rate(%)         : 5
	Aicpu Usage Rate(%)            : 0
	Ctrlcpu Usage Rate(%)          : 4
	DDR Bandwidth Usage Rate(%)    : 0
	HBM Bandwidth Usage Rate(%)    : 54
	NPU Utilization(%)             : 89
	Aicube Usage Rate(%)           : 71
	Get pid name failed.
	Process id:1810566 Process name:                  Process memory(MB):16026
Error: cannot run top on container fca65b17c7696be0978c024206dce045576ad0d5017576dab9c64493f5b57e1c as it did not create a cgroup: this container does not have a cgroup
timestamp_ns=1785751438383686678
	DDR Capacity(MB)               : 0
	DDR Usage Rate(%)              : 0
	DDR Hugepages Total(page)      : 0
	DDR Hugepages Usage Rate(%)    : 0
	HBM Capacity(MB)               : 65536
	HBM Usage Rate(%)              : 29
	Aicore Usage Rate(%)           : 79
	Aivector Usage Rate(%)         : 5
	Aicpu Usage Rate(%)            : 0
	Ctrlcpu Usage Rate(%)          : 1
	DDR Bandwidth Usage Rate(%)    : 0
	HBM Bandwidth Usage Rate(%)    : 53
	NPU Utilization(%)             : 93
	Aicube Usage Rate(%)           : 71
	Get pid name failed.
	Process id:1810566 Process name:                  Process memory(MB):16026
Error: cannot run top on container fca65b17c7696be0978c024206dce045576ad0d5017576dab9c64493f5b57e1c as it did not create a cgroup: this container does not have a cgroup
timestamp_ns=1785751440565343141
	DDR Capacity(MB)               : 0
	DDR Usage Rate(%)              : 0
	DDR Hugepages Total(page)      : 0
	DDR Hugepages Usage Rate(%)    : 0
	HBM Capacity(MB)               : 65536
	HBM Usage Rate(%)              : 29
	Aicore Usage Rate(%)           : 81
	Aivector Usage Rate(%)         : 5
	Aicpu Usage Rate(%)            : 0
	Ctrlcpu Usage Rate(%)          : 2
	DDR Bandwidth Usage Rate(%)    : 0
	HBM Bandwidth Usage Rate(%)    : 53
	NPU Utilization(%)             : 93
	Aicube Usage Rate(%)           : 73
	Get pid name failed.
	Process id:1810566 Process name:                  Process memory(MB):16026
Error: cannot run top on container fca65b17c7696be0978c024206dce045576ad0d5017576dab9c64493f5b57e1c as it did not create a cgroup: this container does not have a cgroup
timestamp_ns=1785751442782988599
	DDR Capacity(MB)               : 0
	DDR Usage Rate(%)              : 0
	DDR Hugepages Total(page)      : 0
	DDR Hugepages Usage Rate(%)    : 0
	HBM Capacity(MB)               : 65536
	HBM Usage Rate(%)              : 29
	Aicore Usage Rate(%)           : 79
	Aivector Usage Rate(%)         : 5
	Aicpu Usage Rate(%)            : 0
	Ctrlcpu Usage Rate(%)          : 8
	DDR Bandwidth Usage Rate(%)    : 0
	HBM Bandwidth Usage Rate(%)    : 53
	NPU Utilization(%)             : 93
	Aicube Usage Rate(%)           : 72
	Get pid name failed.
	Process id:1810566 Process name:                  Process memory(MB):16026
Error: cannot run top on container fca65b17c7696be0978c024206dce045576ad0d5017576dab9c64493f5b57e1c as it did not create a cgroup: this container does not have a cgroup
timestamp_ns=1785751444942666564
	DDR Capacity(MB)               : 0
	DDR Usage Rate(%)              : 0
	DDR Hugepages Total(page)      : 0
	DDR Hugepages Usage Rate(%)    : 0
	HBM Capacity(MB)               : 65536
	HBM Usage Rate(%)              : 29
	Aicore Usage Rate(%)           : 77
	Aivector Usage Rate(%)         : 5
	Aicpu Usage Rate(%)            : 0
	Ctrlcpu Usage Rate(%)          : 1
	DDR Bandwidth Usage Rate(%)    : 0
	HBM Bandwidth Usage Rate(%)    : 54
	NPU Utilization(%)             : 86
	Aicube Usage Rate(%)           : 71
	Get pid name failed.
	Process id:1810566 Process name:                  Process memory(MB):16026
Error: cannot run top on container fca65b17c7696be0978c024206dce045576ad0d5017576dab9c64493f5b57e1c as it did not create a cgroup: this container does not have a cgroup
timestamp_ns=1785751447096214084
	DDR Capacity(MB)               : 0
	DDR Usage Rate(%)              : 0
	DDR Hugepages Total(page)      : 0
	DDR Hugepages Usage Rate(%)    : 0
	HBM Capacity(MB)               : 65536
	HBM Usage Rate(%)              : 29
	Aicore Usage Rate(%)           : 77
	Aivector Usage Rate(%)         : 5
	Aicpu Usage Rate(%)            : 0
	Ctrlcpu Usage Rate(%)          : 8
	DDR Bandwidth Usage Rate(%)    : 0
	HBM Bandwidth Usage Rate(%)    : 53
	NPU Utilization(%)             : 96
	Aicube Usage Rate(%)           : 71
	Get pid name failed.
	Process id:1810566 Process name:                  Process memory(MB):16026
Error: cannot run top on container fca65b17c7696be0978c024206dce045576ad0d5017576dab9c64493f5b57e1c as it did not create a cgroup: this container does not have a cgroup
timestamp_ns=1785751449249455657
	DDR Capacity(MB)               : 0
	DDR Usage Rate(%)              : 0
	DDR Hugepages Total(page)      : 0
	DDR Hugepages Usage Rate(%)    : 0
	HBM Capacity(MB)               : 65536
	HBM Usage Rate(%)              : 29
	Aicore Usage Rate(%)           : 80
	Aivector Usage Rate(%)         : 5
	Aicpu Usage Rate(%)            : 0
	Ctrlcpu Usage Rate(%)          : 3
	DDR Bandwidth Usage Rate(%)    : 0
	HBM Bandwidth Usage Rate(%)    : 53
	NPU Utilization(%)             : 89
	Aicube Usage Rate(%)           : 72
	Get pid name failed.
	Process id:1810566 Process name:                  Process memory(MB):16026
Error: cannot run top on container fca65b17c7696be0978c024206dce045576ad0d5017576dab9c64493f5b57e1c as it did not create a cgroup: this container does not have a cgroup
timestamp_ns=1785751451389458971
	DDR Capacity(MB)               : 0
	DDR Usage Rate(%)              : 0
	DDR Hugepages Total(page)      : 0
	DDR Hugepages Usage Rate(%)    : 0
	HBM Capacity(MB)               : 65536
	HBM Usage Rate(%)              : 29
	Aicore Usage Rate(%)           : 80
	Aivector Usage Rate(%)         : 5
	Aicpu Usage Rate(%)            : 0
	Ctrlcpu Usage Rate(%)          : 4
	DDR Bandwidth Usage Rate(%)    : 0
	HBM Bandwidth Usage Rate(%)    : 50
	NPU Utilization(%)             : 100
	Aicube Usage Rate(%)           : 74
	Get pid name failed.
	Process id:1810566 Process name:                  Process memory(MB):16026
Error: cannot run top on container fca65b17c7696be0978c024206dce045576ad0d5017576dab9c64493f5b57e1c as it did not create a cgroup: this container does not have a cgroup
timestamp_ns=1785751453537968455
	DDR Capacity(MB)               : 0
	DDR Usage Rate(%)              : 0
	DDR Hugepages Total(page)      : 0
	DDR Hugepages Usage Rate(%)    : 0
	HBM Capacity(MB)               : 65536
	HBM Usage Rate(%)              : 29
	Aicore Usage Rate(%)           : 81
	Aivector Usage Rate(%)         : 5
	Aicpu Usage Rate(%)            : 0
	Ctrlcpu Usage Rate(%)          : 1
	DDR Bandwidth Usage Rate(%)    : 0
	HBM Bandwidth Usage Rate(%)    : 53
	NPU Utilization(%)             : 89
	Aicube Usage Rate(%)           : 73
	Get pid name failed.
	Process id:1810566 Process name:                  Process memory(MB):16026
Error: cannot run top on container fca65b17c7696be0978c024206dce045576ad0d5017576dab9c64493f5b57e1c as it did not create a cgroup: this container does not have a cgroup
timestamp_ns=1785751455683004690
	DDR Capacity(MB)               : 0
	DDR Usage Rate(%)              : 0
	DDR Hugepages Total(page)      : 0
	DDR Hugepages Usage Rate(%)    : 0
	HBM Capacity(MB)               : 65536
	HBM Usage Rate(%)              : 29
	Aicore Usage Rate(%)           : 77
	Aivector Usage Rate(%)         : 5
	Aicpu Usage Rate(%)            : 0
	Ctrlcpu Usage Rate(%)          : 1
	DDR Bandwidth Usage Rate(%)    : 0
	HBM Bandwidth Usage Rate(%)    : 53
	NPU Utilization(%)             : 86
	Aicube Usage Rate(%)           : 71
	Get pid name failed.
	Process id:1810566 Process name:                  Process memory(MB):16026
Error: cannot run top on container fca65b17c7696be0978c024206dce045576ad0d5017576dab9c64493f5b57e1c as it did not create a cgroup: this container does not have a cgroup
timestamp_ns=1785751457843498346
	DDR Capacity(MB)               : 0
	DDR Usage Rate(%)              : 0
	DDR Hugepages Total(page)      : 0
	DDR Hugepages Usage Rate(%)    : 0
	HBM Capacity(MB)               : 65536
	HBM Usage Rate(%)              : 29
	Aicore Usage Rate(%)           : 79
	Aivector Usage Rate(%)         : 5
	Aicpu Usage Rate(%)            : 0
	Ctrlcpu Usage Rate(%)          : 1
	DDR Bandwidth Usage Rate(%)    : 0
	HBM Bandwidth Usage Rate(%)    : 54
	NPU Utilization(%)             : 93
	Aicube Usage Rate(%)           : 71
	Get pid name failed.
	Process id:1810566 Process name:                  Process memory(MB):16026
Error: cannot run top on container fca65b17c7696be0978c024206dce045576ad0d5017576dab9c64493f5b57e1c as it did not create a cgroup: this container does not have a cgroup
timestamp_ns=1785751459982025162
	DDR Capacity(MB)               : 0
	DDR Usage Rate(%)              : 0
	DDR Hugepages Total(page)      : 0
	DDR Hugepages Usage Rate(%)    : 0
	HBM Capacity(MB)               : 65536
	HBM Usage Rate(%)              : 29
	Aicore Usage Rate(%)           : 80
	Aivector Usage Rate(%)         : 5
	Aicpu Usage Rate(%)            : 0
	Ctrlcpu Usage Rate(%)          : 2
	DDR Bandwidth Usage Rate(%)    : 0
	HBM Bandwidth Usage Rate(%)    : 18
	NPU Utilization(%)             : 86
	Aicube Usage Rate(%)           : 73
	Get pid name failed.
	Process id:1810566 Process name:                  Process memory(MB):16026
Error: cannot run top on container fca65b17c7696be0978c024206dce045576ad0d5017576dab9c64493f5b57e1c as it did not create a cgroup: this container does not have a cgroup
timestamp_ns=1785751462125871972
	DDR Capacity(MB)               : 0
	DDR Usage Rate(%)              : 0
	DDR Hugepages Total(page)      : 0
	DDR Hugepages Usage Rate(%)    : 0
	HBM Capacity(MB)               : 65536
	HBM Usage Rate(%)              : 29
	Aicore Usage Rate(%)           : 82
	Aivector Usage Rate(%)         : 5
	Aicpu Usage Rate(%)            : 0
	Ctrlcpu Usage Rate(%)          : 4
	DDR Bandwidth Usage Rate(%)    : 0
	HBM Bandwidth Usage Rate(%)    : 53
	NPU Utilization(%)             : 93
	Aicube Usage Rate(%)           : 74
	Get pid name failed.
	Process id:1810566 Process name:                  Process memory(MB):16026
Error: cannot run top on container fca65b17c7696be0978c024206dce045576ad0d5017576dab9c64493f5b57e1c as it did not create a cgroup: this container does not have a cgroup
timestamp_ns=1785751464291152554
	DDR Capacity(MB)               : 0
	DDR Usage Rate(%)              : 0
	DDR Hugepages Total(page)      : 0
	DDR Hugepages Usage Rate(%)    : 0
	HBM Capacity(MB)               : 65536
	HBM Usage Rate(%)              : 29
	Aicore Usage Rate(%)           : 79
	Aivector Usage Rate(%)         : 5
	Aicpu Usage Rate(%)            : 0
	Ctrlcpu Usage Rate(%)          : 1
	DDR Bandwidth Usage Rate(%)    : 0
	HBM Bandwidth Usage Rate(%)    : 54
	NPU Utilization(%)             : 89
	Aicube Usage Rate(%)           : 71
	Get pid name failed.
	Process id:1810566 Process name:                  Process memory(MB):16026
Error: cannot run top on container fca65b17c7696be0978c024206dce045576ad0d5017576dab9c64493f5b57e1c as it did not create a cgroup: this container does not have a cgroup
timestamp_ns=1785751466651703805
	DDR Capacity(MB)               : 0
	DDR Usage Rate(%)              : 0
	DDR Hugepages Total(page)      : 0
	DDR Hugepages Usage Rate(%)    : 0
	HBM Capacity(MB)               : 65536
	HBM Usage Rate(%)              : 29
	Aicore Usage Rate(%)           : 81
	Aivector Usage Rate(%)         : 5
	Aicpu Usage Rate(%)            : 0
	Ctrlcpu Usage Rate(%)          : 3
	DDR Bandwidth Usage Rate(%)    : 0
	HBM Bandwidth Usage Rate(%)    : 54
	NPU Utilization(%)             : 89
	Aicube Usage Rate(%)           : 74
	Get pid name failed.
	Process id:1810566 Process name:                  Process memory(MB):16026
Error: cannot run top on container fca65b17c7696be0978c024206dce045576ad0d5017576dab9c64493f5b57e1c as it did not create a cgroup: this container does not have a cgroup
timestamp_ns=1785751468815994164
	DDR Capacity(MB)               : 0
	DDR Usage Rate(%)              : 0
	DDR Hugepages Total(page)      : 0
	DDR Hugepages Usage Rate(%)    : 0
	HBM Capacity(MB)               : 65536
	HBM Usage Rate(%)              : 29
	Aicore Usage Rate(%)           : 76
	Aivector Usage Rate(%)         : 5
	Aicpu Usage Rate(%)            : 0
	Ctrlcpu Usage Rate(%)          : 5
	DDR Bandwidth Usage Rate(%)    : 0
	HBM Bandwidth Usage Rate(%)    : 54
	NPU Utilization(%)             : 76
	Aicube Usage Rate(%)           : 70
	Get pid name failed.
	Process id:1810566 Process name:                  Process memory(MB):16026
Error: cannot run top on container fca65b17c7696be0978c024206dce045576ad0d5017576dab9c64493f5b57e1c as it did not create a cgroup: this container does not have a cgroup
timestamp_ns=1785751470970230170
	DDR Capacity(MB)               : 0
	DDR Usage Rate(%)              : 0
	DDR Hugepages Total(page)      : 0
	DDR Hugepages Usage Rate(%)    : 0
	HBM Capacity(MB)               : 65536
	HBM Usage Rate(%)              : 29
	Aicore Usage Rate(%)           : 77
	Aivector Usage Rate(%)         : 5
	Aicpu Usage Rate(%)            : 0
	Ctrlcpu Usage Rate(%)          : 2
	DDR Bandwidth Usage Rate(%)    : 0
	HBM Bandwidth Usage Rate(%)    : 53
	NPU Utilization(%)             : 86
	Aicube Usage Rate(%)           : 71
	Get pid name failed.
	Process id:1810566 Process name:                  Process memory(MB):16026
Error: cannot run top on container fca65b17c7696be0978c024206dce045576ad0d5017576dab9c64493f5b57e1c as it did not create a cgroup: this container does not have a cgroup
timestamp_ns=1785751473124761505
	DDR Capacity(MB)               : 0
	DDR Usage Rate(%)              : 0
	DDR Hugepages Total(page)      : 0
	DDR Hugepages Usage Rate(%)    : 0
	HBM Capacity(MB)               : 65536
	HBM Usage Rate(%)              : 29
	Aicore Usage Rate(%)           : 81
	Aivector Usage Rate(%)         : 5
	Aicpu Usage Rate(%)            : 0
	Ctrlcpu Usage Rate(%)          : 3
	DDR Bandwidth Usage Rate(%)    : 0
	HBM Bandwidth Usage Rate(%)    : 54
	NPU Utilization(%)             : 93
	Aicube Usage Rate(%)           : 73
	Get pid name failed.
	Process id:1810566 Process name:                  Process memory(MB):16026
Error: cannot run top on container fca65b17c7696be0978c024206dce045576ad0d5017576dab9c64493f5b57e1c as it did not create a cgroup: this container does not have a cgroup
timestamp_ns=1785751475298080158
	DDR Capacity(MB)               : 0
	DDR Usage Rate(%)              : 0
	DDR Hugepages Total(page)      : 0
	DDR Hugepages Usage Rate(%)    : 0
	HBM Capacity(MB)               : 65536
	HBM Usage Rate(%)              : 29
	Aicore Usage Rate(%)           : 78
	Aivector Usage Rate(%)         : 5
	Aicpu Usage Rate(%)            : 0
	Ctrlcpu Usage Rate(%)          : 1
	DDR Bandwidth Usage Rate(%)    : 0
	HBM Bandwidth Usage Rate(%)    : 54
	NPU Utilization(%)             : 96
	Aicube Usage Rate(%)           : 71
	Get pid name failed.
	Process id:1810566 Process name:                  Process memory(MB):16026
Error: cannot run top on container fca65b17c7696be0978c024206dce045576ad0d5017576dab9c64493f5b57e1c as it did not create a cgroup: this container does not have a cgroup
timestamp_ns=1785751477450529559
	DDR Capacity(MB)               : 0
	DDR Usage Rate(%)              : 0
	DDR Hugepages Total(page)      : 0
	DDR Hugepages Usage Rate(%)    : 0
	HBM Capacity(MB)               : 65536
	HBM Usage Rate(%)              : 29
	Aicore Usage Rate(%)           : 77
	Aivector Usage Rate(%)         : 5
	Aicpu Usage Rate(%)            : 0
	Ctrlcpu Usage Rate(%)          : 3
	DDR Bandwidth Usage Rate(%)    : 0
	HBM Bandwidth Usage Rate(%)    : 53
	NPU Utilization(%)             : 86
	Aicube Usage Rate(%)           : 71
	Get pid name failed.
	Process id:1810566 Process name:                  Process memory(MB):16026
Error: cannot run top on container fca65b17c7696be0978c024206dce045576ad0d5017576dab9c64493f5b57e1c as it did not create a cgroup: this container does not have a cgroup
timestamp_ns=1785751479608100232
	DDR Capacity(MB)               : 0
	DDR Usage Rate(%)              : 0
	DDR Hugepages Total(page)      : 0
	DDR Hugepages Usage Rate(%)    : 0
	HBM Capacity(MB)               : 65536
	HBM Usage Rate(%)              : 29
	Aicore Usage Rate(%)           : 77
	Aivector Usage Rate(%)         : 5
	Aicpu Usage Rate(%)            : 0
	Ctrlcpu Usage Rate(%)          : 3
	DDR Bandwidth Usage Rate(%)    : 0
	HBM Bandwidth Usage Rate(%)    : 53
	NPU Utilization(%)             : 100
	Aicube Usage Rate(%)           : 71
	Get pid name failed.
	Process id:1810566 Process name:                  Process memory(MB):16026
Error: cannot run top on container fca65b17c7696be0978c024206dce045576ad0d5017576dab9c64493f5b57e1c as it did not create a cgroup: this container does not have a cgroup
timestamp_ns=1785751481882106275
	DDR Capacity(MB)               : 0
	DDR Usage Rate(%)              : 0
	DDR Hugepages Total(page)      : 0
	DDR Hugepages Usage Rate(%)    : 0
	HBM Capacity(MB)               : 65536
	HBM Usage Rate(%)              : 29
	Aicore Usage Rate(%)           : 81
	Aivector Usage Rate(%)         : 5
	Aicpu Usage Rate(%)            : 0
	Ctrlcpu Usage Rate(%)          : 7
	DDR Bandwidth Usage Rate(%)    : 0
	HBM Bandwidth Usage Rate(%)    : 54
	NPU Utilization(%)             : 89
	Aicube Usage Rate(%)           : 73
	Get pid name failed.
	Process id:1810566 Process name:                  Process memory(MB):16026
Error: cannot run top on container fca65b17c7696be0978c024206dce045576ad0d5017576dab9c64493f5b57e1c as it did not create a cgroup: this container does not have a cgroup
timestamp_ns=1785751484089926075
	DDR Capacity(MB)               : 0
	DDR Usage Rate(%)              : 0
	DDR Hugepages Total(page)      : 0
	DDR Hugepages Usage Rate(%)    : 0
	HBM Capacity(MB)               : 65536
	HBM Usage Rate(%)              : 29
	Aicore Usage Rate(%)           : 78
	Aivector Usage Rate(%)         : 4
	Aicpu Usage Rate(%)            : 0
	Ctrlcpu Usage Rate(%)          : 5
	DDR Bandwidth Usage Rate(%)    : 0
	HBM Bandwidth Usage Rate(%)    : 54
	NPU Utilization(%)             : 93
	Aicube Usage Rate(%)           : 72
	Get pid name failed.
	Process id:1810566 Process name:                  Process memory(MB):16026
Error: cannot run top on container fca65b17c7696be0978c024206dce045576ad0d5017576dab9c64493f5b57e1c as it did not create a cgroup: this container does not have a cgroup
timestamp_ns=1785751486271701242
	DDR Capacity(MB)               : 0
	DDR Usage Rate(%)              : 0
	DDR Hugepages Total(page)      : 0
	DDR Hugepages Usage Rate(%)    : 0
	HBM Capacity(MB)               : 65536
	HBM Usage Rate(%)              : 29
	Aicore Usage Rate(%)           : 78
	Aivector Usage Rate(%)         : 5
	Aicpu Usage Rate(%)            : 0
	Ctrlcpu Usage Rate(%)          : 3
	DDR Bandwidth Usage Rate(%)    : 0
	HBM Bandwidth Usage Rate(%)    : 54
	NPU Utilization(%)             : 93
	Aicube Usage Rate(%)           : 72
	Get pid name failed.
	Process id:1810566 Process name:                  Process memory(MB):16026
Error: cannot run top on container fca65b17c7696be0978c024206dce045576ad0d5017576dab9c64493f5b57e1c as it did not create a cgroup: this container does not have a cgroup
timestamp_ns=1785751488427334528
	DDR Capacity(MB)               : 0
	DDR Usage Rate(%)              : 0
	DDR Hugepages Total(page)      : 0
	DDR Hugepages Usage Rate(%)    : 0
	HBM Capacity(MB)               : 65536
	HBM Usage Rate(%)              : 29
	Aicore Usage Rate(%)           : 79
	Aivector Usage Rate(%)         : 5
	Aicpu Usage Rate(%)            : 0
	Ctrlcpu Usage Rate(%)          : 10
	DDR Bandwidth Usage Rate(%)    : 0
	HBM Bandwidth Usage Rate(%)    : 54
	NPU Utilization(%)             : 89
	Aicube Usage Rate(%)           : 72
	Get pid name failed.
	Process id:1810566 Process name:                  Process memory(MB):16026
Error: cannot run top on container fca65b17c7696be0978c024206dce045576ad0d5017576dab9c64493f5b57e1c as it did not create a cgroup: this container does not have a cgroup
timestamp_ns=1785751490584302368
	DDR Capacity(MB)               : 0
	DDR Usage Rate(%)              : 0
	DDR Hugepages Total(page)      : 0
	DDR Hugepages Usage Rate(%)    : 0
	HBM Capacity(MB)               : 65536
	HBM Usage Rate(%)              : 29
	Aicore Usage Rate(%)           : 78
	Aivector Usage Rate(%)         : 4
	Aicpu Usage Rate(%)            : 0
	Ctrlcpu Usage Rate(%)          : 5
	DDR Bandwidth Usage Rate(%)    : 0
	HBM Bandwidth Usage Rate(%)    : 53
	NPU Utilization(%)             : 86
	Aicube Usage Rate(%)           : 71
	Get pid name failed.
	Process id:1810566 Process name:                  Process memory(MB):16026
Error: cannot run top on container fca65b17c7696be0978c024206dce045576ad0d5017576dab9c64493f5b57e1c as it did not create a cgroup: this container does not have a cgroup
timestamp_ns=1785751492737801262
	DDR Capacity(MB)               : 0
	DDR Usage Rate(%)              : 0
	DDR Hugepages Total(page)      : 0
	DDR Hugepages Usage Rate(%)    : 0
	HBM Capacity(MB)               : 65536
	HBM Usage Rate(%)              : 29
	Aicore Usage Rate(%)           : 0
	Aivector Usage Rate(%)         : 0
	Aicpu Usage Rate(%)            : 0
	Ctrlcpu Usage Rate(%)          : 6
	DDR Bandwidth Usage Rate(%)    : 0
	HBM Bandwidth Usage Rate(%)    : 0
	NPU Utilization(%)             : 0
	Aicube Usage Rate(%)           : 0
	Get pid name failed.
	Process id:1810566 Process name:                  Process memory(MB):16026
Error: cannot run top on container fca65b17c7696be0978c024206dce045576ad0d5017576dab9c64493f5b57e1c as it did not create a cgroup: this container does not have a cgroup
timestamp_ns=1785751494944450496
	DDR Capacity(MB)               : 0
	DDR Usage Rate(%)              : 0
	DDR Hugepages Total(page)      : 0
	DDR Hugepages Usage Rate(%)    : 0
	HBM Capacity(MB)               : 65536
	HBM Usage Rate(%)              : 29
	Aicore Usage Rate(%)           : 0
	Aivector Usage Rate(%)         : 0
	Aicpu Usage Rate(%)            : 0
	Ctrlcpu Usage Rate(%)          : 2
	DDR Bandwidth Usage Rate(%)    : 0
	HBM Bandwidth Usage Rate(%)    : 0
	NPU Utilization(%)             : 0
	Aicube Usage Rate(%)           : 0
	Get pid name failed.
	Process id:1810566 Process name:                  Process memory(MB):16026
Error: cannot run top on container fca65b17c7696be0978c024206dce045576ad0d5017576dab9c64493f5b57e1c as it did not create a cgroup: this container does not have a cgroup
timestamp_ns=1785751497098636582
	DDR Capacity(MB)               : 0
	DDR Usage Rate(%)              : 0
	DDR Hugepages Total(page)      : 0
	DDR Hugepages Usage Rate(%)    : 0
	HBM Capacity(MB)               : 65536
	HBM Usage Rate(%)              : 29
	Aicore Usage Rate(%)           : 0
	Aivector Usage Rate(%)         : 0
	Aicpu Usage Rate(%)            : 0
	Ctrlcpu Usage Rate(%)          : 4
	DDR Bandwidth Usage Rate(%)    : 0
	HBM Bandwidth Usage Rate(%)    : 0
	NPU Utilization(%)             : 0
	Aicube Usage Rate(%)           : 0
	Get pid name failed.
	Process id:1810566 Process name:                  Process memory(MB):16026
Error: cannot run top on container fca65b17c7696be0978c024206dce045576ad0d5017576dab9c64493f5b57e1c as it did not create a cgroup: this container does not have a cgroup
timestamp_ns=1785751499269181349
	DDR Capacity(MB)               : 0
	DDR Usage Rate(%)              : 0
	DDR Hugepages Total(page)      : 0
	DDR Hugepages Usage Rate(%)    : 0
	HBM Capacity(MB)               : 65536
	HBM Usage Rate(%)              : 29
	Aicore Usage Rate(%)           : 0
	Aivector Usage Rate(%)         : 0
	Aicpu Usage Rate(%)            : 0
	Ctrlcpu Usage Rate(%)          : 3
	DDR Bandwidth Usage Rate(%)    : 0
	HBM Bandwidth Usage Rate(%)    : 0
	NPU Utilization(%)             : 0
	Aicube Usage Rate(%)           : 0
	Get pid name failed.
	Process id:1810566 Process name:                  Process memory(MB):16026
Error: cannot run top on container fca65b17c7696be0978c024206dce045576ad0d5017576dab9c64493f5b57e1c as it did not create a cgroup: this container does not have a cgroup
timestamp_ns=1785751501427941788
	DDR Capacity(MB)               : 0
	DDR Usage Rate(%)              : 0
	DDR Hugepages Total(page)      : 0
	DDR Hugepages Usage Rate(%)    : 0
	HBM Capacity(MB)               : 65536
	HBM Usage Rate(%)              : 29
	Aicore Usage Rate(%)           : 0
	Aivector Usage Rate(%)         : 0
	Aicpu Usage Rate(%)            : 0
	Ctrlcpu Usage Rate(%)          : 1
	DDR Bandwidth Usage Rate(%)    : 0
	HBM Bandwidth Usage Rate(%)    : 0
	NPU Utilization(%)             : 0
	Aicube Usage Rate(%)           : 0
	Get pid name failed.
	Process id:1810566 Process name:                  Process memory(MB):16026
Error: cannot run top on container fca65b17c7696be0978c024206dce045576ad0d5017576dab9c64493f5b57e1c as it did not create a cgroup: this container does not have a cgroup
timestamp_ns=1785751503592533965
	DDR Capacity(MB)               : 0
	DDR Usage Rate(%)              : 0
	DDR Hugepages Total(page)      : 0
	DDR Hugepages Usage Rate(%)    : 0
	HBM Capacity(MB)               : 65536
	HBM Usage Rate(%)              : 29
	Aicore Usage Rate(%)           : 0
	Aivector Usage Rate(%)         : 0
	Aicpu Usage Rate(%)            : 0
	Ctrlcpu Usage Rate(%)          : 1
	DDR Bandwidth Usage Rate(%)    : 0
	HBM Bandwidth Usage Rate(%)    : 0
	NPU Utilization(%)             : 0
	Aicube Usage Rate(%)           : 0
	Get pid name failed.
	Process id:1810566 Process name:                  Process memory(MB):16026
Error: cannot run top on container fca65b17c7696be0978c024206dce045576ad0d5017576dab9c64493f5b57e1c as it did not create a cgroup: this container does not have a cgroup
timestamp_ns=1785751505734494217
	DDR Capacity(MB)               : 0
	DDR Usage Rate(%)              : 0
	DDR Hugepages Total(page)      : 0
	DDR Hugepages Usage Rate(%)    : 0
	HBM Capacity(MB)               : 65536
	HBM Usage Rate(%)              : 29
	Aicore Usage Rate(%)           : 0
	Aivector Usage Rate(%)         : 0
	Aicpu Usage Rate(%)            : 0
	Ctrlcpu Usage Rate(%)          : 3
	DDR Bandwidth Usage Rate(%)    : 0
	HBM Bandwidth Usage Rate(%)    : 0
	NPU Utilization(%)             : 0
	Aicube Usage Rate(%)           : 0
	Get pid name failed.
	Process id:1810566 Process name:                  Process memory(MB):16026
Error: cannot run top on container fca65b17c7696be0978c024206dce045576ad0d5017576dab9c64493f5b57e1c as it did not create a cgroup: this container does not have a cgroup
timestamp_ns=1785751507980735729
	DDR Capacity(MB)               : 0
	DDR Usage Rate(%)              : 0
	DDR Hugepages Total(page)      : 0
	DDR Hugepages Usage Rate(%)    : 0
	HBM Capacity(MB)               : 65536
	HBM Usage Rate(%)              : 29
	Aicore Usage Rate(%)           : 0
	Aivector Usage Rate(%)         : 0
	Aicpu Usage Rate(%)            : 0
	Ctrlcpu Usage Rate(%)          : 2
	DDR Bandwidth Usage Rate(%)    : 0
	HBM Bandwidth Usage Rate(%)    : 0
	NPU Utilization(%)             : 0
	Aicube Usage Rate(%)           : 0
	Get pid name failed.
	Process id:1810566 Process name:                  Process memory(MB):16026
Error: cannot run top on container fca65b17c7696be0978c024206dce045576ad0d5017576dab9c64493f5b57e1c as it did not create a cgroup: this container does not have a cgroup
timestamp_ns=1785751510129559357
	DDR Capacity(MB)               : 0
	DDR Usage Rate(%)              : 0
	DDR Hugepages Total(page)      : 0
	DDR Hugepages Usage Rate(%)    : 0
	HBM Capacity(MB)               : 65536
	HBM Usage Rate(%)              : 29
	Aicore Usage Rate(%)           : 0
	Aivector Usage Rate(%)         : 0
	Aicpu Usage Rate(%)            : 0
	Ctrlcpu Usage Rate(%)          : 5
	DDR Bandwidth Usage Rate(%)    : 0
	HBM Bandwidth Usage Rate(%)    : 0
	NPU Utilization(%)             : 0
	Aicube Usage Rate(%)           : 0
	Get pid name failed.
	Process id:1810566 Process name:                  Process memory(MB):16026
Error: cannot run top on container fca65b17c7696be0978c024206dce045576ad0d5017576dab9c64493f5b57e1c as it did not create a cgroup: this container does not have a cgroup
timestamp_ns=1785751512276380143
	DDR Capacity(MB)               : 0
	DDR Usage Rate(%)              : 0
	DDR Hugepages Total(page)      : 0
	DDR Hugepages Usage Rate(%)    : 0
	HBM Capacity(MB)               : 65536
	HBM Usage Rate(%)              : 29
	Aicore Usage Rate(%)           : 0
	Aivector Usage Rate(%)         : 0
	Aicpu Usage Rate(%)            : 0
	Ctrlcpu Usage Rate(%)          : 6
	DDR Bandwidth Usage Rate(%)    : 0
	HBM Bandwidth Usage Rate(%)    : 0
	NPU Utilization(%)             : 0
	Aicube Usage Rate(%)           : 0
	Get pid name failed.
	Process id:1810566 Process name:                  Process memory(MB):16026
Error: cannot run top on container fca65b17c7696be0978c024206dce045576ad0d5017576dab9c64493f5b57e1c as it did not create a cgroup: this container does not have a cgroup
timestamp_ns=1785751514399517082
	DDR Capacity(MB)               : 0
	DDR Usage Rate(%)              : 0
	DDR Hugepages Total(page)      : 0
	DDR Hugepages Usage Rate(%)    : 0
	HBM Capacity(MB)               : 65536
	HBM Usage Rate(%)              : 29
	Aicore Usage Rate(%)           : 0
	Aivector Usage Rate(%)         : 0
	Aicpu Usage Rate(%)            : 0
	Ctrlcpu Usage Rate(%)          : 2
	DDR Bandwidth Usage Rate(%)    : 0
	HBM Bandwidth Usage Rate(%)    : 0
	NPU Utilization(%)             : 0
	Aicube Usage Rate(%)           : 0
	Get pid name failed.
	Process id:1810566 Process name:                  Process memory(MB):16026
Error: cannot run top on container fca65b17c7696be0978c024206dce045576ad0d5017576dab9c64493f5b57e1c as it did not create a cgroup: this container does not have a cgroup
timestamp_ns=1785751516536205328
	DDR Capacity(MB)               : 0
	DDR Usage Rate(%)              : 0
	DDR Hugepages Total(page)      : 0
	DDR Hugepages Usage Rate(%)    : 0
	HBM Capacity(MB)               : 65536
	HBM Usage Rate(%)              : 29
	Aicore Usage Rate(%)           : 0
	Aivector Usage Rate(%)         : 0
	Aicpu Usage Rate(%)            : 0
	Ctrlcpu Usage Rate(%)          : 1
	DDR Bandwidth Usage Rate(%)    : 0
	HBM Bandwidth Usage Rate(%)    : 0
	NPU Utilization(%)             : 0
	Aicube Usage Rate(%)           : 0
	Get pid name failed.
	Process id:1810566 Process name:                  Process memory(MB):16026
Error: cannot run top on container fca65b17c7696be0978c024206dce045576ad0d5017576dab9c64493f5b57e1c as it did not create a cgroup: this container does not have a cgroup
timestamp_ns=1785751518682843428
	DDR Capacity(MB)               : 0
	DDR Usage Rate(%)              : 0
	DDR Hugepages Total(page)      : 0
	DDR Hugepages Usage Rate(%)    : 0
	HBM Capacity(MB)               : 65536
	HBM Usage Rate(%)              : 29
	Aicore Usage Rate(%)           : 0
	Aivector Usage Rate(%)         : 0
	Aicpu Usage Rate(%)            : 0
	Ctrlcpu Usage Rate(%)          : 3
	DDR Bandwidth Usage Rate(%)    : 0
	HBM Bandwidth Usage Rate(%)    : 0
	NPU Utilization(%)             : 0
	Aicube Usage Rate(%)           : 0
	Get pid name failed.
	Process id:1810566 Process name:                  Process memory(MB):16026
Error: cannot run top on container fca65b17c7696be0978c024206dce045576ad0d5017576dab9c64493f5b57e1c as it did not create a cgroup: this container does not have a cgroup
timestamp_ns=1785751520816360354
	DDR Capacity(MB)               : 0
	DDR Usage Rate(%)              : 0
	DDR Hugepages Total(page)      : 0
	DDR Hugepages Usage Rate(%)    : 0
	HBM Capacity(MB)               : 65536
	HBM Usage Rate(%)              : 29
	Aicore Usage Rate(%)           : 0
	Aivector Usage Rate(%)         : 0
	Aicpu Usage Rate(%)            : 0
	Ctrlcpu Usage Rate(%)          : 3
	DDR Bandwidth Usage Rate(%)    : 0
	HBM Bandwidth Usage Rate(%)    : 0
	NPU Utilization(%)             : 0
	Aicube Usage Rate(%)           : 0
	Get pid name failed.
	Process id:1810566 Process name:                  Process memory(MB):16026
Error: cannot run top on container fca65b17c7696be0978c024206dce045576ad0d5017576dab9c64493f5b57e1c as it did not create a cgroup: this container does not have a cgroup
timestamp_ns=1785751522951612765
	DDR Capacity(MB)               : 0
	DDR Usage Rate(%)              : 0
	DDR Hugepages Total(page)      : 0
	DDR Hugepages Usage Rate(%)    : 0
	HBM Capacity(MB)               : 65536
	HBM Usage Rate(%)              : 29
	Aicore Usage Rate(%)           : 0
	Aivector Usage Rate(%)         : 0
	Aicpu Usage Rate(%)            : 0
	Ctrlcpu Usage Rate(%)          : 2
	DDR Bandwidth Usage Rate(%)    : 0
	HBM Bandwidth Usage Rate(%)    : 0
	NPU Utilization(%)             : 0
	Aicube Usage Rate(%)           : 0
	Get pid name failed.
	Process id:1810566 Process name:                  Process memory(MB):15636
Error: cannot run top on container fca65b17c7696be0978c024206dce045576ad0d5017576dab9c64493f5b57e1c as it did not create a cgroup: this container does not have a cgroup
timestamp_ns=1785751525109387457
	DDR Capacity(MB)               : 0
	DDR Usage Rate(%)              : 0
	DDR Hugepages Total(page)      : 0
	DDR Hugepages Usage Rate(%)    : 0
	HBM Capacity(MB)               : 65536
	HBM Usage Rate(%)              : 27
	Aicore Usage Rate(%)           : 0
	Aivector Usage Rate(%)         : 0
	Aicpu Usage Rate(%)            : 0
	Ctrlcpu Usage Rate(%)          : 1
	DDR Bandwidth Usage Rate(%)    : 0
	HBM Bandwidth Usage Rate(%)    : 0
	NPU Utilization(%)             : 0
	Aicube Usage Rate(%)           : 0
	Get pid name failed.
	Process id:1810566 Process name:                  Process memory(MB):14616
Error: cannot run top on container fca65b17c7696be0978c024206dce045576ad0d5017576dab9c64493f5b57e1c as it did not create a cgroup: this container does not have a cgroup
timestamp_ns=1785751527251871235
	DDR Capacity(MB)               : 0
	DDR Usage Rate(%)              : 0
	DDR Hugepages Total(page)      : 0
	DDR Hugepages Usage Rate(%)    : 0
	HBM Capacity(MB)               : 65536
	HBM Usage Rate(%)              : 27
	Aicore Usage Rate(%)           : 0
	Aivector Usage Rate(%)         : 0
	Aicpu Usage Rate(%)            : 0
	Ctrlcpu Usage Rate(%)          : 3
	DDR Bandwidth Usage Rate(%)    : 0
	HBM Bandwidth Usage Rate(%)    : 0
	NPU Utilization(%)             : 0
	Aicube Usage Rate(%)           : 0
	Get pid name failed.
	Process id:1810566 Process name:                  Process memory(MB):14616
Error: cannot run top on container fca65b17c7696be0978c024206dce045576ad0d5017576dab9c64493f5b57e1c as it did not create a cgroup: this container does not have a cgroup
timestamp_ns=1785751529381100058
	DDR Capacity(MB)               : 0
	DDR Usage Rate(%)              : 0
	DDR Hugepages Total(page)      : 0
	DDR Hugepages Usage Rate(%)    : 0
	HBM Capacity(MB)               : 65536
	HBM Usage Rate(%)              : 14
	Aicore Usage Rate(%)           : 0
	Aivector Usage Rate(%)         : 0
	Aicpu Usage Rate(%)            : 0
	Ctrlcpu Usage Rate(%)          : 14
	DDR Bandwidth Usage Rate(%)    : 0
	HBM Bandwidth Usage Rate(%)    : 0
	NPU Utilization(%)             : 0
	Aicube Usage Rate(%)           : 0
	No process in device.
Error: cannot run top on container fca65b17c7696be0978c024206dce045576ad0d5017576dab9c64493f5b57e1c as it did not create a cgroup: this container does not have a cgroup
