timestamp_ns=1785752662727702571
	DDR Capacity(MB)               : 0
	DDR Usage Rate(%)              : 0
	DDR Hugepages Total(page)      : 0
	DDR Hugepages Usage Rate(%)    : 0
	HBM Capacity(MB)               : 65536
	HBM Usage Rate(%)              : 5
	Aicore Usage Rate(%)           : 0
	Aivector Usage Rate(%)         : 0
	Aicpu Usage Rate(%)            : 0
	Ctrlcpu Usage Rate(%)          : 5
	DDR Bandwidth Usage Rate(%)    : 0
	HBM Bandwidth Usage Rate(%)    : 0
	NPU Utilization(%)             : 0
	Aicube Usage Rate(%)           : 0
	No process in device.
Error: cannot run top on container fca65b17c7696be0978c024206dce045576ad0d5017576dab9c64493f5b57e1c as it did not create a cgroup: this container does not have a cgroup
timestamp_ns=1785752664912795170
	DDR Capacity(MB)               : 0
	DDR Usage Rate(%)              : 0
	DDR Hugepages Total(page)      : 0
	DDR Hugepages Usage Rate(%)    : 0
	HBM Capacity(MB)               : 65536
	HBM Usage Rate(%)              : 5
	Aicore Usage Rate(%)           : 0
	Aivector Usage Rate(%)         : 0
	Aicpu Usage Rate(%)            : 0
	Ctrlcpu Usage Rate(%)          : 4
	DDR Bandwidth Usage Rate(%)    : 0
	HBM Bandwidth Usage Rate(%)    : 0
	NPU Utilization(%)             : 0
	Aicube Usage Rate(%)           : 0
	No process in device.
Error: cannot run top on container fca65b17c7696be0978c024206dce045576ad0d5017576dab9c64493f5b57e1c as it did not create a cgroup: this container does not have a cgroup
timestamp_ns=1785752667061036687
	DDR Capacity(MB)               : 0
	DDR Usage Rate(%)              : 0
	DDR Hugepages Total(page)      : 0
	DDR Hugepages Usage Rate(%)    : 0
	HBM Capacity(MB)               : 65536
	HBM Usage Rate(%)              : 5
	Aicore Usage Rate(%)           : 0
	Aivector Usage Rate(%)         : 0
	Aicpu Usage Rate(%)            : 0
	Ctrlcpu Usage Rate(%)          : 3
	DDR Bandwidth Usage Rate(%)    : 0
	HBM Bandwidth Usage Rate(%)    : 0
	NPU Utilization(%)             : 0
	Aicube Usage Rate(%)           : 0
	No process in device.
Error: cannot run top on container fca65b17c7696be0978c024206dce045576ad0d5017576dab9c64493f5b57e1c as it did not create a cgroup: this container does not have a cgroup
timestamp_ns=1785752669218856328
	DDR Capacity(MB)               : 0
	DDR Usage Rate(%)              : 0
	DDR Hugepages Total(page)      : 0
	DDR Hugepages Usage Rate(%)    : 0
	HBM Capacity(MB)               : 65536
	HBM Usage Rate(%)              : 5
	Aicore Usage Rate(%)           : 0
	Aivector Usage Rate(%)         : 0
	Aicpu Usage Rate(%)            : 0
	Ctrlcpu Usage Rate(%)          : 1
	DDR Bandwidth Usage Rate(%)    : 0
	HBM Bandwidth Usage Rate(%)    : 0
	NPU Utilization(%)             : 0
	Aicube Usage Rate(%)           : 0
	No process in device.
Error: cannot run top on container fca65b17c7696be0978c024206dce045576ad0d5017576dab9c64493f5b57e1c as it did not create a cgroup: this container does not have a cgroup
timestamp_ns=1785752671378554721
	DDR Capacity(MB)               : 0
	DDR Usage Rate(%)              : 0
	DDR Hugepages Total(page)      : 0
	DDR Hugepages Usage Rate(%)    : 0
	HBM Capacity(MB)               : 65536
	HBM Usage Rate(%)              : 5
	Aicore Usage Rate(%)           : 0
	Aivector Usage Rate(%)         : 0
	Aicpu Usage Rate(%)            : 0
	Ctrlcpu Usage Rate(%)          : 1
	DDR Bandwidth Usage Rate(%)    : 0
	HBM Bandwidth Usage Rate(%)    : 0
	NPU Utilization(%)             : 0
	Aicube Usage Rate(%)           : 0
	No process in device.
Error: cannot run top on container fca65b17c7696be0978c024206dce045576ad0d5017576dab9c64493f5b57e1c as it did not create a cgroup: this container does not have a cgroup
timestamp_ns=1785752673544205817
	DDR Capacity(MB)               : 0
	DDR Usage Rate(%)              : 0
	DDR Hugepages Total(page)      : 0
	DDR Hugepages Usage Rate(%)    : 0
	HBM Capacity(MB)               : 65536
	HBM Usage Rate(%)              : 5
	Aicore Usage Rate(%)           : 0
	Aivector Usage Rate(%)         : 0
	Aicpu Usage Rate(%)            : 0
	Ctrlcpu Usage Rate(%)          : 3
	DDR Bandwidth Usage Rate(%)    : 0
	HBM Bandwidth Usage Rate(%)    : 0
	NPU Utilization(%)             : 0
	Aicube Usage Rate(%)           : 0
	No process in device.
Error: cannot run top on container fca65b17c7696be0978c024206dce045576ad0d5017576dab9c64493f5b57e1c as it did not create a cgroup: this container does not have a cgroup
timestamp_ns=1785752675725469603
	DDR Capacity(MB)               : 0
	DDR Usage Rate(%)              : 0
	DDR Hugepages Total(page)      : 0
	DDR Hugepages Usage Rate(%)    : 0
	HBM Capacity(MB)               : 65536
	HBM Usage Rate(%)              : 5
	Aicore Usage Rate(%)           : 0
	Aivector Usage Rate(%)         : 0
	Aicpu Usage Rate(%)            : 0
	Ctrlcpu Usage Rate(%)          : 2
	DDR Bandwidth Usage Rate(%)    : 0
	HBM Bandwidth Usage Rate(%)    : 0
	NPU Utilization(%)             : 0
	Aicube Usage Rate(%)           : 0
	No process in device.
Error: cannot run top on container fca65b17c7696be0978c024206dce045576ad0d5017576dab9c64493f5b57e1c as it did not create a cgroup: this container does not have a cgroup
timestamp_ns=1785752677865955572
	DDR Capacity(MB)               : 0
	DDR Usage Rate(%)              : 0
	DDR Hugepages Total(page)      : 0
	DDR Hugepages Usage Rate(%)    : 0
	HBM Capacity(MB)               : 65536
	HBM Usage Rate(%)              : 5
	Aicore Usage Rate(%)           : 0
	Aivector Usage Rate(%)         : 0
	Aicpu Usage Rate(%)            : 0
	Ctrlcpu Usage Rate(%)          : 1
	DDR Bandwidth Usage Rate(%)    : 0
	HBM Bandwidth Usage Rate(%)    : 0
	NPU Utilization(%)             : 0
	Aicube Usage Rate(%)           : 0
	No process in device.
Error: cannot run top on container fca65b17c7696be0978c024206dce045576ad0d5017576dab9c64493f5b57e1c as it did not create a cgroup: this container does not have a cgroup
timestamp_ns=1785752680007269553
	DDR Capacity(MB)               : 0
	DDR Usage Rate(%)              : 0
	DDR Hugepages Total(page)      : 0
	DDR Hugepages Usage Rate(%)    : 0
	HBM Capacity(MB)               : 65536
	HBM Usage Rate(%)              : 5
	Aicore Usage Rate(%)           : 0
	Aivector Usage Rate(%)         : 0
	Aicpu Usage Rate(%)            : 0
	Ctrlcpu Usage Rate(%)          : 10
	DDR Bandwidth Usage Rate(%)    : 0
	HBM Bandwidth Usage Rate(%)    : 0
	NPU Utilization(%)             : 0
	Aicube Usage Rate(%)           : 0
	No process in device.
Error: cannot run top on container fca65b17c7696be0978c024206dce045576ad0d5017576dab9c64493f5b57e1c as it did not create a cgroup: this container does not have a cgroup
timestamp_ns=1785752682152823903
	DDR Capacity(MB)               : 0
	DDR Usage Rate(%)              : 0
	DDR Hugepages Total(page)      : 0
	DDR Hugepages Usage Rate(%)    : 0
	HBM Capacity(MB)               : 65536
	HBM Usage Rate(%)              : 5
	Aicore Usage Rate(%)           : 0
	Aivector Usage Rate(%)         : 0
	Aicpu Usage Rate(%)            : 0
	Ctrlcpu Usage Rate(%)          : 5
	DDR Bandwidth Usage Rate(%)    : 0
	HBM Bandwidth Usage Rate(%)    : 0
	NPU Utilization(%)             : 0
	Aicube Usage Rate(%)           : 0
	No process in device.
Error: cannot run top on container fca65b17c7696be0978c024206dce045576ad0d5017576dab9c64493f5b57e1c as it did not create a cgroup: this container does not have a cgroup
timestamp_ns=1785752684298189226
	DDR Capacity(MB)               : 0
	DDR Usage Rate(%)              : 0
	DDR Hugepages Total(page)      : 0
	DDR Hugepages Usage Rate(%)    : 0
	HBM Capacity(MB)               : 65536
	HBM Usage Rate(%)              : 5
	Aicore Usage Rate(%)           : 0
	Aivector Usage Rate(%)         : 0
	Aicpu Usage Rate(%)            : 0
	Ctrlcpu Usage Rate(%)          : 3
	DDR Bandwidth Usage Rate(%)    : 0
	HBM Bandwidth Usage Rate(%)    : 0
	NPU Utilization(%)             : 0
	Aicube Usage Rate(%)           : 0
	No process in device.
Error: cannot run top on container fca65b17c7696be0978c024206dce045576ad0d5017576dab9c64493f5b57e1c as it did not create a cgroup: this container does not have a cgroup
timestamp_ns=1785752686438186080
	DDR Capacity(MB)               : 0
	DDR Usage Rate(%)              : 0
	DDR Hugepages Total(page)      : 0
	DDR Hugepages Usage Rate(%)    : 0
	HBM Capacity(MB)               : 65536
	HBM Usage Rate(%)              : 5
	Aicore Usage Rate(%)           : 0
	Aivector Usage Rate(%)         : 0
	Aicpu Usage Rate(%)            : 0
	Ctrlcpu Usage Rate(%)          : 1
	DDR Bandwidth Usage Rate(%)    : 0
	HBM Bandwidth Usage Rate(%)    : 0
	NPU Utilization(%)             : 0
	Aicube Usage Rate(%)           : 0
	No process in device.
Error: cannot run top on container fca65b17c7696be0978c024206dce045576ad0d5017576dab9c64493f5b57e1c as it did not create a cgroup: this container does not have a cgroup
timestamp_ns=1785752688619584168
	DDR Capacity(MB)               : 0
	DDR Usage Rate(%)              : 0
	DDR Hugepages Total(page)      : 0
	DDR Hugepages Usage Rate(%)    : 0
	HBM Capacity(MB)               : 65536
	HBM Usage Rate(%)              : 5
	Aicore Usage Rate(%)           : 0
	Aivector Usage Rate(%)         : 0
	Aicpu Usage Rate(%)            : 0
	Ctrlcpu Usage Rate(%)          : 4
	DDR Bandwidth Usage Rate(%)    : 0
	HBM Bandwidth Usage Rate(%)    : 0
	NPU Utilization(%)             : 0
	Aicube Usage Rate(%)           : 0
	No process in device.
Error: cannot run top on container fca65b17c7696be0978c024206dce045576ad0d5017576dab9c64493f5b57e1c as it did not create a cgroup: this container does not have a cgroup
timestamp_ns=1785752690758490694
	DDR Capacity(MB)               : 0
	DDR Usage Rate(%)              : 0
	DDR Hugepages Total(page)      : 0
	DDR Hugepages Usage Rate(%)    : 0
	HBM Capacity(MB)               : 65536
	HBM Usage Rate(%)              : 5
	Aicore Usage Rate(%)           : 0
	Aivector Usage Rate(%)         : 0
	Aicpu Usage Rate(%)            : 0
	Ctrlcpu Usage Rate(%)          : 2
	DDR Bandwidth Usage Rate(%)    : 0
	HBM Bandwidth Usage Rate(%)    : 0
	NPU Utilization(%)             : 0
	Aicube Usage Rate(%)           : 0
	No process in device.
Error: cannot run top on container fca65b17c7696be0978c024206dce045576ad0d5017576dab9c64493f5b57e1c as it did not create a cgroup: this container does not have a cgroup
timestamp_ns=1785752692923320922
	DDR Capacity(MB)               : 0
	DDR Usage Rate(%)              : 0
	DDR Hugepages Total(page)      : 0
	DDR Hugepages Usage Rate(%)    : 0
	HBM Capacity(MB)               : 65536
	HBM Usage Rate(%)              : 5
	Aicore Usage Rate(%)           : 0
	Aivector Usage Rate(%)         : 0
	Aicpu Usage Rate(%)            : 0
	Ctrlcpu Usage Rate(%)          : 3
	DDR Bandwidth Usage Rate(%)    : 0
	HBM Bandwidth Usage Rate(%)    : 0
	NPU Utilization(%)             : 0
	Aicube Usage Rate(%)           : 0
	No process in device.
Error: cannot run top on container fca65b17c7696be0978c024206dce045576ad0d5017576dab9c64493f5b57e1c as it did not create a cgroup: this container does not have a cgroup
timestamp_ns=1785752695059636061
	DDR Capacity(MB)               : 0
	DDR Usage Rate(%)              : 0
	DDR Hugepages Total(page)      : 0
	DDR Hugepages Usage Rate(%)    : 0
	HBM Capacity(MB)               : 65536
	HBM Usage Rate(%)              : 5
	Aicore Usage Rate(%)           : 0
	Aivector Usage Rate(%)         : 0
	Aicpu Usage Rate(%)            : 0
	Ctrlcpu Usage Rate(%)          : 2
	DDR Bandwidth Usage Rate(%)    : 0
	HBM Bandwidth Usage Rate(%)    : 0
	NPU Utilization(%)             : 0
	Aicube Usage Rate(%)           : 0
	No process in device.
Error: cannot run top on container fca65b17c7696be0978c024206dce045576ad0d5017576dab9c64493f5b57e1c as it did not create a cgroup: this container does not have a cgroup
timestamp_ns=1785752697212495209
	DDR Capacity(MB)               : 0
	DDR Usage Rate(%)              : 0
	DDR Hugepages Total(page)      : 0
	DDR Hugepages Usage Rate(%)    : 0
	HBM Capacity(MB)               : 65536
	HBM Usage Rate(%)              : 5
	Aicore Usage Rate(%)           : 0
	Aivector Usage Rate(%)         : 0
	Aicpu Usage Rate(%)            : 0
	Ctrlcpu Usage Rate(%)          : 3
	DDR Bandwidth Usage Rate(%)    : 0
	HBM Bandwidth Usage Rate(%)    : 0
	NPU Utilization(%)             : 0
	Aicube Usage Rate(%)           : 0
	No process in device.
Error: cannot run top on container fca65b17c7696be0978c024206dce045576ad0d5017576dab9c64493f5b57e1c as it did not create a cgroup: this container does not have a cgroup
timestamp_ns=1785752699359424798
	DDR Capacity(MB)               : 0
	DDR Usage Rate(%)              : 0
	DDR Hugepages Total(page)      : 0
	DDR Hugepages Usage Rate(%)    : 0
	HBM Capacity(MB)               : 65536
	HBM Usage Rate(%)              : 5
	Aicore Usage Rate(%)           : 0
	Aivector Usage Rate(%)         : 0
	Aicpu Usage Rate(%)            : 0
	Ctrlcpu Usage Rate(%)          : 2
	DDR Bandwidth Usage Rate(%)    : 0
	HBM Bandwidth Usage Rate(%)    : 0
	NPU Utilization(%)             : 0
	Aicube Usage Rate(%)           : 0
	No process in device.
Error: cannot run top on container fca65b17c7696be0978c024206dce045576ad0d5017576dab9c64493f5b57e1c as it did not create a cgroup: this container does not have a cgroup
timestamp_ns=1785752701502143522
	DDR Capacity(MB)               : 0
	DDR Usage Rate(%)              : 0
	DDR Hugepages Total(page)      : 0
	DDR Hugepages Usage Rate(%)    : 0
	HBM Capacity(MB)               : 65536
	HBM Usage Rate(%)              : 5
	Aicore Usage Rate(%)           : 0
	Aivector Usage Rate(%)         : 0
	Aicpu Usage Rate(%)            : 0
	Ctrlcpu Usage Rate(%)          : 2
	DDR Bandwidth Usage Rate(%)    : 0
	HBM Bandwidth Usage Rate(%)    : 0
	NPU Utilization(%)             : 0
	Aicube Usage Rate(%)           : 0
	No process in device.
Error: cannot run top on container fca65b17c7696be0978c024206dce045576ad0d5017576dab9c64493f5b57e1c as it did not create a cgroup: this container does not have a cgroup
timestamp_ns=1785752703637867716
	DDR Capacity(MB)               : 0
	DDR Usage Rate(%)              : 0
	DDR Hugepages Total(page)      : 0
	DDR Hugepages Usage Rate(%)    : 0
	HBM Capacity(MB)               : 65536
	HBM Usage Rate(%)              : 5
	Aicore Usage Rate(%)           : 0
	Aivector Usage Rate(%)         : 0
	Aicpu Usage Rate(%)            : 0
	Ctrlcpu Usage Rate(%)          : 6
	DDR Bandwidth Usage Rate(%)    : 0
	HBM Bandwidth Usage Rate(%)    : 0
	NPU Utilization(%)             : 0
	Aicube Usage Rate(%)           : 0
	No process in device.
Error: cannot run top on container fca65b17c7696be0978c024206dce045576ad0d5017576dab9c64493f5b57e1c as it did not create a cgroup: this container does not have a cgroup
timestamp_ns=1785752705795457052
	DDR Capacity(MB)               : 0
	DDR Usage Rate(%)              : 0
	DDR Hugepages Total(page)      : 0
	DDR Hugepages Usage Rate(%)    : 0
	HBM Capacity(MB)               : 65536
	HBM Usage Rate(%)              : 5
	Aicore Usage Rate(%)           : 0
	Aivector Usage Rate(%)         : 0
	Aicpu Usage Rate(%)            : 0
	Ctrlcpu Usage Rate(%)          : 3
	DDR Bandwidth Usage Rate(%)    : 0
	HBM Bandwidth Usage Rate(%)    : 0
	NPU Utilization(%)             : 0
	Aicube Usage Rate(%)           : 0
	No process in device.
Error: cannot run top on container fca65b17c7696be0978c024206dce045576ad0d5017576dab9c64493f5b57e1c as it did not create a cgroup: this container does not have a cgroup
timestamp_ns=1785752707935526194
	DDR Capacity(MB)               : 0
	DDR Usage Rate(%)              : 0
	DDR Hugepages Total(page)      : 0
	DDR Hugepages Usage Rate(%)    : 0
	HBM Capacity(MB)               : 65536
	HBM Usage Rate(%)              : 5
	Aicore Usage Rate(%)           : 0
	Aivector Usage Rate(%)         : 0
	Aicpu Usage Rate(%)            : 0
	Ctrlcpu Usage Rate(%)          : 3
	DDR Bandwidth Usage Rate(%)    : 0
	HBM Bandwidth Usage Rate(%)    : 0
	NPU Utilization(%)             : 0
	Aicube Usage Rate(%)           : 0
	No process in device.
Error: cannot run top on container fca65b17c7696be0978c024206dce045576ad0d5017576dab9c64493f5b57e1c as it did not create a cgroup: this container does not have a cgroup
timestamp_ns=1785752710081415556
	DDR Capacity(MB)               : 0
	DDR Usage Rate(%)              : 0
	DDR Hugepages Total(page)      : 0
	DDR Hugepages Usage Rate(%)    : 0
	HBM Capacity(MB)               : 65536
	HBM Usage Rate(%)              : 5
	Aicore Usage Rate(%)           : 0
	Aivector Usage Rate(%)         : 0
	Aicpu Usage Rate(%)            : 0
	Ctrlcpu Usage Rate(%)          : 1
	DDR Bandwidth Usage Rate(%)    : 0
	HBM Bandwidth Usage Rate(%)    : 0
	NPU Utilization(%)             : 0
	Aicube Usage Rate(%)           : 0
	No process in device.
Error: cannot run top on container fca65b17c7696be0978c024206dce045576ad0d5017576dab9c64493f5b57e1c as it did not create a cgroup: this container does not have a cgroup
timestamp_ns=1785752712215285091
	DDR Capacity(MB)               : 0
	DDR Usage Rate(%)              : 0
	DDR Hugepages Total(page)      : 0
	DDR Hugepages Usage Rate(%)    : 0
	HBM Capacity(MB)               : 65536
	HBM Usage Rate(%)              : 5
	Aicore Usage Rate(%)           : 0
	Aivector Usage Rate(%)         : 0
	Aicpu Usage Rate(%)            : 0
	Ctrlcpu Usage Rate(%)          : 7
	DDR Bandwidth Usage Rate(%)    : 0
	HBM Bandwidth Usage Rate(%)    : 0
	NPU Utilization(%)             : 0
	Aicube Usage Rate(%)           : 0
	No process in device.
Error: cannot run top on container fca65b17c7696be0978c024206dce045576ad0d5017576dab9c64493f5b57e1c as it did not create a cgroup: this container does not have a cgroup
timestamp_ns=1785752714358253359
	DDR Capacity(MB)               : 0
	DDR Usage Rate(%)              : 0
	DDR Hugepages Total(page)      : 0
	DDR Hugepages Usage Rate(%)    : 0
	HBM Capacity(MB)               : 65536
	HBM Usage Rate(%)              : 5
	Aicore Usage Rate(%)           : 0
	Aivector Usage Rate(%)         : 0
	Aicpu Usage Rate(%)            : 0
	Ctrlcpu Usage Rate(%)          : 1
	DDR Bandwidth Usage Rate(%)    : 0
	HBM Bandwidth Usage Rate(%)    : 0
	NPU Utilization(%)             : 0
	Aicube Usage Rate(%)           : 0
	No process in device.
Error: cannot run top on container fca65b17c7696be0978c024206dce045576ad0d5017576dab9c64493f5b57e1c as it did not create a cgroup: this container does not have a cgroup
timestamp_ns=1785752716533401350
	DDR Capacity(MB)               : 0
	DDR Usage Rate(%)              : 0
	DDR Hugepages Total(page)      : 0
	DDR Hugepages Usage Rate(%)    : 0
	HBM Capacity(MB)               : 65536
	HBM Usage Rate(%)              : 5
	Aicore Usage Rate(%)           : 0
	Aivector Usage Rate(%)         : 0
	Aicpu Usage Rate(%)            : 0
	Ctrlcpu Usage Rate(%)          : 1
	DDR Bandwidth Usage Rate(%)    : 0
	HBM Bandwidth Usage Rate(%)    : 0
	NPU Utilization(%)             : 0
	Aicube Usage Rate(%)           : 0
	No process in device.
Error: cannot run top on container fca65b17c7696be0978c024206dce045576ad0d5017576dab9c64493f5b57e1c as it did not create a cgroup: this container does not have a cgroup
timestamp_ns=1785752718670395796
	DDR Capacity(MB)               : 0
	DDR Usage Rate(%)              : 0
	DDR Hugepages Total(page)      : 0
	DDR Hugepages Usage Rate(%)    : 0
	HBM Capacity(MB)               : 65536
	HBM Usage Rate(%)              : 5
	Aicore Usage Rate(%)           : 0
	Aivector Usage Rate(%)         : 0
	Aicpu Usage Rate(%)            : 0
	Ctrlcpu Usage Rate(%)          : 4
	DDR Bandwidth Usage Rate(%)    : 0
	HBM Bandwidth Usage Rate(%)    : 0
	NPU Utilization(%)             : 0
	Aicube Usage Rate(%)           : 0
	No process in device.
Error: cannot run top on container fca65b17c7696be0978c024206dce045576ad0d5017576dab9c64493f5b57e1c as it did not create a cgroup: this container does not have a cgroup
timestamp_ns=1785752720801170217
	DDR Capacity(MB)               : 0
	DDR Usage Rate(%)              : 0
	DDR Hugepages Total(page)      : 0
	DDR Hugepages Usage Rate(%)    : 0
	HBM Capacity(MB)               : 65536
	HBM Usage Rate(%)              : 5
	Aicore Usage Rate(%)           : 0
	Aivector Usage Rate(%)         : 0
	Aicpu Usage Rate(%)            : 0
	Ctrlcpu Usage Rate(%)          : 1
	DDR Bandwidth Usage Rate(%)    : 0
	HBM Bandwidth Usage Rate(%)    : 0
	NPU Utilization(%)             : 0
	Aicube Usage Rate(%)           : 0
	No process in device.
Error: cannot run top on container fca65b17c7696be0978c024206dce045576ad0d5017576dab9c64493f5b57e1c as it did not create a cgroup: this container does not have a cgroup
timestamp_ns=1785752722950426015
	DDR Capacity(MB)               : 0
	DDR Usage Rate(%)              : 0
	DDR Hugepages Total(page)      : 0
	DDR Hugepages Usage Rate(%)    : 0
	HBM Capacity(MB)               : 65536
	HBM Usage Rate(%)              : 5
	Aicore Usage Rate(%)           : 0
	Aivector Usage Rate(%)         : 0
	Aicpu Usage Rate(%)            : 0
	Ctrlcpu Usage Rate(%)          : 7
	DDR Bandwidth Usage Rate(%)    : 0
	HBM Bandwidth Usage Rate(%)    : 0
	NPU Utilization(%)             : 0
	Aicube Usage Rate(%)           : 0
	No process in device.
Error: cannot run top on container fca65b17c7696be0978c024206dce045576ad0d5017576dab9c64493f5b57e1c as it did not create a cgroup: this container does not have a cgroup
timestamp_ns=1785752725154564956
	DDR Capacity(MB)               : 0
	DDR Usage Rate(%)              : 0
	DDR Hugepages Total(page)      : 0
	DDR Hugepages Usage Rate(%)    : 0
	HBM Capacity(MB)               : 65536
	HBM Usage Rate(%)              : 5
	Aicore Usage Rate(%)           : 0
	Aivector Usage Rate(%)         : 0
	Aicpu Usage Rate(%)            : 0
	Ctrlcpu Usage Rate(%)          : 1
	DDR Bandwidth Usage Rate(%)    : 0
	HBM Bandwidth Usage Rate(%)    : 0
	NPU Utilization(%)             : 0
	Aicube Usage Rate(%)           : 0
	No process in device.
Error: cannot run top on container fca65b17c7696be0978c024206dce045576ad0d5017576dab9c64493f5b57e1c as it did not create a cgroup: this container does not have a cgroup
timestamp_ns=1785752727423979803
	DDR Capacity(MB)               : 0
	DDR Usage Rate(%)              : 0
	DDR Hugepages Total(page)      : 0
	DDR Hugepages Usage Rate(%)    : 0
	HBM Capacity(MB)               : 65536
	HBM Usage Rate(%)              : 5
	Aicore Usage Rate(%)           : 0
	Aivector Usage Rate(%)         : 0
	Aicpu Usage Rate(%)            : 0
	Ctrlcpu Usage Rate(%)          : 3
	DDR Bandwidth Usage Rate(%)    : 0
	HBM Bandwidth Usage Rate(%)    : 0
	NPU Utilization(%)             : 0
	Aicube Usage Rate(%)           : 0
	No process in device.
Error: cannot run top on container fca65b17c7696be0978c024206dce045576ad0d5017576dab9c64493f5b57e1c as it did not create a cgroup: this container does not have a cgroup
timestamp_ns=1785752729620192003
	DDR Capacity(MB)               : 0
	DDR Usage Rate(%)              : 0
	DDR Hugepages Total(page)      : 0
	DDR Hugepages Usage Rate(%)    : 0
	HBM Capacity(MB)               : 65536
	HBM Usage Rate(%)              : 5
	Aicore Usage Rate(%)           : 0
	Aivector Usage Rate(%)         : 0
	Aicpu Usage Rate(%)            : 0
	Ctrlcpu Usage Rate(%)          : 1
	DDR Bandwidth Usage Rate(%)    : 0
	HBM Bandwidth Usage Rate(%)    : 0
	NPU Utilization(%)             : 0
	Aicube Usage Rate(%)           : 0
	No process in device.
Error: cannot run top on container fca65b17c7696be0978c024206dce045576ad0d5017576dab9c64493f5b57e1c as it did not create a cgroup: this container does not have a cgroup
timestamp_ns=1785752731819159993
	DDR Capacity(MB)               : 0
	DDR Usage Rate(%)              : 0
	DDR Hugepages Total(page)      : 0
	DDR Hugepages Usage Rate(%)    : 0
	HBM Capacity(MB)               : 65536
	HBM Usage Rate(%)              : 5
	Aicore Usage Rate(%)           : 0
	Aivector Usage Rate(%)         : 0
	Aicpu Usage Rate(%)            : 0
	Ctrlcpu Usage Rate(%)          : 1
	DDR Bandwidth Usage Rate(%)    : 0
	HBM Bandwidth Usage Rate(%)    : 0
	NPU Utilization(%)             : 0
	Aicube Usage Rate(%)           : 0
	No process in device.
Error: cannot run top on container fca65b17c7696be0978c024206dce045576ad0d5017576dab9c64493f5b57e1c as it did not create a cgroup: this container does not have a cgroup
timestamp_ns=1785752734071381185
	DDR Capacity(MB)               : 0
	DDR Usage Rate(%)              : 0
	DDR Hugepages Total(page)      : 0
	DDR Hugepages Usage Rate(%)    : 0
	HBM Capacity(MB)               : 65536
	HBM Usage Rate(%)              : 5
	Aicore Usage Rate(%)           : 0
	Aivector Usage Rate(%)         : 0
	Aicpu Usage Rate(%)            : 0
	Ctrlcpu Usage Rate(%)          : 5
	DDR Bandwidth Usage Rate(%)    : 0
	HBM Bandwidth Usage Rate(%)    : 0
	NPU Utilization(%)             : 0
	Aicube Usage Rate(%)           : 0
	No process in device.
Error: cannot run top on container fca65b17c7696be0978c024206dce045576ad0d5017576dab9c64493f5b57e1c as it did not create a cgroup: this container does not have a cgroup
timestamp_ns=1785752736232645026
	DDR Capacity(MB)               : 0
	DDR Usage Rate(%)              : 0
	DDR Hugepages Total(page)      : 0
	DDR Hugepages Usage Rate(%)    : 0
	HBM Capacity(MB)               : 65536
	HBM Usage Rate(%)              : 5
	Aicore Usage Rate(%)           : 0
	Aivector Usage Rate(%)         : 0
	Aicpu Usage Rate(%)            : 0
	Ctrlcpu Usage Rate(%)          : 2
	DDR Bandwidth Usage Rate(%)    : 0
	HBM Bandwidth Usage Rate(%)    : 0
	NPU Utilization(%)             : 0
	Aicube Usage Rate(%)           : 0
	No process in device.
Error: cannot run top on container fca65b17c7696be0978c024206dce045576ad0d5017576dab9c64493f5b57e1c as it did not create a cgroup: this container does not have a cgroup
timestamp_ns=1785752738379331481
	DDR Capacity(MB)               : 0
	DDR Usage Rate(%)              : 0
	DDR Hugepages Total(page)      : 0
	DDR Hugepages Usage Rate(%)    : 0
	HBM Capacity(MB)               : 65536
	HBM Usage Rate(%)              : 5
	Aicore Usage Rate(%)           : 0
	Aivector Usage Rate(%)         : 0
	Aicpu Usage Rate(%)            : 0
	Ctrlcpu Usage Rate(%)          : 1
	DDR Bandwidth Usage Rate(%)    : 0
	HBM Bandwidth Usage Rate(%)    : 0
	NPU Utilization(%)             : 0
	Aicube Usage Rate(%)           : 0
	Get pid name failed.
	Process id:2090716 Process name:                  Process memory(MB):112
Error: cannot run top on container fca65b17c7696be0978c024206dce045576ad0d5017576dab9c64493f5b57e1c as it did not create a cgroup: this container does not have a cgroup
timestamp_ns=1785752740544992751
	DDR Capacity(MB)               : 0
	DDR Usage Rate(%)              : 0
	DDR Hugepages Total(page)      : 0
	DDR Hugepages Usage Rate(%)    : 0
	HBM Capacity(MB)               : 65536
	HBM Usage Rate(%)              : 5
	Aicore Usage Rate(%)           : 0
	Aivector Usage Rate(%)         : 0
	Aicpu Usage Rate(%)            : 0
	Ctrlcpu Usage Rate(%)          : 1
	DDR Bandwidth Usage Rate(%)    : 0
	HBM Bandwidth Usage Rate(%)    : 0
	NPU Utilization(%)             : 0
	Aicube Usage Rate(%)           : 0
	Get pid name failed.
	Process id:2090716 Process name:                  Process memory(MB):5470
Error: cannot run top on container fca65b17c7696be0978c024206dce045576ad0d5017576dab9c64493f5b57e1c as it did not create a cgroup: this container does not have a cgroup
timestamp_ns=1785752742691889173
	DDR Capacity(MB)               : 0
	DDR Usage Rate(%)              : 0
	DDR Hugepages Total(page)      : 0
	DDR Hugepages Usage Rate(%)    : 0
	HBM Capacity(MB)               : 65536
	HBM Usage Rate(%)              : 27
	Aicore Usage Rate(%)           : 0
	Aivector Usage Rate(%)         : 0
	Aicpu Usage Rate(%)            : 0
	Ctrlcpu Usage Rate(%)          : 12
	DDR Bandwidth Usage Rate(%)    : 0
	HBM Bandwidth Usage Rate(%)    : 0
	NPU Utilization(%)             : 0
	Aicube Usage Rate(%)           : 0
	Get pid name failed.
	Process id:2090716 Process name:                  Process memory(MB):14710
Error: cannot run top on container fca65b17c7696be0978c024206dce045576ad0d5017576dab9c64493f5b57e1c as it did not create a cgroup: this container does not have a cgroup
timestamp_ns=1785752744847729616
	DDR Capacity(MB)               : 0
	DDR Usage Rate(%)              : 0
	DDR Hugepages Total(page)      : 0
	DDR Hugepages Usage Rate(%)    : 0
	HBM Capacity(MB)               : 65536
	HBM Usage Rate(%)              : 27
	Aicore Usage Rate(%)           : 0
	Aivector Usage Rate(%)         : 0
	Aicpu Usage Rate(%)            : 0
	Ctrlcpu Usage Rate(%)          : 8
	DDR Bandwidth Usage Rate(%)    : 0
	HBM Bandwidth Usage Rate(%)    : 0
	NPU Utilization(%)             : 0
	Aicube Usage Rate(%)           : 0
	Get pid name failed.
	Process id:2090716 Process name:                  Process memory(MB):14710
Error: cannot run top on container fca65b17c7696be0978c024206dce045576ad0d5017576dab9c64493f5b57e1c as it did not create a cgroup: this container does not have a cgroup
timestamp_ns=1785752746991773797
	DDR Capacity(MB)               : 0
	DDR Usage Rate(%)              : 0
	DDR Hugepages Total(page)      : 0
	DDR Hugepages Usage Rate(%)    : 0
	HBM Capacity(MB)               : 65536
	HBM Usage Rate(%)              : 27
	Aicore Usage Rate(%)           : 0
	Aivector Usage Rate(%)         : 0
	Aicpu Usage Rate(%)            : 0
	Ctrlcpu Usage Rate(%)          : 6
	DDR Bandwidth Usage Rate(%)    : 0
	HBM Bandwidth Usage Rate(%)    : 0
	NPU Utilization(%)             : 0
	Aicube Usage Rate(%)           : 0
	Get pid name failed.
	Process id:2090716 Process name:                  Process memory(MB):14710
Error: cannot run top on container fca65b17c7696be0978c024206dce045576ad0d5017576dab9c64493f5b57e1c as it did not create a cgroup: this container does not have a cgroup
timestamp_ns=1785752749134553269
	DDR Capacity(MB)               : 0
	DDR Usage Rate(%)              : 0
	DDR Hugepages Total(page)      : 0
	DDR Hugepages Usage Rate(%)    : 0
	HBM Capacity(MB)               : 65536
	HBM Usage Rate(%)              : 27
	Aicore Usage Rate(%)           : 0
	Aivector Usage Rate(%)         : 0
	Aicpu Usage Rate(%)            : 0
	Ctrlcpu Usage Rate(%)          : 4
	DDR Bandwidth Usage Rate(%)    : 0
	HBM Bandwidth Usage Rate(%)    : 0
	NPU Utilization(%)             : 0
	Aicube Usage Rate(%)           : 0
	Get pid name failed.
	Process id:2090716 Process name:                  Process memory(MB):14710
Error: cannot run top on container fca65b17c7696be0978c024206dce045576ad0d5017576dab9c64493f5b57e1c as it did not create a cgroup: this container does not have a cgroup
timestamp_ns=1785752751293031844
	DDR Capacity(MB)               : 0
	DDR Usage Rate(%)              : 0
	DDR Hugepages Total(page)      : 0
	DDR Hugepages Usage Rate(%)    : 0
	HBM Capacity(MB)               : 65536
	HBM Usage Rate(%)              : 27
	Aicore Usage Rate(%)           : 0
	Aivector Usage Rate(%)         : 0
	Aicpu Usage Rate(%)            : 0
	Ctrlcpu Usage Rate(%)          : 2
	DDR Bandwidth Usage Rate(%)    : 0
	HBM Bandwidth Usage Rate(%)    : 0
	NPU Utilization(%)             : 0
	Aicube Usage Rate(%)           : 0
	Get pid name failed.
	Process id:2090716 Process name:                  Process memory(MB):14710
Error: cannot run top on container fca65b17c7696be0978c024206dce045576ad0d5017576dab9c64493f5b57e1c as it did not create a cgroup: this container does not have a cgroup
timestamp_ns=1785752753498843515
	DDR Capacity(MB)               : 0
	DDR Usage Rate(%)              : 0
	DDR Hugepages Total(page)      : 0
	DDR Hugepages Usage Rate(%)    : 0
	HBM Capacity(MB)               : 65536
	HBM Usage Rate(%)              : 27
	Aicore Usage Rate(%)           : 0
	Aivector Usage Rate(%)         : 0
	Aicpu Usage Rate(%)            : 0
	Ctrlcpu Usage Rate(%)          : 2
	DDR Bandwidth Usage Rate(%)    : 0
	HBM Bandwidth Usage Rate(%)    : 0
	NPU Utilization(%)             : 0
	Aicube Usage Rate(%)           : 0
	Get pid name failed.
	Process id:2090716 Process name:                  Process memory(MB):14710
Error: cannot run top on container fca65b17c7696be0978c024206dce045576ad0d5017576dab9c64493f5b57e1c as it did not create a cgroup: this container does not have a cgroup
timestamp_ns=1785752755666818238
	DDR Capacity(MB)               : 0
	DDR Usage Rate(%)              : 0
	DDR Hugepages Total(page)      : 0
	DDR Hugepages Usage Rate(%)    : 0
	HBM Capacity(MB)               : 65536
	HBM Usage Rate(%)              : 27
	Aicore Usage Rate(%)           : 0
	Aivector Usage Rate(%)         : 0
	Aicpu Usage Rate(%)            : 0
	Ctrlcpu Usage Rate(%)          : 1
	DDR Bandwidth Usage Rate(%)    : 0
	HBM Bandwidth Usage Rate(%)    : 0
	NPU Utilization(%)             : 0
	Aicube Usage Rate(%)           : 0
	Get pid name failed.
	Process id:2090716 Process name:                  Process memory(MB):14710
Error: cannot run top on container fca65b17c7696be0978c024206dce045576ad0d5017576dab9c64493f5b57e1c as it did not create a cgroup: this container does not have a cgroup
timestamp_ns=1785752757814934252
	DDR Capacity(MB)               : 0
	DDR Usage Rate(%)              : 0
	DDR Hugepages Total(page)      : 0
	DDR Hugepages Usage Rate(%)    : 0
	HBM Capacity(MB)               : 65536
	HBM Usage Rate(%)              : 27
	Aicore Usage Rate(%)           : 0
	Aivector Usage Rate(%)         : 0
	Aicpu Usage Rate(%)            : 0
	Ctrlcpu Usage Rate(%)          : 4
	DDR Bandwidth Usage Rate(%)    : 0
	HBM Bandwidth Usage Rate(%)    : 0
	NPU Utilization(%)             : 0
	Aicube Usage Rate(%)           : 0
	Get pid name failed.
	Process id:2090716 Process name:                  Process memory(MB):14710
Error: cannot run top on container fca65b17c7696be0978c024206dce045576ad0d5017576dab9c64493f5b57e1c as it did not create a cgroup: this container does not have a cgroup
timestamp_ns=1785752759959356772
	DDR Capacity(MB)               : 0
	DDR Usage Rate(%)              : 0
	DDR Hugepages Total(page)      : 0
	DDR Hugepages Usage Rate(%)    : 0
	HBM Capacity(MB)               : 65536
	HBM Usage Rate(%)              : 27
	Aicore Usage Rate(%)           : 0
	Aivector Usage Rate(%)         : 0
	Aicpu Usage Rate(%)            : 0
	Ctrlcpu Usage Rate(%)          : 2
	DDR Bandwidth Usage Rate(%)    : 0
	HBM Bandwidth Usage Rate(%)    : 0
	NPU Utilization(%)             : 0
	Aicube Usage Rate(%)           : 0
	Get pid name failed.
	Process id:2090716 Process name:                  Process memory(MB):14710
Error: cannot run top on container fca65b17c7696be0978c024206dce045576ad0d5017576dab9c64493f5b57e1c as it did not create a cgroup: this container does not have a cgroup
timestamp_ns=1785752762092971318
	DDR Capacity(MB)               : 0
	DDR Usage Rate(%)              : 0
	DDR Hugepages Total(page)      : 0
	DDR Hugepages Usage Rate(%)    : 0
	HBM Capacity(MB)               : 65536
	HBM Usage Rate(%)              : 27
	Aicore Usage Rate(%)           : 0
	Aivector Usage Rate(%)         : 0
	Aicpu Usage Rate(%)            : 0
	Ctrlcpu Usage Rate(%)          : 6
	DDR Bandwidth Usage Rate(%)    : 0
	HBM Bandwidth Usage Rate(%)    : 0
	NPU Utilization(%)             : 0
	Aicube Usage Rate(%)           : 0
	Get pid name failed.
	Process id:2090716 Process name:                  Process memory(MB):14710
Error: cannot run top on container fca65b17c7696be0978c024206dce045576ad0d5017576dab9c64493f5b57e1c as it did not create a cgroup: this container does not have a cgroup
timestamp_ns=1785752764231834774
	DDR Capacity(MB)               : 0
	DDR Usage Rate(%)              : 0
	DDR Hugepages Total(page)      : 0
	DDR Hugepages Usage Rate(%)    : 0
	HBM Capacity(MB)               : 65536
	HBM Usage Rate(%)              : 27
	Aicore Usage Rate(%)           : 0
	Aivector Usage Rate(%)         : 0
	Aicpu Usage Rate(%)            : 0
	Ctrlcpu Usage Rate(%)          : 4
	DDR Bandwidth Usage Rate(%)    : 0
	HBM Bandwidth Usage Rate(%)    : 0
	NPU Utilization(%)             : 0
	Aicube Usage Rate(%)           : 0
	Get pid name failed.
	Process id:2090716 Process name:                  Process memory(MB):14710
Error: cannot run top on container fca65b17c7696be0978c024206dce045576ad0d5017576dab9c64493f5b57e1c as it did not create a cgroup: this container does not have a cgroup
timestamp_ns=1785752766377804484
	DDR Capacity(MB)               : 0
	DDR Usage Rate(%)              : 0
	DDR Hugepages Total(page)      : 0
	DDR Hugepages Usage Rate(%)    : 0
	HBM Capacity(MB)               : 65536
	HBM Usage Rate(%)              : 27
	Aicore Usage Rate(%)           : 0
	Aivector Usage Rate(%)         : 0
	Aicpu Usage Rate(%)            : 0
	Ctrlcpu Usage Rate(%)          : 6
	DDR Bandwidth Usage Rate(%)    : 0
	HBM Bandwidth Usage Rate(%)    : 0
	NPU Utilization(%)             : 0
	Aicube Usage Rate(%)           : 0
	Get pid name failed.
	Process id:2090716 Process name:                  Process memory(MB):14710
Error: cannot run top on container fca65b17c7696be0978c024206dce045576ad0d5017576dab9c64493f5b57e1c as it did not create a cgroup: this container does not have a cgroup
timestamp_ns=1785752768516522221
	DDR Capacity(MB)               : 0
	DDR Usage Rate(%)              : 0
	DDR Hugepages Total(page)      : 0
	DDR Hugepages Usage Rate(%)    : 0
	HBM Capacity(MB)               : 65536
	HBM Usage Rate(%)              : 27
	Aicore Usage Rate(%)           : 0
	Aivector Usage Rate(%)         : 0
	Aicpu Usage Rate(%)            : 0
	Ctrlcpu Usage Rate(%)          : 1
	DDR Bandwidth Usage Rate(%)    : 0
	HBM Bandwidth Usage Rate(%)    : 0
	NPU Utilization(%)             : 0
	Aicube Usage Rate(%)           : 0
	Get pid name failed.
	Process id:2090716 Process name:                  Process memory(MB):14710
Error: cannot run top on container fca65b17c7696be0978c024206dce045576ad0d5017576dab9c64493f5b57e1c as it did not create a cgroup: this container does not have a cgroup
timestamp_ns=1785752770648120976
	DDR Capacity(MB)               : 0
	DDR Usage Rate(%)              : 0
	DDR Hugepages Total(page)      : 0
	DDR Hugepages Usage Rate(%)    : 0
	HBM Capacity(MB)               : 65536
	HBM Usage Rate(%)              : 27
	Aicore Usage Rate(%)           : 0
	Aivector Usage Rate(%)         : 0
	Aicpu Usage Rate(%)            : 0
	Ctrlcpu Usage Rate(%)          : 1
	DDR Bandwidth Usage Rate(%)    : 0
	HBM Bandwidth Usage Rate(%)    : 0
	NPU Utilization(%)             : 0
	Aicube Usage Rate(%)           : 0
	Get pid name failed.
	Process id:2090716 Process name:                  Process memory(MB):14714
Error: cannot run top on container fca65b17c7696be0978c024206dce045576ad0d5017576dab9c64493f5b57e1c as it did not create a cgroup: this container does not have a cgroup
timestamp_ns=1785752772808400726
	DDR Capacity(MB)               : 0
	DDR Usage Rate(%)              : 0
	DDR Hugepages Total(page)      : 0
	DDR Hugepages Usage Rate(%)    : 0
	HBM Capacity(MB)               : 65536
	HBM Usage Rate(%)              : 27
	Aicore Usage Rate(%)           : 0
	Aivector Usage Rate(%)         : 0
	Aicpu Usage Rate(%)            : 0
	Ctrlcpu Usage Rate(%)          : 7
	DDR Bandwidth Usage Rate(%)    : 0
	HBM Bandwidth Usage Rate(%)    : 0
	NPU Utilization(%)             : 0
	Aicube Usage Rate(%)           : 0
	Get pid name failed.
	Process id:2090716 Process name:                  Process memory(MB):14714
Error: cannot run top on container fca65b17c7696be0978c024206dce045576ad0d5017576dab9c64493f5b57e1c as it did not create a cgroup: this container does not have a cgroup
timestamp_ns=1785752774951252514
	DDR Capacity(MB)               : 0
	DDR Usage Rate(%)              : 0
	DDR Hugepages Total(page)      : 0
	DDR Hugepages Usage Rate(%)    : 0
	HBM Capacity(MB)               : 65536
	HBM Usage Rate(%)              : 27
	Aicore Usage Rate(%)           : 0
	Aivector Usage Rate(%)         : 0
	Aicpu Usage Rate(%)            : 0
	Ctrlcpu Usage Rate(%)          : 2
	DDR Bandwidth Usage Rate(%)    : 0
	HBM Bandwidth Usage Rate(%)    : 0
	NPU Utilization(%)             : 0
	Aicube Usage Rate(%)           : 0
	Get pid name failed.
	Process id:2090716 Process name:                  Process memory(MB):14714
Error: cannot run top on container fca65b17c7696be0978c024206dce045576ad0d5017576dab9c64493f5b57e1c as it did not create a cgroup: this container does not have a cgroup
timestamp_ns=1785752777079626268
	DDR Capacity(MB)               : 0
	DDR Usage Rate(%)              : 0
	DDR Hugepages Total(page)      : 0
	DDR Hugepages Usage Rate(%)    : 0
	HBM Capacity(MB)               : 65536
	HBM Usage Rate(%)              : 27
	Aicore Usage Rate(%)           : 0
	Aivector Usage Rate(%)         : 0
	Aicpu Usage Rate(%)            : 0
	Ctrlcpu Usage Rate(%)          : 4
	DDR Bandwidth Usage Rate(%)    : 0
	HBM Bandwidth Usage Rate(%)    : 0
	NPU Utilization(%)             : 0
	Aicube Usage Rate(%)           : 0
	Get pid name failed.
	Process id:2090716 Process name:                  Process memory(MB):14714
Error: cannot run top on container fca65b17c7696be0978c024206dce045576ad0d5017576dab9c64493f5b57e1c as it did not create a cgroup: this container does not have a cgroup
timestamp_ns=1785752779212831663
	DDR Capacity(MB)               : 0
	DDR Usage Rate(%)              : 0
	DDR Hugepages Total(page)      : 0
	DDR Hugepages Usage Rate(%)    : 0
	HBM Capacity(MB)               : 65536
	HBM Usage Rate(%)              : 27
	Aicore Usage Rate(%)           : 0
	Aivector Usage Rate(%)         : 0
	Aicpu Usage Rate(%)            : 0
	Ctrlcpu Usage Rate(%)          : 3
	DDR Bandwidth Usage Rate(%)    : 0
	HBM Bandwidth Usage Rate(%)    : 0
	NPU Utilization(%)             : 0
	Aicube Usage Rate(%)           : 0
	Get pid name failed.
	Process id:2090716 Process name:                  Process memory(MB):14714
Error: cannot run top on container fca65b17c7696be0978c024206dce045576ad0d5017576dab9c64493f5b57e1c as it did not create a cgroup: this container does not have a cgroup
timestamp_ns=1785752781362299491
	DDR Capacity(MB)               : 0
	DDR Usage Rate(%)              : 0
	DDR Hugepages Total(page)      : 0
	DDR Hugepages Usage Rate(%)    : 0
	HBM Capacity(MB)               : 65536
	HBM Usage Rate(%)              : 27
	Aicore Usage Rate(%)           : 0
	Aivector Usage Rate(%)         : 0
	Aicpu Usage Rate(%)            : 0
	Ctrlcpu Usage Rate(%)          : 1
	DDR Bandwidth Usage Rate(%)    : 0
	HBM Bandwidth Usage Rate(%)    : 0
	NPU Utilization(%)             : 0
	Aicube Usage Rate(%)           : 0
	Get pid name failed.
	Process id:2090716 Process name:                  Process memory(MB):14714
Error: cannot run top on container fca65b17c7696be0978c024206dce045576ad0d5017576dab9c64493f5b57e1c as it did not create a cgroup: this container does not have a cgroup
timestamp_ns=1785752783533680421
	DDR Capacity(MB)               : 0
	DDR Usage Rate(%)              : 0
	DDR Hugepages Total(page)      : 0
	DDR Hugepages Usage Rate(%)    : 0
	HBM Capacity(MB)               : 65536
	HBM Usage Rate(%)              : 27
	Aicore Usage Rate(%)           : 0
	Aivector Usage Rate(%)         : 0
	Aicpu Usage Rate(%)            : 0
	Ctrlcpu Usage Rate(%)          : 0
	DDR Bandwidth Usage Rate(%)    : 0
	HBM Bandwidth Usage Rate(%)    : 0
	NPU Utilization(%)             : 0
	Aicube Usage Rate(%)           : 0
	Get pid name failed.
	Process id:2090716 Process name:                  Process memory(MB):14714
Error: cannot run top on container fca65b17c7696be0978c024206dce045576ad0d5017576dab9c64493f5b57e1c as it did not create a cgroup: this container does not have a cgroup
timestamp_ns=1785752785819410806
	DDR Capacity(MB)               : 0
	DDR Usage Rate(%)              : 0
	DDR Hugepages Total(page)      : 0
	DDR Hugepages Usage Rate(%)    : 0
	HBM Capacity(MB)               : 65536
	HBM Usage Rate(%)              : 27
	Aicore Usage Rate(%)           : 0
	Aivector Usage Rate(%)         : 0
	Aicpu Usage Rate(%)            : 0
	Ctrlcpu Usage Rate(%)          : 1
	DDR Bandwidth Usage Rate(%)    : 0
	HBM Bandwidth Usage Rate(%)    : 0
	NPU Utilization(%)             : 0
	Aicube Usage Rate(%)           : 0
	Get pid name failed.
	Process id:2090716 Process name:                  Process memory(MB):14714
Error: cannot run top on container fca65b17c7696be0978c024206dce045576ad0d5017576dab9c64493f5b57e1c as it did not create a cgroup: this container does not have a cgroup
timestamp_ns=1785752788003183660
	DDR Capacity(MB)               : 0
	DDR Usage Rate(%)              : 0
	DDR Hugepages Total(page)      : 0
	DDR Hugepages Usage Rate(%)    : 0
	HBM Capacity(MB)               : 65536
	HBM Usage Rate(%)              : 28
	Aicore Usage Rate(%)           : 0
	Aivector Usage Rate(%)         : 0
	Aicpu Usage Rate(%)            : 0
	Ctrlcpu Usage Rate(%)          : 6
	DDR Bandwidth Usage Rate(%)    : 0
	HBM Bandwidth Usage Rate(%)    : 0
	NPU Utilization(%)             : 0
	Aicube Usage Rate(%)           : 0
	Get pid name failed.
	Process id:2090716 Process name:                  Process memory(MB):15046
Error: cannot run top on container fca65b17c7696be0978c024206dce045576ad0d5017576dab9c64493f5b57e1c as it did not create a cgroup: this container does not have a cgroup
timestamp_ns=1785752790168488653
	DDR Capacity(MB)               : 0
	DDR Usage Rate(%)              : 0
	DDR Hugepages Total(page)      : 0
	DDR Hugepages Usage Rate(%)    : 0
	HBM Capacity(MB)               : 65536
	HBM Usage Rate(%)              : 28
	Aicore Usage Rate(%)           : 0
	Aivector Usage Rate(%)         : 0
	Aicpu Usage Rate(%)            : 0
	Ctrlcpu Usage Rate(%)          : 5
	DDR Bandwidth Usage Rate(%)    : 0
	HBM Bandwidth Usage Rate(%)    : 0
	NPU Utilization(%)             : 3
	Aicube Usage Rate(%)           : 0
	Get pid name failed.
	Process id:2090716 Process name:                  Process memory(MB):15114
Error: cannot run top on container fca65b17c7696be0978c024206dce045576ad0d5017576dab9c64493f5b57e1c as it did not create a cgroup: this container does not have a cgroup
timestamp_ns=1785752792340473853
	DDR Capacity(MB)               : 0
	DDR Usage Rate(%)              : 0
	DDR Hugepages Total(page)      : 0
	DDR Hugepages Usage Rate(%)    : 0
	HBM Capacity(MB)               : 65536
	HBM Usage Rate(%)              : 28
	Aicore Usage Rate(%)           : 0
	Aivector Usage Rate(%)         : 0
	Aicpu Usage Rate(%)            : 0
	Ctrlcpu Usage Rate(%)          : 3
	DDR Bandwidth Usage Rate(%)    : 0
	HBM Bandwidth Usage Rate(%)    : 0
	NPU Utilization(%)             : 0
	Aicube Usage Rate(%)           : 0
	Get pid name failed.
	Process id:2090716 Process name:                  Process memory(MB):15630
Error: cannot run top on container fca65b17c7696be0978c024206dce045576ad0d5017576dab9c64493f5b57e1c as it did not create a cgroup: this container does not have a cgroup
timestamp_ns=1785752794520160009
	DDR Capacity(MB)               : 0
	DDR Usage Rate(%)              : 0
	DDR Hugepages Total(page)      : 0
	DDR Hugepages Usage Rate(%)    : 0
	HBM Capacity(MB)               : 65536
	HBM Usage Rate(%)              : 28
	Aicore Usage Rate(%)           : 0
	Aivector Usage Rate(%)         : 0
	Aicpu Usage Rate(%)            : 0
	Ctrlcpu Usage Rate(%)          : 3
	DDR Bandwidth Usage Rate(%)    : 0
	HBM Bandwidth Usage Rate(%)    : 0
	NPU Utilization(%)             : 0
	Aicube Usage Rate(%)           : 0
	Get pid name failed.
	Process id:2090716 Process name:                  Process memory(MB):15630
Error: cannot run top on container fca65b17c7696be0978c024206dce045576ad0d5017576dab9c64493f5b57e1c as it did not create a cgroup: this container does not have a cgroup
timestamp_ns=1785752796691369758
	DDR Capacity(MB)               : 0
	DDR Usage Rate(%)              : 0
	DDR Hugepages Total(page)      : 0
	DDR Hugepages Usage Rate(%)    : 0
	HBM Capacity(MB)               : 65536
	HBM Usage Rate(%)              : 28
	Aicore Usage Rate(%)           : 0
	Aivector Usage Rate(%)         : 0
	Aicpu Usage Rate(%)            : 0
	Ctrlcpu Usage Rate(%)          : 2
	DDR Bandwidth Usage Rate(%)    : 0
	HBM Bandwidth Usage Rate(%)    : 0
	NPU Utilization(%)             : 0
	Aicube Usage Rate(%)           : 0
	Get pid name failed.
	Process id:2090716 Process name:                  Process memory(MB):15630
Error: cannot run top on container fca65b17c7696be0978c024206dce045576ad0d5017576dab9c64493f5b57e1c as it did not create a cgroup: this container does not have a cgroup
timestamp_ns=1785752798884390827
	DDR Capacity(MB)               : 0
	DDR Usage Rate(%)              : 0
	DDR Hugepages Total(page)      : 0
	DDR Hugepages Usage Rate(%)    : 0
	HBM Capacity(MB)               : 65536
	HBM Usage Rate(%)              : 28
	Aicore Usage Rate(%)           : 0
	Aivector Usage Rate(%)         : 0
	Aicpu Usage Rate(%)            : 0
	Ctrlcpu Usage Rate(%)          : 3
	DDR Bandwidth Usage Rate(%)    : 0
	HBM Bandwidth Usage Rate(%)    : 0
	NPU Utilization(%)             : 0
	Aicube Usage Rate(%)           : 0
	Get pid name failed.
	Process id:2090716 Process name:                  Process memory(MB):15630
Error: cannot run top on container fca65b17c7696be0978c024206dce045576ad0d5017576dab9c64493f5b57e1c as it did not create a cgroup: this container does not have a cgroup
timestamp_ns=1785752801057806213
	DDR Capacity(MB)               : 0
	DDR Usage Rate(%)              : 0
	DDR Hugepages Total(page)      : 0
	DDR Hugepages Usage Rate(%)    : 0
	HBM Capacity(MB)               : 65536
	HBM Usage Rate(%)              : 28
	Aicore Usage Rate(%)           : 0
	Aivector Usage Rate(%)         : 0
	Aicpu Usage Rate(%)            : 0
	Ctrlcpu Usage Rate(%)          : 3
	DDR Bandwidth Usage Rate(%)    : 0
	HBM Bandwidth Usage Rate(%)    : 0
	NPU Utilization(%)             : 0
	Aicube Usage Rate(%)           : 0
	Get pid name failed.
	Process id:2090716 Process name:                  Process memory(MB):15630
Error: cannot run top on container fca65b17c7696be0978c024206dce045576ad0d5017576dab9c64493f5b57e1c as it did not create a cgroup: this container does not have a cgroup
timestamp_ns=1785752803259551686
	DDR Capacity(MB)               : 0
	DDR Usage Rate(%)              : 0
	DDR Hugepages Total(page)      : 0
	DDR Hugepages Usage Rate(%)    : 0
	HBM Capacity(MB)               : 65536
	HBM Usage Rate(%)              : 28
	Aicore Usage Rate(%)           : 0
	Aivector Usage Rate(%)         : 0
	Aicpu Usage Rate(%)            : 0
	Ctrlcpu Usage Rate(%)          : 4
	DDR Bandwidth Usage Rate(%)    : 0
	HBM Bandwidth Usage Rate(%)    : 0
	NPU Utilization(%)             : 0
	Aicube Usage Rate(%)           : 0
	Get pid name failed.
	Process id:2090716 Process name:                  Process memory(MB):15630
Error: cannot run top on container fca65b17c7696be0978c024206dce045576ad0d5017576dab9c64493f5b57e1c as it did not create a cgroup: this container does not have a cgroup
timestamp_ns=1785752805435713239
	DDR Capacity(MB)               : 0
	DDR Usage Rate(%)              : 0
	DDR Hugepages Total(page)      : 0
	DDR Hugepages Usage Rate(%)    : 0
	HBM Capacity(MB)               : 65536
	HBM Usage Rate(%)              : 28
	Aicore Usage Rate(%)           : 0
	Aivector Usage Rate(%)         : 0
	Aicpu Usage Rate(%)            : 0
	Ctrlcpu Usage Rate(%)          : 3
	DDR Bandwidth Usage Rate(%)    : 0
	HBM Bandwidth Usage Rate(%)    : 0
	NPU Utilization(%)             : 0
	Aicube Usage Rate(%)           : 0
	Get pid name failed.
	Process id:2090716 Process name:                  Process memory(MB):15630
Error: cannot run top on container fca65b17c7696be0978c024206dce045576ad0d5017576dab9c64493f5b57e1c as it did not create a cgroup: this container does not have a cgroup
timestamp_ns=1785752807669224131
	DDR Capacity(MB)               : 0
	DDR Usage Rate(%)              : 0
	DDR Hugepages Total(page)      : 0
	DDR Hugepages Usage Rate(%)    : 0
	HBM Capacity(MB)               : 65536
	HBM Usage Rate(%)              : 28
	Aicore Usage Rate(%)           : 0
	Aivector Usage Rate(%)         : 0
	Aicpu Usage Rate(%)            : 0
	Ctrlcpu Usage Rate(%)          : 9
	DDR Bandwidth Usage Rate(%)    : 0
	HBM Bandwidth Usage Rate(%)    : 0
	NPU Utilization(%)             : 0
	Aicube Usage Rate(%)           : 0
	Get pid name failed.
	Process id:2090716 Process name:                  Process memory(MB):15630
Error: cannot run top on container fca65b17c7696be0978c024206dce045576ad0d5017576dab9c64493f5b57e1c as it did not create a cgroup: this container does not have a cgroup
timestamp_ns=1785752809967598738
	DDR Capacity(MB)               : 0
	DDR Usage Rate(%)              : 0
	DDR Hugepages Total(page)      : 0
	DDR Hugepages Usage Rate(%)    : 0
	HBM Capacity(MB)               : 65536
	HBM Usage Rate(%)              : 28
	Aicore Usage Rate(%)           : 0
	Aivector Usage Rate(%)         : 0
	Aicpu Usage Rate(%)            : 0
	Ctrlcpu Usage Rate(%)          : 2
	DDR Bandwidth Usage Rate(%)    : 0
	HBM Bandwidth Usage Rate(%)    : 0
	NPU Utilization(%)             : 0
	Aicube Usage Rate(%)           : 0
	Get pid name failed.
	Process id:2090716 Process name:                  Process memory(MB):15630
Error: cannot run top on container fca65b17c7696be0978c024206dce045576ad0d5017576dab9c64493f5b57e1c as it did not create a cgroup: this container does not have a cgroup
timestamp_ns=1785752812171372968
	DDR Capacity(MB)               : 0
	DDR Usage Rate(%)              : 0
	DDR Hugepages Total(page)      : 0
	DDR Hugepages Usage Rate(%)    : 0
	HBM Capacity(MB)               : 65536
	HBM Usage Rate(%)              : 28
	Aicore Usage Rate(%)           : 0
	Aivector Usage Rate(%)         : 0
	Aicpu Usage Rate(%)            : 0
	Ctrlcpu Usage Rate(%)          : 6
	DDR Bandwidth Usage Rate(%)    : 0
	HBM Bandwidth Usage Rate(%)    : 0
	NPU Utilization(%)             : 0
	Aicube Usage Rate(%)           : 0
	Get pid name failed.
	Process id:2090716 Process name:                  Process memory(MB):15630
Error: cannot run top on container fca65b17c7696be0978c024206dce045576ad0d5017576dab9c64493f5b57e1c as it did not create a cgroup: this container does not have a cgroup
timestamp_ns=1785752814371454784
	DDR Capacity(MB)               : 0
	DDR Usage Rate(%)              : 0
	DDR Hugepages Total(page)      : 0
	DDR Hugepages Usage Rate(%)    : 0
	HBM Capacity(MB)               : 65536
	HBM Usage Rate(%)              : 28
	Aicore Usage Rate(%)           : 0
	Aivector Usage Rate(%)         : 0
	Aicpu Usage Rate(%)            : 0
	Ctrlcpu Usage Rate(%)          : 3
	DDR Bandwidth Usage Rate(%)    : 0
	HBM Bandwidth Usage Rate(%)    : 0
	NPU Utilization(%)             : 0
	Aicube Usage Rate(%)           : 0
	Get pid name failed.
	Process id:2090716 Process name:                  Process memory(MB):15630
Error: cannot run top on container fca65b17c7696be0978c024206dce045576ad0d5017576dab9c64493f5b57e1c as it did not create a cgroup: this container does not have a cgroup
timestamp_ns=1785752816509089396
	DDR Capacity(MB)               : 0
	DDR Usage Rate(%)              : 0
	DDR Hugepages Total(page)      : 0
	DDR Hugepages Usage Rate(%)    : 0
	HBM Capacity(MB)               : 65536
	HBM Usage Rate(%)              : 28
	Aicore Usage Rate(%)           : 0
	Aivector Usage Rate(%)         : 0
	Aicpu Usage Rate(%)            : 0
	Ctrlcpu Usage Rate(%)          : 3
	DDR Bandwidth Usage Rate(%)    : 0
	HBM Bandwidth Usage Rate(%)    : 0
	NPU Utilization(%)             : 0
	Aicube Usage Rate(%)           : 0
	Get pid name failed.
	Process id:2090716 Process name:                  Process memory(MB):15630
Error: cannot run top on container fca65b17c7696be0978c024206dce045576ad0d5017576dab9c64493f5b57e1c as it did not create a cgroup: this container does not have a cgroup
timestamp_ns=1785752818638741221
	DDR Capacity(MB)               : 0
	DDR Usage Rate(%)              : 0
	DDR Hugepages Total(page)      : 0
	DDR Hugepages Usage Rate(%)    : 0
	HBM Capacity(MB)               : 65536
	HBM Usage Rate(%)              : 28
	Aicore Usage Rate(%)           : 0
	Aivector Usage Rate(%)         : 0
	Aicpu Usage Rate(%)            : 0
	Ctrlcpu Usage Rate(%)          : 4
	DDR Bandwidth Usage Rate(%)    : 0
	HBM Bandwidth Usage Rate(%)    : 0
	NPU Utilization(%)             : 0
	Aicube Usage Rate(%)           : 0
	Get pid name failed.
	Process id:2090716 Process name:                  Process memory(MB):15630
Error: cannot run top on container fca65b17c7696be0978c024206dce045576ad0d5017576dab9c64493f5b57e1c as it did not create a cgroup: this container does not have a cgroup
timestamp_ns=1785752820799661469
	DDR Capacity(MB)               : 0
	DDR Usage Rate(%)              : 0
	DDR Hugepages Total(page)      : 0
	DDR Hugepages Usage Rate(%)    : 0
	HBM Capacity(MB)               : 65536
	HBM Usage Rate(%)              : 28
	Aicore Usage Rate(%)           : 0
	Aivector Usage Rate(%)         : 0
	Aicpu Usage Rate(%)            : 0
	Ctrlcpu Usage Rate(%)          : 3
	DDR Bandwidth Usage Rate(%)    : 0
	HBM Bandwidth Usage Rate(%)    : 0
	NPU Utilization(%)             : 0
	Aicube Usage Rate(%)           : 0
	Get pid name failed.
	Process id:2090716 Process name:                  Process memory(MB):15630
Error: cannot run top on container fca65b17c7696be0978c024206dce045576ad0d5017576dab9c64493f5b57e1c as it did not create a cgroup: this container does not have a cgroup
timestamp_ns=1785752822931129364
	DDR Capacity(MB)               : 0
	DDR Usage Rate(%)              : 0
	DDR Hugepages Total(page)      : 0
	DDR Hugepages Usage Rate(%)    : 0
	HBM Capacity(MB)               : 65536
	HBM Usage Rate(%)              : 29
	Aicore Usage Rate(%)           : 81
	Aivector Usage Rate(%)         : 5
	Aicpu Usage Rate(%)            : 0
	Ctrlcpu Usage Rate(%)          : 1
	DDR Bandwidth Usage Rate(%)    : 0
	HBM Bandwidth Usage Rate(%)    : 52
	NPU Utilization(%)             : 86
	Aicube Usage Rate(%)           : 74
	Get pid name failed.
	Process id:2090716 Process name:                  Process memory(MB):15960
Error: cannot run top on container fca65b17c7696be0978c024206dce045576ad0d5017576dab9c64493f5b57e1c as it did not create a cgroup: this container does not have a cgroup
timestamp_ns=1785752825075638239
	DDR Capacity(MB)               : 0
	DDR Usage Rate(%)              : 0
	DDR Hugepages Total(page)      : 0
	DDR Hugepages Usage Rate(%)    : 0
	HBM Capacity(MB)               : 65536
	HBM Usage Rate(%)              : 29
	Aicore Usage Rate(%)           : 77
	Aivector Usage Rate(%)         : 5
	Aicpu Usage Rate(%)            : 0
	Ctrlcpu Usage Rate(%)          : 4
	DDR Bandwidth Usage Rate(%)    : 0
	HBM Bandwidth Usage Rate(%)    : 51
	NPU Utilization(%)             : 93
	Aicube Usage Rate(%)           : 71
	Get pid name failed.
	Process id:2090716 Process name:                  Process memory(MB):15960
Error: cannot run top on container fca65b17c7696be0978c024206dce045576ad0d5017576dab9c64493f5b57e1c as it did not create a cgroup: this container does not have a cgroup
timestamp_ns=1785752827242523024
	DDR Capacity(MB)               : 0
	DDR Usage Rate(%)              : 0
	DDR Hugepages Total(page)      : 0
	DDR Hugepages Usage Rate(%)    : 0
	HBM Capacity(MB)               : 65536
	HBM Usage Rate(%)              : 29
	Aicore Usage Rate(%)           : 80
	Aivector Usage Rate(%)         : 5
	Aicpu Usage Rate(%)            : 0
	Ctrlcpu Usage Rate(%)          : 3
	DDR Bandwidth Usage Rate(%)    : 0
	HBM Bandwidth Usage Rate(%)    : 23
	NPU Utilization(%)             : 96
	Aicube Usage Rate(%)           : 73
	Get pid name failed.
	Process id:2090716 Process name:                  Process memory(MB):15960
Error: cannot run top on container fca65b17c7696be0978c024206dce045576ad0d5017576dab9c64493f5b57e1c as it did not create a cgroup: this container does not have a cgroup
timestamp_ns=1785752829374533632
	DDR Capacity(MB)               : 0
	DDR Usage Rate(%)              : 0
	DDR Hugepages Total(page)      : 0
	DDR Hugepages Usage Rate(%)    : 0
	HBM Capacity(MB)               : 65536
	HBM Usage Rate(%)              : 29
	Aicore Usage Rate(%)           : 79
	Aivector Usage Rate(%)         : 5
	Aicpu Usage Rate(%)            : 0
	Ctrlcpu Usage Rate(%)          : 4
	DDR Bandwidth Usage Rate(%)    : 0
	HBM Bandwidth Usage Rate(%)    : 54
	NPU Utilization(%)             : 86
	Aicube Usage Rate(%)           : 73
	Get pid name failed.
	Process id:2090716 Process name:                  Process memory(MB):15960
Error: cannot run top on container fca65b17c7696be0978c024206dce045576ad0d5017576dab9c64493f5b57e1c as it did not create a cgroup: this container does not have a cgroup
timestamp_ns=1785752831529339288
	DDR Capacity(MB)               : 0
	DDR Usage Rate(%)              : 0
	DDR Hugepages Total(page)      : 0
	DDR Hugepages Usage Rate(%)    : 0
	HBM Capacity(MB)               : 65536
	HBM Usage Rate(%)              : 29
	Aicore Usage Rate(%)           : 78
	Aivector Usage Rate(%)         : 5
	Aicpu Usage Rate(%)            : 0
	Ctrlcpu Usage Rate(%)          : 2
	DDR Bandwidth Usage Rate(%)    : 0
	HBM Bandwidth Usage Rate(%)    : 51
	NPU Utilization(%)             : 86
	Aicube Usage Rate(%)           : 72
	Get pid name failed.
	Process id:2090716 Process name:                  Process memory(MB):15960
Error: cannot run top on container fca65b17c7696be0978c024206dce045576ad0d5017576dab9c64493f5b57e1c as it did not create a cgroup: this container does not have a cgroup
timestamp_ns=1785752833676285709
	DDR Capacity(MB)               : 0
	DDR Usage Rate(%)              : 0
	DDR Hugepages Total(page)      : 0
	DDR Hugepages Usage Rate(%)    : 0
	HBM Capacity(MB)               : 65536
	HBM Usage Rate(%)              : 29
	Aicore Usage Rate(%)           : 79
	Aivector Usage Rate(%)         : 5
	Aicpu Usage Rate(%)            : 0
	Ctrlcpu Usage Rate(%)          : 8
	DDR Bandwidth Usage Rate(%)    : 0
	HBM Bandwidth Usage Rate(%)    : 52
	NPU Utilization(%)             : 89
	Aicube Usage Rate(%)           : 73
	Get pid name failed.
	Process id:2090716 Process name:                  Process memory(MB):15960
Error: cannot run top on container fca65b17c7696be0978c024206dce045576ad0d5017576dab9c64493f5b57e1c as it did not create a cgroup: this container does not have a cgroup
timestamp_ns=1785752835807391271
	DDR Capacity(MB)               : 0
	DDR Usage Rate(%)              : 0
	DDR Hugepages Total(page)      : 0
	DDR Hugepages Usage Rate(%)    : 0
	HBM Capacity(MB)               : 65536
	HBM Usage Rate(%)              : 29
	Aicore Usage Rate(%)           : 76
	Aivector Usage Rate(%)         : 5
	Aicpu Usage Rate(%)            : 0
	Ctrlcpu Usage Rate(%)          : 2
	DDR Bandwidth Usage Rate(%)    : 0
	HBM Bandwidth Usage Rate(%)    : 53
	NPU Utilization(%)             : 96
	Aicube Usage Rate(%)           : 70
	Get pid name failed.
	Process id:2090716 Process name:                  Process memory(MB):15960
Error: cannot run top on container fca65b17c7696be0978c024206dce045576ad0d5017576dab9c64493f5b57e1c as it did not create a cgroup: this container does not have a cgroup
timestamp_ns=1785752837939799346
	DDR Capacity(MB)               : 0
	DDR Usage Rate(%)              : 0
	DDR Hugepages Total(page)      : 0
	DDR Hugepages Usage Rate(%)    : 0
	HBM Capacity(MB)               : 65536
	HBM Usage Rate(%)              : 29
	Aicore Usage Rate(%)           : 77
	Aivector Usage Rate(%)         : 5
	Aicpu Usage Rate(%)            : 0
	Ctrlcpu Usage Rate(%)          : 1
	DDR Bandwidth Usage Rate(%)    : 0
	HBM Bandwidth Usage Rate(%)    : 53
	NPU Utilization(%)             : 89
	Aicube Usage Rate(%)           : 71
	Get pid name failed.
	Process id:2090716 Process name:                  Process memory(MB):15960
Error: cannot run top on container fca65b17c7696be0978c024206dce045576ad0d5017576dab9c64493f5b57e1c as it did not create a cgroup: this container does not have a cgroup
timestamp_ns=1785752840070852282
	DDR Capacity(MB)               : 0
	DDR Usage Rate(%)              : 0
	DDR Hugepages Total(page)      : 0
	DDR Hugepages Usage Rate(%)    : 0
	HBM Capacity(MB)               : 65536
	HBM Usage Rate(%)              : 29
	Aicore Usage Rate(%)           : 76
	Aivector Usage Rate(%)         : 4
	Aicpu Usage Rate(%)            : 0
	Ctrlcpu Usage Rate(%)          : 4
	DDR Bandwidth Usage Rate(%)    : 0
	HBM Bandwidth Usage Rate(%)    : 54
	NPU Utilization(%)             : 89
	Aicube Usage Rate(%)           : 70
	Get pid name failed.
	Process id:2090716 Process name:                  Process memory(MB):15960
Error: cannot run top on container fca65b17c7696be0978c024206dce045576ad0d5017576dab9c64493f5b57e1c as it did not create a cgroup: this container does not have a cgroup
timestamp_ns=1785752842217712731
	DDR Capacity(MB)               : 0
	DDR Usage Rate(%)              : 0
	DDR Hugepages Total(page)      : 0
	DDR Hugepages Usage Rate(%)    : 0
	HBM Capacity(MB)               : 65536
	HBM Usage Rate(%)              : 29
	Aicore Usage Rate(%)           : 77
	Aivector Usage Rate(%)         : 5
	Aicpu Usage Rate(%)            : 0
	Ctrlcpu Usage Rate(%)          : 7
	DDR Bandwidth Usage Rate(%)    : 0
	HBM Bandwidth Usage Rate(%)    : 54
	NPU Utilization(%)             : 86
	Aicube Usage Rate(%)           : 71
	Get pid name failed.
	Process id:2090716 Process name:                  Process memory(MB):15960
Error: cannot run top on container fca65b17c7696be0978c024206dce045576ad0d5017576dab9c64493f5b57e1c as it did not create a cgroup: this container does not have a cgroup
timestamp_ns=1785752844358931519
	DDR Capacity(MB)               : 0
	DDR Usage Rate(%)              : 0
	DDR Hugepages Total(page)      : 0
	DDR Hugepages Usage Rate(%)    : 0
	HBM Capacity(MB)               : 65536
	HBM Usage Rate(%)              : 29
	Aicore Usage Rate(%)           : 78
	Aivector Usage Rate(%)         : 5
	Aicpu Usage Rate(%)            : 0
	Ctrlcpu Usage Rate(%)          : 1
	DDR Bandwidth Usage Rate(%)    : 0
	HBM Bandwidth Usage Rate(%)    : 53
	NPU Utilization(%)             : 93
	Aicube Usage Rate(%)           : 72
	Get pid name failed.
	Process id:2090716 Process name:                  Process memory(MB):15980
Error: cannot run top on container fca65b17c7696be0978c024206dce045576ad0d5017576dab9c64493f5b57e1c as it did not create a cgroup: this container does not have a cgroup
timestamp_ns=1785752846506481716
	DDR Capacity(MB)               : 0
	DDR Usage Rate(%)              : 0
	DDR Hugepages Total(page)      : 0
	DDR Hugepages Usage Rate(%)    : 0
	HBM Capacity(MB)               : 65536
	HBM Usage Rate(%)              : 29
	Aicore Usage Rate(%)           : 75
	Aivector Usage Rate(%)         : 5
	Aicpu Usage Rate(%)            : 0
	Ctrlcpu Usage Rate(%)          : 3
	DDR Bandwidth Usage Rate(%)    : 0
	HBM Bandwidth Usage Rate(%)    : 53
	NPU Utilization(%)             : 93
	Aicube Usage Rate(%)           : 69
	Get pid name failed.
	Process id:2090716 Process name:                  Process memory(MB):15980
Error: cannot run top on container fca65b17c7696be0978c024206dce045576ad0d5017576dab9c64493f5b57e1c as it did not create a cgroup: this container does not have a cgroup
timestamp_ns=1785752848645363461
	DDR Capacity(MB)               : 0
	DDR Usage Rate(%)              : 0
	DDR Hugepages Total(page)      : 0
	DDR Hugepages Usage Rate(%)    : 0
	HBM Capacity(MB)               : 65536
	HBM Usage Rate(%)              : 29
	Aicore Usage Rate(%)           : 73
	Aivector Usage Rate(%)         : 4
	Aicpu Usage Rate(%)            : 0
	Ctrlcpu Usage Rate(%)          : 5
	DDR Bandwidth Usage Rate(%)    : 0
	HBM Bandwidth Usage Rate(%)    : 53
	NPU Utilization(%)             : 100
	Aicube Usage Rate(%)           : 67
	Get pid name failed.
	Process id:2090716 Process name:                  Process memory(MB):15980
Error: cannot run top on container fca65b17c7696be0978c024206dce045576ad0d5017576dab9c64493f5b57e1c as it did not create a cgroup: this container does not have a cgroup
timestamp_ns=1785752850807267152
	DDR Capacity(MB)               : 0
	DDR Usage Rate(%)              : 0
	DDR Hugepages Total(page)      : 0
	DDR Hugepages Usage Rate(%)    : 0
	HBM Capacity(MB)               : 65536
	HBM Usage Rate(%)              : 29
	Aicore Usage Rate(%)           : 77
	Aivector Usage Rate(%)         : 4
	Aicpu Usage Rate(%)            : 0
	Ctrlcpu Usage Rate(%)          : 1
	DDR Bandwidth Usage Rate(%)    : 0
	HBM Bandwidth Usage Rate(%)    : 53
	NPU Utilization(%)             : 89
	Aicube Usage Rate(%)           : 71
	Get pid name failed.
	Process id:2090716 Process name:                  Process memory(MB):15980
Error: cannot run top on container fca65b17c7696be0978c024206dce045576ad0d5017576dab9c64493f5b57e1c as it did not create a cgroup: this container does not have a cgroup
timestamp_ns=1785752852967630358
	DDR Capacity(MB)               : 0
	DDR Usage Rate(%)              : 0
	DDR Hugepages Total(page)      : 0
	DDR Hugepages Usage Rate(%)    : 0
	HBM Capacity(MB)               : 65536
	HBM Usage Rate(%)              : 29
	Aicore Usage Rate(%)           : 71
	Aivector Usage Rate(%)         : 4
	Aicpu Usage Rate(%)            : 0
	Ctrlcpu Usage Rate(%)          : 3
	DDR Bandwidth Usage Rate(%)    : 0
	HBM Bandwidth Usage Rate(%)    : 53
	NPU Utilization(%)             : 93
	Aicube Usage Rate(%)           : 65
	Get pid name failed.
	Process id:2090716 Process name:                  Process memory(MB):15980
Error: cannot run top on container fca65b17c7696be0978c024206dce045576ad0d5017576dab9c64493f5b57e1c as it did not create a cgroup: this container does not have a cgroup
timestamp_ns=1785752855111145135
	DDR Capacity(MB)               : 0
	DDR Usage Rate(%)              : 0
	DDR Hugepages Total(page)      : 0
	DDR Hugepages Usage Rate(%)    : 0
	HBM Capacity(MB)               : 65536
	HBM Usage Rate(%)              : 29
	Aicore Usage Rate(%)           : 77
	Aivector Usage Rate(%)         : 5
	Aicpu Usage Rate(%)            : 0
	Ctrlcpu Usage Rate(%)          : 2
	DDR Bandwidth Usage Rate(%)    : 0
	HBM Bandwidth Usage Rate(%)    : 53
	NPU Utilization(%)             : 82
	Aicube Usage Rate(%)           : 71
	Get pid name failed.
	Process id:2090716 Process name:                  Process memory(MB):16000
Error: cannot run top on container fca65b17c7696be0978c024206dce045576ad0d5017576dab9c64493f5b57e1c as it did not create a cgroup: this container does not have a cgroup
timestamp_ns=1785752857261180962
	DDR Capacity(MB)               : 0
	DDR Usage Rate(%)              : 0
	DDR Hugepages Total(page)      : 0
	DDR Hugepages Usage Rate(%)    : 0
	HBM Capacity(MB)               : 65536
	HBM Usage Rate(%)              : 29
	Aicore Usage Rate(%)           : 75
	Aivector Usage Rate(%)         : 4
	Aicpu Usage Rate(%)            : 0
	Ctrlcpu Usage Rate(%)          : 1
	DDR Bandwidth Usage Rate(%)    : 0
	HBM Bandwidth Usage Rate(%)    : 53
	NPU Utilization(%)             : 86
	Aicube Usage Rate(%)           : 69
	Get pid name failed.
	Process id:2090716 Process name:                  Process memory(MB):16000
Error: cannot run top on container fca65b17c7696be0978c024206dce045576ad0d5017576dab9c64493f5b57e1c as it did not create a cgroup: this container does not have a cgroup
timestamp_ns=1785752859392831637
	DDR Capacity(MB)               : 0
	DDR Usage Rate(%)              : 0
	DDR Hugepages Total(page)      : 0
	DDR Hugepages Usage Rate(%)    : 0
	HBM Capacity(MB)               : 65536
	HBM Usage Rate(%)              : 29
	Aicore Usage Rate(%)           : 77
	Aivector Usage Rate(%)         : 5
	Aicpu Usage Rate(%)            : 0
	Ctrlcpu Usage Rate(%)          : 2
	DDR Bandwidth Usage Rate(%)    : 0
	HBM Bandwidth Usage Rate(%)    : 18
	NPU Utilization(%)             : 93
	Aicube Usage Rate(%)           : 71
	Get pid name failed.
	Process id:2090716 Process name:                  Process memory(MB):16000
Error: cannot run top on container fca65b17c7696be0978c024206dce045576ad0d5017576dab9c64493f5b57e1c as it did not create a cgroup: this container does not have a cgroup
timestamp_ns=1785752861530157343
	DDR Capacity(MB)               : 0
	DDR Usage Rate(%)              : 0
	DDR Hugepages Total(page)      : 0
	DDR Hugepages Usage Rate(%)    : 0
	HBM Capacity(MB)               : 65536
	HBM Usage Rate(%)              : 29
	Aicore Usage Rate(%)           : 81
	Aivector Usage Rate(%)         : 5
	Aicpu Usage Rate(%)            : 0
	Ctrlcpu Usage Rate(%)          : 1
	DDR Bandwidth Usage Rate(%)    : 0
	HBM Bandwidth Usage Rate(%)    : 52
	NPU Utilization(%)             : 81
	Aicube Usage Rate(%)           : 74
	Get pid name failed.
	Process id:2090716 Process name:                  Process memory(MB):16000
Error: cannot run top on container fca65b17c7696be0978c024206dce045576ad0d5017576dab9c64493f5b57e1c as it did not create a cgroup: this container does not have a cgroup
timestamp_ns=1785752863688498182
	DDR Capacity(MB)               : 0
	DDR Usage Rate(%)              : 0
	DDR Hugepages Total(page)      : 0
	DDR Hugepages Usage Rate(%)    : 0
	HBM Capacity(MB)               : 65536
	HBM Usage Rate(%)              : 29
	Aicore Usage Rate(%)           : 76
	Aivector Usage Rate(%)         : 5
	Aicpu Usage Rate(%)            : 0
	Ctrlcpu Usage Rate(%)          : 4
	DDR Bandwidth Usage Rate(%)    : 0
	HBM Bandwidth Usage Rate(%)    : 54
	NPU Utilization(%)             : 86
	Aicube Usage Rate(%)           : 70
	Get pid name failed.
	Process id:2090716 Process name:                  Process memory(MB):16006
Error: cannot run top on container fca65b17c7696be0978c024206dce045576ad0d5017576dab9c64493f5b57e1c as it did not create a cgroup: this container does not have a cgroup
timestamp_ns=1785752865831243244
	DDR Capacity(MB)               : 0
	DDR Usage Rate(%)              : 0
	DDR Hugepages Total(page)      : 0
	DDR Hugepages Usage Rate(%)    : 0
	HBM Capacity(MB)               : 65536
	HBM Usage Rate(%)              : 29
	Aicore Usage Rate(%)           : 77
	Aivector Usage Rate(%)         : 4
	Aicpu Usage Rate(%)            : 0
	Ctrlcpu Usage Rate(%)          : 4
	DDR Bandwidth Usage Rate(%)    : 0
	HBM Bandwidth Usage Rate(%)    : 54
	NPU Utilization(%)             : 96
	Aicube Usage Rate(%)           : 71
	Get pid name failed.
	Process id:2090716 Process name:                  Process memory(MB):16066
Error: cannot run top on container fca65b17c7696be0978c024206dce045576ad0d5017576dab9c64493f5b57e1c as it did not create a cgroup: this container does not have a cgroup
timestamp_ns=1785752867973903945
	DDR Capacity(MB)               : 0
	DDR Usage Rate(%)              : 0
	DDR Hugepages Total(page)      : 0
	DDR Hugepages Usage Rate(%)    : 0
	HBM Capacity(MB)               : 65536
	HBM Usage Rate(%)              : 29
	Aicore Usage Rate(%)           : 81
	Aivector Usage Rate(%)         : 5
	Aicpu Usage Rate(%)            : 0
	Ctrlcpu Usage Rate(%)          : 4
	DDR Bandwidth Usage Rate(%)    : 0
	HBM Bandwidth Usage Rate(%)    : 53
	NPU Utilization(%)             : 89
	Aicube Usage Rate(%)           : 74
	Get pid name failed.
	Process id:2090716 Process name:                  Process memory(MB):16066
Error: cannot run top on container fca65b17c7696be0978c024206dce045576ad0d5017576dab9c64493f5b57e1c as it did not create a cgroup: this container does not have a cgroup
timestamp_ns=1785752870125452540
	DDR Capacity(MB)               : 0
	DDR Usage Rate(%)              : 0
	DDR Hugepages Total(page)      : 0
	DDR Hugepages Usage Rate(%)    : 0
	HBM Capacity(MB)               : 65536
	HBM Usage Rate(%)              : 29
	Aicore Usage Rate(%)           : 77
	Aivector Usage Rate(%)         : 5
	Aicpu Usage Rate(%)            : 0
	Ctrlcpu Usage Rate(%)          : 4
	DDR Bandwidth Usage Rate(%)    : 0
	HBM Bandwidth Usage Rate(%)    : 54
	NPU Utilization(%)             : 86
	Aicube Usage Rate(%)           : 71
	Get pid name failed.
	Process id:2090716 Process name:                  Process memory(MB):16066
Error: cannot run top on container fca65b17c7696be0978c024206dce045576ad0d5017576dab9c64493f5b57e1c as it did not create a cgroup: this container does not have a cgroup
timestamp_ns=1785752872265427650
	DDR Capacity(MB)               : 0
	DDR Usage Rate(%)              : 0
	DDR Hugepages Total(page)      : 0
	DDR Hugepages Usage Rate(%)    : 0
	HBM Capacity(MB)               : 65536
	HBM Usage Rate(%)              : 29
	Aicore Usage Rate(%)           : 75
	Aivector Usage Rate(%)         : 5
	Aicpu Usage Rate(%)            : 0
	Ctrlcpu Usage Rate(%)          : 8
	DDR Bandwidth Usage Rate(%)    : 0
	HBM Bandwidth Usage Rate(%)    : 53
	NPU Utilization(%)             : 86
	Aicube Usage Rate(%)           : 68
	Get pid name failed.
	Process id:2090716 Process name:                  Process memory(MB):16066
Error: cannot run top on container fca65b17c7696be0978c024206dce045576ad0d5017576dab9c64493f5b57e1c as it did not create a cgroup: this container does not have a cgroup
timestamp_ns=1785752874418971253
	DDR Capacity(MB)               : 0
	DDR Usage Rate(%)              : 0
	DDR Hugepages Total(page)      : 0
	DDR Hugepages Usage Rate(%)    : 0
	HBM Capacity(MB)               : 65536
	HBM Usage Rate(%)              : 29
	Aicore Usage Rate(%)           : 79
	Aivector Usage Rate(%)         : 5
	Aicpu Usage Rate(%)            : 0
	Ctrlcpu Usage Rate(%)          : 6
	DDR Bandwidth Usage Rate(%)    : 0
	HBM Bandwidth Usage Rate(%)    : 53
	NPU Utilization(%)             : 100
	Aicube Usage Rate(%)           : 72
	Get pid name failed.
	Process id:2090716 Process name:                  Process memory(MB):16066
Error: cannot run top on container fca65b17c7696be0978c024206dce045576ad0d5017576dab9c64493f5b57e1c as it did not create a cgroup: this container does not have a cgroup
timestamp_ns=1785752876563232804
	DDR Capacity(MB)               : 0
	DDR Usage Rate(%)              : 0
	DDR Hugepages Total(page)      : 0
	DDR Hugepages Usage Rate(%)    : 0
	HBM Capacity(MB)               : 65536
	HBM Usage Rate(%)              : 29
	Aicore Usage Rate(%)           : 77
	Aivector Usage Rate(%)         : 5
	Aicpu Usage Rate(%)            : 0
	Ctrlcpu Usage Rate(%)          : 1
	DDR Bandwidth Usage Rate(%)    : 0
	HBM Bandwidth Usage Rate(%)    : 53
	NPU Utilization(%)             : 89
	Aicube Usage Rate(%)           : 71
	Get pid name failed.
	Process id:2090716 Process name:                  Process memory(MB):16066
Error: cannot run top on container fca65b17c7696be0978c024206dce045576ad0d5017576dab9c64493f5b57e1c as it did not create a cgroup: this container does not have a cgroup
timestamp_ns=1785752878725800835
	DDR Capacity(MB)               : 0
	DDR Usage Rate(%)              : 0
	DDR Hugepages Total(page)      : 0
	DDR Hugepages Usage Rate(%)    : 0
	HBM Capacity(MB)               : 65536
	HBM Usage Rate(%)              : 29
	Aicore Usage Rate(%)           : 78
	Aivector Usage Rate(%)         : 5
	Aicpu Usage Rate(%)            : 0
	Ctrlcpu Usage Rate(%)          : 3
	DDR Bandwidth Usage Rate(%)    : 0
	HBM Bandwidth Usage Rate(%)    : 53
	NPU Utilization(%)             : 86
	Aicube Usage Rate(%)           : 71
	Get pid name failed.
	Process id:2090716 Process name:                  Process memory(MB):16066
Error: cannot run top on container fca65b17c7696be0978c024206dce045576ad0d5017576dab9c64493f5b57e1c as it did not create a cgroup: this container does not have a cgroup
timestamp_ns=1785752880864102293
	DDR Capacity(MB)               : 0
	DDR Usage Rate(%)              : 0
	DDR Hugepages Total(page)      : 0
	DDR Hugepages Usage Rate(%)    : 0
	HBM Capacity(MB)               : 65536
	HBM Usage Rate(%)              : 29
	Aicore Usage Rate(%)           : 76
	Aivector Usage Rate(%)         : 4
	Aicpu Usage Rate(%)            : 0
	Ctrlcpu Usage Rate(%)          : 2
	DDR Bandwidth Usage Rate(%)    : 0
	HBM Bandwidth Usage Rate(%)    : 54
	NPU Utilization(%)             : 86
	Aicube Usage Rate(%)           : 70
	Get pid name failed.
	Process id:2090716 Process name:                  Process memory(MB):16066
Error: cannot run top on container fca65b17c7696be0978c024206dce045576ad0d5017576dab9c64493f5b57e1c as it did not create a cgroup: this container does not have a cgroup
timestamp_ns=1785752883001387539
	DDR Capacity(MB)               : 0
	DDR Usage Rate(%)              : 0
	DDR Hugepages Total(page)      : 0
	DDR Hugepages Usage Rate(%)    : 0
	HBM Capacity(MB)               : 65536
	HBM Usage Rate(%)              : 29
	Aicore Usage Rate(%)           : 81
	Aivector Usage Rate(%)         : 5
	Aicpu Usage Rate(%)            : 0
	Ctrlcpu Usage Rate(%)          : 2
	DDR Bandwidth Usage Rate(%)    : 0
	HBM Bandwidth Usage Rate(%)    : 53
	NPU Utilization(%)             : 100
	Aicube Usage Rate(%)           : 73
	Get pid name failed.
	Process id:2090716 Process name:                  Process memory(MB):16066
Error: cannot run top on container fca65b17c7696be0978c024206dce045576ad0d5017576dab9c64493f5b57e1c as it did not create a cgroup: this container does not have a cgroup
timestamp_ns=1785752885160800692
	DDR Capacity(MB)               : 0
	DDR Usage Rate(%)              : 0
	DDR Hugepages Total(page)      : 0
	DDR Hugepages Usage Rate(%)    : 0
	HBM Capacity(MB)               : 65536
	HBM Usage Rate(%)              : 29
	Aicore Usage Rate(%)           : 77
	Aivector Usage Rate(%)         : 5
	Aicpu Usage Rate(%)            : 0
	Ctrlcpu Usage Rate(%)          : 3
	DDR Bandwidth Usage Rate(%)    : 0
	HBM Bandwidth Usage Rate(%)    : 51
	NPU Utilization(%)             : 86
	Aicube Usage Rate(%)           : 71
	Get pid name failed.
	Process id:2090716 Process name:                  Process memory(MB):16066
Error: cannot run top on container fca65b17c7696be0978c024206dce045576ad0d5017576dab9c64493f5b57e1c as it did not create a cgroup: this container does not have a cgroup
timestamp_ns=1785752887296784122
	DDR Capacity(MB)               : 0
	DDR Usage Rate(%)              : 0
	DDR Hugepages Total(page)      : 0
	DDR Hugepages Usage Rate(%)    : 0
	HBM Capacity(MB)               : 65536
	HBM Usage Rate(%)              : 29
	Aicore Usage Rate(%)           : 80
	Aivector Usage Rate(%)         : 5
	Aicpu Usage Rate(%)            : 0
	Ctrlcpu Usage Rate(%)          : 2
	DDR Bandwidth Usage Rate(%)    : 0
	HBM Bandwidth Usage Rate(%)    : 19
	NPU Utilization(%)             : 93
	Aicube Usage Rate(%)           : 73
	Get pid name failed.
	Process id:2090716 Process name:                  Process memory(MB):16066
Error: cannot run top on container fca65b17c7696be0978c024206dce045576ad0d5017576dab9c64493f5b57e1c as it did not create a cgroup: this container does not have a cgroup
timestamp_ns=1785752889427370581
	DDR Capacity(MB)               : 0
	DDR Usage Rate(%)              : 0
	DDR Hugepages Total(page)      : 0
	DDR Hugepages Usage Rate(%)    : 0
	HBM Capacity(MB)               : 65536
	HBM Usage Rate(%)              : 29
	Aicore Usage Rate(%)           : 74
	Aivector Usage Rate(%)         : 4
	Aicpu Usage Rate(%)            : 0
	Ctrlcpu Usage Rate(%)          : 0
	DDR Bandwidth Usage Rate(%)    : 0
	HBM Bandwidth Usage Rate(%)    : 54
	NPU Utilization(%)             : 86
	Aicube Usage Rate(%)           : 67
	Get pid name failed.
	Process id:2090716 Process name:                  Process memory(MB):16066
Error: cannot run top on container fca65b17c7696be0978c024206dce045576ad0d5017576dab9c64493f5b57e1c as it did not create a cgroup: this container does not have a cgroup
timestamp_ns=1785752891568981433
	DDR Capacity(MB)               : 0
	DDR Usage Rate(%)              : 0
	DDR Hugepages Total(page)      : 0
	DDR Hugepages Usage Rate(%)    : 0
	HBM Capacity(MB)               : 65536
	HBM Usage Rate(%)              : 29
	Aicore Usage Rate(%)           : 77
	Aivector Usage Rate(%)         : 4
	Aicpu Usage Rate(%)            : 0
	Ctrlcpu Usage Rate(%)          : 0
	DDR Bandwidth Usage Rate(%)    : 0
	HBM Bandwidth Usage Rate(%)    : 54
	NPU Utilization(%)             : 89
	Aicube Usage Rate(%)           : 71
	Get pid name failed.
	Process id:2090716 Process name:                  Process memory(MB):16066
Error: cannot run top on container fca65b17c7696be0978c024206dce045576ad0d5017576dab9c64493f5b57e1c as it did not create a cgroup: this container does not have a cgroup
timestamp_ns=1785752893711756005
	DDR Capacity(MB)               : 0
	DDR Usage Rate(%)              : 0
	DDR Hugepages Total(page)      : 0
	DDR Hugepages Usage Rate(%)    : 0
	HBM Capacity(MB)               : 65536
	HBM Usage Rate(%)              : 29
	Aicore Usage Rate(%)           : 76
	Aivector Usage Rate(%)         : 5
	Aicpu Usage Rate(%)            : 0
	Ctrlcpu Usage Rate(%)          : 4
	DDR Bandwidth Usage Rate(%)    : 0
	HBM Bandwidth Usage Rate(%)    : 53
	NPU Utilization(%)             : 86
	Aicube Usage Rate(%)           : 70
	Get pid name failed.
	Process id:2090716 Process name:                  Process memory(MB):16066
Error: cannot run top on container fca65b17c7696be0978c024206dce045576ad0d5017576dab9c64493f5b57e1c as it did not create a cgroup: this container does not have a cgroup
timestamp_ns=1785752895893005675
	DDR Capacity(MB)               : 0
	DDR Usage Rate(%)              : 0
	DDR Hugepages Total(page)      : 0
	DDR Hugepages Usage Rate(%)    : 0
	HBM Capacity(MB)               : 65536
	HBM Usage Rate(%)              : 29
	Aicore Usage Rate(%)           : 79
	Aivector Usage Rate(%)         : 5
	Aicpu Usage Rate(%)            : 0
	Ctrlcpu Usage Rate(%)          : 8
	DDR Bandwidth Usage Rate(%)    : 0
	HBM Bandwidth Usage Rate(%)    : 50
	NPU Utilization(%)             : 93
	Aicube Usage Rate(%)           : 72
	Get pid name failed.
	Process id:2090716 Process name:                  Process memory(MB):16066
Error: cannot run top on container fca65b17c7696be0978c024206dce045576ad0d5017576dab9c64493f5b57e1c as it did not create a cgroup: this container does not have a cgroup
timestamp_ns=1785752898025072808
	DDR Capacity(MB)               : 0
	DDR Usage Rate(%)              : 0
	DDR Hugepages Total(page)      : 0
	DDR Hugepages Usage Rate(%)    : 0
	HBM Capacity(MB)               : 65536
	HBM Usage Rate(%)              : 29
	Aicore Usage Rate(%)           : 78
	Aivector Usage Rate(%)         : 5
	Aicpu Usage Rate(%)            : 0
	Ctrlcpu Usage Rate(%)          : 2
	DDR Bandwidth Usage Rate(%)    : 0
	HBM Bandwidth Usage Rate(%)    : 53
	NPU Utilization(%)             : 93
	Aicube Usage Rate(%)           : 71
	Get pid name failed.
	Process id:2090716 Process name:                  Process memory(MB):16066
Error: cannot run top on container fca65b17c7696be0978c024206dce045576ad0d5017576dab9c64493f5b57e1c as it did not create a cgroup: this container does not have a cgroup
timestamp_ns=1785752900170337692
	DDR Capacity(MB)               : 0
	DDR Usage Rate(%)              : 0
	DDR Hugepages Total(page)      : 0
	DDR Hugepages Usage Rate(%)    : 0
	HBM Capacity(MB)               : 65536
	HBM Usage Rate(%)              : 29
	Aicore Usage Rate(%)           : 77
	Aivector Usage Rate(%)         : 5
	Aicpu Usage Rate(%)            : 0
	Ctrlcpu Usage Rate(%)          : 3
	DDR Bandwidth Usage Rate(%)    : 0
	HBM Bandwidth Usage Rate(%)    : 53
	NPU Utilization(%)             : 100
	Aicube Usage Rate(%)           : 71
	Get pid name failed.
	Process id:2090716 Process name:                  Process memory(MB):16066
Error: cannot run top on container fca65b17c7696be0978c024206dce045576ad0d5017576dab9c64493f5b57e1c as it did not create a cgroup: this container does not have a cgroup
timestamp_ns=1785752902308300784
	DDR Capacity(MB)               : 0
	DDR Usage Rate(%)              : 0
	DDR Hugepages Total(page)      : 0
	DDR Hugepages Usage Rate(%)    : 0
	HBM Capacity(MB)               : 65536
	HBM Usage Rate(%)              : 29
	Aicore Usage Rate(%)           : 78
	Aivector Usage Rate(%)         : 5
	Aicpu Usage Rate(%)            : 0
	Ctrlcpu Usage Rate(%)          : 6
	DDR Bandwidth Usage Rate(%)    : 0
	HBM Bandwidth Usage Rate(%)    : 54
	NPU Utilization(%)             : 82
	Aicube Usage Rate(%)           : 71
	Get pid name failed.
	Process id:2090716 Process name:                  Process memory(MB):16066
Error: cannot run top on container fca65b17c7696be0978c024206dce045576ad0d5017576dab9c64493f5b57e1c as it did not create a cgroup: this container does not have a cgroup
timestamp_ns=1785752904465560067
	DDR Capacity(MB)               : 0
	DDR Usage Rate(%)              : 0
	DDR Hugepages Total(page)      : 0
	DDR Hugepages Usage Rate(%)    : 0
	HBM Capacity(MB)               : 65536
	HBM Usage Rate(%)              : 29
	Aicore Usage Rate(%)           : 77
	Aivector Usage Rate(%)         : 5
	Aicpu Usage Rate(%)            : 0
	Ctrlcpu Usage Rate(%)          : 2
	DDR Bandwidth Usage Rate(%)    : 0
	HBM Bandwidth Usage Rate(%)    : 51
	NPU Utilization(%)             : 82
	Aicube Usage Rate(%)           : 71
	Get pid name failed.
	Process id:2090716 Process name:                  Process memory(MB):16066
Error: cannot run top on container fca65b17c7696be0978c024206dce045576ad0d5017576dab9c64493f5b57e1c as it did not create a cgroup: this container does not have a cgroup
timestamp_ns=1785752906607432023
	DDR Capacity(MB)               : 0
	DDR Usage Rate(%)              : 0
	DDR Hugepages Total(page)      : 0
	DDR Hugepages Usage Rate(%)    : 0
	HBM Capacity(MB)               : 65536
	HBM Usage Rate(%)              : 29
	Aicore Usage Rate(%)           : 81
	Aivector Usage Rate(%)         : 5
	Aicpu Usage Rate(%)            : 0
	Ctrlcpu Usage Rate(%)          : 1
	DDR Bandwidth Usage Rate(%)    : 0
	HBM Bandwidth Usage Rate(%)    : 53
	NPU Utilization(%)             : 93
	Aicube Usage Rate(%)           : 73
	Get pid name failed.
	Process id:2090716 Process name:                  Process memory(MB):16066
Error: cannot run top on container fca65b17c7696be0978c024206dce045576ad0d5017576dab9c64493f5b57e1c as it did not create a cgroup: this container does not have a cgroup
timestamp_ns=1785752908748211148
	DDR Capacity(MB)               : 0
	DDR Usage Rate(%)              : 0
	DDR Hugepages Total(page)      : 0
	DDR Hugepages Usage Rate(%)    : 0
	HBM Capacity(MB)               : 65536
	HBM Usage Rate(%)              : 29
	Aicore Usage Rate(%)           : 77
	Aivector Usage Rate(%)         : 5
	Aicpu Usage Rate(%)            : 0
	Ctrlcpu Usage Rate(%)          : 1
	DDR Bandwidth Usage Rate(%)    : 0
	HBM Bandwidth Usage Rate(%)    : 53
	NPU Utilization(%)             : 89
	Aicube Usage Rate(%)           : 71
	Get pid name failed.
	Process id:2090716 Process name:                  Process memory(MB):16066
Error: cannot run top on container fca65b17c7696be0978c024206dce045576ad0d5017576dab9c64493f5b57e1c as it did not create a cgroup: this container does not have a cgroup
timestamp_ns=1785752910886112220
	DDR Capacity(MB)               : 0
	DDR Usage Rate(%)              : 0
	DDR Hugepages Total(page)      : 0
	DDR Hugepages Usage Rate(%)    : 0
	HBM Capacity(MB)               : 65536
	HBM Usage Rate(%)              : 29
	Aicore Usage Rate(%)           : 77
	Aivector Usage Rate(%)         : 5
	Aicpu Usage Rate(%)            : 0
	Ctrlcpu Usage Rate(%)          : 1
	DDR Bandwidth Usage Rate(%)    : 0
	HBM Bandwidth Usage Rate(%)    : 52
	NPU Utilization(%)             : 96
	Aicube Usage Rate(%)           : 71
	Get pid name failed.
	Process id:2090716 Process name:                  Process memory(MB):16066
Error: cannot run top on container fca65b17c7696be0978c024206dce045576ad0d5017576dab9c64493f5b57e1c as it did not create a cgroup: this container does not have a cgroup
timestamp_ns=1785752913036337455
	DDR Capacity(MB)               : 0
	DDR Usage Rate(%)              : 0
	DDR Hugepages Total(page)      : 0
	DDR Hugepages Usage Rate(%)    : 0
	HBM Capacity(MB)               : 65536
	HBM Usage Rate(%)              : 29
	Aicore Usage Rate(%)           : 80
	Aivector Usage Rate(%)         : 5
	Aicpu Usage Rate(%)            : 0
	Ctrlcpu Usage Rate(%)          : 4
	DDR Bandwidth Usage Rate(%)    : 0
	HBM Bandwidth Usage Rate(%)    : 53
	NPU Utilization(%)             : 93
	Aicube Usage Rate(%)           : 72
	Get pid name failed.
	Process id:2090716 Process name:                  Process memory(MB):16066
Error: cannot run top on container fca65b17c7696be0978c024206dce045576ad0d5017576dab9c64493f5b57e1c as it did not create a cgroup: this container does not have a cgroup
timestamp_ns=1785752915182594403
	DDR Capacity(MB)               : 0
	DDR Usage Rate(%)              : 0
	DDR Hugepages Total(page)      : 0
	DDR Hugepages Usage Rate(%)    : 0
	HBM Capacity(MB)               : 65536
	HBM Usage Rate(%)              : 29
	Aicore Usage Rate(%)           : 80
	Aivector Usage Rate(%)         : 5
	Aicpu Usage Rate(%)            : 0
	Ctrlcpu Usage Rate(%)          : 6
	DDR Bandwidth Usage Rate(%)    : 0
	HBM Bandwidth Usage Rate(%)    : 53
	NPU Utilization(%)             : 93
	Aicube Usage Rate(%)           : 73
	Get pid name failed.
	Process id:2090716 Process name:                  Process memory(MB):16066
Error: cannot run top on container fca65b17c7696be0978c024206dce045576ad0d5017576dab9c64493f5b57e1c as it did not create a cgroup: this container does not have a cgroup
timestamp_ns=1785752917324776513
	DDR Capacity(MB)               : 0
	DDR Usage Rate(%)              : 0
	DDR Hugepages Total(page)      : 0
	DDR Hugepages Usage Rate(%)    : 0
	HBM Capacity(MB)               : 65536
	HBM Usage Rate(%)              : 29
	Aicore Usage Rate(%)           : 81
	Aivector Usage Rate(%)         : 5
	Aicpu Usage Rate(%)            : 0
	Ctrlcpu Usage Rate(%)          : 4
	DDR Bandwidth Usage Rate(%)    : 0
	HBM Bandwidth Usage Rate(%)    : 17
	NPU Utilization(%)             : 96
	Aicube Usage Rate(%)           : 73
	Get pid name failed.
	Process id:2090716 Process name:                  Process memory(MB):16066
Error: cannot run top on container fca65b17c7696be0978c024206dce045576ad0d5017576dab9c64493f5b57e1c as it did not create a cgroup: this container does not have a cgroup
timestamp_ns=1785752919465902092
	DDR Capacity(MB)               : 0
	DDR Usage Rate(%)              : 0
	DDR Hugepages Total(page)      : 0
	DDR Hugepages Usage Rate(%)    : 0
	HBM Capacity(MB)               : 65536
	HBM Usage Rate(%)              : 29
	Aicore Usage Rate(%)           : 80
	Aivector Usage Rate(%)         : 5
	Aicpu Usage Rate(%)            : 0
	Ctrlcpu Usage Rate(%)          : 1
	DDR Bandwidth Usage Rate(%)    : 0
	HBM Bandwidth Usage Rate(%)    : 54
	NPU Utilization(%)             : 96
	Aicube Usage Rate(%)           : 73
	Get pid name failed.
	Process id:2090716 Process name:                  Process memory(MB):16066
Error: cannot run top on container fca65b17c7696be0978c024206dce045576ad0d5017576dab9c64493f5b57e1c as it did not create a cgroup: this container does not have a cgroup
timestamp_ns=1785752921609119982
	DDR Capacity(MB)               : 0
	DDR Usage Rate(%)              : 0
	DDR Hugepages Total(page)      : 0
	DDR Hugepages Usage Rate(%)    : 0
	HBM Capacity(MB)               : 65536
	HBM Usage Rate(%)              : 29
	Aicore Usage Rate(%)           : 79
	Aivector Usage Rate(%)         : 5
	Aicpu Usage Rate(%)            : 0
	Ctrlcpu Usage Rate(%)          : 0
	DDR Bandwidth Usage Rate(%)    : 0
	HBM Bandwidth Usage Rate(%)    : 53
	NPU Utilization(%)             : 93
	Aicube Usage Rate(%)           : 72
	Get pid name failed.
	Process id:2090716 Process name:                  Process memory(MB):16066
Error: cannot run top on container fca65b17c7696be0978c024206dce045576ad0d5017576dab9c64493f5b57e1c as it did not create a cgroup: this container does not have a cgroup
timestamp_ns=1785752923754683719
	DDR Capacity(MB)               : 0
	DDR Usage Rate(%)              : 0
	DDR Hugepages Total(page)      : 0
	DDR Hugepages Usage Rate(%)    : 0
	HBM Capacity(MB)               : 65536
	HBM Usage Rate(%)              : 29
	Aicore Usage Rate(%)           : 77
	Aivector Usage Rate(%)         : 5
	Aicpu Usage Rate(%)            : 0
	Ctrlcpu Usage Rate(%)          : 2
	DDR Bandwidth Usage Rate(%)    : 0
	HBM Bandwidth Usage Rate(%)    : 53
	NPU Utilization(%)             : 93
	Aicube Usage Rate(%)           : 71
	Get pid name failed.
	Process id:2090716 Process name:                  Process memory(MB):16066
Error: cannot run top on container fca65b17c7696be0978c024206dce045576ad0d5017576dab9c64493f5b57e1c as it did not create a cgroup: this container does not have a cgroup
timestamp_ns=1785752925907055794
	DDR Capacity(MB)               : 0
	DDR Usage Rate(%)              : 0
	DDR Hugepages Total(page)      : 0
	DDR Hugepages Usage Rate(%)    : 0
	HBM Capacity(MB)               : 65536
	HBM Usage Rate(%)              : 29
	Aicore Usage Rate(%)           : 77
	Aivector Usage Rate(%)         : 5
	Aicpu Usage Rate(%)            : 0
	Ctrlcpu Usage Rate(%)          : 3
	DDR Bandwidth Usage Rate(%)    : 0
	HBM Bandwidth Usage Rate(%)    : 54
	NPU Utilization(%)             : 93
	Aicube Usage Rate(%)           : 71
	Get pid name failed.
	Process id:2090716 Process name:                  Process memory(MB):16066
Error: cannot run top on container fca65b17c7696be0978c024206dce045576ad0d5017576dab9c64493f5b57e1c as it did not create a cgroup: this container does not have a cgroup
timestamp_ns=1785752928066098153
	DDR Capacity(MB)               : 0
	DDR Usage Rate(%)              : 0
	DDR Hugepages Total(page)      : 0
	DDR Hugepages Usage Rate(%)    : 0
	HBM Capacity(MB)               : 65536
	HBM Usage Rate(%)              : 29
	Aicore Usage Rate(%)           : 77
	Aivector Usage Rate(%)         : 5
	Aicpu Usage Rate(%)            : 0
	Ctrlcpu Usage Rate(%)          : 4
	DDR Bandwidth Usage Rate(%)    : 0
	HBM Bandwidth Usage Rate(%)    : 54
	NPU Utilization(%)             : 100
	Aicube Usage Rate(%)           : 71
	Get pid name failed.
	Process id:2090716 Process name:                  Process memory(MB):16066
Error: cannot run top on container fca65b17c7696be0978c024206dce045576ad0d5017576dab9c64493f5b57e1c as it did not create a cgroup: this container does not have a cgroup
timestamp_ns=1785752930212655284
	DDR Capacity(MB)               : 0
	DDR Usage Rate(%)              : 0
	DDR Hugepages Total(page)      : 0
	DDR Hugepages Usage Rate(%)    : 0
	HBM Capacity(MB)               : 65536
	HBM Usage Rate(%)              : 29
	Aicore Usage Rate(%)           : 77
	Aivector Usage Rate(%)         : 5
	Aicpu Usage Rate(%)            : 0
	Ctrlcpu Usage Rate(%)          : 1
	DDR Bandwidth Usage Rate(%)    : 0
	HBM Bandwidth Usage Rate(%)    : 54
	NPU Utilization(%)             : 86
	Aicube Usage Rate(%)           : 71
	Get pid name failed.
	Process id:2090716 Process name:                  Process memory(MB):16066
Error: cannot run top on container fca65b17c7696be0978c024206dce045576ad0d5017576dab9c64493f5b57e1c as it did not create a cgroup: this container does not have a cgroup
timestamp_ns=1785752932355072446
	DDR Capacity(MB)               : 0
	DDR Usage Rate(%)              : 0
	DDR Hugepages Total(page)      : 0
	DDR Hugepages Usage Rate(%)    : 0
	HBM Capacity(MB)               : 65536
	HBM Usage Rate(%)              : 29
	Aicore Usage Rate(%)           : 78
	Aivector Usage Rate(%)         : 5
	Aicpu Usage Rate(%)            : 0
	Ctrlcpu Usage Rate(%)          : 9
	DDR Bandwidth Usage Rate(%)    : 0
	HBM Bandwidth Usage Rate(%)    : 53
	NPU Utilization(%)             : 86
	Aicube Usage Rate(%)           : 71
	Get pid name failed.
	Process id:2090716 Process name:                  Process memory(MB):16066
Error: cannot run top on container fca65b17c7696be0978c024206dce045576ad0d5017576dab9c64493f5b57e1c as it did not create a cgroup: this container does not have a cgroup
timestamp_ns=1785752934492822346
	DDR Capacity(MB)               : 0
	DDR Usage Rate(%)              : 0
	DDR Hugepages Total(page)      : 0
	DDR Hugepages Usage Rate(%)    : 0
	HBM Capacity(MB)               : 65536
	HBM Usage Rate(%)              : 29
	Aicore Usage Rate(%)           : 77
	Aivector Usage Rate(%)         : 5
	Aicpu Usage Rate(%)            : 0
	Ctrlcpu Usage Rate(%)          : 1
	DDR Bandwidth Usage Rate(%)    : 0
	HBM Bandwidth Usage Rate(%)    : 53
	NPU Utilization(%)             : 89
	Aicube Usage Rate(%)           : 71
	Get pid name failed.
	Process id:2090716 Process name:                  Process memory(MB):16066
Error: cannot run top on container fca65b17c7696be0978c024206dce045576ad0d5017576dab9c64493f5b57e1c as it did not create a cgroup: this container does not have a cgroup
timestamp_ns=1785752936627308128
	DDR Capacity(MB)               : 0
	DDR Usage Rate(%)              : 0
	DDR Hugepages Total(page)      : 0
	DDR Hugepages Usage Rate(%)    : 0
	HBM Capacity(MB)               : 65536
	HBM Usage Rate(%)              : 29
	Aicore Usage Rate(%)           : 79
	Aivector Usage Rate(%)         : 4
	Aicpu Usage Rate(%)            : 0
	Ctrlcpu Usage Rate(%)          : 2
	DDR Bandwidth Usage Rate(%)    : 0
	HBM Bandwidth Usage Rate(%)    : 53
	NPU Utilization(%)             : 86
	Aicube Usage Rate(%)           : 71
	Get pid name failed.
	Process id:2090716 Process name:                  Process memory(MB):16066
Error: cannot run top on container fca65b17c7696be0978c024206dce045576ad0d5017576dab9c64493f5b57e1c as it did not create a cgroup: this container does not have a cgroup
timestamp_ns=1785752938795110706
	DDR Capacity(MB)               : 0
	DDR Usage Rate(%)              : 0
	DDR Hugepages Total(page)      : 0
	DDR Hugepages Usage Rate(%)    : 0
	HBM Capacity(MB)               : 65536
	HBM Usage Rate(%)              : 29
	Aicore Usage Rate(%)           : 77
	Aivector Usage Rate(%)         : 5
	Aicpu Usage Rate(%)            : 0
	Ctrlcpu Usage Rate(%)          : 4
	DDR Bandwidth Usage Rate(%)    : 0
	HBM Bandwidth Usage Rate(%)    : 54
	NPU Utilization(%)             : 89
	Aicube Usage Rate(%)           : 71
	Get pid name failed.
	Process id:2090716 Process name:                  Process memory(MB):16066
Error: cannot run top on container fca65b17c7696be0978c024206dce045576ad0d5017576dab9c64493f5b57e1c as it did not create a cgroup: this container does not have a cgroup
timestamp_ns=1785752940963268025
	DDR Capacity(MB)               : 0
	DDR Usage Rate(%)              : 0
	DDR Hugepages Total(page)      : 0
	DDR Hugepages Usage Rate(%)    : 0
	HBM Capacity(MB)               : 65536
	HBM Usage Rate(%)              : 29
	Aicore Usage Rate(%)           : 80
	Aivector Usage Rate(%)         : 5
	Aicpu Usage Rate(%)            : 0
	Ctrlcpu Usage Rate(%)          : 3
	DDR Bandwidth Usage Rate(%)    : 0
	HBM Bandwidth Usage Rate(%)    : 53
	NPU Utilization(%)             : 93
	Aicube Usage Rate(%)           : 72
	Get pid name failed.
	Process id:2090716 Process name:                  Process memory(MB):16066
Error: cannot run top on container fca65b17c7696be0978c024206dce045576ad0d5017576dab9c64493f5b57e1c as it did not create a cgroup: this container does not have a cgroup
timestamp_ns=1785752943156925663
	DDR Capacity(MB)               : 0
	DDR Usage Rate(%)              : 0
	DDR Hugepages Total(page)      : 0
	DDR Hugepages Usage Rate(%)    : 0
	HBM Capacity(MB)               : 65536
	HBM Usage Rate(%)              : 29
	Aicore Usage Rate(%)           : 73
	Aivector Usage Rate(%)         : 4
	Aicpu Usage Rate(%)            : 0
	Ctrlcpu Usage Rate(%)          : 3
	DDR Bandwidth Usage Rate(%)    : 0
	HBM Bandwidth Usage Rate(%)    : 51
	NPU Utilization(%)             : 89
	Aicube Usage Rate(%)           : 67
	Get pid name failed.
	Process id:2090716 Process name:                  Process memory(MB):16066
Error: cannot run top on container fca65b17c7696be0978c024206dce045576ad0d5017576dab9c64493f5b57e1c as it did not create a cgroup: this container does not have a cgroup
timestamp_ns=1785752945407312320
	DDR Capacity(MB)               : 0
	DDR Usage Rate(%)              : 0
	DDR Hugepages Total(page)      : 0
	DDR Hugepages Usage Rate(%)    : 0
	HBM Capacity(MB)               : 65536
	HBM Usage Rate(%)              : 29
	Aicore Usage Rate(%)           : 76
	Aivector Usage Rate(%)         : 5
	Aicpu Usage Rate(%)            : 0
	Ctrlcpu Usage Rate(%)          : 3
	DDR Bandwidth Usage Rate(%)    : 0
	HBM Bandwidth Usage Rate(%)    : 53
	NPU Utilization(%)             : 96
	Aicube Usage Rate(%)           : 70
	Get pid name failed.
	Process id:2090716 Process name:                  Process memory(MB):16066
Error: cannot run top on container fca65b17c7696be0978c024206dce045576ad0d5017576dab9c64493f5b57e1c as it did not create a cgroup: this container does not have a cgroup
timestamp_ns=1785752947605482935
	DDR Capacity(MB)               : 0
	DDR Usage Rate(%)              : 0
	DDR Hugepages Total(page)      : 0
	DDR Hugepages Usage Rate(%)    : 0
	HBM Capacity(MB)               : 65536
	HBM Usage Rate(%)              : 29
	Aicore Usage Rate(%)           : 76
	Aivector Usage Rate(%)         : 4
	Aicpu Usage Rate(%)            : 0
	Ctrlcpu Usage Rate(%)          : 6
	DDR Bandwidth Usage Rate(%)    : 0
	HBM Bandwidth Usage Rate(%)    : 19
	NPU Utilization(%)             : 93
	Aicube Usage Rate(%)           : 70
	Get pid name failed.
	Process id:2090716 Process name:                  Process memory(MB):16066
Error: cannot run top on container fca65b17c7696be0978c024206dce045576ad0d5017576dab9c64493f5b57e1c as it did not create a cgroup: this container does not have a cgroup
timestamp_ns=1785752949828522054
	DDR Capacity(MB)               : 0
	DDR Usage Rate(%)              : 0
	DDR Hugepages Total(page)      : 0
	DDR Hugepages Usage Rate(%)    : 0
	HBM Capacity(MB)               : 65536
	HBM Usage Rate(%)              : 29
	Aicore Usage Rate(%)           : 75
	Aivector Usage Rate(%)         : 4
	Aicpu Usage Rate(%)            : 0
	Ctrlcpu Usage Rate(%)          : 1
	DDR Bandwidth Usage Rate(%)    : 0
	HBM Bandwidth Usage Rate(%)    : 52
	NPU Utilization(%)             : 82
	Aicube Usage Rate(%)           : 68
	Get pid name failed.
	Process id:2090716 Process name:                  Process memory(MB):16066
Error: cannot run top on container fca65b17c7696be0978c024206dce045576ad0d5017576dab9c64493f5b57e1c as it did not create a cgroup: this container does not have a cgroup
timestamp_ns=1785752952029838298
	DDR Capacity(MB)               : 0
	DDR Usage Rate(%)              : 0
	DDR Hugepages Total(page)      : 0
	DDR Hugepages Usage Rate(%)    : 0
	HBM Capacity(MB)               : 65536
	HBM Usage Rate(%)              : 29
	Aicore Usage Rate(%)           : 81
	Aivector Usage Rate(%)         : 5
	Aicpu Usage Rate(%)            : 0
	Ctrlcpu Usage Rate(%)          : 5
	DDR Bandwidth Usage Rate(%)    : 0
	HBM Bandwidth Usage Rate(%)    : 52
	NPU Utilization(%)             : 96
	Aicube Usage Rate(%)           : 73
	Get pid name failed.
	Process id:2090716 Process name:                  Process memory(MB):16066
Error: cannot run top on container fca65b17c7696be0978c024206dce045576ad0d5017576dab9c64493f5b57e1c as it did not create a cgroup: this container does not have a cgroup
timestamp_ns=1785752954273303471
	DDR Capacity(MB)               : 0
	DDR Usage Rate(%)              : 0
	DDR Hugepages Total(page)      : 0
	DDR Hugepages Usage Rate(%)    : 0
	HBM Capacity(MB)               : 65536
	HBM Usage Rate(%)              : 29
	Aicore Usage Rate(%)           : 78
	Aivector Usage Rate(%)         : 5
	Aicpu Usage Rate(%)            : 0
	Ctrlcpu Usage Rate(%)          : 5
	DDR Bandwidth Usage Rate(%)    : 0
	HBM Bandwidth Usage Rate(%)    : 52
	NPU Utilization(%)             : 93
	Aicube Usage Rate(%)           : 71
	Get pid name failed.
	Process id:2090716 Process name:                  Process memory(MB):16066
Error: cannot run top on container fca65b17c7696be0978c024206dce045576ad0d5017576dab9c64493f5b57e1c as it did not create a cgroup: this container does not have a cgroup
timestamp_ns=1785752956448487846
	DDR Capacity(MB)               : 0
	DDR Usage Rate(%)              : 0
	DDR Hugepages Total(page)      : 0
	DDR Hugepages Usage Rate(%)    : 0
	HBM Capacity(MB)               : 65536
	HBM Usage Rate(%)              : 29
	Aicore Usage Rate(%)           : 76
	Aivector Usage Rate(%)         : 5
	Aicpu Usage Rate(%)            : 0
	Ctrlcpu Usage Rate(%)          : 5
	DDR Bandwidth Usage Rate(%)    : 0
	HBM Bandwidth Usage Rate(%)    : 53
	NPU Utilization(%)             : 93
	Aicube Usage Rate(%)           : 69
	Get pid name failed.
	Process id:2090716 Process name:                  Process memory(MB):16066
Error: cannot run top on container fca65b17c7696be0978c024206dce045576ad0d5017576dab9c64493f5b57e1c as it did not create a cgroup: this container does not have a cgroup
timestamp_ns=1785752958674566417
	DDR Capacity(MB)               : 0
	DDR Usage Rate(%)              : 0
	DDR Hugepages Total(page)      : 0
	DDR Hugepages Usage Rate(%)    : 0
	HBM Capacity(MB)               : 65536
	HBM Usage Rate(%)              : 29
	Aicore Usage Rate(%)           : 73
	Aivector Usage Rate(%)         : 4
	Aicpu Usage Rate(%)            : 0
	Ctrlcpu Usage Rate(%)          : 6
	DDR Bandwidth Usage Rate(%)    : 0
	HBM Bandwidth Usage Rate(%)    : 53
	NPU Utilization(%)             : 93
	Aicube Usage Rate(%)           : 67
	Get pid name failed.
	Process id:2090716 Process name:                  Process memory(MB):16066
Error: cannot run top on container fca65b17c7696be0978c024206dce045576ad0d5017576dab9c64493f5b57e1c as it did not create a cgroup: this container does not have a cgroup
timestamp_ns=1785752960853853723
	DDR Capacity(MB)               : 0
	DDR Usage Rate(%)              : 0
	DDR Hugepages Total(page)      : 0
	DDR Hugepages Usage Rate(%)    : 0
	HBM Capacity(MB)               : 65536
	HBM Usage Rate(%)              : 29
	Aicore Usage Rate(%)           : 76
	Aivector Usage Rate(%)         : 4
	Aicpu Usage Rate(%)            : 0
	Ctrlcpu Usage Rate(%)          : 3
	DDR Bandwidth Usage Rate(%)    : 0
	HBM Bandwidth Usage Rate(%)    : 52
	NPU Utilization(%)             : 89
	Aicube Usage Rate(%)           : 70
	Get pid name failed.
	Process id:2090716 Process name:                  Process memory(MB):16066
Error: cannot run top on container fca65b17c7696be0978c024206dce045576ad0d5017576dab9c64493f5b57e1c as it did not create a cgroup: this container does not have a cgroup
timestamp_ns=1785752963075834111
	DDR Capacity(MB)               : 0
	DDR Usage Rate(%)              : 0
	DDR Hugepages Total(page)      : 0
	DDR Hugepages Usage Rate(%)    : 0
	HBM Capacity(MB)               : 65536
	HBM Usage Rate(%)              : 29
	Aicore Usage Rate(%)           : 79
	Aivector Usage Rate(%)         : 5
	Aicpu Usage Rate(%)            : 0
	Ctrlcpu Usage Rate(%)          : 5
	DDR Bandwidth Usage Rate(%)    : 0
	HBM Bandwidth Usage Rate(%)    : 51
	NPU Utilization(%)             : 89
	Aicube Usage Rate(%)           : 72
	Get pid name failed.
	Process id:2090716 Process name:                  Process memory(MB):16066
Error: cannot run top on container fca65b17c7696be0978c024206dce045576ad0d5017576dab9c64493f5b57e1c as it did not create a cgroup: this container does not have a cgroup
timestamp_ns=1785752965257284504
	DDR Capacity(MB)               : 0
	DDR Usage Rate(%)              : 0
	DDR Hugepages Total(page)      : 0
	DDR Hugepages Usage Rate(%)    : 0
	HBM Capacity(MB)               : 65536
	HBM Usage Rate(%)              : 29
	Aicore Usage Rate(%)           : 77
	Aivector Usage Rate(%)         : 5
	Aicpu Usage Rate(%)            : 0
	Ctrlcpu Usage Rate(%)          : 1
	DDR Bandwidth Usage Rate(%)    : 0
	HBM Bandwidth Usage Rate(%)    : 25
	NPU Utilization(%)             : 86
	Aicube Usage Rate(%)           : 71
	Get pid name failed.
	Process id:2090716 Process name:                  Process memory(MB):16066
Error: cannot run top on container fca65b17c7696be0978c024206dce045576ad0d5017576dab9c64493f5b57e1c as it did not create a cgroup: this container does not have a cgroup
timestamp_ns=1785752967531895918
	DDR Capacity(MB)               : 0
	DDR Usage Rate(%)              : 0
	DDR Hugepages Total(page)      : 0
	DDR Hugepages Usage Rate(%)    : 0
	HBM Capacity(MB)               : 65536
	HBM Usage Rate(%)              : 29
	Aicore Usage Rate(%)           : 80
	Aivector Usage Rate(%)         : 5
	Aicpu Usage Rate(%)            : 0
	Ctrlcpu Usage Rate(%)          : 3
	DDR Bandwidth Usage Rate(%)    : 0
	HBM Bandwidth Usage Rate(%)    : 52
	NPU Utilization(%)             : 89
	Aicube Usage Rate(%)           : 73
	Get pid name failed.
	Process id:2090716 Process name:                  Process memory(MB):16066
Error: cannot run top on container fca65b17c7696be0978c024206dce045576ad0d5017576dab9c64493f5b57e1c as it did not create a cgroup: this container does not have a cgroup
timestamp_ns=1785752969675195818
	DDR Capacity(MB)               : 0
	DDR Usage Rate(%)              : 0
	DDR Hugepages Total(page)      : 0
	DDR Hugepages Usage Rate(%)    : 0
	HBM Capacity(MB)               : 65536
	HBM Usage Rate(%)              : 29
	Aicore Usage Rate(%)           : 80
	Aivector Usage Rate(%)         : 5
	Aicpu Usage Rate(%)            : 0
	Ctrlcpu Usage Rate(%)          : 4
	DDR Bandwidth Usage Rate(%)    : 0
	HBM Bandwidth Usage Rate(%)    : 53
	NPU Utilization(%)             : 96
	Aicube Usage Rate(%)           : 73
	Get pid name failed.
	Process id:2090716 Process name:                  Process memory(MB):16066
Error: cannot run top on container fca65b17c7696be0978c024206dce045576ad0d5017576dab9c64493f5b57e1c as it did not create a cgroup: this container does not have a cgroup
timestamp_ns=1785752971815808914
	DDR Capacity(MB)               : 0
	DDR Usage Rate(%)              : 0
	DDR Hugepages Total(page)      : 0
	DDR Hugepages Usage Rate(%)    : 0
	HBM Capacity(MB)               : 65536
	HBM Usage Rate(%)              : 29
	Aicore Usage Rate(%)           : 77
	Aivector Usage Rate(%)         : 4
	Aicpu Usage Rate(%)            : 0
	Ctrlcpu Usage Rate(%)          : 2
	DDR Bandwidth Usage Rate(%)    : 0
	HBM Bandwidth Usage Rate(%)    : 52
	NPU Utilization(%)             : 89
	Aicube Usage Rate(%)           : 70
	Get pid name failed.
	Process id:2090716 Process name:                  Process memory(MB):16066
Error: cannot run top on container fca65b17c7696be0978c024206dce045576ad0d5017576dab9c64493f5b57e1c as it did not create a cgroup: this container does not have a cgroup
timestamp_ns=1785752973960994218
	DDR Capacity(MB)               : 0
	DDR Usage Rate(%)              : 0
	DDR Hugepages Total(page)      : 0
	DDR Hugepages Usage Rate(%)    : 0
	HBM Capacity(MB)               : 65536
	HBM Usage Rate(%)              : 29
	Aicore Usage Rate(%)           : 74
	Aivector Usage Rate(%)         : 4
	Aicpu Usage Rate(%)            : 0
	Ctrlcpu Usage Rate(%)          : 3
	DDR Bandwidth Usage Rate(%)    : 0
	HBM Bandwidth Usage Rate(%)    : 53
	NPU Utilization(%)             : 89
	Aicube Usage Rate(%)           : 68
	Get pid name failed.
	Process id:2090716 Process name:                  Process memory(MB):16066
Error: cannot run top on container fca65b17c7696be0978c024206dce045576ad0d5017576dab9c64493f5b57e1c as it did not create a cgroup: this container does not have a cgroup
timestamp_ns=1785752976098585759
	DDR Capacity(MB)               : 0
	DDR Usage Rate(%)              : 0
	DDR Hugepages Total(page)      : 0
	DDR Hugepages Usage Rate(%)    : 0
	HBM Capacity(MB)               : 65536
	HBM Usage Rate(%)              : 29
	Aicore Usage Rate(%)           : 80
	Aivector Usage Rate(%)         : 5
	Aicpu Usage Rate(%)            : 0
	Ctrlcpu Usage Rate(%)          : 0
	DDR Bandwidth Usage Rate(%)    : 0
	HBM Bandwidth Usage Rate(%)    : 53
	NPU Utilization(%)             : 82
	Aicube Usage Rate(%)           : 72
	Get pid name failed.
	Process id:2090716 Process name:                  Process memory(MB):16066
Error: cannot run top on container fca65b17c7696be0978c024206dce045576ad0d5017576dab9c64493f5b57e1c as it did not create a cgroup: this container does not have a cgroup
timestamp_ns=1785752978239651564
	DDR Capacity(MB)               : 0
	DDR Usage Rate(%)              : 0
	DDR Hugepages Total(page)      : 0
	DDR Hugepages Usage Rate(%)    : 0
	HBM Capacity(MB)               : 65536
	HBM Usage Rate(%)              : 29
	Aicore Usage Rate(%)           : 76
	Aivector Usage Rate(%)         : 4
	Aicpu Usage Rate(%)            : 0
	Ctrlcpu Usage Rate(%)          : 8
	DDR Bandwidth Usage Rate(%)    : 0
	HBM Bandwidth Usage Rate(%)    : 54
	NPU Utilization(%)             : 96
	Aicube Usage Rate(%)           : 70
	Get pid name failed.
	Process id:2090716 Process name:                  Process memory(MB):16066
Error: cannot run top on container fca65b17c7696be0978c024206dce045576ad0d5017576dab9c64493f5b57e1c as it did not create a cgroup: this container does not have a cgroup
timestamp_ns=1785752980377843861
	DDR Capacity(MB)               : 0
	DDR Usage Rate(%)              : 0
	DDR Hugepages Total(page)      : 0
	DDR Hugepages Usage Rate(%)    : 0
	HBM Capacity(MB)               : 65536
	HBM Usage Rate(%)              : 29
	Aicore Usage Rate(%)           : 77
	Aivector Usage Rate(%)         : 5
	Aicpu Usage Rate(%)            : 0
	Ctrlcpu Usage Rate(%)          : 2
	DDR Bandwidth Usage Rate(%)    : 0
	HBM Bandwidth Usage Rate(%)    : 53
	NPU Utilization(%)             : 86
	Aicube Usage Rate(%)           : 71
	Get pid name failed.
	Process id:2090716 Process name:                  Process memory(MB):16066
Error: cannot run top on container fca65b17c7696be0978c024206dce045576ad0d5017576dab9c64493f5b57e1c as it did not create a cgroup: this container does not have a cgroup
timestamp_ns=1785752982537808571
	DDR Capacity(MB)               : 0
	DDR Usage Rate(%)              : 0
	DDR Hugepages Total(page)      : 0
	DDR Hugepages Usage Rate(%)    : 0
	HBM Capacity(MB)               : 65536
	HBM Usage Rate(%)              : 29
	Aicore Usage Rate(%)           : 77
	Aivector Usage Rate(%)         : 5
	Aicpu Usage Rate(%)            : 0
	Ctrlcpu Usage Rate(%)          : 4
	DDR Bandwidth Usage Rate(%)    : 0
	HBM Bandwidth Usage Rate(%)    : 54
	NPU Utilization(%)             : 93
	Aicube Usage Rate(%)           : 71
	Get pid name failed.
	Process id:2090716 Process name:                  Process memory(MB):16066
Error: cannot run top on container fca65b17c7696be0978c024206dce045576ad0d5017576dab9c64493f5b57e1c as it did not create a cgroup: this container does not have a cgroup
timestamp_ns=1785752984698739499
	DDR Capacity(MB)               : 0
	DDR Usage Rate(%)              : 0
	DDR Hugepages Total(page)      : 0
	DDR Hugepages Usage Rate(%)    : 0
	HBM Capacity(MB)               : 65536
	HBM Usage Rate(%)              : 29
	Aicore Usage Rate(%)           : 76
	Aivector Usage Rate(%)         : 4
	Aicpu Usage Rate(%)            : 0
	Ctrlcpu Usage Rate(%)          : 3
	DDR Bandwidth Usage Rate(%)    : 0
	HBM Bandwidth Usage Rate(%)    : 53
	NPU Utilization(%)             : 96
	Aicube Usage Rate(%)           : 70
	Get pid name failed.
	Process id:2090716 Process name:                  Process memory(MB):16066
Error: cannot run top on container fca65b17c7696be0978c024206dce045576ad0d5017576dab9c64493f5b57e1c as it did not create a cgroup: this container does not have a cgroup
timestamp_ns=1785752986876557150
	DDR Capacity(MB)               : 0
	DDR Usage Rate(%)              : 0
	DDR Hugepages Total(page)      : 0
	DDR Hugepages Usage Rate(%)    : 0
	HBM Capacity(MB)               : 65536
	HBM Usage Rate(%)              : 29
	Aicore Usage Rate(%)           : 77
	Aivector Usage Rate(%)         : 4
	Aicpu Usage Rate(%)            : 0
	Ctrlcpu Usage Rate(%)          : 8
	DDR Bandwidth Usage Rate(%)    : 0
	HBM Bandwidth Usage Rate(%)    : 23
	NPU Utilization(%)             : 100
	Aicube Usage Rate(%)           : 71
	Get pid name failed.
	Process id:2090716 Process name:                  Process memory(MB):16066
Error: cannot run top on container fca65b17c7696be0978c024206dce045576ad0d5017576dab9c64493f5b57e1c as it did not create a cgroup: this container does not have a cgroup
timestamp_ns=1785752989013843594
	DDR Capacity(MB)               : 0
	DDR Usage Rate(%)              : 0
	DDR Hugepages Total(page)      : 0
	DDR Hugepages Usage Rate(%)    : 0
	HBM Capacity(MB)               : 65536
	HBM Usage Rate(%)              : 29
	Aicore Usage Rate(%)           : 77
	Aivector Usage Rate(%)         : 5
	Aicpu Usage Rate(%)            : 0
	Ctrlcpu Usage Rate(%)          : 1
	DDR Bandwidth Usage Rate(%)    : 0
	HBM Bandwidth Usage Rate(%)    : 52
	NPU Utilization(%)             : 93
	Aicube Usage Rate(%)           : 71
	Get pid name failed.
	Process id:2090716 Process name:                  Process memory(MB):16066
Error: cannot run top on container fca65b17c7696be0978c024206dce045576ad0d5017576dab9c64493f5b57e1c as it did not create a cgroup: this container does not have a cgroup
timestamp_ns=1785752991165290310
	DDR Capacity(MB)               : 0
	DDR Usage Rate(%)              : 0
	DDR Hugepages Total(page)      : 0
	DDR Hugepages Usage Rate(%)    : 0
	HBM Capacity(MB)               : 65536
	HBM Usage Rate(%)              : 29
	Aicore Usage Rate(%)           : 77
	Aivector Usage Rate(%)         : 5
	Aicpu Usage Rate(%)            : 0
	Ctrlcpu Usage Rate(%)          : 1
	DDR Bandwidth Usage Rate(%)    : 0
	HBM Bandwidth Usage Rate(%)    : 54
	NPU Utilization(%)             : 86
	Aicube Usage Rate(%)           : 70
	Get pid name failed.
	Process id:2090716 Process name:                  Process memory(MB):16066
Error: cannot run top on container fca65b17c7696be0978c024206dce045576ad0d5017576dab9c64493f5b57e1c as it did not create a cgroup: this container does not have a cgroup
timestamp_ns=1785752993315446804
	DDR Capacity(MB)               : 0
	DDR Usage Rate(%)              : 0
	DDR Hugepages Total(page)      : 0
	DDR Hugepages Usage Rate(%)    : 0
	HBM Capacity(MB)               : 65536
	HBM Usage Rate(%)              : 29
	Aicore Usage Rate(%)           : 76
	Aivector Usage Rate(%)         : 5
	Aicpu Usage Rate(%)            : 0
	Ctrlcpu Usage Rate(%)          : 1
	DDR Bandwidth Usage Rate(%)    : 0
	HBM Bandwidth Usage Rate(%)    : 52
	NPU Utilization(%)             : 93
	Aicube Usage Rate(%)           : 70
	Get pid name failed.
	Process id:2090716 Process name:                  Process memory(MB):16066
Error: cannot run top on container fca65b17c7696be0978c024206dce045576ad0d5017576dab9c64493f5b57e1c as it did not create a cgroup: this container does not have a cgroup
timestamp_ns=1785752995453048117
	DDR Capacity(MB)               : 0
	DDR Usage Rate(%)              : 0
	DDR Hugepages Total(page)      : 0
	DDR Hugepages Usage Rate(%)    : 0
	HBM Capacity(MB)               : 65536
	HBM Usage Rate(%)              : 29
	Aicore Usage Rate(%)           : 75
	Aivector Usage Rate(%)         : 4
	Aicpu Usage Rate(%)            : 0
	Ctrlcpu Usage Rate(%)          : 4
	DDR Bandwidth Usage Rate(%)    : 0
	HBM Bandwidth Usage Rate(%)    : 52
	NPU Utilization(%)             : 89
	Aicube Usage Rate(%)           : 69
	Get pid name failed.
	Process id:2090716 Process name:                  Process memory(MB):16066
Error: cannot run top on container fca65b17c7696be0978c024206dce045576ad0d5017576dab9c64493f5b57e1c as it did not create a cgroup: this container does not have a cgroup
timestamp_ns=1785752997584605532
	DDR Capacity(MB)               : 0
	DDR Usage Rate(%)              : 0
	DDR Hugepages Total(page)      : 0
	DDR Hugepages Usage Rate(%)    : 0
	HBM Capacity(MB)               : 65536
	HBM Usage Rate(%)              : 29
	Aicore Usage Rate(%)           : 79
	Aivector Usage Rate(%)         : 5
	Aicpu Usage Rate(%)            : 0
	Ctrlcpu Usage Rate(%)          : 2
	DDR Bandwidth Usage Rate(%)    : 0
	HBM Bandwidth Usage Rate(%)    : 53
	NPU Utilization(%)             : 100
	Aicube Usage Rate(%)           : 72
	Get pid name failed.
	Process id:2090716 Process name:                  Process memory(MB):16066
Error: cannot run top on container fca65b17c7696be0978c024206dce045576ad0d5017576dab9c64493f5b57e1c as it did not create a cgroup: this container does not have a cgroup
timestamp_ns=1785752999729448831
	DDR Capacity(MB)               : 0
	DDR Usage Rate(%)              : 0
	DDR Hugepages Total(page)      : 0
	DDR Hugepages Usage Rate(%)    : 0
	HBM Capacity(MB)               : 65536
	HBM Usage Rate(%)              : 29
	Aicore Usage Rate(%)           : 78
	Aivector Usage Rate(%)         : 5
	Aicpu Usage Rate(%)            : 0
	Ctrlcpu Usage Rate(%)          : 1
	DDR Bandwidth Usage Rate(%)    : 0
	HBM Bandwidth Usage Rate(%)    : 53
	NPU Utilization(%)             : 89
	Aicube Usage Rate(%)           : 71
	Get pid name failed.
	Process id:2090716 Process name:                  Process memory(MB):16066
Error: cannot run top on container fca65b17c7696be0978c024206dce045576ad0d5017576dab9c64493f5b57e1c as it did not create a cgroup: this container does not have a cgroup
timestamp_ns=1785753001876139038
	DDR Capacity(MB)               : 0
	DDR Usage Rate(%)              : 0
	DDR Hugepages Total(page)      : 0
	DDR Hugepages Usage Rate(%)    : 0
	HBM Capacity(MB)               : 65536
	HBM Usage Rate(%)              : 29
	Aicore Usage Rate(%)           : 81
	Aivector Usage Rate(%)         : 5
	Aicpu Usage Rate(%)            : 0
	Ctrlcpu Usage Rate(%)          : 6
	DDR Bandwidth Usage Rate(%)    : 0
	HBM Bandwidth Usage Rate(%)    : 53
	NPU Utilization(%)             : 86
	Aicube Usage Rate(%)           : 74
	Get pid name failed.
	Process id:2090716 Process name:                  Process memory(MB):16066
Error: cannot run top on container fca65b17c7696be0978c024206dce045576ad0d5017576dab9c64493f5b57e1c as it did not create a cgroup: this container does not have a cgroup
timestamp_ns=1785753004026532225
	DDR Capacity(MB)               : 0
	DDR Usage Rate(%)              : 0
	DDR Hugepages Total(page)      : 0
	DDR Hugepages Usage Rate(%)    : 0
	HBM Capacity(MB)               : 65536
	HBM Usage Rate(%)              : 29
	Aicore Usage Rate(%)           : 78
	Aivector Usage Rate(%)         : 5
	Aicpu Usage Rate(%)            : 0
	Ctrlcpu Usage Rate(%)          : 3
	DDR Bandwidth Usage Rate(%)    : 0
	HBM Bandwidth Usage Rate(%)    : 52
	NPU Utilization(%)             : 89
	Aicube Usage Rate(%)           : 70
	Get pid name failed.
	Process id:2090716 Process name:                  Process memory(MB):16066
Error: cannot run top on container fca65b17c7696be0978c024206dce045576ad0d5017576dab9c64493f5b57e1c as it did not create a cgroup: this container does not have a cgroup
timestamp_ns=1785753006168890121
	DDR Capacity(MB)               : 0
	DDR Usage Rate(%)              : 0
	DDR Hugepages Total(page)      : 0
	DDR Hugepages Usage Rate(%)    : 0
	HBM Capacity(MB)               : 65536
	HBM Usage Rate(%)              : 29
	Aicore Usage Rate(%)           : 80
	Aivector Usage Rate(%)         : 5
	Aicpu Usage Rate(%)            : 0
	Ctrlcpu Usage Rate(%)          : 4
	DDR Bandwidth Usage Rate(%)    : 0
	HBM Bandwidth Usage Rate(%)    : 53
	NPU Utilization(%)             : 80
	Aicube Usage Rate(%)           : 73
	Get pid name failed.
	Process id:2090716 Process name:                  Process memory(MB):16066
Error: cannot run top on container fca65b17c7696be0978c024206dce045576ad0d5017576dab9c64493f5b57e1c as it did not create a cgroup: this container does not have a cgroup
timestamp_ns=1785753008307501301
	DDR Capacity(MB)               : 0
	DDR Usage Rate(%)              : 0
	DDR Hugepages Total(page)      : 0
	DDR Hugepages Usage Rate(%)    : 0
	HBM Capacity(MB)               : 65536
	HBM Usage Rate(%)              : 29
	Aicore Usage Rate(%)           : 77
	Aivector Usage Rate(%)         : 5
	Aicpu Usage Rate(%)            : 0
	Ctrlcpu Usage Rate(%)          : 2
	DDR Bandwidth Usage Rate(%)    : 0
	HBM Bandwidth Usage Rate(%)    : 53
	NPU Utilization(%)             : 96
	Aicube Usage Rate(%)           : 71
	Get pid name failed.
	Process id:2090716 Process name:                  Process memory(MB):16066
Error: cannot run top on container fca65b17c7696be0978c024206dce045576ad0d5017576dab9c64493f5b57e1c as it did not create a cgroup: this container does not have a cgroup
timestamp_ns=1785753010439382911
	DDR Capacity(MB)               : 0
	DDR Usage Rate(%)              : 0
	DDR Hugepages Total(page)      : 0
	DDR Hugepages Usage Rate(%)    : 0
	HBM Capacity(MB)               : 65536
	HBM Usage Rate(%)              : 29
	Aicore Usage Rate(%)           : 77
	Aivector Usage Rate(%)         : 4
	Aicpu Usage Rate(%)            : 0
	Ctrlcpu Usage Rate(%)          : 3
	DDR Bandwidth Usage Rate(%)    : 0
	HBM Bandwidth Usage Rate(%)    : 53
	NPU Utilization(%)             : 96
	Aicube Usage Rate(%)           : 71
	Get pid name failed.
	Process id:2090716 Process name:                  Process memory(MB):16066
Error: cannot run top on container fca65b17c7696be0978c024206dce045576ad0d5017576dab9c64493f5b57e1c as it did not create a cgroup: this container does not have a cgroup
timestamp_ns=1785753012570615174
	DDR Capacity(MB)               : 0
	DDR Usage Rate(%)              : 0
	DDR Hugepages Total(page)      : 0
	DDR Hugepages Usage Rate(%)    : 0
	HBM Capacity(MB)               : 65536
	HBM Usage Rate(%)              : 29
	Aicore Usage Rate(%)           : 78
	Aivector Usage Rate(%)         : 5
	Aicpu Usage Rate(%)            : 0
	Ctrlcpu Usage Rate(%)          : 2
	DDR Bandwidth Usage Rate(%)    : 0
	HBM Bandwidth Usage Rate(%)    : 53
	NPU Utilization(%)             : 96
	Aicube Usage Rate(%)           : 72
	Get pid name failed.
	Process id:2090716 Process name:                  Process memory(MB):16066
Error: cannot run top on container fca65b17c7696be0978c024206dce045576ad0d5017576dab9c64493f5b57e1c as it did not create a cgroup: this container does not have a cgroup
timestamp_ns=1785753014707840708
	DDR Capacity(MB)               : 0
	DDR Usage Rate(%)              : 0
	DDR Hugepages Total(page)      : 0
	DDR Hugepages Usage Rate(%)    : 0
	HBM Capacity(MB)               : 65536
	HBM Usage Rate(%)              : 29
	Aicore Usage Rate(%)           : 77
	Aivector Usage Rate(%)         : 4
	Aicpu Usage Rate(%)            : 0
	Ctrlcpu Usage Rate(%)          : 2
	DDR Bandwidth Usage Rate(%)    : 0
	HBM Bandwidth Usage Rate(%)    : 17
	NPU Utilization(%)             : 86
	Aicube Usage Rate(%)           : 71
	Get pid name failed.
	Process id:2090716 Process name:                  Process memory(MB):16066
Error: cannot run top on container fca65b17c7696be0978c024206dce045576ad0d5017576dab9c64493f5b57e1c as it did not create a cgroup: this container does not have a cgroup
timestamp_ns=1785753016847573836
	DDR Capacity(MB)               : 0
	DDR Usage Rate(%)              : 0
	DDR Hugepages Total(page)      : 0
	DDR Hugepages Usage Rate(%)    : 0
	HBM Capacity(MB)               : 65536
	HBM Usage Rate(%)              : 29
	Aicore Usage Rate(%)           : 76
	Aivector Usage Rate(%)         : 4
	Aicpu Usage Rate(%)            : 0
	Ctrlcpu Usage Rate(%)          : 4
	DDR Bandwidth Usage Rate(%)    : 0
	HBM Bandwidth Usage Rate(%)    : 53
	NPU Utilization(%)             : 89
	Aicube Usage Rate(%)           : 70
	Get pid name failed.
	Process id:2090716 Process name:                  Process memory(MB):16066
Error: cannot run top on container fca65b17c7696be0978c024206dce045576ad0d5017576dab9c64493f5b57e1c as it did not create a cgroup: this container does not have a cgroup
timestamp_ns=1785753018987825635
	DDR Capacity(MB)               : 0
	DDR Usage Rate(%)              : 0
	DDR Hugepages Total(page)      : 0
	DDR Hugepages Usage Rate(%)    : 0
	HBM Capacity(MB)               : 65536
	HBM Usage Rate(%)              : 29
	Aicore Usage Rate(%)           : 77
	Aivector Usage Rate(%)         : 5
	Aicpu Usage Rate(%)            : 0
	Ctrlcpu Usage Rate(%)          : 2
	DDR Bandwidth Usage Rate(%)    : 0
	HBM Bandwidth Usage Rate(%)    : 54
	NPU Utilization(%)             : 100
	Aicube Usage Rate(%)           : 71
	Get pid name failed.
	Process id:2090716 Process name:                  Process memory(MB):16066
Error: cannot run top on container fca65b17c7696be0978c024206dce045576ad0d5017576dab9c64493f5b57e1c as it did not create a cgroup: this container does not have a cgroup
timestamp_ns=1785753021132009758
	DDR Capacity(MB)               : 0
	DDR Usage Rate(%)              : 0
	DDR Hugepages Total(page)      : 0
	DDR Hugepages Usage Rate(%)    : 0
	HBM Capacity(MB)               : 65536
	HBM Usage Rate(%)              : 29
	Aicore Usage Rate(%)           : 75
	Aivector Usage Rate(%)         : 5
	Aicpu Usage Rate(%)            : 0
	Ctrlcpu Usage Rate(%)          : 7
	DDR Bandwidth Usage Rate(%)    : 0
	HBM Bandwidth Usage Rate(%)    : 52
	NPU Utilization(%)             : 96
	Aicube Usage Rate(%)           : 69
	Get pid name failed.
	Process id:2090716 Process name:                  Process memory(MB):16066
Error: cannot run top on container fca65b17c7696be0978c024206dce045576ad0d5017576dab9c64493f5b57e1c as it did not create a cgroup: this container does not have a cgroup
timestamp_ns=1785753023301426337
	DDR Capacity(MB)               : 0
	DDR Usage Rate(%)              : 0
	DDR Hugepages Total(page)      : 0
	DDR Hugepages Usage Rate(%)    : 0
	HBM Capacity(MB)               : 65536
	HBM Usage Rate(%)              : 29
	Aicore Usage Rate(%)           : 75
	Aivector Usage Rate(%)         : 4
	Aicpu Usage Rate(%)            : 0
	Ctrlcpu Usage Rate(%)          : 4
	DDR Bandwidth Usage Rate(%)    : 0
	HBM Bandwidth Usage Rate(%)    : 53
	NPU Utilization(%)             : 89
	Aicube Usage Rate(%)           : 69
	Get pid name failed.
	Process id:2090716 Process name:                  Process memory(MB):16066
Error: cannot run top on container fca65b17c7696be0978c024206dce045576ad0d5017576dab9c64493f5b57e1c as it did not create a cgroup: this container does not have a cgroup
timestamp_ns=1785753025446337452
	DDR Capacity(MB)               : 0
	DDR Usage Rate(%)              : 0
	DDR Hugepages Total(page)      : 0
	DDR Hugepages Usage Rate(%)    : 0
	HBM Capacity(MB)               : 65536
	HBM Usage Rate(%)              : 29
	Aicore Usage Rate(%)           : 78
	Aivector Usage Rate(%)         : 5
	Aicpu Usage Rate(%)            : 0
	Ctrlcpu Usage Rate(%)          : 4
	DDR Bandwidth Usage Rate(%)    : 0
	HBM Bandwidth Usage Rate(%)    : 53
	NPU Utilization(%)             : 96
	Aicube Usage Rate(%)           : 71
	Get pid name failed.
	Process id:2090716 Process name:                  Process memory(MB):16066
Error: cannot run top on container fca65b17c7696be0978c024206dce045576ad0d5017576dab9c64493f5b57e1c as it did not create a cgroup: this container does not have a cgroup
timestamp_ns=1785753027604948619
	DDR Capacity(MB)               : 0
	DDR Usage Rate(%)              : 0
	DDR Hugepages Total(page)      : 0
	DDR Hugepages Usage Rate(%)    : 0
	HBM Capacity(MB)               : 65536
	HBM Usage Rate(%)              : 29
	Aicore Usage Rate(%)           : 77
	Aivector Usage Rate(%)         : 5
	Aicpu Usage Rate(%)            : 0
	Ctrlcpu Usage Rate(%)          : 3
	DDR Bandwidth Usage Rate(%)    : 0
	HBM Bandwidth Usage Rate(%)    : 54
	NPU Utilization(%)             : 79
	Aicube Usage Rate(%)           : 70
	Get pid name failed.
	Process id:2090716 Process name:                  Process memory(MB):16066
Error: cannot run top on container fca65b17c7696be0978c024206dce045576ad0d5017576dab9c64493f5b57e1c as it did not create a cgroup: this container does not have a cgroup
timestamp_ns=1785753029826046124
	DDR Capacity(MB)               : 0
	DDR Usage Rate(%)              : 0
	DDR Hugepages Total(page)      : 0
	DDR Hugepages Usage Rate(%)    : 0
	HBM Capacity(MB)               : 65536
	HBM Usage Rate(%)              : 29
	Aicore Usage Rate(%)           : 78
	Aivector Usage Rate(%)         : 5
	Aicpu Usage Rate(%)            : 0
	Ctrlcpu Usage Rate(%)          : 3
	DDR Bandwidth Usage Rate(%)    : 0
	HBM Bandwidth Usage Rate(%)    : 52
	NPU Utilization(%)             : 89
	Aicube Usage Rate(%)           : 71
	Get pid name failed.
	Process id:2090716 Process name:                  Process memory(MB):16066
Error: cannot run top on container fca65b17c7696be0978c024206dce045576ad0d5017576dab9c64493f5b57e1c as it did not create a cgroup: this container does not have a cgroup
timestamp_ns=1785753031974294269
	DDR Capacity(MB)               : 0
	DDR Usage Rate(%)              : 0
	DDR Hugepages Total(page)      : 0
	DDR Hugepages Usage Rate(%)    : 0
	HBM Capacity(MB)               : 65536
	HBM Usage Rate(%)              : 29
	Aicore Usage Rate(%)           : 77
	Aivector Usage Rate(%)         : 5
	Aicpu Usage Rate(%)            : 0
	Ctrlcpu Usage Rate(%)          : 7
	DDR Bandwidth Usage Rate(%)    : 0
	HBM Bandwidth Usage Rate(%)    : 53
	NPU Utilization(%)             : 89
	Aicube Usage Rate(%)           : 71
	Get pid name failed.
	Process id:2090716 Process name:                  Process memory(MB):16066
Error: cannot run top on container fca65b17c7696be0978c024206dce045576ad0d5017576dab9c64493f5b57e1c as it did not create a cgroup: this container does not have a cgroup
timestamp_ns=1785753034133460253
	DDR Capacity(MB)               : 0
	DDR Usage Rate(%)              : 0
	DDR Hugepages Total(page)      : 0
	DDR Hugepages Usage Rate(%)    : 0
	HBM Capacity(MB)               : 65536
	HBM Usage Rate(%)              : 29
	Aicore Usage Rate(%)           : 76
	Aivector Usage Rate(%)         : 5
	Aicpu Usage Rate(%)            : 0
	Ctrlcpu Usage Rate(%)          : 3
	DDR Bandwidth Usage Rate(%)    : 0
	HBM Bandwidth Usage Rate(%)    : 53
	NPU Utilization(%)             : 100
	Aicube Usage Rate(%)           : 70
	Get pid name failed.
	Process id:2090716 Process name:                  Process memory(MB):16066
Error: cannot run top on container fca65b17c7696be0978c024206dce045576ad0d5017576dab9c64493f5b57e1c as it did not create a cgroup: this container does not have a cgroup
timestamp_ns=1785753036280551700
	DDR Capacity(MB)               : 0
	DDR Usage Rate(%)              : 0
	DDR Hugepages Total(page)      : 0
	DDR Hugepages Usage Rate(%)    : 0
	HBM Capacity(MB)               : 65536
	HBM Usage Rate(%)              : 29
	Aicore Usage Rate(%)           : 78
	Aivector Usage Rate(%)         : 5
	Aicpu Usage Rate(%)            : 0
	Ctrlcpu Usage Rate(%)          : 3
	DDR Bandwidth Usage Rate(%)    : 0
	HBM Bandwidth Usage Rate(%)    : 53
	NPU Utilization(%)             : 89
	Aicube Usage Rate(%)           : 71
	Get pid name failed.
	Process id:2090716 Process name:                  Process memory(MB):16066
Error: cannot run top on container fca65b17c7696be0978c024206dce045576ad0d5017576dab9c64493f5b57e1c as it did not create a cgroup: this container does not have a cgroup
timestamp_ns=1785753038416857638
	DDR Capacity(MB)               : 0
	DDR Usage Rate(%)              : 0
	DDR Hugepages Total(page)      : 0
	DDR Hugepages Usage Rate(%)    : 0
	HBM Capacity(MB)               : 65536
	HBM Usage Rate(%)              : 29
	Aicore Usage Rate(%)           : 81
	Aivector Usage Rate(%)         : 5
	Aicpu Usage Rate(%)            : 0
	Ctrlcpu Usage Rate(%)          : 3
	DDR Bandwidth Usage Rate(%)    : 0
	HBM Bandwidth Usage Rate(%)    : 53
	NPU Utilization(%)             : 100
	Aicube Usage Rate(%)           : 74
	Get pid name failed.
	Process id:2090716 Process name:                  Process memory(MB):16066
Error: cannot run top on container fca65b17c7696be0978c024206dce045576ad0d5017576dab9c64493f5b57e1c as it did not create a cgroup: this container does not have a cgroup
timestamp_ns=1785753040557229354
	DDR Capacity(MB)               : 0
	DDR Usage Rate(%)              : 0
	DDR Hugepages Total(page)      : 0
	DDR Hugepages Usage Rate(%)    : 0
	HBM Capacity(MB)               : 65536
	HBM Usage Rate(%)              : 29
	Aicore Usage Rate(%)           : 78
	Aivector Usage Rate(%)         : 5
	Aicpu Usage Rate(%)            : 0
	Ctrlcpu Usage Rate(%)          : 6
	DDR Bandwidth Usage Rate(%)    : 0
	HBM Bandwidth Usage Rate(%)    : 53
	NPU Utilization(%)             : 100
	Aicube Usage Rate(%)           : 72
	Get pid name failed.
	Process id:2090716 Process name:                  Process memory(MB):16066
Error: cannot run top on container fca65b17c7696be0978c024206dce045576ad0d5017576dab9c64493f5b57e1c as it did not create a cgroup: this container does not have a cgroup
timestamp_ns=1785753042698361767
	DDR Capacity(MB)               : 0
	DDR Usage Rate(%)              : 0
	DDR Hugepages Total(page)      : 0
	DDR Hugepages Usage Rate(%)    : 0
	HBM Capacity(MB)               : 65536
	HBM Usage Rate(%)              : 29
	Aicore Usage Rate(%)           : 78
	Aivector Usage Rate(%)         : 5
	Aicpu Usage Rate(%)            : 0
	Ctrlcpu Usage Rate(%)          : 5
	DDR Bandwidth Usage Rate(%)    : 0
	HBM Bandwidth Usage Rate(%)    : 53
	NPU Utilization(%)             : 86
	Aicube Usage Rate(%)           : 71
	Get pid name failed.
	Process id:2090716 Process name:                  Process memory(MB):16066
Error: cannot run top on container fca65b17c7696be0978c024206dce045576ad0d5017576dab9c64493f5b57e1c as it did not create a cgroup: this container does not have a cgroup
timestamp_ns=1785753044837485536
	DDR Capacity(MB)               : 0
	DDR Usage Rate(%)              : 0
	DDR Hugepages Total(page)      : 0
	DDR Hugepages Usage Rate(%)    : 0
	HBM Capacity(MB)               : 65536
	HBM Usage Rate(%)              : 29
	Aicore Usage Rate(%)           : 79
	Aivector Usage Rate(%)         : 5
	Aicpu Usage Rate(%)            : 0
	Ctrlcpu Usage Rate(%)          : 9
	DDR Bandwidth Usage Rate(%)    : 0
	HBM Bandwidth Usage Rate(%)    : 19
	NPU Utilization(%)             : 93
	Aicube Usage Rate(%)           : 73
	Get pid name failed.
	Process id:2090716 Process name:                  Process memory(MB):16066
Error: cannot run top on container fca65b17c7696be0978c024206dce045576ad0d5017576dab9c64493f5b57e1c as it did not create a cgroup: this container does not have a cgroup
timestamp_ns=1785753046992471382
	DDR Capacity(MB)               : 0
	DDR Usage Rate(%)              : 0
	DDR Hugepages Total(page)      : 0
	DDR Hugepages Usage Rate(%)    : 0
	HBM Capacity(MB)               : 65536
	HBM Usage Rate(%)              : 29
	Aicore Usage Rate(%)           : 77
	Aivector Usage Rate(%)         : 5
	Aicpu Usage Rate(%)            : 0
	Ctrlcpu Usage Rate(%)          : 8
	DDR Bandwidth Usage Rate(%)    : 0
	HBM Bandwidth Usage Rate(%)    : 53
	NPU Utilization(%)             : 100
	Aicube Usage Rate(%)           : 71
	Get pid name failed.
	Process id:2090716 Process name:                  Process memory(MB):16066
Error: cannot run top on container fca65b17c7696be0978c024206dce045576ad0d5017576dab9c64493f5b57e1c as it did not create a cgroup: this container does not have a cgroup
timestamp_ns=1785753049147978669
	DDR Capacity(MB)               : 0
	DDR Usage Rate(%)              : 0
	DDR Hugepages Total(page)      : 0
	DDR Hugepages Usage Rate(%)    : 0
	HBM Capacity(MB)               : 65536
	HBM Usage Rate(%)              : 29
	Aicore Usage Rate(%)           : 79
	Aivector Usage Rate(%)         : 5
	Aicpu Usage Rate(%)            : 0
	Ctrlcpu Usage Rate(%)          : 5
	DDR Bandwidth Usage Rate(%)    : 0
	HBM Bandwidth Usage Rate(%)    : 54
	NPU Utilization(%)             : 82
	Aicube Usage Rate(%)           : 72
	Get pid name failed.
	Process id:2090716 Process name:                  Process memory(MB):16066
Error: cannot run top on container fca65b17c7696be0978c024206dce045576ad0d5017576dab9c64493f5b57e1c as it did not create a cgroup: this container does not have a cgroup
timestamp_ns=1785753051298182589
	DDR Capacity(MB)               : 0
	DDR Usage Rate(%)              : 0
	DDR Hugepages Total(page)      : 0
	DDR Hugepages Usage Rate(%)    : 0
	HBM Capacity(MB)               : 65536
	HBM Usage Rate(%)              : 29
	Aicore Usage Rate(%)           : 79
	Aivector Usage Rate(%)         : 5
	Aicpu Usage Rate(%)            : 0
	Ctrlcpu Usage Rate(%)          : 3
	DDR Bandwidth Usage Rate(%)    : 0
	HBM Bandwidth Usage Rate(%)    : 53
	NPU Utilization(%)             : 100
	Aicube Usage Rate(%)           : 72
	Get pid name failed.
	Process id:2090716 Process name:                  Process memory(MB):16066
Error: cannot run top on container fca65b17c7696be0978c024206dce045576ad0d5017576dab9c64493f5b57e1c as it did not create a cgroup: this container does not have a cgroup
timestamp_ns=1785753053432266894
	DDR Capacity(MB)               : 0
	DDR Usage Rate(%)              : 0
	DDR Hugepages Total(page)      : 0
	DDR Hugepages Usage Rate(%)    : 0
	HBM Capacity(MB)               : 65536
	HBM Usage Rate(%)              : 29
	Aicore Usage Rate(%)           : 78
	Aivector Usage Rate(%)         : 5
	Aicpu Usage Rate(%)            : 0
	Ctrlcpu Usage Rate(%)          : 2
	DDR Bandwidth Usage Rate(%)    : 0
	HBM Bandwidth Usage Rate(%)    : 54
	NPU Utilization(%)             : 86
	Aicube Usage Rate(%)           : 71
	Get pid name failed.
	Process id:2090716 Process name:                  Process memory(MB):16066
Error: cannot run top on container fca65b17c7696be0978c024206dce045576ad0d5017576dab9c64493f5b57e1c as it did not create a cgroup: this container does not have a cgroup
timestamp_ns=1785753055607427471
	DDR Capacity(MB)               : 0
	DDR Usage Rate(%)              : 0
	DDR Hugepages Total(page)      : 0
	DDR Hugepages Usage Rate(%)    : 0
	HBM Capacity(MB)               : 65536
	HBM Usage Rate(%)              : 29
	Aicore Usage Rate(%)           : 81
	Aivector Usage Rate(%)         : 5
	Aicpu Usage Rate(%)            : 0
	Ctrlcpu Usage Rate(%)          : 4
	DDR Bandwidth Usage Rate(%)    : 0
	HBM Bandwidth Usage Rate(%)    : 53
	NPU Utilization(%)             : 86
	Aicube Usage Rate(%)           : 74
	Get pid name failed.
	Process id:2090716 Process name:                  Process memory(MB):16066
Error: cannot run top on container fca65b17c7696be0978c024206dce045576ad0d5017576dab9c64493f5b57e1c as it did not create a cgroup: this container does not have a cgroup
timestamp_ns=1785753057748827527
	DDR Capacity(MB)               : 0
	DDR Usage Rate(%)              : 0
	DDR Hugepages Total(page)      : 0
	DDR Hugepages Usage Rate(%)    : 0
	HBM Capacity(MB)               : 65536
	HBM Usage Rate(%)              : 29
	Aicore Usage Rate(%)           : 76
	Aivector Usage Rate(%)         : 4
	Aicpu Usage Rate(%)            : 0
	Ctrlcpu Usage Rate(%)          : 3
	DDR Bandwidth Usage Rate(%)    : 0
	HBM Bandwidth Usage Rate(%)    : 54
	NPU Utilization(%)             : 93
	Aicube Usage Rate(%)           : 70
	Get pid name failed.
	Process id:2090716 Process name:                  Process memory(MB):16066
Error: cannot run top on container fca65b17c7696be0978c024206dce045576ad0d5017576dab9c64493f5b57e1c as it did not create a cgroup: this container does not have a cgroup
timestamp_ns=1785753059890439117
	DDR Capacity(MB)               : 0
	DDR Usage Rate(%)              : 0
	DDR Hugepages Total(page)      : 0
	DDR Hugepages Usage Rate(%)    : 0
	HBM Capacity(MB)               : 65536
	HBM Usage Rate(%)              : 29
	Aicore Usage Rate(%)           : 79
	Aivector Usage Rate(%)         : 5
	Aicpu Usage Rate(%)            : 0
	Ctrlcpu Usage Rate(%)          : 1
	DDR Bandwidth Usage Rate(%)    : 0
	HBM Bandwidth Usage Rate(%)    : 53
	NPU Utilization(%)             : 93
	Aicube Usage Rate(%)           : 72
	Get pid name failed.
	Process id:2090716 Process name:                  Process memory(MB):16066
Error: cannot run top on container fca65b17c7696be0978c024206dce045576ad0d5017576dab9c64493f5b57e1c as it did not create a cgroup: this container does not have a cgroup
timestamp_ns=1785753062027822044
	DDR Capacity(MB)               : 0
	DDR Usage Rate(%)              : 0
	DDR Hugepages Total(page)      : 0
	DDR Hugepages Usage Rate(%)    : 0
	HBM Capacity(MB)               : 65536
	HBM Usage Rate(%)              : 29
	Aicore Usage Rate(%)           : 77
	Aivector Usage Rate(%)         : 5
	Aicpu Usage Rate(%)            : 0
	Ctrlcpu Usage Rate(%)          : 7
	DDR Bandwidth Usage Rate(%)    : 0
	HBM Bandwidth Usage Rate(%)    : 53
	NPU Utilization(%)             : 86
	Aicube Usage Rate(%)           : 71
	Get pid name failed.
	Process id:2090716 Process name:                  Process memory(MB):16066
Error: cannot run top on container fca65b17c7696be0978c024206dce045576ad0d5017576dab9c64493f5b57e1c as it did not create a cgroup: this container does not have a cgroup
timestamp_ns=1785753064185279572
	DDR Capacity(MB)               : 0
	DDR Usage Rate(%)              : 0
	DDR Hugepages Total(page)      : 0
	DDR Hugepages Usage Rate(%)    : 0
	HBM Capacity(MB)               : 65536
	HBM Usage Rate(%)              : 29
	Aicore Usage Rate(%)           : 78
	Aivector Usage Rate(%)         : 5
	Aicpu Usage Rate(%)            : 0
	Ctrlcpu Usage Rate(%)          : 6
	DDR Bandwidth Usage Rate(%)    : 0
	HBM Bandwidth Usage Rate(%)    : 53
	NPU Utilization(%)             : 86
	Aicube Usage Rate(%)           : 71
	Get pid name failed.
	Process id:2090716 Process name:                  Process memory(MB):16066
Error: cannot run top on container fca65b17c7696be0978c024206dce045576ad0d5017576dab9c64493f5b57e1c as it did not create a cgroup: this container does not have a cgroup
timestamp_ns=1785753066329526099
	DDR Capacity(MB)               : 0
	DDR Usage Rate(%)              : 0
	DDR Hugepages Total(page)      : 0
	DDR Hugepages Usage Rate(%)    : 0
	HBM Capacity(MB)               : 65536
	HBM Usage Rate(%)              : 29
	Aicore Usage Rate(%)           : 77
	Aivector Usage Rate(%)         : 5
	Aicpu Usage Rate(%)            : 0
	Ctrlcpu Usage Rate(%)          : 6
	DDR Bandwidth Usage Rate(%)    : 0
	HBM Bandwidth Usage Rate(%)    : 53
	NPU Utilization(%)             : 96
	Aicube Usage Rate(%)           : 71
	Get pid name failed.
	Process id:2090716 Process name:                  Process memory(MB):16066
Error: cannot run top on container fca65b17c7696be0978c024206dce045576ad0d5017576dab9c64493f5b57e1c as it did not create a cgroup: this container does not have a cgroup
timestamp_ns=1785753068467852838
	DDR Capacity(MB)               : 0
	DDR Usage Rate(%)              : 0
	DDR Hugepages Total(page)      : 0
	DDR Hugepages Usage Rate(%)    : 0
	HBM Capacity(MB)               : 65536
	HBM Usage Rate(%)              : 29
	Aicore Usage Rate(%)           : 79
	Aivector Usage Rate(%)         : 5
	Aicpu Usage Rate(%)            : 0
	Ctrlcpu Usage Rate(%)          : 3
	DDR Bandwidth Usage Rate(%)    : 0
	HBM Bandwidth Usage Rate(%)    : 53
	NPU Utilization(%)             : 89
	Aicube Usage Rate(%)           : 72
	Get pid name failed.
	Process id:2090716 Process name:                  Process memory(MB):16066
Error: cannot run top on container fca65b17c7696be0978c024206dce045576ad0d5017576dab9c64493f5b57e1c as it did not create a cgroup: this container does not have a cgroup
timestamp_ns=1785753070612674749
	DDR Capacity(MB)               : 0
	DDR Usage Rate(%)              : 0
	DDR Hugepages Total(page)      : 0
	DDR Hugepages Usage Rate(%)    : 0
	HBM Capacity(MB)               : 65536
	HBM Usage Rate(%)              : 29
	Aicore Usage Rate(%)           : 79
	Aivector Usage Rate(%)         : 5
	Aicpu Usage Rate(%)            : 0
	Ctrlcpu Usage Rate(%)          : 3
	DDR Bandwidth Usage Rate(%)    : 0
	HBM Bandwidth Usage Rate(%)    : 53
	NPU Utilization(%)             : 96
	Aicube Usage Rate(%)           : 71
	Get pid name failed.
	Process id:2090716 Process name:                  Process memory(MB):16066
Error: cannot run top on container fca65b17c7696be0978c024206dce045576ad0d5017576dab9c64493f5b57e1c as it did not create a cgroup: this container does not have a cgroup
timestamp_ns=1785753072760659930
	DDR Capacity(MB)               : 0
	DDR Usage Rate(%)              : 0
	DDR Hugepages Total(page)      : 0
	DDR Hugepages Usage Rate(%)    : 0
	HBM Capacity(MB)               : 65536
	HBM Usage Rate(%)              : 29
	Aicore Usage Rate(%)           : 76
	Aivector Usage Rate(%)         : 5
	Aicpu Usage Rate(%)            : 0
	Ctrlcpu Usage Rate(%)          : 6
	DDR Bandwidth Usage Rate(%)    : 0
	HBM Bandwidth Usage Rate(%)    : 53
	NPU Utilization(%)             : 93
	Aicube Usage Rate(%)           : 70
	Get pid name failed.
	Process id:2090716 Process name:                  Process memory(MB):16066
Error: cannot run top on container fca65b17c7696be0978c024206dce045576ad0d5017576dab9c64493f5b57e1c as it did not create a cgroup: this container does not have a cgroup
timestamp_ns=1785753074917433854
	DDR Capacity(MB)               : 0
	DDR Usage Rate(%)              : 0
	DDR Hugepages Total(page)      : 0
	DDR Hugepages Usage Rate(%)    : 0
	HBM Capacity(MB)               : 65536
	HBM Usage Rate(%)              : 29
	Aicore Usage Rate(%)           : 77
	Aivector Usage Rate(%)         : 5
	Aicpu Usage Rate(%)            : 0
	Ctrlcpu Usage Rate(%)          : 3
	DDR Bandwidth Usage Rate(%)    : 0
	HBM Bandwidth Usage Rate(%)    : 23
	NPU Utilization(%)             : 93
	Aicube Usage Rate(%)           : 71
	Get pid name failed.
	Process id:2090716 Process name:                  Process memory(MB):16066
Error: cannot run top on container fca65b17c7696be0978c024206dce045576ad0d5017576dab9c64493f5b57e1c as it did not create a cgroup: this container does not have a cgroup
timestamp_ns=1785753077054823104
	DDR Capacity(MB)               : 0
	DDR Usage Rate(%)              : 0
	DDR Hugepages Total(page)      : 0
	DDR Hugepages Usage Rate(%)    : 0
	HBM Capacity(MB)               : 65536
	HBM Usage Rate(%)              : 29
	Aicore Usage Rate(%)           : 77
	Aivector Usage Rate(%)         : 5
	Aicpu Usage Rate(%)            : 0
	Ctrlcpu Usage Rate(%)          : 2
	DDR Bandwidth Usage Rate(%)    : 0
	HBM Bandwidth Usage Rate(%)    : 53
	NPU Utilization(%)             : 86
	Aicube Usage Rate(%)           : 71
	Get pid name failed.
	Process id:2090716 Process name:                  Process memory(MB):16066
Error: cannot run top on container fca65b17c7696be0978c024206dce045576ad0d5017576dab9c64493f5b57e1c as it did not create a cgroup: this container does not have a cgroup
timestamp_ns=1785753079221749180
	DDR Capacity(MB)               : 0
	DDR Usage Rate(%)              : 0
	DDR Hugepages Total(page)      : 0
	DDR Hugepages Usage Rate(%)    : 0
	HBM Capacity(MB)               : 65536
	HBM Usage Rate(%)              : 29
	Aicore Usage Rate(%)           : 79
	Aivector Usage Rate(%)         : 5
	Aicpu Usage Rate(%)            : 0
	Ctrlcpu Usage Rate(%)          : 5
	DDR Bandwidth Usage Rate(%)    : 0
	HBM Bandwidth Usage Rate(%)    : 54
	NPU Utilization(%)             : 86
	Aicube Usage Rate(%)           : 72
	Get pid name failed.
	Process id:2090716 Process name:                  Process memory(MB):16066
Error: cannot run top on container fca65b17c7696be0978c024206dce045576ad0d5017576dab9c64493f5b57e1c as it did not create a cgroup: this container does not have a cgroup
timestamp_ns=1785753081365116141
	DDR Capacity(MB)               : 0
	DDR Usage Rate(%)              : 0
	DDR Hugepages Total(page)      : 0
	DDR Hugepages Usage Rate(%)    : 0
	HBM Capacity(MB)               : 65536
	HBM Usage Rate(%)              : 29
	Aicore Usage Rate(%)           : 80
	Aivector Usage Rate(%)         : 5
	Aicpu Usage Rate(%)            : 0
	Ctrlcpu Usage Rate(%)          : 2
	DDR Bandwidth Usage Rate(%)    : 0
	HBM Bandwidth Usage Rate(%)    : 53
	NPU Utilization(%)             : 93
	Aicube Usage Rate(%)           : 73
	Get pid name failed.
	Process id:2090716 Process name:                  Process memory(MB):16066
Error: cannot run top on container fca65b17c7696be0978c024206dce045576ad0d5017576dab9c64493f5b57e1c as it did not create a cgroup: this container does not have a cgroup
timestamp_ns=1785753083509551777
	DDR Capacity(MB)               : 0
	DDR Usage Rate(%)              : 0
	DDR Hugepages Total(page)      : 0
	DDR Hugepages Usage Rate(%)    : 0
	HBM Capacity(MB)               : 65536
	HBM Usage Rate(%)              : 29
	Aicore Usage Rate(%)           : 77
	Aivector Usage Rate(%)         : 4
	Aicpu Usage Rate(%)            : 0
	Ctrlcpu Usage Rate(%)          : 3
	DDR Bandwidth Usage Rate(%)    : 0
	HBM Bandwidth Usage Rate(%)    : 54
	NPU Utilization(%)             : 86
	Aicube Usage Rate(%)           : 71
	Get pid name failed.
	Process id:2090716 Process name:                  Process memory(MB):16066
Error: cannot run top on container fca65b17c7696be0978c024206dce045576ad0d5017576dab9c64493f5b57e1c as it did not create a cgroup: this container does not have a cgroup
timestamp_ns=1785753085653744719
	DDR Capacity(MB)               : 0
	DDR Usage Rate(%)              : 0
	DDR Hugepages Total(page)      : 0
	DDR Hugepages Usage Rate(%)    : 0
	HBM Capacity(MB)               : 65536
	HBM Usage Rate(%)              : 29
	Aicore Usage Rate(%)           : 77
	Aivector Usage Rate(%)         : 5
	Aicpu Usage Rate(%)            : 0
	Ctrlcpu Usage Rate(%)          : 3
	DDR Bandwidth Usage Rate(%)    : 0
	HBM Bandwidth Usage Rate(%)    : 52
	NPU Utilization(%)             : 89
	Aicube Usage Rate(%)           : 71
	Get pid name failed.
	Process id:2090716 Process name:                  Process memory(MB):16066
Error: cannot run top on container fca65b17c7696be0978c024206dce045576ad0d5017576dab9c64493f5b57e1c as it did not create a cgroup: this container does not have a cgroup
timestamp_ns=1785753087797176125
	DDR Capacity(MB)               : 0
	DDR Usage Rate(%)              : 0
	DDR Hugepages Total(page)      : 0
	DDR Hugepages Usage Rate(%)    : 0
	HBM Capacity(MB)               : 65536
	HBM Usage Rate(%)              : 29
	Aicore Usage Rate(%)           : 79
	Aivector Usage Rate(%)         : 5
	Aicpu Usage Rate(%)            : 0
	Ctrlcpu Usage Rate(%)          : 9
	DDR Bandwidth Usage Rate(%)    : 0
	HBM Bandwidth Usage Rate(%)    : 54
	NPU Utilization(%)             : 93
	Aicube Usage Rate(%)           : 73
	Get pid name failed.
	Process id:2090716 Process name:                  Process memory(MB):16066
Error: cannot run top on container fca65b17c7696be0978c024206dce045576ad0d5017576dab9c64493f5b57e1c as it did not create a cgroup: this container does not have a cgroup
timestamp_ns=1785753089962954090
	DDR Capacity(MB)               : 0
	DDR Usage Rate(%)              : 0
	DDR Hugepages Total(page)      : 0
	DDR Hugepages Usage Rate(%)    : 0
	HBM Capacity(MB)               : 65536
	HBM Usage Rate(%)              : 29
	Aicore Usage Rate(%)           : 78
	Aivector Usage Rate(%)         : 5
	Aicpu Usage Rate(%)            : 0
	Ctrlcpu Usage Rate(%)          : 2
	DDR Bandwidth Usage Rate(%)    : 0
	HBM Bandwidth Usage Rate(%)    : 53
	NPU Utilization(%)             : 86
	Aicube Usage Rate(%)           : 71
	Get pid name failed.
	Process id:2090716 Process name:                  Process memory(MB):16066
Error: cannot run top on container fca65b17c7696be0978c024206dce045576ad0d5017576dab9c64493f5b57e1c as it did not create a cgroup: this container does not have a cgroup
timestamp_ns=1785753092109100487
	DDR Capacity(MB)               : 0
	DDR Usage Rate(%)              : 0
	DDR Hugepages Total(page)      : 0
	DDR Hugepages Usage Rate(%)    : 0
	HBM Capacity(MB)               : 65536
	HBM Usage Rate(%)              : 29
	Aicore Usage Rate(%)           : 77
	Aivector Usage Rate(%)         : 4
	Aicpu Usage Rate(%)            : 0
	Ctrlcpu Usage Rate(%)          : 5
	DDR Bandwidth Usage Rate(%)    : 0
	HBM Bandwidth Usage Rate(%)    : 53
	NPU Utilization(%)             : 100
	Aicube Usage Rate(%)           : 71
	Get pid name failed.
	Process id:2090716 Process name:                  Process memory(MB):16066
Error: cannot run top on container fca65b17c7696be0978c024206dce045576ad0d5017576dab9c64493f5b57e1c as it did not create a cgroup: this container does not have a cgroup
timestamp_ns=1785753094287089619
	DDR Capacity(MB)               : 0
	DDR Usage Rate(%)              : 0
	DDR Hugepages Total(page)      : 0
	DDR Hugepages Usage Rate(%)    : 0
	HBM Capacity(MB)               : 65536
	HBM Usage Rate(%)              : 29
	Aicore Usage Rate(%)           : 81
	Aivector Usage Rate(%)         : 5
	Aicpu Usage Rate(%)            : 0
	Ctrlcpu Usage Rate(%)          : 2
	DDR Bandwidth Usage Rate(%)    : 0
	HBM Bandwidth Usage Rate(%)    : 54
	NPU Utilization(%)             : 93
	Aicube Usage Rate(%)           : 74
	Get pid name failed.
	Process id:2090716 Process name:                  Process memory(MB):16066
Error: cannot run top on container fca65b17c7696be0978c024206dce045576ad0d5017576dab9c64493f5b57e1c as it did not create a cgroup: this container does not have a cgroup
timestamp_ns=1785753096435059398
	DDR Capacity(MB)               : 0
	DDR Usage Rate(%)              : 0
	DDR Hugepages Total(page)      : 0
	DDR Hugepages Usage Rate(%)    : 0
	HBM Capacity(MB)               : 65536
	HBM Usage Rate(%)              : 29
	Aicore Usage Rate(%)           : 72
	Aivector Usage Rate(%)         : 4
	Aicpu Usage Rate(%)            : 0
	Ctrlcpu Usage Rate(%)          : 0
	DDR Bandwidth Usage Rate(%)    : 0
	HBM Bandwidth Usage Rate(%)    : 53
	NPU Utilization(%)             : 93
	Aicube Usage Rate(%)           : 66
	Get pid name failed.
	Process id:2090716 Process name:                  Process memory(MB):16066
Error: cannot run top on container fca65b17c7696be0978c024206dce045576ad0d5017576dab9c64493f5b57e1c as it did not create a cgroup: this container does not have a cgroup
timestamp_ns=1785753098604651859
	DDR Capacity(MB)               : 0
	DDR Usage Rate(%)              : 0
	DDR Hugepages Total(page)      : 0
	DDR Hugepages Usage Rate(%)    : 0
	HBM Capacity(MB)               : 65536
	HBM Usage Rate(%)              : 29
	Aicore Usage Rate(%)           : 77
	Aivector Usage Rate(%)         : 5
	Aicpu Usage Rate(%)            : 0
	Ctrlcpu Usage Rate(%)          : 2
	DDR Bandwidth Usage Rate(%)    : 0
	HBM Bandwidth Usage Rate(%)    : 53
	NPU Utilization(%)             : 89
	Aicube Usage Rate(%)           : 70
	Get pid name failed.
	Process id:2090716 Process name:                  Process memory(MB):16066
Error: cannot run top on container fca65b17c7696be0978c024206dce045576ad0d5017576dab9c64493f5b57e1c as it did not create a cgroup: this container does not have a cgroup
timestamp_ns=1785753100802505726
	DDR Capacity(MB)               : 0
	DDR Usage Rate(%)              : 0
	DDR Hugepages Total(page)      : 0
	DDR Hugepages Usage Rate(%)    : 0
	HBM Capacity(MB)               : 65536
	HBM Usage Rate(%)              : 29
	Aicore Usage Rate(%)           : 75
	Aivector Usage Rate(%)         : 4
	Aicpu Usage Rate(%)            : 0
	Ctrlcpu Usage Rate(%)          : 0
	DDR Bandwidth Usage Rate(%)    : 0
	HBM Bandwidth Usage Rate(%)    : 19
	NPU Utilization(%)             : 89
	Aicube Usage Rate(%)           : 69
	Get pid name failed.
	Process id:2090716 Process name:                  Process memory(MB):16066
Error: cannot run top on container fca65b17c7696be0978c024206dce045576ad0d5017576dab9c64493f5b57e1c as it did not create a cgroup: this container does not have a cgroup
timestamp_ns=1785753102991226435
	DDR Capacity(MB)               : 0
	DDR Usage Rate(%)              : 0
	DDR Hugepages Total(page)      : 0
	DDR Hugepages Usage Rate(%)    : 0
	HBM Capacity(MB)               : 65536
	HBM Usage Rate(%)              : 29
	Aicore Usage Rate(%)           : 77
	Aivector Usage Rate(%)         : 5
	Aicpu Usage Rate(%)            : 0
	Ctrlcpu Usage Rate(%)          : 1
	DDR Bandwidth Usage Rate(%)    : 0
	HBM Bandwidth Usage Rate(%)    : 53
	NPU Utilization(%)             : 96
	Aicube Usage Rate(%)           : 71
	Get pid name failed.
	Process id:2090716 Process name:                  Process memory(MB):16066
Error: cannot run top on container fca65b17c7696be0978c024206dce045576ad0d5017576dab9c64493f5b57e1c as it did not create a cgroup: this container does not have a cgroup
timestamp_ns=1785753105166098774
	DDR Capacity(MB)               : 0
	DDR Usage Rate(%)              : 0
	DDR Hugepages Total(page)      : 0
	DDR Hugepages Usage Rate(%)    : 0
	HBM Capacity(MB)               : 65536
	HBM Usage Rate(%)              : 29
	Aicore Usage Rate(%)           : 76
	Aivector Usage Rate(%)         : 4
	Aicpu Usage Rate(%)            : 0
	Ctrlcpu Usage Rate(%)          : 3
	DDR Bandwidth Usage Rate(%)    : 0
	HBM Bandwidth Usage Rate(%)    : 53
	NPU Utilization(%)             : 96
	Aicube Usage Rate(%)           : 70
	Get pid name failed.
	Process id:2090716 Process name:                  Process memory(MB):16066
Error: cannot run top on container fca65b17c7696be0978c024206dce045576ad0d5017576dab9c64493f5b57e1c as it did not create a cgroup: this container does not have a cgroup
timestamp_ns=1785753107332713694
	DDR Capacity(MB)               : 0
	DDR Usage Rate(%)              : 0
	DDR Hugepages Total(page)      : 0
	DDR Hugepages Usage Rate(%)    : 0
	HBM Capacity(MB)               : 65536
	HBM Usage Rate(%)              : 29
	Aicore Usage Rate(%)           : 77
	Aivector Usage Rate(%)         : 5
	Aicpu Usage Rate(%)            : 0
	Ctrlcpu Usage Rate(%)          : 6
	DDR Bandwidth Usage Rate(%)    : 0
	HBM Bandwidth Usage Rate(%)    : 52
	NPU Utilization(%)             : 96
	Aicube Usage Rate(%)           : 71
	Get pid name failed.
	Process id:2090716 Process name:                  Process memory(MB):16066
Error: cannot run top on container fca65b17c7696be0978c024206dce045576ad0d5017576dab9c64493f5b57e1c as it did not create a cgroup: this container does not have a cgroup
timestamp_ns=1785753109519655838
	DDR Capacity(MB)               : 0
	DDR Usage Rate(%)              : 0
	DDR Hugepages Total(page)      : 0
	DDR Hugepages Usage Rate(%)    : 0
	HBM Capacity(MB)               : 65536
	HBM Usage Rate(%)              : 29
	Aicore Usage Rate(%)           : 75
	Aivector Usage Rate(%)         : 4
	Aicpu Usage Rate(%)            : 0
	Ctrlcpu Usage Rate(%)          : 8
	DDR Bandwidth Usage Rate(%)    : 0
	HBM Bandwidth Usage Rate(%)    : 54
	NPU Utilization(%)             : 96
	Aicube Usage Rate(%)           : 68
	Get pid name failed.
	Process id:2090716 Process name:                  Process memory(MB):16066
Error: cannot run top on container fca65b17c7696be0978c024206dce045576ad0d5017576dab9c64493f5b57e1c as it did not create a cgroup: this container does not have a cgroup
timestamp_ns=1785753111675672100
	DDR Capacity(MB)               : 0
	DDR Usage Rate(%)              : 0
	DDR Hugepages Total(page)      : 0
	DDR Hugepages Usage Rate(%)    : 0
	HBM Capacity(MB)               : 65536
	HBM Usage Rate(%)              : 29
	Aicore Usage Rate(%)           : 80
	Aivector Usage Rate(%)         : 5
	Aicpu Usage Rate(%)            : 0
	Ctrlcpu Usage Rate(%)          : 2
	DDR Bandwidth Usage Rate(%)    : 0
	HBM Bandwidth Usage Rate(%)    : 53
	NPU Utilization(%)             : 100
	Aicube Usage Rate(%)           : 73
	Get pid name failed.
	Process id:2090716 Process name:                  Process memory(MB):16066
Error: cannot run top on container fca65b17c7696be0978c024206dce045576ad0d5017576dab9c64493f5b57e1c as it did not create a cgroup: this container does not have a cgroup
timestamp_ns=1785753113829693122
	DDR Capacity(MB)               : 0
	DDR Usage Rate(%)              : 0
	DDR Hugepages Total(page)      : 0
	DDR Hugepages Usage Rate(%)    : 0
	HBM Capacity(MB)               : 65536
	HBM Usage Rate(%)              : 29
	Aicore Usage Rate(%)           : 28
	Aivector Usage Rate(%)         : 3
	Aicpu Usage Rate(%)            : 0
	Ctrlcpu Usage Rate(%)          : 4
	DDR Bandwidth Usage Rate(%)    : 0
	HBM Bandwidth Usage Rate(%)    : 53
	NPU Utilization(%)             : 28
	Aicube Usage Rate(%)           : 23
	Get pid name failed.
	Process id:2090716 Process name:                  Process memory(MB):16066
Error: cannot run top on container fca65b17c7696be0978c024206dce045576ad0d5017576dab9c64493f5b57e1c as it did not create a cgroup: this container does not have a cgroup
timestamp_ns=1785753115985585796
	DDR Capacity(MB)               : 0
	DDR Usage Rate(%)              : 0
	DDR Hugepages Total(page)      : 0
	DDR Hugepages Usage Rate(%)    : 0
	HBM Capacity(MB)               : 65536
	HBM Usage Rate(%)              : 29
	Aicore Usage Rate(%)           : 77
	Aivector Usage Rate(%)         : 4
	Aicpu Usage Rate(%)            : 0
	Ctrlcpu Usage Rate(%)          : 2
	DDR Bandwidth Usage Rate(%)    : 0
	HBM Bandwidth Usage Rate(%)    : 53
	NPU Utilization(%)             : 89
	Aicube Usage Rate(%)           : 71
	Get pid name failed.
	Process id:2090716 Process name:                  Process memory(MB):16066
Error: cannot run top on container fca65b17c7696be0978c024206dce045576ad0d5017576dab9c64493f5b57e1c as it did not create a cgroup: this container does not have a cgroup
timestamp_ns=1785753118147055332
	DDR Capacity(MB)               : 0
	DDR Usage Rate(%)              : 0
	DDR Hugepages Total(page)      : 0
	DDR Hugepages Usage Rate(%)    : 0
	HBM Capacity(MB)               : 65536
	HBM Usage Rate(%)              : 29
	Aicore Usage Rate(%)           : 100
	Aivector Usage Rate(%)         : 23
	Aicpu Usage Rate(%)            : 0
	Ctrlcpu Usage Rate(%)          : 1
	DDR Bandwidth Usage Rate(%)    : 0
	HBM Bandwidth Usage Rate(%)    : 52
	NPU Utilization(%)             : 100
	Aicube Usage Rate(%)           : 87
	Get pid name failed.
	Process id:2090716 Process name:                  Process memory(MB):16066
Error: cannot run top on container fca65b17c7696be0978c024206dce045576ad0d5017576dab9c64493f5b57e1c as it did not create a cgroup: this container does not have a cgroup
timestamp_ns=1785753120342075958
	DDR Capacity(MB)               : 0
	DDR Usage Rate(%)              : 0
	DDR Hugepages Total(page)      : 0
	DDR Hugepages Usage Rate(%)    : 0
	HBM Capacity(MB)               : 65536
	HBM Usage Rate(%)              : 29
	Aicore Usage Rate(%)           : 77
	Aivector Usage Rate(%)         : 5
	Aicpu Usage Rate(%)            : 0
	Ctrlcpu Usage Rate(%)          : 2
	DDR Bandwidth Usage Rate(%)    : 0
	HBM Bandwidth Usage Rate(%)    : 49
	NPU Utilization(%)             : 93
	Aicube Usage Rate(%)           : 71
	Get pid name failed.
	Process id:2090716 Process name:                  Process memory(MB):16066
Error: cannot run top on container fca65b17c7696be0978c024206dce045576ad0d5017576dab9c64493f5b57e1c as it did not create a cgroup: this container does not have a cgroup
timestamp_ns=1785753122527922596
	DDR Capacity(MB)               : 0
	DDR Usage Rate(%)              : 0
	DDR Hugepages Total(page)      : 0
	DDR Hugepages Usage Rate(%)    : 0
	HBM Capacity(MB)               : 65536
	HBM Usage Rate(%)              : 29
	Aicore Usage Rate(%)           : 80
	Aivector Usage Rate(%)         : 5
	Aicpu Usage Rate(%)            : 0
	Ctrlcpu Usage Rate(%)          : 8
	DDR Bandwidth Usage Rate(%)    : 0
	HBM Bandwidth Usage Rate(%)    : 0
	NPU Utilization(%)             : 80
	Aicube Usage Rate(%)           : 73
	Get pid name failed.
	Process id:2090716 Process name:                  Process memory(MB):16066
Error: cannot run top on container fca65b17c7696be0978c024206dce045576ad0d5017576dab9c64493f5b57e1c as it did not create a cgroup: this container does not have a cgroup
timestamp_ns=1785753124728716990
	DDR Capacity(MB)               : 0
	DDR Usage Rate(%)              : 0
	DDR Hugepages Total(page)      : 0
	DDR Hugepages Usage Rate(%)    : 0
	HBM Capacity(MB)               : 65536
	HBM Usage Rate(%)              : 29
	Aicore Usage Rate(%)           : 78
	Aivector Usage Rate(%)         : 5
	Aicpu Usage Rate(%)            : 0
	Ctrlcpu Usage Rate(%)          : 4
	DDR Bandwidth Usage Rate(%)    : 0
	HBM Bandwidth Usage Rate(%)    : 53
	NPU Utilization(%)             : 96
	Aicube Usage Rate(%)           : 71
	Get pid name failed.
	Process id:2090716 Process name:                  Process memory(MB):16066
Error: cannot run top on container fca65b17c7696be0978c024206dce045576ad0d5017576dab9c64493f5b57e1c as it did not create a cgroup: this container does not have a cgroup
timestamp_ns=1785753126927767398
	DDR Capacity(MB)               : 0
	DDR Usage Rate(%)              : 0
	DDR Hugepages Total(page)      : 0
	DDR Hugepages Usage Rate(%)    : 0
	HBM Capacity(MB)               : 65536
	HBM Usage Rate(%)              : 29
	Aicore Usage Rate(%)           : 80
	Aivector Usage Rate(%)         : 5
	Aicpu Usage Rate(%)            : 0
	Ctrlcpu Usage Rate(%)          : 4
	DDR Bandwidth Usage Rate(%)    : 0
	HBM Bandwidth Usage Rate(%)    : 53
	NPU Utilization(%)             : 80
	Aicube Usage Rate(%)           : 73
	Get pid name failed.
	Process id:2090716 Process name:                  Process memory(MB):16066
Error: cannot run top on container fca65b17c7696be0978c024206dce045576ad0d5017576dab9c64493f5b57e1c as it did not create a cgroup: this container does not have a cgroup
timestamp_ns=1785753129101071369
	DDR Capacity(MB)               : 0
	DDR Usage Rate(%)              : 0
	DDR Hugepages Total(page)      : 0
	DDR Hugepages Usage Rate(%)    : 0
	HBM Capacity(MB)               : 65536
	HBM Usage Rate(%)              : 29
	Aicore Usage Rate(%)           : 77
	Aivector Usage Rate(%)         : 5
	Aicpu Usage Rate(%)            : 0
	Ctrlcpu Usage Rate(%)          : 8
	DDR Bandwidth Usage Rate(%)    : 0
	HBM Bandwidth Usage Rate(%)    : 52
	NPU Utilization(%)             : 82
	Aicube Usage Rate(%)           : 71
	Get pid name failed.
	Process id:2090716 Process name:                  Process memory(MB):16066
Error: cannot run top on container fca65b17c7696be0978c024206dce045576ad0d5017576dab9c64493f5b57e1c as it did not create a cgroup: this container does not have a cgroup
timestamp_ns=1785753131385447817
	DDR Capacity(MB)               : 0
	DDR Usage Rate(%)              : 0
	DDR Hugepages Total(page)      : 0
	DDR Hugepages Usage Rate(%)    : 0
	HBM Capacity(MB)               : 65536
	HBM Usage Rate(%)              : 29
	Aicore Usage Rate(%)           : 77
	Aivector Usage Rate(%)         : 5
	Aicpu Usage Rate(%)            : 0
	Ctrlcpu Usage Rate(%)          : 6
	DDR Bandwidth Usage Rate(%)    : 0
	HBM Bandwidth Usage Rate(%)    : 53
	NPU Utilization(%)             : 93
	Aicube Usage Rate(%)           : 71
	Get pid name failed.
	Process id:2090716 Process name:                  Process memory(MB):16066
Error: cannot run top on container fca65b17c7696be0978c024206dce045576ad0d5017576dab9c64493f5b57e1c as it did not create a cgroup: this container does not have a cgroup
timestamp_ns=1785753133622252326
	DDR Capacity(MB)               : 0
	DDR Usage Rate(%)              : 0
	DDR Hugepages Total(page)      : 0
	DDR Hugepages Usage Rate(%)    : 0
	HBM Capacity(MB)               : 65536
	HBM Usage Rate(%)              : 29
	Aicore Usage Rate(%)           : 77
	Aivector Usage Rate(%)         : 5
	Aicpu Usage Rate(%)            : 0
	Ctrlcpu Usage Rate(%)          : 5
	DDR Bandwidth Usage Rate(%)    : 0
	HBM Bandwidth Usage Rate(%)    : 51
	NPU Utilization(%)             : 93
	Aicube Usage Rate(%)           : 71
	Get pid name failed.
	Process id:2090716 Process name:                  Process memory(MB):16066
Error: cannot run top on container fca65b17c7696be0978c024206dce045576ad0d5017576dab9c64493f5b57e1c as it did not create a cgroup: this container does not have a cgroup
timestamp_ns=1785753135880123732
	DDR Capacity(MB)               : 0
	DDR Usage Rate(%)              : 0
	DDR Hugepages Total(page)      : 0
	DDR Hugepages Usage Rate(%)    : 0
	HBM Capacity(MB)               : 65536
	HBM Usage Rate(%)              : 29
	Aicore Usage Rate(%)           : 77
	Aivector Usage Rate(%)         : 5
	Aicpu Usage Rate(%)            : 0
	Ctrlcpu Usage Rate(%)          : 6
	DDR Bandwidth Usage Rate(%)    : 0
	HBM Bandwidth Usage Rate(%)    : 52
	NPU Utilization(%)             : 93
	Aicube Usage Rate(%)           : 71
	Get pid name failed.
	Process id:2090716 Process name:                  Process memory(MB):16066
Error: cannot run top on container fca65b17c7696be0978c024206dce045576ad0d5017576dab9c64493f5b57e1c as it did not create a cgroup: this container does not have a cgroup
timestamp_ns=1785753138147492854
	DDR Capacity(MB)               : 0
	DDR Usage Rate(%)              : 0
	DDR Hugepages Total(page)      : 0
	DDR Hugepages Usage Rate(%)    : 0
	HBM Capacity(MB)               : 65536
	HBM Usage Rate(%)              : 29
	Aicore Usage Rate(%)           : 78
	Aivector Usage Rate(%)         : 5
	Aicpu Usage Rate(%)            : 0
	Ctrlcpu Usage Rate(%)          : 4
	DDR Bandwidth Usage Rate(%)    : 0
	HBM Bandwidth Usage Rate(%)    : 53
	NPU Utilization(%)             : 93
	Aicube Usage Rate(%)           : 72
	Get pid name failed.
	Process id:2090716 Process name:                  Process memory(MB):16066
Error: cannot run top on container fca65b17c7696be0978c024206dce045576ad0d5017576dab9c64493f5b57e1c as it did not create a cgroup: this container does not have a cgroup
timestamp_ns=1785753140285812557
	DDR Capacity(MB)               : 0
	DDR Usage Rate(%)              : 0
	DDR Hugepages Total(page)      : 0
	DDR Hugepages Usage Rate(%)    : 0
	HBM Capacity(MB)               : 65536
	HBM Usage Rate(%)              : 29
	Aicore Usage Rate(%)           : 76
	Aivector Usage Rate(%)         : 5
	Aicpu Usage Rate(%)            : 0
	Ctrlcpu Usage Rate(%)          : 3
	DDR Bandwidth Usage Rate(%)    : 0
	HBM Bandwidth Usage Rate(%)    : 52
	NPU Utilization(%)             : 89
	Aicube Usage Rate(%)           : 70
	Get pid name failed.
	Process id:2090716 Process name:                  Process memory(MB):16066
Error: cannot run top on container fca65b17c7696be0978c024206dce045576ad0d5017576dab9c64493f5b57e1c as it did not create a cgroup: this container does not have a cgroup
timestamp_ns=1785753142425179336
	DDR Capacity(MB)               : 0
	DDR Usage Rate(%)              : 0
	DDR Hugepages Total(page)      : 0
	DDR Hugepages Usage Rate(%)    : 0
	HBM Capacity(MB)               : 65536
	HBM Usage Rate(%)              : 29
	Aicore Usage Rate(%)           : 76
	Aivector Usage Rate(%)         : 4
	Aicpu Usage Rate(%)            : 0
	Ctrlcpu Usage Rate(%)          : 6
	DDR Bandwidth Usage Rate(%)    : 0
	HBM Bandwidth Usage Rate(%)    : 53
	NPU Utilization(%)             : 86
	Aicube Usage Rate(%)           : 70
	Get pid name failed.
	Process id:2090716 Process name:                  Process memory(MB):16066
Error: cannot run top on container fca65b17c7696be0978c024206dce045576ad0d5017576dab9c64493f5b57e1c as it did not create a cgroup: this container does not have a cgroup
timestamp_ns=1785753144573025772
	DDR Capacity(MB)               : 0
	DDR Usage Rate(%)              : 0
	DDR Hugepages Total(page)      : 0
	DDR Hugepages Usage Rate(%)    : 0
	HBM Capacity(MB)               : 65536
	HBM Usage Rate(%)              : 29
	Aicore Usage Rate(%)           : 78
	Aivector Usage Rate(%)         : 5
	Aicpu Usage Rate(%)            : 0
	Ctrlcpu Usage Rate(%)          : 1
	DDR Bandwidth Usage Rate(%)    : 0
	HBM Bandwidth Usage Rate(%)    : 51
	NPU Utilization(%)             : 86
	Aicube Usage Rate(%)           : 72
	Get pid name failed.
	Process id:2090716 Process name:                  Process memory(MB):16066
Error: cannot run top on container fca65b17c7696be0978c024206dce045576ad0d5017576dab9c64493f5b57e1c as it did not create a cgroup: this container does not have a cgroup
timestamp_ns=1785753146733128645
	DDR Capacity(MB)               : 0
	DDR Usage Rate(%)              : 0
	DDR Hugepages Total(page)      : 0
	DDR Hugepages Usage Rate(%)    : 0
	HBM Capacity(MB)               : 65536
	HBM Usage Rate(%)              : 29
	Aicore Usage Rate(%)           : 79
	Aivector Usage Rate(%)         : 5
	Aicpu Usage Rate(%)            : 0
	Ctrlcpu Usage Rate(%)          : 3
	DDR Bandwidth Usage Rate(%)    : 0
	HBM Bandwidth Usage Rate(%)    : 52
	NPU Utilization(%)             : 96
	Aicube Usage Rate(%)           : 71
	Get pid name failed.
	Process id:2090716 Process name:                  Process memory(MB):16066
Error: cannot run top on container fca65b17c7696be0978c024206dce045576ad0d5017576dab9c64493f5b57e1c as it did not create a cgroup: this container does not have a cgroup
timestamp_ns=1785753148882644762
	DDR Capacity(MB)               : 0
	DDR Usage Rate(%)              : 0
	DDR Hugepages Total(page)      : 0
	DDR Hugepages Usage Rate(%)    : 0
	HBM Capacity(MB)               : 65536
	HBM Usage Rate(%)              : 29
	Aicore Usage Rate(%)           : 77
	Aivector Usage Rate(%)         : 4
	Aicpu Usage Rate(%)            : 0
	Ctrlcpu Usage Rate(%)          : 5
	DDR Bandwidth Usage Rate(%)    : 0
	HBM Bandwidth Usage Rate(%)    : 18
	NPU Utilization(%)             : 93
	Aicube Usage Rate(%)           : 71
	Get pid name failed.
	Process id:2090716 Process name:                  Process memory(MB):16066
Error: cannot run top on container fca65b17c7696be0978c024206dce045576ad0d5017576dab9c64493f5b57e1c as it did not create a cgroup: this container does not have a cgroup
timestamp_ns=1785753151031598351
	DDR Capacity(MB)               : 0
	DDR Usage Rate(%)              : 0
	DDR Hugepages Total(page)      : 0
	DDR Hugepages Usage Rate(%)    : 0
	HBM Capacity(MB)               : 65536
	HBM Usage Rate(%)              : 29
	Aicore Usage Rate(%)           : 75
	Aivector Usage Rate(%)         : 5
	Aicpu Usage Rate(%)            : 0
	Ctrlcpu Usage Rate(%)          : 2
	DDR Bandwidth Usage Rate(%)    : 0
	HBM Bandwidth Usage Rate(%)    : 53
	NPU Utilization(%)             : 86
	Aicube Usage Rate(%)           : 69
	Get pid name failed.
	Process id:2090716 Process name:                  Process memory(MB):16066
Error: cannot run top on container fca65b17c7696be0978c024206dce045576ad0d5017576dab9c64493f5b57e1c as it did not create a cgroup: this container does not have a cgroup
timestamp_ns=1785753153204707433
	DDR Capacity(MB)               : 0
	DDR Usage Rate(%)              : 0
	DDR Hugepages Total(page)      : 0
	DDR Hugepages Usage Rate(%)    : 0
	HBM Capacity(MB)               : 65536
	HBM Usage Rate(%)              : 29
	Aicore Usage Rate(%)           : 78
	Aivector Usage Rate(%)         : 5
	Aicpu Usage Rate(%)            : 0
	Ctrlcpu Usage Rate(%)          : 1
	DDR Bandwidth Usage Rate(%)    : 0
	HBM Bandwidth Usage Rate(%)    : 54
	NPU Utilization(%)             : 96
	Aicube Usage Rate(%)           : 72
	Get pid name failed.
	Process id:2090716 Process name:                  Process memory(MB):16066
Error: cannot run top on container fca65b17c7696be0978c024206dce045576ad0d5017576dab9c64493f5b57e1c as it did not create a cgroup: this container does not have a cgroup
timestamp_ns=1785753155376210093
	DDR Capacity(MB)               : 0
	DDR Usage Rate(%)              : 0
	DDR Hugepages Total(page)      : 0
	DDR Hugepages Usage Rate(%)    : 0
	HBM Capacity(MB)               : 65536
	HBM Usage Rate(%)              : 29
	Aicore Usage Rate(%)           : 77
	Aivector Usage Rate(%)         : 5
	Aicpu Usage Rate(%)            : 0
	Ctrlcpu Usage Rate(%)          : 4
	DDR Bandwidth Usage Rate(%)    : 0
	HBM Bandwidth Usage Rate(%)    : 52
	NPU Utilization(%)             : 96
	Aicube Usage Rate(%)           : 70
	Get pid name failed.
	Process id:2090716 Process name:                  Process memory(MB):16066
Error: cannot run top on container fca65b17c7696be0978c024206dce045576ad0d5017576dab9c64493f5b57e1c as it did not create a cgroup: this container does not have a cgroup
timestamp_ns=1785753157544925557
	DDR Capacity(MB)               : 0
	DDR Usage Rate(%)              : 0
	DDR Hugepages Total(page)      : 0
	DDR Hugepages Usage Rate(%)    : 0
	HBM Capacity(MB)               : 65536
	HBM Usage Rate(%)              : 29
	Aicore Usage Rate(%)           : 74
	Aivector Usage Rate(%)         : 4
	Aicpu Usage Rate(%)            : 0
	Ctrlcpu Usage Rate(%)          : 2
	DDR Bandwidth Usage Rate(%)    : 0
	HBM Bandwidth Usage Rate(%)    : 52
	NPU Utilization(%)             : 93
	Aicube Usage Rate(%)           : 68
	Get pid name failed.
	Process id:2090716 Process name:                  Process memory(MB):16066
Error: cannot run top on container fca65b17c7696be0978c024206dce045576ad0d5017576dab9c64493f5b57e1c as it did not create a cgroup: this container does not have a cgroup
timestamp_ns=1785753159707653235
	DDR Capacity(MB)               : 0
	DDR Usage Rate(%)              : 0
	DDR Hugepages Total(page)      : 0
	DDR Hugepages Usage Rate(%)    : 0
	HBM Capacity(MB)               : 65536
	HBM Usage Rate(%)              : 29
	Aicore Usage Rate(%)           : 80
	Aivector Usage Rate(%)         : 5
	Aicpu Usage Rate(%)            : 0
	Ctrlcpu Usage Rate(%)          : 2
	DDR Bandwidth Usage Rate(%)    : 0
	HBM Bandwidth Usage Rate(%)    : 52
	NPU Utilization(%)             : 86
	Aicube Usage Rate(%)           : 73
	Get pid name failed.
	Process id:2090716 Process name:                  Process memory(MB):16066
Error: cannot run top on container fca65b17c7696be0978c024206dce045576ad0d5017576dab9c64493f5b57e1c as it did not create a cgroup: this container does not have a cgroup
timestamp_ns=1785753161859698565
	DDR Capacity(MB)               : 0
	DDR Usage Rate(%)              : 0
	DDR Hugepages Total(page)      : 0
	DDR Hugepages Usage Rate(%)    : 0
	HBM Capacity(MB)               : 65536
	HBM Usage Rate(%)              : 29
	Aicore Usage Rate(%)           : 78
	Aivector Usage Rate(%)         : 5
	Aicpu Usage Rate(%)            : 0
	Ctrlcpu Usage Rate(%)          : 4
	DDR Bandwidth Usage Rate(%)    : 0
	HBM Bandwidth Usage Rate(%)    : 51
	NPU Utilization(%)             : 89
	Aicube Usage Rate(%)           : 72
	Get pid name failed.
	Process id:2090716 Process name:                  Process memory(MB):16066
Error: cannot run top on container fca65b17c7696be0978c024206dce045576ad0d5017576dab9c64493f5b57e1c as it did not create a cgroup: this container does not have a cgroup
timestamp_ns=1785753164037355381
	DDR Capacity(MB)               : 0
	DDR Usage Rate(%)              : 0
	DDR Hugepages Total(page)      : 0
	DDR Hugepages Usage Rate(%)    : 0
	HBM Capacity(MB)               : 65536
	HBM Usage Rate(%)              : 29
	Aicore Usage Rate(%)           : 77
	Aivector Usage Rate(%)         : 5
	Aicpu Usage Rate(%)            : 0
	Ctrlcpu Usage Rate(%)          : 2
	DDR Bandwidth Usage Rate(%)    : 0
	HBM Bandwidth Usage Rate(%)    : 53
	NPU Utilization(%)             : 86
	Aicube Usage Rate(%)           : 71
	Get pid name failed.
	Process id:2090716 Process name:                  Process memory(MB):16066
Error: cannot run top on container fca65b17c7696be0978c024206dce045576ad0d5017576dab9c64493f5b57e1c as it did not create a cgroup: this container does not have a cgroup
timestamp_ns=1785753166495738440
	DDR Capacity(MB)               : 0
	DDR Usage Rate(%)              : 0
	DDR Hugepages Total(page)      : 0
	DDR Hugepages Usage Rate(%)    : 0
	HBM Capacity(MB)               : 65536
	HBM Usage Rate(%)              : 29
	Aicore Usage Rate(%)           : 77
	Aivector Usage Rate(%)         : 5
	Aicpu Usage Rate(%)            : 0
	Ctrlcpu Usage Rate(%)          : 4
	DDR Bandwidth Usage Rate(%)    : 0
	HBM Bandwidth Usage Rate(%)    : 54
	NPU Utilization(%)             : 93
	Aicube Usage Rate(%)           : 71
	Get pid name failed.
	Process id:2090716 Process name:                  Process memory(MB):16066
Error: cannot run top on container fca65b17c7696be0978c024206dce045576ad0d5017576dab9c64493f5b57e1c as it did not create a cgroup: this container does not have a cgroup
timestamp_ns=1785753168660225397
	DDR Capacity(MB)               : 0
	DDR Usage Rate(%)              : 0
	DDR Hugepages Total(page)      : 0
	DDR Hugepages Usage Rate(%)    : 0
	HBM Capacity(MB)               : 65536
	HBM Usage Rate(%)              : 29
	Aicore Usage Rate(%)           : 78
	Aivector Usage Rate(%)         : 5
	Aicpu Usage Rate(%)            : 0
	Ctrlcpu Usage Rate(%)          : 5
	DDR Bandwidth Usage Rate(%)    : 0
	HBM Bandwidth Usage Rate(%)    : 50
	NPU Utilization(%)             : 89
	Aicube Usage Rate(%)           : 72
	Get pid name failed.
	Process id:2090716 Process name:                  Process memory(MB):16066
Error: cannot run top on container fca65b17c7696be0978c024206dce045576ad0d5017576dab9c64493f5b57e1c as it did not create a cgroup: this container does not have a cgroup
timestamp_ns=1785753170821336085
	DDR Capacity(MB)               : 0
	DDR Usage Rate(%)              : 0
	DDR Hugepages Total(page)      : 0
	DDR Hugepages Usage Rate(%)    : 0
	HBM Capacity(MB)               : 65536
	HBM Usage Rate(%)              : 29
	Aicore Usage Rate(%)           : 77
	Aivector Usage Rate(%)         : 5
	Aicpu Usage Rate(%)            : 0
	Ctrlcpu Usage Rate(%)          : 9
	DDR Bandwidth Usage Rate(%)    : 0
	HBM Bandwidth Usage Rate(%)    : 18
	NPU Utilization(%)             : 86
	Aicube Usage Rate(%)           : 71
	Get pid name failed.
	Process id:2090716 Process name:                  Process memory(MB):16066
Error: cannot run top on container fca65b17c7696be0978c024206dce045576ad0d5017576dab9c64493f5b57e1c as it did not create a cgroup: this container does not have a cgroup
timestamp_ns=1785753172970038579
	DDR Capacity(MB)               : 0
	DDR Usage Rate(%)              : 0
	DDR Hugepages Total(page)      : 0
	DDR Hugepages Usage Rate(%)    : 0
	HBM Capacity(MB)               : 65536
	HBM Usage Rate(%)              : 29
	Aicore Usage Rate(%)           : 76
	Aivector Usage Rate(%)         : 5
	Aicpu Usage Rate(%)            : 0
	Ctrlcpu Usage Rate(%)          : 1
	DDR Bandwidth Usage Rate(%)    : 0
	HBM Bandwidth Usage Rate(%)    : 53
	NPU Utilization(%)             : 86
	Aicube Usage Rate(%)           : 70
	Get pid name failed.
	Process id:2090716 Process name:                  Process memory(MB):16066
Error: cannot run top on container fca65b17c7696be0978c024206dce045576ad0d5017576dab9c64493f5b57e1c as it did not create a cgroup: this container does not have a cgroup
timestamp_ns=1785753175204084191
	DDR Capacity(MB)               : 0
	DDR Usage Rate(%)              : 0
	DDR Hugepages Total(page)      : 0
	DDR Hugepages Usage Rate(%)    : 0
	HBM Capacity(MB)               : 65536
	HBM Usage Rate(%)              : 29
	Aicore Usage Rate(%)           : 81
	Aivector Usage Rate(%)         : 5
	Aicpu Usage Rate(%)            : 0
	Ctrlcpu Usage Rate(%)          : 2
	DDR Bandwidth Usage Rate(%)    : 0
	HBM Bandwidth Usage Rate(%)    : 54
	NPU Utilization(%)             : 93
	Aicube Usage Rate(%)           : 74
	Get pid name failed.
	Process id:2090716 Process name:                  Process memory(MB):16066
Error: cannot run top on container fca65b17c7696be0978c024206dce045576ad0d5017576dab9c64493f5b57e1c as it did not create a cgroup: this container does not have a cgroup
timestamp_ns=1785753177515788004
	DDR Capacity(MB)               : 0
	DDR Usage Rate(%)              : 0
	DDR Hugepages Total(page)      : 0
	DDR Hugepages Usage Rate(%)    : 0
	HBM Capacity(MB)               : 65536
	HBM Usage Rate(%)              : 29
	Aicore Usage Rate(%)           : 73
	Aivector Usage Rate(%)         : 4
	Aicpu Usage Rate(%)            : 0
	Ctrlcpu Usage Rate(%)          : 2
	DDR Bandwidth Usage Rate(%)    : 0
	HBM Bandwidth Usage Rate(%)    : 52
	NPU Utilization(%)             : 82
	Aicube Usage Rate(%)           : 67
	Get pid name failed.
	Process id:2090716 Process name:                  Process memory(MB):16066
Error: cannot run top on container fca65b17c7696be0978c024206dce045576ad0d5017576dab9c64493f5b57e1c as it did not create a cgroup: this container does not have a cgroup
timestamp_ns=1785753179654754149
	DDR Capacity(MB)               : 0
	DDR Usage Rate(%)              : 0
	DDR Hugepages Total(page)      : 0
	DDR Hugepages Usage Rate(%)    : 0
	HBM Capacity(MB)               : 65536
	HBM Usage Rate(%)              : 29
	Aicore Usage Rate(%)           : 77
	Aivector Usage Rate(%)         : 5
	Aicpu Usage Rate(%)            : 0
	Ctrlcpu Usage Rate(%)          : 2
	DDR Bandwidth Usage Rate(%)    : 0
	HBM Bandwidth Usage Rate(%)    : 54
	NPU Utilization(%)             : 86
	Aicube Usage Rate(%)           : 71
	Get pid name failed.
	Process id:2090716 Process name:                  Process memory(MB):16066
Error: cannot run top on container fca65b17c7696be0978c024206dce045576ad0d5017576dab9c64493f5b57e1c as it did not create a cgroup: this container does not have a cgroup
timestamp_ns=1785753181812778478
	DDR Capacity(MB)               : 0
	DDR Usage Rate(%)              : 0
	DDR Hugepages Total(page)      : 0
	DDR Hugepages Usage Rate(%)    : 0
	HBM Capacity(MB)               : 65536
	HBM Usage Rate(%)              : 29
	Aicore Usage Rate(%)           : 75
	Aivector Usage Rate(%)         : 4
	Aicpu Usage Rate(%)            : 0
	Ctrlcpu Usage Rate(%)          : 2
	DDR Bandwidth Usage Rate(%)    : 0
	HBM Bandwidth Usage Rate(%)    : 53
	NPU Utilization(%)             : 89
	Aicube Usage Rate(%)           : 69
	Get pid name failed.
	Process id:2090716 Process name:                  Process memory(MB):16066
Error: cannot run top on container fca65b17c7696be0978c024206dce045576ad0d5017576dab9c64493f5b57e1c as it did not create a cgroup: this container does not have a cgroup
timestamp_ns=1785753183962927042
	DDR Capacity(MB)               : 0
	DDR Usage Rate(%)              : 0
	DDR Hugepages Total(page)      : 0
	DDR Hugepages Usage Rate(%)    : 0
	HBM Capacity(MB)               : 65536
	HBM Usage Rate(%)              : 29
	Aicore Usage Rate(%)           : 81
	Aivector Usage Rate(%)         : 5
	Aicpu Usage Rate(%)            : 0
	Ctrlcpu Usage Rate(%)          : 3
	DDR Bandwidth Usage Rate(%)    : 0
	HBM Bandwidth Usage Rate(%)    : 53
	NPU Utilization(%)             : 89
	Aicube Usage Rate(%)           : 74
	Get pid name failed.
	Process id:2090716 Process name:                  Process memory(MB):16066
Error: cannot run top on container fca65b17c7696be0978c024206dce045576ad0d5017576dab9c64493f5b57e1c as it did not create a cgroup: this container does not have a cgroup
timestamp_ns=1785753186120153791
	DDR Capacity(MB)               : 0
	DDR Usage Rate(%)              : 0
	DDR Hugepages Total(page)      : 0
	DDR Hugepages Usage Rate(%)    : 0
	HBM Capacity(MB)               : 65536
	HBM Usage Rate(%)              : 29
	Aicore Usage Rate(%)           : 79
	Aivector Usage Rate(%)         : 5
	Aicpu Usage Rate(%)            : 0
	Ctrlcpu Usage Rate(%)          : 2
	DDR Bandwidth Usage Rate(%)    : 0
	HBM Bandwidth Usage Rate(%)    : 53
	NPU Utilization(%)             : 89
	Aicube Usage Rate(%)           : 72
	Get pid name failed.
	Process id:2090716 Process name:                  Process memory(MB):16066
Error: cannot run top on container fca65b17c7696be0978c024206dce045576ad0d5017576dab9c64493f5b57e1c as it did not create a cgroup: this container does not have a cgroup
timestamp_ns=1785753188276529277
	DDR Capacity(MB)               : 0
	DDR Usage Rate(%)              : 0
	DDR Hugepages Total(page)      : 0
	DDR Hugepages Usage Rate(%)    : 0
	HBM Capacity(MB)               : 65536
	HBM Usage Rate(%)              : 29
	Aicore Usage Rate(%)           : 82
	Aivector Usage Rate(%)         : 5
	Aicpu Usage Rate(%)            : 0
	Ctrlcpu Usage Rate(%)          : 4
	DDR Bandwidth Usage Rate(%)    : 0
	HBM Bandwidth Usage Rate(%)    : 54
	NPU Utilization(%)             : 96
	Aicube Usage Rate(%)           : 74
	Get pid name failed.
	Process id:2090716 Process name:                  Process memory(MB):16066
Error: cannot run top on container fca65b17c7696be0978c024206dce045576ad0d5017576dab9c64493f5b57e1c as it did not create a cgroup: this container does not have a cgroup
timestamp_ns=1785753190436140836
	DDR Capacity(MB)               : 0
	DDR Usage Rate(%)              : 0
	DDR Hugepages Total(page)      : 0
	DDR Hugepages Usage Rate(%)    : 0
	HBM Capacity(MB)               : 65536
	HBM Usage Rate(%)              : 29
	Aicore Usage Rate(%)           : 79
	Aivector Usage Rate(%)         : 5
	Aicpu Usage Rate(%)            : 0
	Ctrlcpu Usage Rate(%)          : 2
	DDR Bandwidth Usage Rate(%)    : 0
	HBM Bandwidth Usage Rate(%)    : 54
	NPU Utilization(%)             : 93
	Aicube Usage Rate(%)           : 72
	Get pid name failed.
	Process id:2090716 Process name:                  Process memory(MB):16066
Error: cannot run top on container fca65b17c7696be0978c024206dce045576ad0d5017576dab9c64493f5b57e1c as it did not create a cgroup: this container does not have a cgroup
timestamp_ns=1785753192601858320
	DDR Capacity(MB)               : 0
	DDR Usage Rate(%)              : 0
	DDR Hugepages Total(page)      : 0
	DDR Hugepages Usage Rate(%)    : 0
	HBM Capacity(MB)               : 65536
	HBM Usage Rate(%)              : 29
	Aicore Usage Rate(%)           : 78
	Aivector Usage Rate(%)         : 5
	Aicpu Usage Rate(%)            : 0
	Ctrlcpu Usage Rate(%)          : 10
	DDR Bandwidth Usage Rate(%)    : 0
	HBM Bandwidth Usage Rate(%)    : 51
	NPU Utilization(%)             : 96
	Aicube Usage Rate(%)           : 72
	Get pid name failed.
	Process id:2090716 Process name:                  Process memory(MB):16066
Error: cannot run top on container fca65b17c7696be0978c024206dce045576ad0d5017576dab9c64493f5b57e1c as it did not create a cgroup: this container does not have a cgroup
timestamp_ns=1785753194801170479
	DDR Capacity(MB)               : 0
	DDR Usage Rate(%)              : 0
	DDR Hugepages Total(page)      : 0
	DDR Hugepages Usage Rate(%)    : 0
	HBM Capacity(MB)               : 65536
	HBM Usage Rate(%)              : 29
	Aicore Usage Rate(%)           : 81
	Aivector Usage Rate(%)         : 5
	Aicpu Usage Rate(%)            : 0
	Ctrlcpu Usage Rate(%)          : 2
	DDR Bandwidth Usage Rate(%)    : 0
	HBM Bandwidth Usage Rate(%)    : 18
	NPU Utilization(%)             : 86
	Aicube Usage Rate(%)           : 73
	Get pid name failed.
	Process id:2090716 Process name:                  Process memory(MB):16066
Error: cannot run top on container fca65b17c7696be0978c024206dce045576ad0d5017576dab9c64493f5b57e1c as it did not create a cgroup: this container does not have a cgroup
timestamp_ns=1785753196993038002
	DDR Capacity(MB)               : 0
	DDR Usage Rate(%)              : 0
	DDR Hugepages Total(page)      : 0
	DDR Hugepages Usage Rate(%)    : 0
	HBM Capacity(MB)               : 65536
	HBM Usage Rate(%)              : 29
	Aicore Usage Rate(%)           : 80
	Aivector Usage Rate(%)         : 5
	Aicpu Usage Rate(%)            : 0
	Ctrlcpu Usage Rate(%)          : 3
	DDR Bandwidth Usage Rate(%)    : 0
	HBM Bandwidth Usage Rate(%)    : 51
	NPU Utilization(%)             : 96
	Aicube Usage Rate(%)           : 73
	Get pid name failed.
	Process id:2090716 Process name:                  Process memory(MB):16066
Error: cannot run top on container fca65b17c7696be0978c024206dce045576ad0d5017576dab9c64493f5b57e1c as it did not create a cgroup: this container does not have a cgroup
timestamp_ns=1785753199145116696
	DDR Capacity(MB)               : 0
	DDR Usage Rate(%)              : 0
	DDR Hugepages Total(page)      : 0
	DDR Hugepages Usage Rate(%)    : 0
	HBM Capacity(MB)               : 65536
	HBM Usage Rate(%)              : 29
	Aicore Usage Rate(%)           : 77
	Aivector Usage Rate(%)         : 5
	Aicpu Usage Rate(%)            : 0
	Ctrlcpu Usage Rate(%)          : 3
	DDR Bandwidth Usage Rate(%)    : 0
	HBM Bandwidth Usage Rate(%)    : 50
	NPU Utilization(%)             : 86
	Aicube Usage Rate(%)           : 71
	Get pid name failed.
	Process id:2090716 Process name:                  Process memory(MB):16066
Error: cannot run top on container fca65b17c7696be0978c024206dce045576ad0d5017576dab9c64493f5b57e1c as it did not create a cgroup: this container does not have a cgroup
timestamp_ns=1785753201289209655
	DDR Capacity(MB)               : 0
	DDR Usage Rate(%)              : 0
	DDR Hugepages Total(page)      : 0
	DDR Hugepages Usage Rate(%)    : 0
	HBM Capacity(MB)               : 65536
	HBM Usage Rate(%)              : 29
	Aicore Usage Rate(%)           : 77
	Aivector Usage Rate(%)         : 5
	Aicpu Usage Rate(%)            : 0
	Ctrlcpu Usage Rate(%)          : 1
	DDR Bandwidth Usage Rate(%)    : 0
	HBM Bandwidth Usage Rate(%)    : 54
	NPU Utilization(%)             : 89
	Aicube Usage Rate(%)           : 70
	Get pid name failed.
	Process id:2090716 Process name:                  Process memory(MB):16066
Error: cannot run top on container fca65b17c7696be0978c024206dce045576ad0d5017576dab9c64493f5b57e1c as it did not create a cgroup: this container does not have a cgroup
timestamp_ns=1785753203432816338
	DDR Capacity(MB)               : 0
	DDR Usage Rate(%)              : 0
	DDR Hugepages Total(page)      : 0
	DDR Hugepages Usage Rate(%)    : 0
	HBM Capacity(MB)               : 65536
	HBM Usage Rate(%)              : 29
	Aicore Usage Rate(%)           : 78
	Aivector Usage Rate(%)         : 5
	Aicpu Usage Rate(%)            : 0
	Ctrlcpu Usage Rate(%)          : 3
	DDR Bandwidth Usage Rate(%)    : 0
	HBM Bandwidth Usage Rate(%)    : 54
	NPU Utilization(%)             : 86
	Aicube Usage Rate(%)           : 71
	Get pid name failed.
	Process id:2090716 Process name:                  Process memory(MB):16066
Error: cannot run top on container fca65b17c7696be0978c024206dce045576ad0d5017576dab9c64493f5b57e1c as it did not create a cgroup: this container does not have a cgroup
timestamp_ns=1785753205622163704
	DDR Capacity(MB)               : 0
	DDR Usage Rate(%)              : 0
	DDR Hugepages Total(page)      : 0
	DDR Hugepages Usage Rate(%)    : 0
	HBM Capacity(MB)               : 65536
	HBM Usage Rate(%)              : 29
	Aicore Usage Rate(%)           : 78
	Aivector Usage Rate(%)         : 5
	Aicpu Usage Rate(%)            : 0
	Ctrlcpu Usage Rate(%)          : 1
	DDR Bandwidth Usage Rate(%)    : 0
	HBM Bandwidth Usage Rate(%)    : 53
	NPU Utilization(%)             : 93
	Aicube Usage Rate(%)           : 72
	Get pid name failed.
	Process id:2090716 Process name:                  Process memory(MB):16066
Error: cannot run top on container fca65b17c7696be0978c024206dce045576ad0d5017576dab9c64493f5b57e1c as it did not create a cgroup: this container does not have a cgroup
timestamp_ns=1785753207775371812
	DDR Capacity(MB)               : 0
	DDR Usage Rate(%)              : 0
	DDR Hugepages Total(page)      : 0
	DDR Hugepages Usage Rate(%)    : 0
	HBM Capacity(MB)               : 65536
	HBM Usage Rate(%)              : 29
	Aicore Usage Rate(%)           : 80
	Aivector Usage Rate(%)         : 5
	Aicpu Usage Rate(%)            : 0
	Ctrlcpu Usage Rate(%)          : 3
	DDR Bandwidth Usage Rate(%)    : 0
	HBM Bandwidth Usage Rate(%)    : 54
	NPU Utilization(%)             : 89
	Aicube Usage Rate(%)           : 73
	Get pid name failed.
	Process id:2090716 Process name:                  Process memory(MB):16066
Error: cannot run top on container fca65b17c7696be0978c024206dce045576ad0d5017576dab9c64493f5b57e1c as it did not create a cgroup: this container does not have a cgroup
timestamp_ns=1785753209960595929
	DDR Capacity(MB)               : 0
	DDR Usage Rate(%)              : 0
	DDR Hugepages Total(page)      : 0
	DDR Hugepages Usage Rate(%)    : 0
	HBM Capacity(MB)               : 65536
	HBM Usage Rate(%)              : 29
	Aicore Usage Rate(%)           : 79
	Aivector Usage Rate(%)         : 5
	Aicpu Usage Rate(%)            : 0
	Ctrlcpu Usage Rate(%)          : 2
	DDR Bandwidth Usage Rate(%)    : 0
	HBM Bandwidth Usage Rate(%)    : 54
	NPU Utilization(%)             : 93
	Aicube Usage Rate(%)           : 72
	Get pid name failed.
	Process id:2090716 Process name:                  Process memory(MB):16066
Error: cannot run top on container fca65b17c7696be0978c024206dce045576ad0d5017576dab9c64493f5b57e1c as it did not create a cgroup: this container does not have a cgroup
timestamp_ns=1785753212131657608
	DDR Capacity(MB)               : 0
	DDR Usage Rate(%)              : 0
	DDR Hugepages Total(page)      : 0
	DDR Hugepages Usage Rate(%)    : 0
	HBM Capacity(MB)               : 65536
	HBM Usage Rate(%)              : 29
	Aicore Usage Rate(%)           : 79
	Aivector Usage Rate(%)         : 5
	Aicpu Usage Rate(%)            : 0
	Ctrlcpu Usage Rate(%)          : 9
	DDR Bandwidth Usage Rate(%)    : 0
	HBM Bandwidth Usage Rate(%)    : 49
	NPU Utilization(%)             : 96
	Aicube Usage Rate(%)           : 73
	Get pid name failed.
	Process id:2090716 Process name:                  Process memory(MB):16066
Error: cannot run top on container fca65b17c7696be0978c024206dce045576ad0d5017576dab9c64493f5b57e1c as it did not create a cgroup: this container does not have a cgroup
timestamp_ns=1785753214300656997
	DDR Capacity(MB)               : 0
	DDR Usage Rate(%)              : 0
	DDR Hugepages Total(page)      : 0
	DDR Hugepages Usage Rate(%)    : 0
	HBM Capacity(MB)               : 65536
	HBM Usage Rate(%)              : 29
	Aicore Usage Rate(%)           : 81
	Aivector Usage Rate(%)         : 5
	Aicpu Usage Rate(%)            : 0
	Ctrlcpu Usage Rate(%)          : 1
	DDR Bandwidth Usage Rate(%)    : 0
	HBM Bandwidth Usage Rate(%)    : 53
	NPU Utilization(%)             : 93
	Aicube Usage Rate(%)           : 74
	Get pid name failed.
	Process id:2090716 Process name:                  Process memory(MB):16066
Error: cannot run top on container fca65b17c7696be0978c024206dce045576ad0d5017576dab9c64493f5b57e1c as it did not create a cgroup: this container does not have a cgroup
timestamp_ns=1785753216454954128
	DDR Capacity(MB)               : 0
	DDR Usage Rate(%)              : 0
	DDR Hugepages Total(page)      : 0
	DDR Hugepages Usage Rate(%)    : 0
	HBM Capacity(MB)               : 65536
	HBM Usage Rate(%)              : 29
	Aicore Usage Rate(%)           : 81
	Aivector Usage Rate(%)         : 5
	Aicpu Usage Rate(%)            : 0
	Ctrlcpu Usage Rate(%)          : 4
	DDR Bandwidth Usage Rate(%)    : 0
	HBM Bandwidth Usage Rate(%)    : 53
	NPU Utilization(%)             : 96
	Aicube Usage Rate(%)           : 74
	Get pid name failed.
	Process id:2090716 Process name:                  Process memory(MB):16066
Error: cannot run top on container fca65b17c7696be0978c024206dce045576ad0d5017576dab9c64493f5b57e1c as it did not create a cgroup: this container does not have a cgroup
timestamp_ns=1785753218598878482
	DDR Capacity(MB)               : 0
	DDR Usage Rate(%)              : 0
	DDR Hugepages Total(page)      : 0
	DDR Hugepages Usage Rate(%)    : 0
	HBM Capacity(MB)               : 65536
	HBM Usage Rate(%)              : 29
	Aicore Usage Rate(%)           : 77
	Aivector Usage Rate(%)         : 5
	Aicpu Usage Rate(%)            : 0
	Ctrlcpu Usage Rate(%)          : 3
	DDR Bandwidth Usage Rate(%)    : 0
	HBM Bandwidth Usage Rate(%)    : 54
	NPU Utilization(%)             : 89
	Aicube Usage Rate(%)           : 71
	Get pid name failed.
	Process id:2090716 Process name:                  Process memory(MB):16066
Error: cannot run top on container fca65b17c7696be0978c024206dce045576ad0d5017576dab9c64493f5b57e1c as it did not create a cgroup: this container does not have a cgroup
timestamp_ns=1785753220784276777
	DDR Capacity(MB)               : 0
	DDR Usage Rate(%)              : 0
	DDR Hugepages Total(page)      : 0
	DDR Hugepages Usage Rate(%)    : 0
	HBM Capacity(MB)               : 65536
	HBM Usage Rate(%)              : 29
	Aicore Usage Rate(%)           : 81
	Aivector Usage Rate(%)         : 5
	Aicpu Usage Rate(%)            : 0
	Ctrlcpu Usage Rate(%)          : 3
	DDR Bandwidth Usage Rate(%)    : 0
	HBM Bandwidth Usage Rate(%)    : 54
	NPU Utilization(%)             : 93
	Aicube Usage Rate(%)           : 74
	Get pid name failed.
	Process id:2090716 Process name:                  Process memory(MB):16066
Error: cannot run top on container fca65b17c7696be0978c024206dce045576ad0d5017576dab9c64493f5b57e1c as it did not create a cgroup: this container does not have a cgroup
timestamp_ns=1785753222948288240
	DDR Capacity(MB)               : 0
	DDR Usage Rate(%)              : 0
	DDR Hugepages Total(page)      : 0
	DDR Hugepages Usage Rate(%)    : 0
	HBM Capacity(MB)               : 65536
	HBM Usage Rate(%)              : 29
	Aicore Usage Rate(%)           : 78
	Aivector Usage Rate(%)         : 5
	Aicpu Usage Rate(%)            : 0
	Ctrlcpu Usage Rate(%)          : 4
	DDR Bandwidth Usage Rate(%)    : 0
	HBM Bandwidth Usage Rate(%)    : 1
	NPU Utilization(%)             : 96
	Aicube Usage Rate(%)           : 72
	Get pid name failed.
	Process id:2090716 Process name:                  Process memory(MB):16066
Error: cannot run top on container fca65b17c7696be0978c024206dce045576ad0d5017576dab9c64493f5b57e1c as it did not create a cgroup: this container does not have a cgroup
timestamp_ns=1785753225094835416
	DDR Capacity(MB)               : 0
	DDR Usage Rate(%)              : 0
	DDR Hugepages Total(page)      : 0
	DDR Hugepages Usage Rate(%)    : 0
	HBM Capacity(MB)               : 65536
	HBM Usage Rate(%)              : 29
	Aicore Usage Rate(%)           : 82
	Aivector Usage Rate(%)         : 5
	Aicpu Usage Rate(%)            : 0
	Ctrlcpu Usage Rate(%)          : 2
	DDR Bandwidth Usage Rate(%)    : 0
	HBM Bandwidth Usage Rate(%)    : 54
	NPU Utilization(%)             : 93
	Aicube Usage Rate(%)           : 74
	Get pid name failed.
	Process id:2090716 Process name:                  Process memory(MB):16066
Error: cannot run top on container fca65b17c7696be0978c024206dce045576ad0d5017576dab9c64493f5b57e1c as it did not create a cgroup: this container does not have a cgroup
timestamp_ns=1785753227266901491
	DDR Capacity(MB)               : 0
	DDR Usage Rate(%)              : 0
	DDR Hugepages Total(page)      : 0
	DDR Hugepages Usage Rate(%)    : 0
	HBM Capacity(MB)               : 65536
	HBM Usage Rate(%)              : 29
	Aicore Usage Rate(%)           : 78
	Aivector Usage Rate(%)         : 5
	Aicpu Usage Rate(%)            : 0
	Ctrlcpu Usage Rate(%)          : 4
	DDR Bandwidth Usage Rate(%)    : 0
	HBM Bandwidth Usage Rate(%)    : 54
	NPU Utilization(%)             : 86
	Aicube Usage Rate(%)           : 72
	Get pid name failed.
	Process id:2090716 Process name:                  Process memory(MB):16066
Error: cannot run top on container fca65b17c7696be0978c024206dce045576ad0d5017576dab9c64493f5b57e1c as it did not create a cgroup: this container does not have a cgroup
timestamp_ns=1785753229429540051
	DDR Capacity(MB)               : 0
	DDR Usage Rate(%)              : 0
	DDR Hugepages Total(page)      : 0
	DDR Hugepages Usage Rate(%)    : 0
	HBM Capacity(MB)               : 65536
	HBM Usage Rate(%)              : 29
	Aicore Usage Rate(%)           : 77
	Aivector Usage Rate(%)         : 5
	Aicpu Usage Rate(%)            : 0
	Ctrlcpu Usage Rate(%)          : 2
	DDR Bandwidth Usage Rate(%)    : 0
	HBM Bandwidth Usage Rate(%)    : 51
	NPU Utilization(%)             : 89
	Aicube Usage Rate(%)           : 71
	Get pid name failed.
	Process id:2090716 Process name:                  Process memory(MB):16066
Error: cannot run top on container fca65b17c7696be0978c024206dce045576ad0d5017576dab9c64493f5b57e1c as it did not create a cgroup: this container does not have a cgroup
timestamp_ns=1785753231613902879
	DDR Capacity(MB)               : 0
	DDR Usage Rate(%)              : 0
	DDR Hugepages Total(page)      : 0
	DDR Hugepages Usage Rate(%)    : 0
	HBM Capacity(MB)               : 65536
	HBM Usage Rate(%)              : 29
	Aicore Usage Rate(%)           : 78
	Aivector Usage Rate(%)         : 5
	Aicpu Usage Rate(%)            : 0
	Ctrlcpu Usage Rate(%)          : 3
	DDR Bandwidth Usage Rate(%)    : 0
	HBM Bandwidth Usage Rate(%)    : 53
	NPU Utilization(%)             : 89
	Aicube Usage Rate(%)           : 72
	Get pid name failed.
	Process id:2090716 Process name:                  Process memory(MB):16066
Error: cannot run top on container fca65b17c7696be0978c024206dce045576ad0d5017576dab9c64493f5b57e1c as it did not create a cgroup: this container does not have a cgroup
timestamp_ns=1785753233781809061
	DDR Capacity(MB)               : 0
	DDR Usage Rate(%)              : 0
	DDR Hugepages Total(page)      : 0
	DDR Hugepages Usage Rate(%)    : 0
	HBM Capacity(MB)               : 65536
	HBM Usage Rate(%)              : 29
	Aicore Usage Rate(%)           : 79
	Aivector Usage Rate(%)         : 5
	Aicpu Usage Rate(%)            : 0
	Ctrlcpu Usage Rate(%)          : 9
	DDR Bandwidth Usage Rate(%)    : 0
	HBM Bandwidth Usage Rate(%)    : 54
	NPU Utilization(%)             : 86
	Aicube Usage Rate(%)           : 72
	Get pid name failed.
	Process id:2090716 Process name:                  Process memory(MB):16066
Error: cannot run top on container fca65b17c7696be0978c024206dce045576ad0d5017576dab9c64493f5b57e1c as it did not create a cgroup: this container does not have a cgroup
timestamp_ns=1785753235948951003
	DDR Capacity(MB)               : 0
	DDR Usage Rate(%)              : 0
	DDR Hugepages Total(page)      : 0
	DDR Hugepages Usage Rate(%)    : 0
	HBM Capacity(MB)               : 65536
	HBM Usage Rate(%)              : 29
	Aicore Usage Rate(%)           : 78
	Aivector Usage Rate(%)         : 5
	Aicpu Usage Rate(%)            : 0
	Ctrlcpu Usage Rate(%)          : 1
	DDR Bandwidth Usage Rate(%)    : 0
	HBM Bandwidth Usage Rate(%)    : 54
	NPU Utilization(%)             : 93
	Aicube Usage Rate(%)           : 72
	Get pid name failed.
	Process id:2090716 Process name:                  Process memory(MB):16066
Error: cannot run top on container fca65b17c7696be0978c024206dce045576ad0d5017576dab9c64493f5b57e1c as it did not create a cgroup: this container does not have a cgroup
timestamp_ns=1785753238171672403
	DDR Capacity(MB)               : 0
	DDR Usage Rate(%)              : 0
	DDR Hugepages Total(page)      : 0
	DDR Hugepages Usage Rate(%)    : 0
	HBM Capacity(MB)               : 65536
	HBM Usage Rate(%)              : 29
	Aicore Usage Rate(%)           : 77
	Aivector Usage Rate(%)         : 5
	Aicpu Usage Rate(%)            : 0
	Ctrlcpu Usage Rate(%)          : 5
	DDR Bandwidth Usage Rate(%)    : 0
	HBM Bandwidth Usage Rate(%)    : 54
	NPU Utilization(%)             : 89
	Aicube Usage Rate(%)           : 71
	Get pid name failed.
	Process id:2090716 Process name:                  Process memory(MB):16066
Error: cannot run top on container fca65b17c7696be0978c024206dce045576ad0d5017576dab9c64493f5b57e1c as it did not create a cgroup: this container does not have a cgroup
timestamp_ns=1785753240340147534
	DDR Capacity(MB)               : 0
	DDR Usage Rate(%)              : 0
	DDR Hugepages Total(page)      : 0
	DDR Hugepages Usage Rate(%)    : 0
	HBM Capacity(MB)               : 65536
	HBM Usage Rate(%)              : 29
	Aicore Usage Rate(%)           : 81
	Aivector Usage Rate(%)         : 5
	Aicpu Usage Rate(%)            : 0
	Ctrlcpu Usage Rate(%)          : 2
	DDR Bandwidth Usage Rate(%)    : 0
	HBM Bandwidth Usage Rate(%)    : 53
	NPU Utilization(%)             : 86
	Aicube Usage Rate(%)           : 74
	Get pid name failed.
	Process id:2090716 Process name:                  Process memory(MB):16066
Error: cannot run top on container fca65b17c7696be0978c024206dce045576ad0d5017576dab9c64493f5b57e1c as it did not create a cgroup: this container does not have a cgroup
timestamp_ns=1785753242502235704
	DDR Capacity(MB)               : 0
	DDR Usage Rate(%)              : 0
	DDR Hugepages Total(page)      : 0
	DDR Hugepages Usage Rate(%)    : 0
	HBM Capacity(MB)               : 65536
	HBM Usage Rate(%)              : 29
	Aicore Usage Rate(%)           : 81
	Aivector Usage Rate(%)         : 5
	Aicpu Usage Rate(%)            : 0
	Ctrlcpu Usage Rate(%)          : 7
	DDR Bandwidth Usage Rate(%)    : 0
	HBM Bandwidth Usage Rate(%)    : 54
	NPU Utilization(%)             : 96
	Aicube Usage Rate(%)           : 74
	Get pid name failed.
	Process id:2090716 Process name:                  Process memory(MB):16066
Error: cannot run top on container fca65b17c7696be0978c024206dce045576ad0d5017576dab9c64493f5b57e1c as it did not create a cgroup: this container does not have a cgroup
timestamp_ns=1785753244655359390
	DDR Capacity(MB)               : 0
	DDR Usage Rate(%)              : 0
	DDR Hugepages Total(page)      : 0
	DDR Hugepages Usage Rate(%)    : 0
	HBM Capacity(MB)               : 65536
	HBM Usage Rate(%)              : 29
	Aicore Usage Rate(%)           : 75
	Aivector Usage Rate(%)         : 4
	Aicpu Usage Rate(%)            : 0
	Ctrlcpu Usage Rate(%)          : 3
	DDR Bandwidth Usage Rate(%)    : 0
	HBM Bandwidth Usage Rate(%)    : 54
	NPU Utilization(%)             : 89
	Aicube Usage Rate(%)           : 69
	Get pid name failed.
	Process id:2090716 Process name:                  Process memory(MB):16066
Error: cannot run top on container fca65b17c7696be0978c024206dce045576ad0d5017576dab9c64493f5b57e1c as it did not create a cgroup: this container does not have a cgroup
timestamp_ns=1785753246841440272
	DDR Capacity(MB)               : 0
	DDR Usage Rate(%)              : 0
	DDR Hugepages Total(page)      : 0
	DDR Hugepages Usage Rate(%)    : 0
	HBM Capacity(MB)               : 65536
	HBM Usage Rate(%)              : 29
	Aicore Usage Rate(%)           : 79
	Aivector Usage Rate(%)         : 5
	Aicpu Usage Rate(%)            : 0
	Ctrlcpu Usage Rate(%)          : 4
	DDR Bandwidth Usage Rate(%)    : 0
	HBM Bandwidth Usage Rate(%)    : 53
	NPU Utilization(%)             : 93
	Aicube Usage Rate(%)           : 71
	Get pid name failed.
	Process id:2090716 Process name:                  Process memory(MB):16066
Error: cannot run top on container fca65b17c7696be0978c024206dce045576ad0d5017576dab9c64493f5b57e1c as it did not create a cgroup: this container does not have a cgroup
timestamp_ns=1785753249031982825
	DDR Capacity(MB)               : 0
	DDR Usage Rate(%)              : 0
	DDR Hugepages Total(page)      : 0
	DDR Hugepages Usage Rate(%)    : 0
	HBM Capacity(MB)               : 65536
	HBM Usage Rate(%)              : 29
	Aicore Usage Rate(%)           : 77
	Aivector Usage Rate(%)         : 5
	Aicpu Usage Rate(%)            : 0
	Ctrlcpu Usage Rate(%)          : 3
	DDR Bandwidth Usage Rate(%)    : 0
	HBM Bandwidth Usage Rate(%)    : 54
	NPU Utilization(%)             : 89
	Aicube Usage Rate(%)           : 71
	Get pid name failed.
	Process id:2090716 Process name:                  Process memory(MB):16066
Error: cannot run top on container fca65b17c7696be0978c024206dce045576ad0d5017576dab9c64493f5b57e1c as it did not create a cgroup: this container does not have a cgroup
timestamp_ns=1785753251227959488
	DDR Capacity(MB)               : 0
	DDR Usage Rate(%)              : 0
	DDR Hugepages Total(page)      : 0
	DDR Hugepages Usage Rate(%)    : 0
	HBM Capacity(MB)               : 65536
	HBM Usage Rate(%)              : 29
	Aicore Usage Rate(%)           : 80
	Aivector Usage Rate(%)         : 5
	Aicpu Usage Rate(%)            : 0
	Ctrlcpu Usage Rate(%)          : 3
	DDR Bandwidth Usage Rate(%)    : 0
	HBM Bandwidth Usage Rate(%)    : 54
	NPU Utilization(%)             : 89
	Aicube Usage Rate(%)           : 72
	Get pid name failed.
	Process id:2090716 Process name:                  Process memory(MB):16066
Error: cannot run top on container fca65b17c7696be0978c024206dce045576ad0d5017576dab9c64493f5b57e1c as it did not create a cgroup: this container does not have a cgroup
timestamp_ns=1785753253423899646
	DDR Capacity(MB)               : 0
	DDR Usage Rate(%)              : 0
	DDR Hugepages Total(page)      : 0
	DDR Hugepages Usage Rate(%)    : 0
	HBM Capacity(MB)               : 65536
	HBM Usage Rate(%)              : 29
	Aicore Usage Rate(%)           : 79
	Aivector Usage Rate(%)         : 5
	Aicpu Usage Rate(%)            : 0
	Ctrlcpu Usage Rate(%)          : 5
	DDR Bandwidth Usage Rate(%)    : 0
	HBM Bandwidth Usage Rate(%)    : 54
	NPU Utilization(%)             : 93
	Aicube Usage Rate(%)           : 72
	Get pid name failed.
	Process id:2090716 Process name:                  Process memory(MB):16066
Error: cannot run top on container fca65b17c7696be0978c024206dce045576ad0d5017576dab9c64493f5b57e1c as it did not create a cgroup: this container does not have a cgroup
timestamp_ns=1785753255610979622
	DDR Capacity(MB)               : 0
	DDR Usage Rate(%)              : 0
	DDR Hugepages Total(page)      : 0
	DDR Hugepages Usage Rate(%)    : 0
	HBM Capacity(MB)               : 65536
	HBM Usage Rate(%)              : 29
	Aicore Usage Rate(%)           : 81
	Aivector Usage Rate(%)         : 5
	Aicpu Usage Rate(%)            : 0
	Ctrlcpu Usage Rate(%)          : 1
	DDR Bandwidth Usage Rate(%)    : 0
	HBM Bandwidth Usage Rate(%)    : 54
	NPU Utilization(%)             : 89
	Aicube Usage Rate(%)           : 73
	Get pid name failed.
	Process id:2090716 Process name:                  Process memory(MB):16066
Error: cannot run top on container fca65b17c7696be0978c024206dce045576ad0d5017576dab9c64493f5b57e1c as it did not create a cgroup: this container does not have a cgroup
timestamp_ns=1785753257811585991
	DDR Capacity(MB)               : 0
	DDR Usage Rate(%)              : 0
	DDR Hugepages Total(page)      : 0
	DDR Hugepages Usage Rate(%)    : 0
	HBM Capacity(MB)               : 65536
	HBM Usage Rate(%)              : 29
	Aicore Usage Rate(%)           : 76
	Aivector Usage Rate(%)         : 4
	Aicpu Usage Rate(%)            : 0
	Ctrlcpu Usage Rate(%)          : 5
	DDR Bandwidth Usage Rate(%)    : 0
	HBM Bandwidth Usage Rate(%)    : 54
	NPU Utilization(%)             : 89
	Aicube Usage Rate(%)           : 70
	Get pid name failed.
	Process id:2090716 Process name:                  Process memory(MB):16066
Error: cannot run top on container fca65b17c7696be0978c024206dce045576ad0d5017576dab9c64493f5b57e1c as it did not create a cgroup: this container does not have a cgroup
timestamp_ns=1785753260115035877
	DDR Capacity(MB)               : 0
	DDR Usage Rate(%)              : 0
	DDR Hugepages Total(page)      : 0
	DDR Hugepages Usage Rate(%)    : 0
	HBM Capacity(MB)               : 65536
	HBM Usage Rate(%)              : 29
	Aicore Usage Rate(%)           : 78
	Aivector Usage Rate(%)         : 5
	Aicpu Usage Rate(%)            : 0
	Ctrlcpu Usage Rate(%)          : 3
	DDR Bandwidth Usage Rate(%)    : 0
	HBM Bandwidth Usage Rate(%)    : 46
	NPU Utilization(%)             : 96
	Aicube Usage Rate(%)           : 70
	Get pid name failed.
	Process id:2090716 Process name:                  Process memory(MB):16066
Error: cannot run top on container fca65b17c7696be0978c024206dce045576ad0d5017576dab9c64493f5b57e1c as it did not create a cgroup: this container does not have a cgroup
timestamp_ns=1785753262314162635
	DDR Capacity(MB)               : 0
	DDR Usage Rate(%)              : 0
	DDR Hugepages Total(page)      : 0
	DDR Hugepages Usage Rate(%)    : 0
	HBM Capacity(MB)               : 65536
	HBM Usage Rate(%)              : 29
	Aicore Usage Rate(%)           : 63
	Aivector Usage Rate(%)         : 4
	Aicpu Usage Rate(%)            : 0
	Ctrlcpu Usage Rate(%)          : 9
	DDR Bandwidth Usage Rate(%)    : 0
	HBM Bandwidth Usage Rate(%)    : 32
	NPU Utilization(%)             : 89
	Aicube Usage Rate(%)           : 58
	Get pid name failed.
	Process id:2090716 Process name:                  Process memory(MB):16066
Error: cannot run top on container fca65b17c7696be0978c024206dce045576ad0d5017576dab9c64493f5b57e1c as it did not create a cgroup: this container does not have a cgroup
timestamp_ns=1785753264520795068
	DDR Capacity(MB)               : 0
	DDR Usage Rate(%)              : 0
	DDR Hugepages Total(page)      : 0
	DDR Hugepages Usage Rate(%)    : 0
	HBM Capacity(MB)               : 65536
	HBM Usage Rate(%)              : 29
	Aicore Usage Rate(%)           : 80
	Aivector Usage Rate(%)         : 5
	Aicpu Usage Rate(%)            : 0
	Ctrlcpu Usage Rate(%)          : 3
	DDR Bandwidth Usage Rate(%)    : 0
	HBM Bandwidth Usage Rate(%)    : 47
	NPU Utilization(%)             : 96
	Aicube Usage Rate(%)           : 72
	Get pid name failed.
	Process id:2090716 Process name:                  Process memory(MB):16066
Error: cannot run top on container fca65b17c7696be0978c024206dce045576ad0d5017576dab9c64493f5b57e1c as it did not create a cgroup: this container does not have a cgroup
timestamp_ns=1785753266735882846
	DDR Capacity(MB)               : 0
	DDR Usage Rate(%)              : 0
	DDR Hugepages Total(page)      : 0
	DDR Hugepages Usage Rate(%)    : 0
	HBM Capacity(MB)               : 65536
	HBM Usage Rate(%)              : 29
	Aicore Usage Rate(%)           : 70
	Aivector Usage Rate(%)         : 4
	Aicpu Usage Rate(%)            : 0
	Ctrlcpu Usage Rate(%)          : 1
	DDR Bandwidth Usage Rate(%)    : 0
	HBM Bandwidth Usage Rate(%)    : 51
	NPU Utilization(%)             : 79
	Aicube Usage Rate(%)           : 64
	Get pid name failed.
	Process id:2090716 Process name:                  Process memory(MB):16066
Error: cannot run top on container fca65b17c7696be0978c024206dce045576ad0d5017576dab9c64493f5b57e1c as it did not create a cgroup: this container does not have a cgroup
timestamp_ns=1785753268953754499
	DDR Capacity(MB)               : 0
	DDR Usage Rate(%)              : 0
	DDR Hugepages Total(page)      : 0
	DDR Hugepages Usage Rate(%)    : 0
	HBM Capacity(MB)               : 65536
	HBM Usage Rate(%)              : 29
	Aicore Usage Rate(%)           : 77
	Aivector Usage Rate(%)         : 5
	Aicpu Usage Rate(%)            : 0
	Ctrlcpu Usage Rate(%)          : 4
	DDR Bandwidth Usage Rate(%)    : 0
	HBM Bandwidth Usage Rate(%)    : 54
	NPU Utilization(%)             : 93
	Aicube Usage Rate(%)           : 70
	Get pid name failed.
	Process id:2090716 Process name:                  Process memory(MB):16066
Error: cannot run top on container fca65b17c7696be0978c024206dce045576ad0d5017576dab9c64493f5b57e1c as it did not create a cgroup: this container does not have a cgroup
timestamp_ns=1785753271150156742
	DDR Capacity(MB)               : 0
	DDR Usage Rate(%)              : 0
	DDR Hugepages Total(page)      : 0
	DDR Hugepages Usage Rate(%)    : 0
	HBM Capacity(MB)               : 65536
	HBM Usage Rate(%)              : 29
	Aicore Usage Rate(%)           : 73
	Aivector Usage Rate(%)         : 4
	Aicpu Usage Rate(%)            : 0
	Ctrlcpu Usage Rate(%)          : 1
	DDR Bandwidth Usage Rate(%)    : 0
	HBM Bandwidth Usage Rate(%)    : 54
	NPU Utilization(%)             : 93
	Aicube Usage Rate(%)           : 67
	Get pid name failed.
	Process id:2090716 Process name:                  Process memory(MB):16066
Error: cannot run top on container fca65b17c7696be0978c024206dce045576ad0d5017576dab9c64493f5b57e1c as it did not create a cgroup: this container does not have a cgroup
timestamp_ns=1785753273456746375
	DDR Capacity(MB)               : 0
	DDR Usage Rate(%)              : 0
	DDR Hugepages Total(page)      : 0
	DDR Hugepages Usage Rate(%)    : 0
	HBM Capacity(MB)               : 65536
	HBM Usage Rate(%)              : 29
	Aicore Usage Rate(%)           : 0
	Aivector Usage Rate(%)         : 0
	Aicpu Usage Rate(%)            : 0
	Ctrlcpu Usage Rate(%)          : 1
	DDR Bandwidth Usage Rate(%)    : 0
	HBM Bandwidth Usage Rate(%)    : 49
	NPU Utilization(%)             : 65
	Aicube Usage Rate(%)           : 0
	Get pid name failed.
	Process id:2090716 Process name:                  Process memory(MB):16066
Error: cannot run top on container fca65b17c7696be0978c024206dce045576ad0d5017576dab9c64493f5b57e1c as it did not create a cgroup: this container does not have a cgroup
timestamp_ns=1785753275663644763
	DDR Capacity(MB)               : 0
	DDR Usage Rate(%)              : 0
	DDR Hugepages Total(page)      : 0
	DDR Hugepages Usage Rate(%)    : 0
	HBM Capacity(MB)               : 65536
	HBM Usage Rate(%)              : 29
	Aicore Usage Rate(%)           : 68
	Aivector Usage Rate(%)         : 4
	Aicpu Usage Rate(%)            : 0
	Ctrlcpu Usage Rate(%)          : 1
	DDR Bandwidth Usage Rate(%)    : 0
	HBM Bandwidth Usage Rate(%)    : 52
	NPU Utilization(%)             : 89
	Aicube Usage Rate(%)           : 62
	Get pid name failed.
	Process id:2090716 Process name:                  Process memory(MB):16066
Error: cannot run top on container fca65b17c7696be0978c024206dce045576ad0d5017576dab9c64493f5b57e1c as it did not create a cgroup: this container does not have a cgroup
timestamp_ns=1785753277848805106
	DDR Capacity(MB)               : 0
	DDR Usage Rate(%)              : 0
	DDR Hugepages Total(page)      : 0
	DDR Hugepages Usage Rate(%)    : 0
	HBM Capacity(MB)               : 65536
	HBM Usage Rate(%)              : 29
	Aicore Usage Rate(%)           : 100
	Aivector Usage Rate(%)         : 16
	Aicpu Usage Rate(%)            : 0
	Ctrlcpu Usage Rate(%)          : 8
	DDR Bandwidth Usage Rate(%)    : 0
	HBM Bandwidth Usage Rate(%)    : 51
	NPU Utilization(%)             : 100
	Aicube Usage Rate(%)           : 86
	Get pid name failed.
	Process id:2090716 Process name:                  Process memory(MB):16066
Error: cannot run top on container fca65b17c7696be0978c024206dce045576ad0d5017576dab9c64493f5b57e1c as it did not create a cgroup: this container does not have a cgroup
timestamp_ns=1785753280082393681
	DDR Capacity(MB)               : 0
	DDR Usage Rate(%)              : 0
	DDR Hugepages Total(page)      : 0
	DDR Hugepages Usage Rate(%)    : 0
	HBM Capacity(MB)               : 65536
	HBM Usage Rate(%)              : 29
	Aicore Usage Rate(%)           : 79
	Aivector Usage Rate(%)         : 5
	Aicpu Usage Rate(%)            : 0
	Ctrlcpu Usage Rate(%)          : 2
	DDR Bandwidth Usage Rate(%)    : 0
	HBM Bandwidth Usage Rate(%)    : 50
	NPU Utilization(%)             : 89
	Aicube Usage Rate(%)           : 72
	Get pid name failed.
	Process id:2090716 Process name:                  Process memory(MB):16066
Error: cannot run top on container fca65b17c7696be0978c024206dce045576ad0d5017576dab9c64493f5b57e1c as it did not create a cgroup: this container does not have a cgroup
timestamp_ns=1785753282367320327
	DDR Capacity(MB)               : 0
	DDR Usage Rate(%)              : 0
	DDR Hugepages Total(page)      : 0
	DDR Hugepages Usage Rate(%)    : 0
	HBM Capacity(MB)               : 65536
	HBM Usage Rate(%)              : 29
	Aicore Usage Rate(%)           : 100
	Aivector Usage Rate(%)         : 16
	Aicpu Usage Rate(%)            : 0
	Ctrlcpu Usage Rate(%)          : 4
	DDR Bandwidth Usage Rate(%)    : 0
	HBM Bandwidth Usage Rate(%)    : 51
	NPU Utilization(%)             : 100
	Aicube Usage Rate(%)           : 86
	Get pid name failed.
	Process id:2090716 Process name:                  Process memory(MB):16066
Error: cannot run top on container fca65b17c7696be0978c024206dce045576ad0d5017576dab9c64493f5b57e1c as it did not create a cgroup: this container does not have a cgroup
timestamp_ns=1785753284630906887
	DDR Capacity(MB)               : 0
	DDR Usage Rate(%)              : 0
	DDR Hugepages Total(page)      : 0
	DDR Hugepages Usage Rate(%)    : 0
	HBM Capacity(MB)               : 65536
	HBM Usage Rate(%)              : 29
	Aicore Usage Rate(%)           : 71
	Aivector Usage Rate(%)         : 4
	Aicpu Usage Rate(%)            : 0
	Ctrlcpu Usage Rate(%)          : 1
	DDR Bandwidth Usage Rate(%)    : 0
	HBM Bandwidth Usage Rate(%)    : 38
	NPU Utilization(%)             : 89
	Aicube Usage Rate(%)           : 65
	Get pid name failed.
	Process id:2090716 Process name:                  Process memory(MB):16066
Error: cannot run top on container fca65b17c7696be0978c024206dce045576ad0d5017576dab9c64493f5b57e1c as it did not create a cgroup: this container does not have a cgroup
timestamp_ns=1785753286934748544
	DDR Capacity(MB)               : 0
	DDR Usage Rate(%)              : 0
	DDR Hugepages Total(page)      : 0
	DDR Hugepages Usage Rate(%)    : 0
	HBM Capacity(MB)               : 65536
	HBM Usage Rate(%)              : 29
	Aicore Usage Rate(%)           : 33
	Aivector Usage Rate(%)         : 2
	Aicpu Usage Rate(%)            : 0
	Ctrlcpu Usage Rate(%)          : 6
	DDR Bandwidth Usage Rate(%)    : 0
	HBM Bandwidth Usage Rate(%)    : 53
	NPU Utilization(%)             : 86
	Aicube Usage Rate(%)           : 30
	Get pid name failed.
	Process id:2090716 Process name:                  Process memory(MB):16066
Error: cannot run top on container fca65b17c7696be0978c024206dce045576ad0d5017576dab9c64493f5b57e1c as it did not create a cgroup: this container does not have a cgroup
timestamp_ns=1785753289203509685
	DDR Capacity(MB)               : 0
	DDR Usage Rate(%)              : 0
	DDR Hugepages Total(page)      : 0
	DDR Hugepages Usage Rate(%)    : 0
	HBM Capacity(MB)               : 65536
	HBM Usage Rate(%)              : 29
	Aicore Usage Rate(%)           : 75
	Aivector Usage Rate(%)         : 4
	Aicpu Usage Rate(%)            : 0
	Ctrlcpu Usage Rate(%)          : 8
	DDR Bandwidth Usage Rate(%)    : 0
	HBM Bandwidth Usage Rate(%)    : 53
	NPU Utilization(%)             : 89
	Aicube Usage Rate(%)           : 69
	Get pid name failed.
	Process id:2090716 Process name:                  Process memory(MB):16066
Error: cannot run top on container fca65b17c7696be0978c024206dce045576ad0d5017576dab9c64493f5b57e1c as it did not create a cgroup: this container does not have a cgroup
timestamp_ns=1785753291461451743
	DDR Capacity(MB)               : 0
	DDR Usage Rate(%)              : 0
	DDR Hugepages Total(page)      : 0
	DDR Hugepages Usage Rate(%)    : 0
	HBM Capacity(MB)               : 65536
	HBM Usage Rate(%)              : 29
	Aicore Usage Rate(%)           : 67
	Aivector Usage Rate(%)         : 4
	Aicpu Usage Rate(%)            : 0
	Ctrlcpu Usage Rate(%)          : 2
	DDR Bandwidth Usage Rate(%)    : 0
	HBM Bandwidth Usage Rate(%)    : 51
	NPU Utilization(%)             : 72
	Aicube Usage Rate(%)           : 60
	Get pid name failed.
	Process id:2090716 Process name:                  Process memory(MB):16066
Error: cannot run top on container fca65b17c7696be0978c024206dce045576ad0d5017576dab9c64493f5b57e1c as it did not create a cgroup: this container does not have a cgroup
timestamp_ns=1785753293798971067
	DDR Capacity(MB)               : 0
	DDR Usage Rate(%)              : 0
	DDR Hugepages Total(page)      : 0
	DDR Hugepages Usage Rate(%)    : 0
	HBM Capacity(MB)               : 65536
	HBM Usage Rate(%)              : 29
	Aicore Usage Rate(%)           : 71
	Aivector Usage Rate(%)         : 4
	Aicpu Usage Rate(%)            : 0
	Ctrlcpu Usage Rate(%)          : 5
	DDR Bandwidth Usage Rate(%)    : 0
	HBM Bandwidth Usage Rate(%)    : 53
	NPU Utilization(%)             : 82
	Aicube Usage Rate(%)           : 65
	Get pid name failed.
	Process id:2090716 Process name:                  Process memory(MB):16066
Error: cannot run top on container fca65b17c7696be0978c024206dce045576ad0d5017576dab9c64493f5b57e1c as it did not create a cgroup: this container does not have a cgroup
timestamp_ns=1785753295983266922
	DDR Capacity(MB)               : 0
	DDR Usage Rate(%)              : 0
	DDR Hugepages Total(page)      : 0
	DDR Hugepages Usage Rate(%)    : 0
	HBM Capacity(MB)               : 65536
	HBM Usage Rate(%)              : 29
	Aicore Usage Rate(%)           : 0
	Aivector Usage Rate(%)         : 0
	Aicpu Usage Rate(%)            : 0
	Ctrlcpu Usage Rate(%)          : 1
	DDR Bandwidth Usage Rate(%)    : 0
	HBM Bandwidth Usage Rate(%)    : 49
	NPU Utilization(%)             : 65
	Aicube Usage Rate(%)           : 0
	Get pid name failed.
	Process id:2090716 Process name:                  Process memory(MB):16066
Error: cannot run top on container fca65b17c7696be0978c024206dce045576ad0d5017576dab9c64493f5b57e1c as it did not create a cgroup: this container does not have a cgroup
timestamp_ns=1785753298146628781
	DDR Capacity(MB)               : 0
	DDR Usage Rate(%)              : 0
	DDR Hugepages Total(page)      : 0
	DDR Hugepages Usage Rate(%)    : 0
	HBM Capacity(MB)               : 65536
	HBM Usage Rate(%)              : 29
	Aicore Usage Rate(%)           : 78
	Aivector Usage Rate(%)         : 5
	Aicpu Usage Rate(%)            : 0
	Ctrlcpu Usage Rate(%)          : 6
	DDR Bandwidth Usage Rate(%)    : 0
	HBM Bandwidth Usage Rate(%)    : 53
	NPU Utilization(%)             : 89
	Aicube Usage Rate(%)           : 72
	Get pid name failed.
	Process id:2090716 Process name:                  Process memory(MB):16066
Error: cannot run top on container fca65b17c7696be0978c024206dce045576ad0d5017576dab9c64493f5b57e1c as it did not create a cgroup: this container does not have a cgroup
timestamp_ns=1785753300363088668
	DDR Capacity(MB)               : 0
	DDR Usage Rate(%)              : 0
	DDR Hugepages Total(page)      : 0
	DDR Hugepages Usage Rate(%)    : 0
	HBM Capacity(MB)               : 65536
	HBM Usage Rate(%)              : 29
	Aicore Usage Rate(%)           : 100
	Aivector Usage Rate(%)         : 24
	Aicpu Usage Rate(%)            : 0
	Ctrlcpu Usage Rate(%)          : 8
	DDR Bandwidth Usage Rate(%)    : 0
	HBM Bandwidth Usage Rate(%)    : 52
	NPU Utilization(%)             : 100
	Aicube Usage Rate(%)           : 87
	Get pid name failed.
	Process id:2090716 Process name:                  Process memory(MB):16066
Error: cannot run top on container fca65b17c7696be0978c024206dce045576ad0d5017576dab9c64493f5b57e1c as it did not create a cgroup: this container does not have a cgroup
timestamp_ns=1785753302527954223
	DDR Capacity(MB)               : 0
	DDR Usage Rate(%)              : 0
	DDR Hugepages Total(page)      : 0
	DDR Hugepages Usage Rate(%)    : 0
	HBM Capacity(MB)               : 65536
	HBM Usage Rate(%)              : 29
	Aicore Usage Rate(%)           : 81
	Aivector Usage Rate(%)         : 5
	Aicpu Usage Rate(%)            : 0
	Ctrlcpu Usage Rate(%)          : 7
	DDR Bandwidth Usage Rate(%)    : 0
	HBM Bandwidth Usage Rate(%)    : 54
	NPU Utilization(%)             : 93
	Aicube Usage Rate(%)           : 74
	Get pid name failed.
	Process id:2090716 Process name:                  Process memory(MB):16066
Error: cannot run top on container fca65b17c7696be0978c024206dce045576ad0d5017576dab9c64493f5b57e1c as it did not create a cgroup: this container does not have a cgroup
timestamp_ns=1785753304726752681
	DDR Capacity(MB)               : 0
	DDR Usage Rate(%)              : 0
	DDR Hugepages Total(page)      : 0
	DDR Hugepages Usage Rate(%)    : 0
	HBM Capacity(MB)               : 65536
	HBM Usage Rate(%)              : 29
	Aicore Usage Rate(%)           : 100
	Aivector Usage Rate(%)         : 23
	Aicpu Usage Rate(%)            : 0
	Ctrlcpu Usage Rate(%)          : 1
	DDR Bandwidth Usage Rate(%)    : 0
	HBM Bandwidth Usage Rate(%)    : 53
	NPU Utilization(%)             : 100
	Aicube Usage Rate(%)           : 86
	Get pid name failed.
	Process id:2090716 Process name:                  Process memory(MB):16066
Error: cannot run top on container fca65b17c7696be0978c024206dce045576ad0d5017576dab9c64493f5b57e1c as it did not create a cgroup: this container does not have a cgroup
timestamp_ns=1785753306887282930
	DDR Capacity(MB)               : 0
	DDR Usage Rate(%)              : 0
	DDR Hugepages Total(page)      : 0
	DDR Hugepages Usage Rate(%)    : 0
	HBM Capacity(MB)               : 65536
	HBM Usage Rate(%)              : 29
	Aicore Usage Rate(%)           : 77
	Aivector Usage Rate(%)         : 5
	Aicpu Usage Rate(%)            : 0
	Ctrlcpu Usage Rate(%)          : 1
	DDR Bandwidth Usage Rate(%)    : 0
	HBM Bandwidth Usage Rate(%)    : 53
	NPU Utilization(%)             : 89
	Aicube Usage Rate(%)           : 71
	Get pid name failed.
	Process id:2090716 Process name:                  Process memory(MB):16066
Error: cannot run top on container fca65b17c7696be0978c024206dce045576ad0d5017576dab9c64493f5b57e1c as it did not create a cgroup: this container does not have a cgroup
timestamp_ns=1785753309031381609
	DDR Capacity(MB)               : 0
	DDR Usage Rate(%)              : 0
	DDR Hugepages Total(page)      : 0
	DDR Hugepages Usage Rate(%)    : 0
	HBM Capacity(MB)               : 65536
	HBM Usage Rate(%)              : 29
	Aicore Usage Rate(%)           : 100
	Aivector Usage Rate(%)         : 23
	Aicpu Usage Rate(%)            : 0
	Ctrlcpu Usage Rate(%)          : 2
	DDR Bandwidth Usage Rate(%)    : 0
	HBM Bandwidth Usage Rate(%)    : 48
	NPU Utilization(%)             : 100
	Aicube Usage Rate(%)           : 84
	Get pid name failed.
	Process id:2090716 Process name:                  Process memory(MB):16066
Error: cannot run top on container fca65b17c7696be0978c024206dce045576ad0d5017576dab9c64493f5b57e1c as it did not create a cgroup: this container does not have a cgroup
timestamp_ns=1785753311219192447
	DDR Capacity(MB)               : 0
	DDR Usage Rate(%)              : 0
	DDR Hugepages Total(page)      : 0
	DDR Hugepages Usage Rate(%)    : 0
	HBM Capacity(MB)               : 65536
	HBM Usage Rate(%)              : 29
	Aicore Usage Rate(%)           : 76
	Aivector Usage Rate(%)         : 4
	Aicpu Usage Rate(%)            : 0
	Ctrlcpu Usage Rate(%)          : 0
	DDR Bandwidth Usage Rate(%)    : 0
	HBM Bandwidth Usage Rate(%)    : 50
	NPU Utilization(%)             : 89
	Aicube Usage Rate(%)           : 70
	Get pid name failed.
	Process id:2090716 Process name:                  Process memory(MB):16066
Error: cannot run top on container fca65b17c7696be0978c024206dce045576ad0d5017576dab9c64493f5b57e1c as it did not create a cgroup: this container does not have a cgroup
timestamp_ns=1785753313396273746
	DDR Capacity(MB)               : 0
	DDR Usage Rate(%)              : 0
	DDR Hugepages Total(page)      : 0
	DDR Hugepages Usage Rate(%)    : 0
	HBM Capacity(MB)               : 65536
	HBM Usage Rate(%)              : 29
	Aicore Usage Rate(%)           : 100
	Aivector Usage Rate(%)         : 17
	Aicpu Usage Rate(%)            : 0
	Ctrlcpu Usage Rate(%)          : 2
	DDR Bandwidth Usage Rate(%)    : 0
	HBM Bandwidth Usage Rate(%)    : 50
	NPU Utilization(%)             : 100
	Aicube Usage Rate(%)           : 86
	Get pid name failed.
	Process id:2090716 Process name:                  Process memory(MB):16066
Error: cannot run top on container fca65b17c7696be0978c024206dce045576ad0d5017576dab9c64493f5b57e1c as it did not create a cgroup: this container does not have a cgroup
timestamp_ns=1785753315545963766
	DDR Capacity(MB)               : 0
	DDR Usage Rate(%)              : 0
	DDR Hugepages Total(page)      : 0
	DDR Hugepages Usage Rate(%)    : 0
	HBM Capacity(MB)               : 65536
	HBM Usage Rate(%)              : 29
	Aicore Usage Rate(%)           : 74
	Aivector Usage Rate(%)         : 5
	Aicpu Usage Rate(%)            : 0
	Ctrlcpu Usage Rate(%)          : 3
	DDR Bandwidth Usage Rate(%)    : 0
	HBM Bandwidth Usage Rate(%)    : 54
	NPU Utilization(%)             : 89
	Aicube Usage Rate(%)           : 68
	Get pid name failed.
	Process id:2090716 Process name:                  Process memory(MB):16066
Error: cannot run top on container fca65b17c7696be0978c024206dce045576ad0d5017576dab9c64493f5b57e1c as it did not create a cgroup: this container does not have a cgroup
timestamp_ns=1785753317737068546
	DDR Capacity(MB)               : 0
	DDR Usage Rate(%)              : 0
	DDR Hugepages Total(page)      : 0
	DDR Hugepages Usage Rate(%)    : 0
	HBM Capacity(MB)               : 65536
	HBM Usage Rate(%)              : 29
	Aicore Usage Rate(%)           : 100
	Aivector Usage Rate(%)         : 21
	Aicpu Usage Rate(%)            : 0
	Ctrlcpu Usage Rate(%)          : 2
	DDR Bandwidth Usage Rate(%)    : 0
	HBM Bandwidth Usage Rate(%)    : 53
	NPU Utilization(%)             : 100
	Aicube Usage Rate(%)           : 82
	Get pid name failed.
	Process id:2090716 Process name:                  Process memory(MB):16066
Error: cannot run top on container fca65b17c7696be0978c024206dce045576ad0d5017576dab9c64493f5b57e1c as it did not create a cgroup: this container does not have a cgroup
timestamp_ns=1785753319910530692
	DDR Capacity(MB)               : 0
	DDR Usage Rate(%)              : 0
	DDR Hugepages Total(page)      : 0
	DDR Hugepages Usage Rate(%)    : 0
	HBM Capacity(MB)               : 65536
	HBM Usage Rate(%)              : 29
	Aicore Usage Rate(%)           : 79
	Aivector Usage Rate(%)         : 5
	Aicpu Usage Rate(%)            : 0
	Ctrlcpu Usage Rate(%)          : 8
	DDR Bandwidth Usage Rate(%)    : 0
	HBM Bandwidth Usage Rate(%)    : 54
	NPU Utilization(%)             : 93
	Aicube Usage Rate(%)           : 72
	Get pid name failed.
	Process id:2090716 Process name:                  Process memory(MB):16066
Error: cannot run top on container fca65b17c7696be0978c024206dce045576ad0d5017576dab9c64493f5b57e1c as it did not create a cgroup: this container does not have a cgroup
timestamp_ns=1785753322059899638
	DDR Capacity(MB)               : 0
	DDR Usage Rate(%)              : 0
	DDR Hugepages Total(page)      : 0
	DDR Hugepages Usage Rate(%)    : 0
	HBM Capacity(MB)               : 65536
	HBM Usage Rate(%)              : 29
	Aicore Usage Rate(%)           : 0
	Aivector Usage Rate(%)         : 0
	Aicpu Usage Rate(%)            : 0
	Ctrlcpu Usage Rate(%)          : 4
	DDR Bandwidth Usage Rate(%)    : 0
	HBM Bandwidth Usage Rate(%)    : 54
	NPU Utilization(%)             : 10
	Aicube Usage Rate(%)           : 0
	Get pid name failed.
	Process id:2090716 Process name:                  Process memory(MB):16066
Error: cannot run top on container fca65b17c7696be0978c024206dce045576ad0d5017576dab9c64493f5b57e1c as it did not create a cgroup: this container does not have a cgroup
timestamp_ns=1785753324212851008
	DDR Capacity(MB)               : 0
	DDR Usage Rate(%)              : 0
	DDR Hugepages Total(page)      : 0
	DDR Hugepages Usage Rate(%)    : 0
	HBM Capacity(MB)               : 65536
	HBM Usage Rate(%)              : 29
	Aicore Usage Rate(%)           : 78
	Aivector Usage Rate(%)         : 5
	Aicpu Usage Rate(%)            : 0
	Ctrlcpu Usage Rate(%)          : 2
	DDR Bandwidth Usage Rate(%)    : 0
	HBM Bandwidth Usage Rate(%)    : 53
	NPU Utilization(%)             : 100
	Aicube Usage Rate(%)           : 72
	Get pid name failed.
	Process id:2090716 Process name:                  Process memory(MB):16066
Error: cannot run top on container fca65b17c7696be0978c024206dce045576ad0d5017576dab9c64493f5b57e1c as it did not create a cgroup: this container does not have a cgroup
timestamp_ns=1785753326359643746
	DDR Capacity(MB)               : 0
	DDR Usage Rate(%)              : 0
	DDR Hugepages Total(page)      : 0
	DDR Hugepages Usage Rate(%)    : 0
	HBM Capacity(MB)               : 65536
	HBM Usage Rate(%)              : 29
	Aicore Usage Rate(%)           : 100
	Aivector Usage Rate(%)         : 16
	Aicpu Usage Rate(%)            : 0
	Ctrlcpu Usage Rate(%)          : 1
	DDR Bandwidth Usage Rate(%)    : 0
	HBM Bandwidth Usage Rate(%)    : 54
	NPU Utilization(%)             : 100
	Aicube Usage Rate(%)           : 82
	Get pid name failed.
	Process id:2090716 Process name:                  Process memory(MB):16066
Error: cannot run top on container fca65b17c7696be0978c024206dce045576ad0d5017576dab9c64493f5b57e1c as it did not create a cgroup: this container does not have a cgroup
timestamp_ns=1785753328507811301
	DDR Capacity(MB)               : 0
	DDR Usage Rate(%)              : 0
	DDR Hugepages Total(page)      : 0
	DDR Hugepages Usage Rate(%)    : 0
	HBM Capacity(MB)               : 65536
	HBM Usage Rate(%)              : 29
	Aicore Usage Rate(%)           : 78
	Aivector Usage Rate(%)         : 5
	Aicpu Usage Rate(%)            : 0
	Ctrlcpu Usage Rate(%)          : 2
	DDR Bandwidth Usage Rate(%)    : 0
	HBM Bandwidth Usage Rate(%)    : 54
	NPU Utilization(%)             : 89
	Aicube Usage Rate(%)           : 71
	Get pid name failed.
	Process id:2090716 Process name:                  Process memory(MB):16066
Error: cannot run top on container fca65b17c7696be0978c024206dce045576ad0d5017576dab9c64493f5b57e1c as it did not create a cgroup: this container does not have a cgroup
timestamp_ns=1785753330650211223
	DDR Capacity(MB)               : 0
	DDR Usage Rate(%)              : 0
	DDR Hugepages Total(page)      : 0
	DDR Hugepages Usage Rate(%)    : 0
	HBM Capacity(MB)               : 65536
	HBM Usage Rate(%)              : 29
	Aicore Usage Rate(%)           : 0
	Aivector Usage Rate(%)         : 0
	Aicpu Usage Rate(%)            : 0
	Ctrlcpu Usage Rate(%)          : 4
	DDR Bandwidth Usage Rate(%)    : 0
	HBM Bandwidth Usage Rate(%)    : 54
	NPU Utilization(%)             : 44
	Aicube Usage Rate(%)           : 0
	Get pid name failed.
	Process id:2090716 Process name:                  Process memory(MB):16066
Error: cannot run top on container fca65b17c7696be0978c024206dce045576ad0d5017576dab9c64493f5b57e1c as it did not create a cgroup: this container does not have a cgroup
timestamp_ns=1785753332808925176
	DDR Capacity(MB)               : 0
	DDR Usage Rate(%)              : 0
	DDR Hugepages Total(page)      : 0
	DDR Hugepages Usage Rate(%)    : 0
	HBM Capacity(MB)               : 65536
	HBM Usage Rate(%)              : 29
	Aicore Usage Rate(%)           : 78
	Aivector Usage Rate(%)         : 5
	Aicpu Usage Rate(%)            : 0
	Ctrlcpu Usage Rate(%)          : 5
	DDR Bandwidth Usage Rate(%)    : 0
	HBM Bandwidth Usage Rate(%)    : 54
	NPU Utilization(%)             : 93
	Aicube Usage Rate(%)           : 71
	Get pid name failed.
	Process id:2090716 Process name:                  Process memory(MB):16066
Error: cannot run top on container fca65b17c7696be0978c024206dce045576ad0d5017576dab9c64493f5b57e1c as it did not create a cgroup: this container does not have a cgroup
timestamp_ns=1785753334950182520
	DDR Capacity(MB)               : 0
	DDR Usage Rate(%)              : 0
	DDR Hugepages Total(page)      : 0
	DDR Hugepages Usage Rate(%)    : 0
	HBM Capacity(MB)               : 65536
	HBM Usage Rate(%)              : 29
	Aicore Usage Rate(%)           : 79
	Aivector Usage Rate(%)         : 5
	Aicpu Usage Rate(%)            : 0
	Ctrlcpu Usage Rate(%)          : 2
	DDR Bandwidth Usage Rate(%)    : 0
	HBM Bandwidth Usage Rate(%)    : 53
	NPU Utilization(%)             : 96
	Aicube Usage Rate(%)           : 71
	Get pid name failed.
	Process id:2090716 Process name:                  Process memory(MB):16066
Error: cannot run top on container fca65b17c7696be0978c024206dce045576ad0d5017576dab9c64493f5b57e1c as it did not create a cgroup: this container does not have a cgroup
timestamp_ns=1785753337091967524
	DDR Capacity(MB)               : 0
	DDR Usage Rate(%)              : 0
	DDR Hugepages Total(page)      : 0
	DDR Hugepages Usage Rate(%)    : 0
	HBM Capacity(MB)               : 65536
	HBM Usage Rate(%)              : 29
	Aicore Usage Rate(%)           : 80
	Aivector Usage Rate(%)         : 5
	Aicpu Usage Rate(%)            : 0
	Ctrlcpu Usage Rate(%)          : 1
	DDR Bandwidth Usage Rate(%)    : 0
	HBM Bandwidth Usage Rate(%)    : 54
	NPU Utilization(%)             : 89
	Aicube Usage Rate(%)           : 73
	Get pid name failed.
	Process id:2090716 Process name:                  Process memory(MB):16066
Error: cannot run top on container fca65b17c7696be0978c024206dce045576ad0d5017576dab9c64493f5b57e1c as it did not create a cgroup: this container does not have a cgroup
timestamp_ns=1785753339252538821
	DDR Capacity(MB)               : 0
	DDR Usage Rate(%)              : 0
	DDR Hugepages Total(page)      : 0
	DDR Hugepages Usage Rate(%)    : 0
	HBM Capacity(MB)               : 65536
	HBM Usage Rate(%)              : 29
	Aicore Usage Rate(%)           : 68
	Aivector Usage Rate(%)         : 5
	Aicpu Usage Rate(%)            : 0
	Ctrlcpu Usage Rate(%)          : 6
	DDR Bandwidth Usage Rate(%)    : 0
	HBM Bandwidth Usage Rate(%)    : 54
	NPU Utilization(%)             : 89
	Aicube Usage Rate(%)           : 60
	Get pid name failed.
	Process id:2090716 Process name:                  Process memory(MB):16066
Error: cannot run top on container fca65b17c7696be0978c024206dce045576ad0d5017576dab9c64493f5b57e1c as it did not create a cgroup: this container does not have a cgroup
timestamp_ns=1785753341394831942
	DDR Capacity(MB)               : 0
	DDR Usage Rate(%)              : 0
	DDR Hugepages Total(page)      : 0
	DDR Hugepages Usage Rate(%)    : 0
	HBM Capacity(MB)               : 65536
	HBM Usage Rate(%)              : 29
	Aicore Usage Rate(%)           : 81
	Aivector Usage Rate(%)         : 5
	Aicpu Usage Rate(%)            : 0
	Ctrlcpu Usage Rate(%)          : 2
	DDR Bandwidth Usage Rate(%)    : 0
	HBM Bandwidth Usage Rate(%)    : 54
	NPU Utilization(%)             : 96
	Aicube Usage Rate(%)           : 74
	Get pid name failed.
	Process id:2090716 Process name:                  Process memory(MB):16066
Error: cannot run top on container fca65b17c7696be0978c024206dce045576ad0d5017576dab9c64493f5b57e1c as it did not create a cgroup: this container does not have a cgroup
timestamp_ns=1785753343546444007
	DDR Capacity(MB)               : 0
	DDR Usage Rate(%)              : 0
	DDR Hugepages Total(page)      : 0
	DDR Hugepages Usage Rate(%)    : 0
	HBM Capacity(MB)               : 65536
	HBM Usage Rate(%)              : 29
	Aicore Usage Rate(%)           : 6
	Aivector Usage Rate(%)         : 1
	Aicpu Usage Rate(%)            : 0
	Ctrlcpu Usage Rate(%)          : 2
	DDR Bandwidth Usage Rate(%)    : 0
	HBM Bandwidth Usage Rate(%)    : 54
	NPU Utilization(%)             : 65
	Aicube Usage Rate(%)           : 4
	Get pid name failed.
	Process id:2090716 Process name:                  Process memory(MB):16066
Error: cannot run top on container fca65b17c7696be0978c024206dce045576ad0d5017576dab9c64493f5b57e1c as it did not create a cgroup: this container does not have a cgroup
timestamp_ns=1785753345837024867
	DDR Capacity(MB)               : 0
	DDR Usage Rate(%)              : 0
	DDR Hugepages Total(page)      : 0
	DDR Hugepages Usage Rate(%)    : 0
	HBM Capacity(MB)               : 65536
	HBM Usage Rate(%)              : 29
	Aicore Usage Rate(%)           : 78
	Aivector Usage Rate(%)         : 5
	Aicpu Usage Rate(%)            : 0
	Ctrlcpu Usage Rate(%)          : 4
	DDR Bandwidth Usage Rate(%)    : 0
	HBM Bandwidth Usage Rate(%)    : 54
	NPU Utilization(%)             : 96
	Aicube Usage Rate(%)           : 72
	Get pid name failed.
	Process id:2090716 Process name:                  Process memory(MB):16066
Error: cannot run top on container fca65b17c7696be0978c024206dce045576ad0d5017576dab9c64493f5b57e1c as it did not create a cgroup: this container does not have a cgroup
timestamp_ns=1785753348069982375
	DDR Capacity(MB)               : 0
	DDR Usage Rate(%)              : 0
	DDR Hugepages Total(page)      : 0
	DDR Hugepages Usage Rate(%)    : 0
	HBM Capacity(MB)               : 65536
	HBM Usage Rate(%)              : 29
	Aicore Usage Rate(%)           : 0
	Aivector Usage Rate(%)         : 0
	Aicpu Usage Rate(%)            : 0
	Ctrlcpu Usage Rate(%)          : 4
	DDR Bandwidth Usage Rate(%)    : 0
	HBM Bandwidth Usage Rate(%)    : 54
	NPU Utilization(%)             : 0
	Aicube Usage Rate(%)           : 0
	Get pid name failed.
	Process id:2090716 Process name:                  Process memory(MB):16066
Error: cannot run top on container fca65b17c7696be0978c024206dce045576ad0d5017576dab9c64493f5b57e1c as it did not create a cgroup: this container does not have a cgroup
timestamp_ns=1785753350395946070
	DDR Capacity(MB)               : 0
	DDR Usage Rate(%)              : 0
	DDR Hugepages Total(page)      : 0
	DDR Hugepages Usage Rate(%)    : 0
	HBM Capacity(MB)               : 65536
	HBM Usage Rate(%)              : 29
	Aicore Usage Rate(%)           : 68
	Aivector Usage Rate(%)         : 4
	Aicpu Usage Rate(%)            : 0
	Ctrlcpu Usage Rate(%)          : 1
	DDR Bandwidth Usage Rate(%)    : 0
	HBM Bandwidth Usage Rate(%)    : 0
	NPU Utilization(%)             : 86
	Aicube Usage Rate(%)           : 62
	Get pid name failed.
	Process id:2090716 Process name:                  Process memory(MB):16066
Error: cannot run top on container fca65b17c7696be0978c024206dce045576ad0d5017576dab9c64493f5b57e1c as it did not create a cgroup: this container does not have a cgroup
timestamp_ns=1785753352548435796
	DDR Capacity(MB)               : 0
	DDR Usage Rate(%)              : 0
	DDR Hugepages Total(page)      : 0
	DDR Hugepages Usage Rate(%)    : 0
	HBM Capacity(MB)               : 65536
	HBM Usage Rate(%)              : 29
	Aicore Usage Rate(%)           : 82
	Aivector Usage Rate(%)         : 5
	Aicpu Usage Rate(%)            : 0
	Ctrlcpu Usage Rate(%)          : 7
	DDR Bandwidth Usage Rate(%)    : 0
	HBM Bandwidth Usage Rate(%)    : 54
	NPU Utilization(%)             : 93
	Aicube Usage Rate(%)           : 74
	Get pid name failed.
	Process id:2090716 Process name:                  Process memory(MB):16066
Error: cannot run top on container fca65b17c7696be0978c024206dce045576ad0d5017576dab9c64493f5b57e1c as it did not create a cgroup: this container does not have a cgroup
timestamp_ns=1785753354700288757
	DDR Capacity(MB)               : 0
	DDR Usage Rate(%)              : 0
	DDR Hugepages Total(page)      : 0
	DDR Hugepages Usage Rate(%)    : 0
	HBM Capacity(MB)               : 65536
	HBM Usage Rate(%)              : 29
	Aicore Usage Rate(%)           : 76
	Aivector Usage Rate(%)         : 5
	Aicpu Usage Rate(%)            : 0
	Ctrlcpu Usage Rate(%)          : 3
	DDR Bandwidth Usage Rate(%)    : 0
	HBM Bandwidth Usage Rate(%)    : 54
	NPU Utilization(%)             : 93
	Aicube Usage Rate(%)           : 70
	Get pid name failed.
	Process id:2090716 Process name:                  Process memory(MB):16066
Error: cannot run top on container fca65b17c7696be0978c024206dce045576ad0d5017576dab9c64493f5b57e1c as it did not create a cgroup: this container does not have a cgroup
timestamp_ns=1785753357099500690
	DDR Capacity(MB)               : 0
	DDR Usage Rate(%)              : 0
	DDR Hugepages Total(page)      : 0
	DDR Hugepages Usage Rate(%)    : 0
	HBM Capacity(MB)               : 65536
	HBM Usage Rate(%)              : 29
	Aicore Usage Rate(%)           : 82
	Aivector Usage Rate(%)         : 5
	Aicpu Usage Rate(%)            : 0
	Ctrlcpu Usage Rate(%)          : 1
	DDR Bandwidth Usage Rate(%)    : 0
	HBM Bandwidth Usage Rate(%)    : 54
	NPU Utilization(%)             : 96
	Aicube Usage Rate(%)           : 74
	Get pid name failed.
	Process id:2090716 Process name:                  Process memory(MB):16066
Error: cannot run top on container fca65b17c7696be0978c024206dce045576ad0d5017576dab9c64493f5b57e1c as it did not create a cgroup: this container does not have a cgroup
timestamp_ns=1785753359273390668
	DDR Capacity(MB)               : 0
	DDR Usage Rate(%)              : 0
	DDR Hugepages Total(page)      : 0
	DDR Hugepages Usage Rate(%)    : 0
	HBM Capacity(MB)               : 65536
	HBM Usage Rate(%)              : 29
	Aicore Usage Rate(%)           : 70
	Aivector Usage Rate(%)         : 4
	Aicpu Usage Rate(%)            : 0
	Ctrlcpu Usage Rate(%)          : 2
	DDR Bandwidth Usage Rate(%)    : 0
	HBM Bandwidth Usage Rate(%)    : 54
	NPU Utilization(%)             : 93
	Aicube Usage Rate(%)           : 64
	Get pid name failed.
	Process id:2090716 Process name:                  Process memory(MB):16066
Error: cannot run top on container fca65b17c7696be0978c024206dce045576ad0d5017576dab9c64493f5b57e1c as it did not create a cgroup: this container does not have a cgroup
timestamp_ns=1785753361473205598
	DDR Capacity(MB)               : 0
	DDR Usage Rate(%)              : 0
	DDR Hugepages Total(page)      : 0
	DDR Hugepages Usage Rate(%)    : 0
	HBM Capacity(MB)               : 65536
	HBM Usage Rate(%)              : 29
	Aicore Usage Rate(%)           : 80
	Aivector Usage Rate(%)         : 5
	Aicpu Usage Rate(%)            : 0
	Ctrlcpu Usage Rate(%)          : 2
	DDR Bandwidth Usage Rate(%)    : 0
	HBM Bandwidth Usage Rate(%)    : 53
	NPU Utilization(%)             : 89
	Aicube Usage Rate(%)           : 72
	Get pid name failed.
	Process id:2090716 Process name:                  Process memory(MB):16066
Error: cannot run top on container fca65b17c7696be0978c024206dce045576ad0d5017576dab9c64493f5b57e1c as it did not create a cgroup: this container does not have a cgroup
timestamp_ns=1785753363616706898
	DDR Capacity(MB)               : 0
	DDR Usage Rate(%)              : 0
	DDR Hugepages Total(page)      : 0
	DDR Hugepages Usage Rate(%)    : 0
	HBM Capacity(MB)               : 65536
	HBM Usage Rate(%)              : 29
	Aicore Usage Rate(%)           : 81
	Aivector Usage Rate(%)         : 5
	Aicpu Usage Rate(%)            : 0
	Ctrlcpu Usage Rate(%)          : 8
	DDR Bandwidth Usage Rate(%)    : 0
	HBM Bandwidth Usage Rate(%)    : 53
	NPU Utilization(%)             : 96
	Aicube Usage Rate(%)           : 74
	Get pid name failed.
	Process id:2090716 Process name:                  Process memory(MB):16066
Error: cannot run top on container fca65b17c7696be0978c024206dce045576ad0d5017576dab9c64493f5b57e1c as it did not create a cgroup: this container does not have a cgroup
timestamp_ns=1785753365754486526
	DDR Capacity(MB)               : 0
	DDR Usage Rate(%)              : 0
	DDR Hugepages Total(page)      : 0
	DDR Hugepages Usage Rate(%)    : 0
	HBM Capacity(MB)               : 65536
	HBM Usage Rate(%)              : 29
	Aicore Usage Rate(%)           : 80
	Aivector Usage Rate(%)         : 5
	Aicpu Usage Rate(%)            : 0
	Ctrlcpu Usage Rate(%)          : 1
	DDR Bandwidth Usage Rate(%)    : 0
	HBM Bandwidth Usage Rate(%)    : 54
	NPU Utilization(%)             : 93
	Aicube Usage Rate(%)           : 72
	Get pid name failed.
	Process id:2090716 Process name:                  Process memory(MB):16066
Error: cannot run top on container fca65b17c7696be0978c024206dce045576ad0d5017576dab9c64493f5b57e1c as it did not create a cgroup: this container does not have a cgroup
timestamp_ns=1785753367896379500
	DDR Capacity(MB)               : 0
	DDR Usage Rate(%)              : 0
	DDR Hugepages Total(page)      : 0
	DDR Hugepages Usage Rate(%)    : 0
	HBM Capacity(MB)               : 65536
	HBM Usage Rate(%)              : 29
	Aicore Usage Rate(%)           : 79
	Aivector Usage Rate(%)         : 5
	Aicpu Usage Rate(%)            : 0
	Ctrlcpu Usage Rate(%)          : 2
	DDR Bandwidth Usage Rate(%)    : 0
	HBM Bandwidth Usage Rate(%)    : 54
	NPU Utilization(%)             : 93
	Aicube Usage Rate(%)           : 72
	Get pid name failed.
	Process id:2090716 Process name:                  Process memory(MB):16066
Error: cannot run top on container fca65b17c7696be0978c024206dce045576ad0d5017576dab9c64493f5b57e1c as it did not create a cgroup: this container does not have a cgroup
timestamp_ns=1785753370045132476
	DDR Capacity(MB)               : 0
	DDR Usage Rate(%)              : 0
	DDR Hugepages Total(page)      : 0
	DDR Hugepages Usage Rate(%)    : 0
	HBM Capacity(MB)               : 65536
	HBM Usage Rate(%)              : 29
	Aicore Usage Rate(%)           : 81
	Aivector Usage Rate(%)         : 5
	Aicpu Usage Rate(%)            : 0
	Ctrlcpu Usage Rate(%)          : 6
	DDR Bandwidth Usage Rate(%)    : 0
	HBM Bandwidth Usage Rate(%)    : 54
	NPU Utilization(%)             : 89
	Aicube Usage Rate(%)           : 74
	Get pid name failed.
	Process id:2090716 Process name:                  Process memory(MB):16066
Error: cannot run top on container fca65b17c7696be0978c024206dce045576ad0d5017576dab9c64493f5b57e1c as it did not create a cgroup: this container does not have a cgroup
timestamp_ns=1785753372204245028
	DDR Capacity(MB)               : 0
	DDR Usage Rate(%)              : 0
	DDR Hugepages Total(page)      : 0
	DDR Hugepages Usage Rate(%)    : 0
	HBM Capacity(MB)               : 65536
	HBM Usage Rate(%)              : 29
	Aicore Usage Rate(%)           : 82
	Aivector Usage Rate(%)         : 5
	Aicpu Usage Rate(%)            : 0
	Ctrlcpu Usage Rate(%)          : 5
	DDR Bandwidth Usage Rate(%)    : 0
	HBM Bandwidth Usage Rate(%)    : 53
	NPU Utilization(%)             : 89
	Aicube Usage Rate(%)           : 75
	Get pid name failed.
	Process id:2090716 Process name:                  Process memory(MB):16066
Error: cannot run top on container fca65b17c7696be0978c024206dce045576ad0d5017576dab9c64493f5b57e1c as it did not create a cgroup: this container does not have a cgroup
timestamp_ns=1785753374343527204
	DDR Capacity(MB)               : 0
	DDR Usage Rate(%)              : 0
	DDR Hugepages Total(page)      : 0
	DDR Hugepages Usage Rate(%)    : 0
	HBM Capacity(MB)               : 65536
	HBM Usage Rate(%)              : 29
	Aicore Usage Rate(%)           : 78
	Aivector Usage Rate(%)         : 5
	Aicpu Usage Rate(%)            : 0
	Ctrlcpu Usage Rate(%)          : 3
	DDR Bandwidth Usage Rate(%)    : 0
	HBM Bandwidth Usage Rate(%)    : 0
	NPU Utilization(%)             : 93
	Aicube Usage Rate(%)           : 72
	Get pid name failed.
	Process id:2090716 Process name:                  Process memory(MB):16066
Error: cannot run top on container fca65b17c7696be0978c024206dce045576ad0d5017576dab9c64493f5b57e1c as it did not create a cgroup: this container does not have a cgroup
timestamp_ns=1785753376513063452
	DDR Capacity(MB)               : 0
	DDR Usage Rate(%)              : 0
	DDR Hugepages Total(page)      : 0
	DDR Hugepages Usage Rate(%)    : 0
	HBM Capacity(MB)               : 65536
	HBM Usage Rate(%)              : 29
	Aicore Usage Rate(%)           : 82
	Aivector Usage Rate(%)         : 5
	Aicpu Usage Rate(%)            : 0
	Ctrlcpu Usage Rate(%)          : 4
	DDR Bandwidth Usage Rate(%)    : 0
	HBM Bandwidth Usage Rate(%)    : 54
	NPU Utilization(%)             : 93
	Aicube Usage Rate(%)           : 74
	Get pid name failed.
	Process id:2090716 Process name:                  Process memory(MB):16066
Error: cannot run top on container fca65b17c7696be0978c024206dce045576ad0d5017576dab9c64493f5b57e1c as it did not create a cgroup: this container does not have a cgroup
timestamp_ns=1785753378658723309
	DDR Capacity(MB)               : 0
	DDR Usage Rate(%)              : 0
	DDR Hugepages Total(page)      : 0
	DDR Hugepages Usage Rate(%)    : 0
	HBM Capacity(MB)               : 65536
	HBM Usage Rate(%)              : 29
	Aicore Usage Rate(%)           : 80
	Aivector Usage Rate(%)         : 5
	Aicpu Usage Rate(%)            : 0
	Ctrlcpu Usage Rate(%)          : 5
	DDR Bandwidth Usage Rate(%)    : 0
	HBM Bandwidth Usage Rate(%)    : 54
	NPU Utilization(%)             : 96
	Aicube Usage Rate(%)           : 73
	Get pid name failed.
	Process id:2090716 Process name:                  Process memory(MB):16066
Error: cannot run top on container fca65b17c7696be0978c024206dce045576ad0d5017576dab9c64493f5b57e1c as it did not create a cgroup: this container does not have a cgroup
timestamp_ns=1785753380832960384
	DDR Capacity(MB)               : 0
	DDR Usage Rate(%)              : 0
	DDR Hugepages Total(page)      : 0
	DDR Hugepages Usage Rate(%)    : 0
	HBM Capacity(MB)               : 65536
	HBM Usage Rate(%)              : 29
	Aicore Usage Rate(%)           : 0
	Aivector Usage Rate(%)         : 0
	Aicpu Usage Rate(%)            : 0
	Ctrlcpu Usage Rate(%)          : 2
	DDR Bandwidth Usage Rate(%)    : 0
	HBM Bandwidth Usage Rate(%)    : 54
	NPU Utilization(%)             : 65
	Aicube Usage Rate(%)           : 0
	Get pid name failed.
	Process id:2090716 Process name:                  Process memory(MB):16066
Error: cannot run top on container fca65b17c7696be0978c024206dce045576ad0d5017576dab9c64493f5b57e1c as it did not create a cgroup: this container does not have a cgroup
timestamp_ns=1785753383004521821
	DDR Capacity(MB)               : 0
	DDR Usage Rate(%)              : 0
	DDR Hugepages Total(page)      : 0
	DDR Hugepages Usage Rate(%)    : 0
	HBM Capacity(MB)               : 65536
	HBM Usage Rate(%)              : 29
	Aicore Usage Rate(%)           : 79
	Aivector Usage Rate(%)         : 5
	Aicpu Usage Rate(%)            : 0
	Ctrlcpu Usage Rate(%)          : 3
	DDR Bandwidth Usage Rate(%)    : 0
	HBM Bandwidth Usage Rate(%)    : 54
	NPU Utilization(%)             : 96
	Aicube Usage Rate(%)           : 72
	Get pid name failed.
	Process id:2090716 Process name:                  Process memory(MB):16066
Error: cannot run top on container fca65b17c7696be0978c024206dce045576ad0d5017576dab9c64493f5b57e1c as it did not create a cgroup: this container does not have a cgroup
timestamp_ns=1785753385170017281
	DDR Capacity(MB)               : 0
	DDR Usage Rate(%)              : 0
	DDR Hugepages Total(page)      : 0
	DDR Hugepages Usage Rate(%)    : 0
	HBM Capacity(MB)               : 65536
	HBM Usage Rate(%)              : 29
	Aicore Usage Rate(%)           : 100
	Aivector Usage Rate(%)         : 16
	Aicpu Usage Rate(%)            : 0
	Ctrlcpu Usage Rate(%)          : 4
	DDR Bandwidth Usage Rate(%)    : 0
	HBM Bandwidth Usage Rate(%)    : 54
	NPU Utilization(%)             : 100
	Aicube Usage Rate(%)           : 85
	Get pid name failed.
	Process id:2090716 Process name:                  Process memory(MB):16066
Error: cannot run top on container fca65b17c7696be0978c024206dce045576ad0d5017576dab9c64493f5b57e1c as it did not create a cgroup: this container does not have a cgroup
timestamp_ns=1785753387343617299
	DDR Capacity(MB)               : 0
	DDR Usage Rate(%)              : 0
	DDR Hugepages Total(page)      : 0
	DDR Hugepages Usage Rate(%)    : 0
	HBM Capacity(MB)               : 65536
	HBM Usage Rate(%)              : 29
	Aicore Usage Rate(%)           : 78
	Aivector Usage Rate(%)         : 5
	Aicpu Usage Rate(%)            : 0
	Ctrlcpu Usage Rate(%)          : 1
	DDR Bandwidth Usage Rate(%)    : 0
	HBM Bandwidth Usage Rate(%)    : 54
	NPU Utilization(%)             : 89
	Aicube Usage Rate(%)           : 72
	Get pid name failed.
	Process id:2090716 Process name:                  Process memory(MB):16066
Error: cannot run top on container fca65b17c7696be0978c024206dce045576ad0d5017576dab9c64493f5b57e1c as it did not create a cgroup: this container does not have a cgroup
timestamp_ns=1785753389494305288
	DDR Capacity(MB)               : 0
	DDR Usage Rate(%)              : 0
	DDR Hugepages Total(page)      : 0
	DDR Hugepages Usage Rate(%)    : 0
	HBM Capacity(MB)               : 65536
	HBM Usage Rate(%)              : 29
	Aicore Usage Rate(%)           : 100
	Aivector Usage Rate(%)         : 23
	Aicpu Usage Rate(%)            : 0
	Ctrlcpu Usage Rate(%)          : 2
	DDR Bandwidth Usage Rate(%)    : 0
	HBM Bandwidth Usage Rate(%)    : 54
	NPU Utilization(%)             : 100
	Aicube Usage Rate(%)           : 86
	Get pid name failed.
	Process id:2090716 Process name:                  Process memory(MB):16066
Error: cannot run top on container fca65b17c7696be0978c024206dce045576ad0d5017576dab9c64493f5b57e1c as it did not create a cgroup: this container does not have a cgroup
timestamp_ns=1785753391662328908
	DDR Capacity(MB)               : 0
	DDR Usage Rate(%)              : 0
	DDR Hugepages Total(page)      : 0
	DDR Hugepages Usage Rate(%)    : 0
	HBM Capacity(MB)               : 65536
	HBM Usage Rate(%)              : 29
	Aicore Usage Rate(%)           : 81
	Aivector Usage Rate(%)         : 5
	Aicpu Usage Rate(%)            : 0
	Ctrlcpu Usage Rate(%)          : 2
	DDR Bandwidth Usage Rate(%)    : 0
	HBM Bandwidth Usage Rate(%)    : 54
	NPU Utilization(%)             : 89
	Aicube Usage Rate(%)           : 74
	Get pid name failed.
	Process id:2090716 Process name:                  Process memory(MB):16066
Error: cannot run top on container fca65b17c7696be0978c024206dce045576ad0d5017576dab9c64493f5b57e1c as it did not create a cgroup: this container does not have a cgroup
timestamp_ns=1785753393835543036
	DDR Capacity(MB)               : 0
	DDR Usage Rate(%)              : 0
	DDR Hugepages Total(page)      : 0
	DDR Hugepages Usage Rate(%)    : 0
	HBM Capacity(MB)               : 65536
	HBM Usage Rate(%)              : 29
	Aicore Usage Rate(%)           : 80
	Aivector Usage Rate(%)         : 5
	Aicpu Usage Rate(%)            : 0
	Ctrlcpu Usage Rate(%)          : 5
	DDR Bandwidth Usage Rate(%)    : 0
	HBM Bandwidth Usage Rate(%)    : 50
	NPU Utilization(%)             : 100
	Aicube Usage Rate(%)           : 73
	Get pid name failed.
	Process id:2090716 Process name:                  Process memory(MB):16066
Error: cannot run top on container fca65b17c7696be0978c024206dce045576ad0d5017576dab9c64493f5b57e1c as it did not create a cgroup: this container does not have a cgroup
timestamp_ns=1785753396018399255
	DDR Capacity(MB)               : 0
	DDR Usage Rate(%)              : 0
	DDR Hugepages Total(page)      : 0
	DDR Hugepages Usage Rate(%)    : 0
	HBM Capacity(MB)               : 65536
	HBM Usage Rate(%)              : 29
	Aicore Usage Rate(%)           : 79
	Aivector Usage Rate(%)         : 5
	Aicpu Usage Rate(%)            : 0
	Ctrlcpu Usage Rate(%)          : 1
	DDR Bandwidth Usage Rate(%)    : 0
	HBM Bandwidth Usage Rate(%)    : 53
	NPU Utilization(%)             : 93
	Aicube Usage Rate(%)           : 72
	Get pid name failed.
	Process id:2090716 Process name:                  Process memory(MB):16066
Error: cannot run top on container fca65b17c7696be0978c024206dce045576ad0d5017576dab9c64493f5b57e1c as it did not create a cgroup: this container does not have a cgroup
timestamp_ns=1785753398182278856
	DDR Capacity(MB)               : 0
	DDR Usage Rate(%)              : 0
	DDR Hugepages Total(page)      : 0
	DDR Hugepages Usage Rate(%)    : 0
	HBM Capacity(MB)               : 65536
	HBM Usage Rate(%)              : 29
	Aicore Usage Rate(%)           : 78
	Aivector Usage Rate(%)         : 5
	Aicpu Usage Rate(%)            : 0
	Ctrlcpu Usage Rate(%)          : 4
	DDR Bandwidth Usage Rate(%)    : 0
	HBM Bandwidth Usage Rate(%)    : 53
	NPU Utilization(%)             : 96
	Aicube Usage Rate(%)           : 72
	Get pid name failed.
	Process id:2090716 Process name:                  Process memory(MB):16066
Error: cannot run top on container fca65b17c7696be0978c024206dce045576ad0d5017576dab9c64493f5b57e1c as it did not create a cgroup: this container does not have a cgroup
timestamp_ns=1785753400344602675
	DDR Capacity(MB)               : 0
	DDR Usage Rate(%)              : 0
	DDR Hugepages Total(page)      : 0
	DDR Hugepages Usage Rate(%)    : 0
	HBM Capacity(MB)               : 65536
	HBM Usage Rate(%)              : 29
	Aicore Usage Rate(%)           : 81
	Aivector Usage Rate(%)         : 5
	Aicpu Usage Rate(%)            : 0
	Ctrlcpu Usage Rate(%)          : 7
	DDR Bandwidth Usage Rate(%)    : 0
	HBM Bandwidth Usage Rate(%)    : 54
	NPU Utilization(%)             : 86
	Aicube Usage Rate(%)           : 74
	Get pid name failed.
	Process id:2090716 Process name:                  Process memory(MB):16066
Error: cannot run top on container fca65b17c7696be0978c024206dce045576ad0d5017576dab9c64493f5b57e1c as it did not create a cgroup: this container does not have a cgroup
timestamp_ns=1785753402486464327
	DDR Capacity(MB)               : 0
	DDR Usage Rate(%)              : 0
	DDR Hugepages Total(page)      : 0
	DDR Hugepages Usage Rate(%)    : 0
	HBM Capacity(MB)               : 65536
	HBM Usage Rate(%)              : 29
	Aicore Usage Rate(%)           : 79
	Aivector Usage Rate(%)         : 5
	Aicpu Usage Rate(%)            : 0
	Ctrlcpu Usage Rate(%)          : 5
	DDR Bandwidth Usage Rate(%)    : 0
	HBM Bandwidth Usage Rate(%)    : 40
	NPU Utilization(%)             : 96
	Aicube Usage Rate(%)           : 73
	Get pid name failed.
	Process id:2090716 Process name:                  Process memory(MB):16066
Error: cannot run top on container fca65b17c7696be0978c024206dce045576ad0d5017576dab9c64493f5b57e1c as it did not create a cgroup: this container does not have a cgroup
timestamp_ns=1785753404666999355
	DDR Capacity(MB)               : 0
	DDR Usage Rate(%)              : 0
	DDR Hugepages Total(page)      : 0
	DDR Hugepages Usage Rate(%)    : 0
	HBM Capacity(MB)               : 65536
	HBM Usage Rate(%)              : 29
	Aicore Usage Rate(%)           : 81
	Aivector Usage Rate(%)         : 5
	Aicpu Usage Rate(%)            : 0
	Ctrlcpu Usage Rate(%)          : 8
	DDR Bandwidth Usage Rate(%)    : 0
	HBM Bandwidth Usage Rate(%)    : 54
	NPU Utilization(%)             : 96
	Aicube Usage Rate(%)           : 74
	Get pid name failed.
	Process id:2090716 Process name:                  Process memory(MB):16066
Error: cannot run top on container fca65b17c7696be0978c024206dce045576ad0d5017576dab9c64493f5b57e1c as it did not create a cgroup: this container does not have a cgroup
timestamp_ns=1785753406822023830
	DDR Capacity(MB)               : 0
	DDR Usage Rate(%)              : 0
	DDR Hugepages Total(page)      : 0
	DDR Hugepages Usage Rate(%)    : 0
	HBM Capacity(MB)               : 65536
	HBM Usage Rate(%)              : 29
	Aicore Usage Rate(%)           : 78
	Aivector Usage Rate(%)         : 5
	Aicpu Usage Rate(%)            : 0
	Ctrlcpu Usage Rate(%)          : 2
	DDR Bandwidth Usage Rate(%)    : 0
	HBM Bandwidth Usage Rate(%)    : 19
	NPU Utilization(%)             : 93
	Aicube Usage Rate(%)           : 72
	Get pid name failed.
	Process id:2090716 Process name:                  Process memory(MB):16066
Error: cannot run top on container fca65b17c7696be0978c024206dce045576ad0d5017576dab9c64493f5b57e1c as it did not create a cgroup: this container does not have a cgroup
timestamp_ns=1785753408967644689
	DDR Capacity(MB)               : 0
	DDR Usage Rate(%)              : 0
	DDR Hugepages Total(page)      : 0
	DDR Hugepages Usage Rate(%)    : 0
	HBM Capacity(MB)               : 65536
	HBM Usage Rate(%)              : 29
	Aicore Usage Rate(%)           : 78
	Aivector Usage Rate(%)         : 5
	Aicpu Usage Rate(%)            : 0
	Ctrlcpu Usage Rate(%)          : 5
	DDR Bandwidth Usage Rate(%)    : 0
	HBM Bandwidth Usage Rate(%)    : 53
	NPU Utilization(%)             : 93
	Aicube Usage Rate(%)           : 71
	Get pid name failed.
	Process id:2090716 Process name:                  Process memory(MB):16066
Error: cannot run top on container fca65b17c7696be0978c024206dce045576ad0d5017576dab9c64493f5b57e1c as it did not create a cgroup: this container does not have a cgroup
timestamp_ns=1785753411109185844
	DDR Capacity(MB)               : 0
	DDR Usage Rate(%)              : 0
	DDR Hugepages Total(page)      : 0
	DDR Hugepages Usage Rate(%)    : 0
	HBM Capacity(MB)               : 65536
	HBM Usage Rate(%)              : 29
	Aicore Usage Rate(%)           : 78
	Aivector Usage Rate(%)         : 5
	Aicpu Usage Rate(%)            : 0
	Ctrlcpu Usage Rate(%)          : 2
	DDR Bandwidth Usage Rate(%)    : 0
	HBM Bandwidth Usage Rate(%)    : 53
	NPU Utilization(%)             : 93
	Aicube Usage Rate(%)           : 71
	Get pid name failed.
	Process id:2090716 Process name:                  Process memory(MB):16066
Error: cannot run top on container fca65b17c7696be0978c024206dce045576ad0d5017576dab9c64493f5b57e1c as it did not create a cgroup: this container does not have a cgroup
timestamp_ns=1785753413259532091
	DDR Capacity(MB)               : 0
	DDR Usage Rate(%)              : 0
	DDR Hugepages Total(page)      : 0
	DDR Hugepages Usage Rate(%)    : 0
	HBM Capacity(MB)               : 65536
	HBM Usage Rate(%)              : 29
	Aicore Usage Rate(%)           : 81
	Aivector Usage Rate(%)         : 5
	Aicpu Usage Rate(%)            : 0
	Ctrlcpu Usage Rate(%)          : 3
	DDR Bandwidth Usage Rate(%)    : 0
	HBM Bandwidth Usage Rate(%)    : 54
	NPU Utilization(%)             : 93
	Aicube Usage Rate(%)           : 74
	Get pid name failed.
	Process id:2090716 Process name:                  Process memory(MB):16066
Error: cannot run top on container fca65b17c7696be0978c024206dce045576ad0d5017576dab9c64493f5b57e1c as it did not create a cgroup: this container does not have a cgroup
timestamp_ns=1785753415425323390
	DDR Capacity(MB)               : 0
	DDR Usage Rate(%)              : 0
	DDR Hugepages Total(page)      : 0
	DDR Hugepages Usage Rate(%)    : 0
	HBM Capacity(MB)               : 65536
	HBM Usage Rate(%)              : 29
	Aicore Usage Rate(%)           : 78
	Aivector Usage Rate(%)         : 5
	Aicpu Usage Rate(%)            : 0
	Ctrlcpu Usage Rate(%)          : 2
	DDR Bandwidth Usage Rate(%)    : 0
	HBM Bandwidth Usage Rate(%)    : 54
	NPU Utilization(%)             : 96
	Aicube Usage Rate(%)           : 71
	Get pid name failed.
	Process id:2090716 Process name:                  Process memory(MB):16066
Error: cannot run top on container fca65b17c7696be0978c024206dce045576ad0d5017576dab9c64493f5b57e1c as it did not create a cgroup: this container does not have a cgroup
timestamp_ns=1785753417632233294
	DDR Capacity(MB)               : 0
	DDR Usage Rate(%)              : 0
	DDR Hugepages Total(page)      : 0
	DDR Hugepages Usage Rate(%)    : 0
	HBM Capacity(MB)               : 65536
	HBM Usage Rate(%)              : 29
	Aicore Usage Rate(%)           : 80
	Aivector Usage Rate(%)         : 5
	Aicpu Usage Rate(%)            : 0
	Ctrlcpu Usage Rate(%)          : 0
	DDR Bandwidth Usage Rate(%)    : 0
	HBM Bandwidth Usage Rate(%)    : 54
	NPU Utilization(%)             : 93
	Aicube Usage Rate(%)           : 73
	Get pid name failed.
	Process id:2090716 Process name:                  Process memory(MB):16066
Error: cannot run top on container fca65b17c7696be0978c024206dce045576ad0d5017576dab9c64493f5b57e1c as it did not create a cgroup: this container does not have a cgroup
timestamp_ns=1785753419778990067
	DDR Capacity(MB)               : 0
	DDR Usage Rate(%)              : 0
	DDR Hugepages Total(page)      : 0
	DDR Hugepages Usage Rate(%)    : 0
	HBM Capacity(MB)               : 65536
	HBM Usage Rate(%)              : 29
	Aicore Usage Rate(%)           : 78
	Aivector Usage Rate(%)         : 4
	Aicpu Usage Rate(%)            : 0
	Ctrlcpu Usage Rate(%)          : 0
	DDR Bandwidth Usage Rate(%)    : 0
	HBM Bandwidth Usage Rate(%)    : 54
	NPU Utilization(%)             : 93
	Aicube Usage Rate(%)           : 72
	Get pid name failed.
	Process id:2090716 Process name:                  Process memory(MB):16066
Error: cannot run top on container fca65b17c7696be0978c024206dce045576ad0d5017576dab9c64493f5b57e1c as it did not create a cgroup: this container does not have a cgroup
timestamp_ns=1785753421947934561
	DDR Capacity(MB)               : 0
	DDR Usage Rate(%)              : 0
	DDR Hugepages Total(page)      : 0
	DDR Hugepages Usage Rate(%)    : 0
	HBM Capacity(MB)               : 65536
	HBM Usage Rate(%)              : 29
	Aicore Usage Rate(%)           : 79
	Aivector Usage Rate(%)         : 5
	Aicpu Usage Rate(%)            : 0
	Ctrlcpu Usage Rate(%)          : 9
	DDR Bandwidth Usage Rate(%)    : 0
	HBM Bandwidth Usage Rate(%)    : 54
	NPU Utilization(%)             : 93
	Aicube Usage Rate(%)           : 72
	Get pid name failed.
	Process id:2090716 Process name:                  Process memory(MB):16066
Error: cannot run top on container fca65b17c7696be0978c024206dce045576ad0d5017576dab9c64493f5b57e1c as it did not create a cgroup: this container does not have a cgroup
timestamp_ns=1785753424149162566
	DDR Capacity(MB)               : 0
	DDR Usage Rate(%)              : 0
	DDR Hugepages Total(page)      : 0
	DDR Hugepages Usage Rate(%)    : 0
	HBM Capacity(MB)               : 65536
	HBM Usage Rate(%)              : 29
	Aicore Usage Rate(%)           : 80
	Aivector Usage Rate(%)         : 5
	Aicpu Usage Rate(%)            : 0
	Ctrlcpu Usage Rate(%)          : 3
	DDR Bandwidth Usage Rate(%)    : 0
	HBM Bandwidth Usage Rate(%)    : 54
	NPU Utilization(%)             : 80
	Aicube Usage Rate(%)           : 73
	Get pid name failed.
	Process id:2090716 Process name:                  Process memory(MB):16066
Error: cannot run top on container fca65b17c7696be0978c024206dce045576ad0d5017576dab9c64493f5b57e1c as it did not create a cgroup: this container does not have a cgroup
timestamp_ns=1785753426388466163
	DDR Capacity(MB)               : 0
	DDR Usage Rate(%)              : 0
	DDR Hugepages Total(page)      : 0
	DDR Hugepages Usage Rate(%)    : 0
	HBM Capacity(MB)               : 65536
	HBM Usage Rate(%)              : 29
	Aicore Usage Rate(%)           : 74
	Aivector Usage Rate(%)         : 4
	Aicpu Usage Rate(%)            : 0
	Ctrlcpu Usage Rate(%)          : 5
	DDR Bandwidth Usage Rate(%)    : 0
	HBM Bandwidth Usage Rate(%)    : 54
	NPU Utilization(%)             : 93
	Aicube Usage Rate(%)           : 68
	Get pid name failed.
	Process id:2090716 Process name:                  Process memory(MB):16066
Error: cannot run top on container fca65b17c7696be0978c024206dce045576ad0d5017576dab9c64493f5b57e1c as it did not create a cgroup: this container does not have a cgroup
timestamp_ns=1785753428603702429
	DDR Capacity(MB)               : 0
	DDR Usage Rate(%)              : 0
	DDR Hugepages Total(page)      : 0
	DDR Hugepages Usage Rate(%)    : 0
	HBM Capacity(MB)               : 65536
	HBM Usage Rate(%)              : 29
	Aicore Usage Rate(%)           : 78
	Aivector Usage Rate(%)         : 5
	Aicpu Usage Rate(%)            : 0
	Ctrlcpu Usage Rate(%)          : 3
	DDR Bandwidth Usage Rate(%)    : 0
	HBM Bandwidth Usage Rate(%)    : 17
	NPU Utilization(%)             : 93
	Aicube Usage Rate(%)           : 72
	Get pid name failed.
	Process id:2090716 Process name:                  Process memory(MB):16066
Error: cannot run top on container fca65b17c7696be0978c024206dce045576ad0d5017576dab9c64493f5b57e1c as it did not create a cgroup: this container does not have a cgroup
timestamp_ns=1785753430818220060
	DDR Capacity(MB)               : 0
	DDR Usage Rate(%)              : 0
	DDR Hugepages Total(page)      : 0
	DDR Hugepages Usage Rate(%)    : 0
	HBM Capacity(MB)               : 65536
	HBM Usage Rate(%)              : 29
	Aicore Usage Rate(%)           : 78
	Aivector Usage Rate(%)         : 5
	Aicpu Usage Rate(%)            : 0
	Ctrlcpu Usage Rate(%)          : 1
	DDR Bandwidth Usage Rate(%)    : 0
	HBM Bandwidth Usage Rate(%)    : 53
	NPU Utilization(%)             : 86
	Aicube Usage Rate(%)           : 72
	Get pid name failed.
	Process id:2090716 Process name:                  Process memory(MB):16066
Error: cannot run top on container fca65b17c7696be0978c024206dce045576ad0d5017576dab9c64493f5b57e1c as it did not create a cgroup: this container does not have a cgroup
timestamp_ns=1785753433008646730
	DDR Capacity(MB)               : 0
	DDR Usage Rate(%)              : 0
	DDR Hugepages Total(page)      : 0
	DDR Hugepages Usage Rate(%)    : 0
	HBM Capacity(MB)               : 65536
	HBM Usage Rate(%)              : 29
	Aicore Usage Rate(%)           : 77
	Aivector Usage Rate(%)         : 5
	Aicpu Usage Rate(%)            : 0
	Ctrlcpu Usage Rate(%)          : 3
	DDR Bandwidth Usage Rate(%)    : 0
	HBM Bandwidth Usage Rate(%)    : 54
	NPU Utilization(%)             : 86
	Aicube Usage Rate(%)           : 70
	Get pid name failed.
	Process id:2090716 Process name:                  Process memory(MB):16066
Error: cannot run top on container fca65b17c7696be0978c024206dce045576ad0d5017576dab9c64493f5b57e1c as it did not create a cgroup: this container does not have a cgroup
timestamp_ns=1785753435195025665
	DDR Capacity(MB)               : 0
	DDR Usage Rate(%)              : 0
	DDR Hugepages Total(page)      : 0
	DDR Hugepages Usage Rate(%)    : 0
	HBM Capacity(MB)               : 65536
	HBM Usage Rate(%)              : 29
	Aicore Usage Rate(%)           : 79
	Aivector Usage Rate(%)         : 5
	Aicpu Usage Rate(%)            : 0
	Ctrlcpu Usage Rate(%)          : 3
	DDR Bandwidth Usage Rate(%)    : 0
	HBM Bandwidth Usage Rate(%)    : 52
	NPU Utilization(%)             : 89
	Aicube Usage Rate(%)           : 72
	Get pid name failed.
	Process id:2090716 Process name:                  Process memory(MB):16066
Error: cannot run top on container fca65b17c7696be0978c024206dce045576ad0d5017576dab9c64493f5b57e1c as it did not create a cgroup: this container does not have a cgroup
timestamp_ns=1785753437394489622
	DDR Capacity(MB)               : 0
	DDR Usage Rate(%)              : 0
	DDR Hugepages Total(page)      : 0
	DDR Hugepages Usage Rate(%)    : 0
	HBM Capacity(MB)               : 65536
	HBM Usage Rate(%)              : 29
	Aicore Usage Rate(%)           : 81
	Aivector Usage Rate(%)         : 5
	Aicpu Usage Rate(%)            : 0
	Ctrlcpu Usage Rate(%)          : 3
	DDR Bandwidth Usage Rate(%)    : 0
	HBM Bandwidth Usage Rate(%)    : 53
	NPU Utilization(%)             : 93
	Aicube Usage Rate(%)           : 74
	Get pid name failed.
	Process id:2090716 Process name:                  Process memory(MB):16066
Error: cannot run top on container fca65b17c7696be0978c024206dce045576ad0d5017576dab9c64493f5b57e1c as it did not create a cgroup: this container does not have a cgroup
timestamp_ns=1785753439574582797
	DDR Capacity(MB)               : 0
	DDR Usage Rate(%)              : 0
	DDR Hugepages Total(page)      : 0
	DDR Hugepages Usage Rate(%)    : 0
	HBM Capacity(MB)               : 65536
	HBM Usage Rate(%)              : 29
	Aicore Usage Rate(%)           : 78
	Aivector Usage Rate(%)         : 5
	Aicpu Usage Rate(%)            : 0
	Ctrlcpu Usage Rate(%)          : 6
	DDR Bandwidth Usage Rate(%)    : 0
	HBM Bandwidth Usage Rate(%)    : 54
	NPU Utilization(%)             : 100
	Aicube Usage Rate(%)           : 71
	Get pid name failed.
	Process id:2090716 Process name:                  Process memory(MB):16066
Error: cannot run top on container fca65b17c7696be0978c024206dce045576ad0d5017576dab9c64493f5b57e1c as it did not create a cgroup: this container does not have a cgroup
timestamp_ns=1785753441755821336
	DDR Capacity(MB)               : 0
	DDR Usage Rate(%)              : 0
	DDR Hugepages Total(page)      : 0
	DDR Hugepages Usage Rate(%)    : 0
	HBM Capacity(MB)               : 65536
	HBM Usage Rate(%)              : 29
	Aicore Usage Rate(%)           : 78
	Aivector Usage Rate(%)         : 5
	Aicpu Usage Rate(%)            : 0
	Ctrlcpu Usage Rate(%)          : 2
	DDR Bandwidth Usage Rate(%)    : 0
	HBM Bandwidth Usage Rate(%)    : 53
	NPU Utilization(%)             : 86
	Aicube Usage Rate(%)           : 71
	Get pid name failed.
	Process id:2090716 Process name:                  Process memory(MB):16066
Error: cannot run top on container fca65b17c7696be0978c024206dce045576ad0d5017576dab9c64493f5b57e1c as it did not create a cgroup: this container does not have a cgroup
timestamp_ns=1785753443946966220
	DDR Capacity(MB)               : 0
	DDR Usage Rate(%)              : 0
	DDR Hugepages Total(page)      : 0
	DDR Hugepages Usage Rate(%)    : 0
	HBM Capacity(MB)               : 65536
	HBM Usage Rate(%)              : 29
	Aicore Usage Rate(%)           : 80
	Aivector Usage Rate(%)         : 5
	Aicpu Usage Rate(%)            : 0
	Ctrlcpu Usage Rate(%)          : 1
	DDR Bandwidth Usage Rate(%)    : 0
	HBM Bandwidth Usage Rate(%)    : 51
	NPU Utilization(%)             : 93
	Aicube Usage Rate(%)           : 73
	Get pid name failed.
	Process id:2090716 Process name:                  Process memory(MB):16066
Error: cannot run top on container fca65b17c7696be0978c024206dce045576ad0d5017576dab9c64493f5b57e1c as it did not create a cgroup: this container does not have a cgroup
timestamp_ns=1785753446148316287
	DDR Capacity(MB)               : 0
	DDR Usage Rate(%)              : 0
	DDR Hugepages Total(page)      : 0
	DDR Hugepages Usage Rate(%)    : 0
	HBM Capacity(MB)               : 65536
	HBM Usage Rate(%)              : 29
	Aicore Usage Rate(%)           : 80
	Aivector Usage Rate(%)         : 5
	Aicpu Usage Rate(%)            : 0
	Ctrlcpu Usage Rate(%)          : 4
	DDR Bandwidth Usage Rate(%)    : 0
	HBM Bandwidth Usage Rate(%)    : 45
	NPU Utilization(%)             : 96
	Aicube Usage Rate(%)           : 73
	Get pid name failed.
	Process id:2090716 Process name:                  Process memory(MB):16066
Error: cannot run top on container fca65b17c7696be0978c024206dce045576ad0d5017576dab9c64493f5b57e1c as it did not create a cgroup: this container does not have a cgroup
timestamp_ns=1785753448319991767
	DDR Capacity(MB)               : 0
	DDR Usage Rate(%)              : 0
	DDR Hugepages Total(page)      : 0
	DDR Hugepages Usage Rate(%)    : 0
	HBM Capacity(MB)               : 65536
	HBM Usage Rate(%)              : 29
	Aicore Usage Rate(%)           : 79
	Aivector Usage Rate(%)         : 5
	Aicpu Usage Rate(%)            : 0
	Ctrlcpu Usage Rate(%)          : 7
	DDR Bandwidth Usage Rate(%)    : 0
	HBM Bandwidth Usage Rate(%)    : 50
	NPU Utilization(%)             : 89
	Aicube Usage Rate(%)           : 72
	Get pid name failed.
	Process id:2090716 Process name:                  Process memory(MB):16066
Error: cannot run top on container fca65b17c7696be0978c024206dce045576ad0d5017576dab9c64493f5b57e1c as it did not create a cgroup: this container does not have a cgroup
timestamp_ns=1785753450513221576
	DDR Capacity(MB)               : 0
	DDR Usage Rate(%)              : 0
	DDR Hugepages Total(page)      : 0
	DDR Hugepages Usage Rate(%)    : 0
	HBM Capacity(MB)               : 65536
	HBM Usage Rate(%)              : 29
	Aicore Usage Rate(%)           : 78
	Aivector Usage Rate(%)         : 5
	Aicpu Usage Rate(%)            : 0
	Ctrlcpu Usage Rate(%)          : 2
	DDR Bandwidth Usage Rate(%)    : 0
	HBM Bandwidth Usage Rate(%)    : 54
	NPU Utilization(%)             : 96
	Aicube Usage Rate(%)           : 72
	Get pid name failed.
	Process id:2090716 Process name:                  Process memory(MB):16066
Error: cannot run top on container fca65b17c7696be0978c024206dce045576ad0d5017576dab9c64493f5b57e1c as it did not create a cgroup: this container does not have a cgroup
timestamp_ns=1785753452643377266
	DDR Capacity(MB)               : 0
	DDR Usage Rate(%)              : 0
	DDR Hugepages Total(page)      : 0
	DDR Hugepages Usage Rate(%)    : 0
	HBM Capacity(MB)               : 65536
	HBM Usage Rate(%)              : 29
	Aicore Usage Rate(%)           : 78
	Aivector Usage Rate(%)         : 5
	Aicpu Usage Rate(%)            : 0
	Ctrlcpu Usage Rate(%)          : 6
	DDR Bandwidth Usage Rate(%)    : 0
	HBM Bandwidth Usage Rate(%)    : 15
	NPU Utilization(%)             : 89
	Aicube Usage Rate(%)           : 72
	Get pid name failed.
	Process id:2090716 Process name:                  Process memory(MB):16066
Error: cannot run top on container fca65b17c7696be0978c024206dce045576ad0d5017576dab9c64493f5b57e1c as it did not create a cgroup: this container does not have a cgroup
timestamp_ns=1785753454800460906
	DDR Capacity(MB)               : 0
	DDR Usage Rate(%)              : 0
	DDR Hugepages Total(page)      : 0
	DDR Hugepages Usage Rate(%)    : 0
	HBM Capacity(MB)               : 65536
	HBM Usage Rate(%)              : 29
	Aicore Usage Rate(%)           : 81
	Aivector Usage Rate(%)         : 5
	Aicpu Usage Rate(%)            : 0
	Ctrlcpu Usage Rate(%)          : 4
	DDR Bandwidth Usage Rate(%)    : 0
	HBM Bandwidth Usage Rate(%)    : 54
	NPU Utilization(%)             : 86
	Aicube Usage Rate(%)           : 74
	Get pid name failed.
	Process id:2090716 Process name:                  Process memory(MB):16066
Error: cannot run top on container fca65b17c7696be0978c024206dce045576ad0d5017576dab9c64493f5b57e1c as it did not create a cgroup: this container does not have a cgroup
timestamp_ns=1785753456938591213
	DDR Capacity(MB)               : 0
	DDR Usage Rate(%)              : 0
	DDR Hugepages Total(page)      : 0
	DDR Hugepages Usage Rate(%)    : 0
	HBM Capacity(MB)               : 65536
	HBM Usage Rate(%)              : 29
	Aicore Usage Rate(%)           : 78
	Aivector Usage Rate(%)         : 5
	Aicpu Usage Rate(%)            : 0
	Ctrlcpu Usage Rate(%)          : 2
	DDR Bandwidth Usage Rate(%)    : 0
	HBM Bandwidth Usage Rate(%)    : 33
	NPU Utilization(%)             : 89
	Aicube Usage Rate(%)           : 72
	Get pid name failed.
	Process id:2090716 Process name:                  Process memory(MB):16066
Error: cannot run top on container fca65b17c7696be0978c024206dce045576ad0d5017576dab9c64493f5b57e1c as it did not create a cgroup: this container does not have a cgroup
timestamp_ns=1785753459069754587
	DDR Capacity(MB)               : 0
	DDR Usage Rate(%)              : 0
	DDR Hugepages Total(page)      : 0
	DDR Hugepages Usage Rate(%)    : 0
	HBM Capacity(MB)               : 65536
	HBM Usage Rate(%)              : 29
	Aicore Usage Rate(%)           : 76
	Aivector Usage Rate(%)         : 4
	Aicpu Usage Rate(%)            : 0
	Ctrlcpu Usage Rate(%)          : 2
	DDR Bandwidth Usage Rate(%)    : 0
	HBM Bandwidth Usage Rate(%)    : 54
	NPU Utilization(%)             : 93
	Aicube Usage Rate(%)           : 70
	Get pid name failed.
	Process id:2090716 Process name:                  Process memory(MB):16066
Error: cannot run top on container fca65b17c7696be0978c024206dce045576ad0d5017576dab9c64493f5b57e1c as it did not create a cgroup: this container does not have a cgroup
timestamp_ns=1785753461318354375
	DDR Capacity(MB)               : 0
	DDR Usage Rate(%)              : 0
	DDR Hugepages Total(page)      : 0
	DDR Hugepages Usage Rate(%)    : 0
	HBM Capacity(MB)               : 65536
	HBM Usage Rate(%)              : 29
	Aicore Usage Rate(%)           : 76
	Aivector Usage Rate(%)         : 5
	Aicpu Usage Rate(%)            : 0
	Ctrlcpu Usage Rate(%)          : 4
	DDR Bandwidth Usage Rate(%)    : 0
	HBM Bandwidth Usage Rate(%)    : 54
	NPU Utilization(%)             : 86
	Aicube Usage Rate(%)           : 70
	Get pid name failed.
	Process id:2090716 Process name:                  Process memory(MB):16066
Error: cannot run top on container fca65b17c7696be0978c024206dce045576ad0d5017576dab9c64493f5b57e1c as it did not create a cgroup: this container does not have a cgroup
timestamp_ns=1785753463482187917
	DDR Capacity(MB)               : 0
	DDR Usage Rate(%)              : 0
	DDR Hugepages Total(page)      : 0
	DDR Hugepages Usage Rate(%)    : 0
	HBM Capacity(MB)               : 65536
	HBM Usage Rate(%)              : 29
	Aicore Usage Rate(%)           : 79
	Aivector Usage Rate(%)         : 5
	Aicpu Usage Rate(%)            : 0
	Ctrlcpu Usage Rate(%)          : 3
	DDR Bandwidth Usage Rate(%)    : 0
	HBM Bandwidth Usage Rate(%)    : 54
	NPU Utilization(%)             : 93
	Aicube Usage Rate(%)           : 72
	Get pid name failed.
	Process id:2090716 Process name:                  Process memory(MB):16066
Error: cannot run top on container fca65b17c7696be0978c024206dce045576ad0d5017576dab9c64493f5b57e1c as it did not create a cgroup: this container does not have a cgroup
timestamp_ns=1785753465617846426
	DDR Capacity(MB)               : 0
	DDR Usage Rate(%)              : 0
	DDR Hugepages Total(page)      : 0
	DDR Hugepages Usage Rate(%)    : 0
	HBM Capacity(MB)               : 65536
	HBM Usage Rate(%)              : 29
	Aicore Usage Rate(%)           : 75
	Aivector Usage Rate(%)         : 4
	Aicpu Usage Rate(%)            : 0
	Ctrlcpu Usage Rate(%)          : 3
	DDR Bandwidth Usage Rate(%)    : 0
	HBM Bandwidth Usage Rate(%)    : 54
	NPU Utilization(%)             : 89
	Aicube Usage Rate(%)           : 69
	Get pid name failed.
	Process id:2090716 Process name:                  Process memory(MB):16066
Error: cannot run top on container fca65b17c7696be0978c024206dce045576ad0d5017576dab9c64493f5b57e1c as it did not create a cgroup: this container does not have a cgroup
timestamp_ns=1785753467771268374
	DDR Capacity(MB)               : 0
	DDR Usage Rate(%)              : 0
	DDR Hugepages Total(page)      : 0
	DDR Hugepages Usage Rate(%)    : 0
	HBM Capacity(MB)               : 65536
	HBM Usage Rate(%)              : 29
	Aicore Usage Rate(%)           : 79
	Aivector Usage Rate(%)         : 5
	Aicpu Usage Rate(%)            : 0
	Ctrlcpu Usage Rate(%)          : 5
	DDR Bandwidth Usage Rate(%)    : 0
	HBM Bandwidth Usage Rate(%)    : 54
	NPU Utilization(%)             : 89
	Aicube Usage Rate(%)           : 71
	Get pid name failed.
	Process id:2090716 Process name:                  Process memory(MB):16066
Error: cannot run top on container fca65b17c7696be0978c024206dce045576ad0d5017576dab9c64493f5b57e1c as it did not create a cgroup: this container does not have a cgroup
timestamp_ns=1785753469935980947
	DDR Capacity(MB)               : 0
	DDR Usage Rate(%)              : 0
	DDR Hugepages Total(page)      : 0
	DDR Hugepages Usage Rate(%)    : 0
	HBM Capacity(MB)               : 65536
	HBM Usage Rate(%)              : 29
	Aicore Usage Rate(%)           : 79
	Aivector Usage Rate(%)         : 5
	Aicpu Usage Rate(%)            : 0
	Ctrlcpu Usage Rate(%)          : 6
	DDR Bandwidth Usage Rate(%)    : 0
	HBM Bandwidth Usage Rate(%)    : 54
	NPU Utilization(%)             : 96
	Aicube Usage Rate(%)           : 72
	Get pid name failed.
	Process id:2090716 Process name:                  Process memory(MB):16066
Error: cannot run top on container fca65b17c7696be0978c024206dce045576ad0d5017576dab9c64493f5b57e1c as it did not create a cgroup: this container does not have a cgroup
timestamp_ns=1785753472067313100
	DDR Capacity(MB)               : 0
	DDR Usage Rate(%)              : 0
	DDR Hugepages Total(page)      : 0
	DDR Hugepages Usage Rate(%)    : 0
	HBM Capacity(MB)               : 65536
	HBM Usage Rate(%)              : 29
	Aicore Usage Rate(%)           : 81
	Aivector Usage Rate(%)         : 5
	Aicpu Usage Rate(%)            : 0
	Ctrlcpu Usage Rate(%)          : 6
	DDR Bandwidth Usage Rate(%)    : 0
	HBM Bandwidth Usage Rate(%)    : 54
	NPU Utilization(%)             : 93
	Aicube Usage Rate(%)           : 74
	Get pid name failed.
	Process id:2090716 Process name:                  Process memory(MB):16066
Error: cannot run top on container fca65b17c7696be0978c024206dce045576ad0d5017576dab9c64493f5b57e1c as it did not create a cgroup: this container does not have a cgroup
timestamp_ns=1785753474210328985
	DDR Capacity(MB)               : 0
	DDR Usage Rate(%)              : 0
	DDR Hugepages Total(page)      : 0
	DDR Hugepages Usage Rate(%)    : 0
	HBM Capacity(MB)               : 65536
	HBM Usage Rate(%)              : 29
	Aicore Usage Rate(%)           : 80
	Aivector Usage Rate(%)         : 5
	Aicpu Usage Rate(%)            : 0
	Ctrlcpu Usage Rate(%)          : 1
	DDR Bandwidth Usage Rate(%)    : 0
	HBM Bandwidth Usage Rate(%)    : 54
	NPU Utilization(%)             : 86
	Aicube Usage Rate(%)           : 74
	Get pid name failed.
	Process id:2090716 Process name:                  Process memory(MB):16066
Error: cannot run top on container fca65b17c7696be0978c024206dce045576ad0d5017576dab9c64493f5b57e1c as it did not create a cgroup: this container does not have a cgroup
timestamp_ns=1785753476349082784
	DDR Capacity(MB)               : 0
	DDR Usage Rate(%)              : 0
	DDR Hugepages Total(page)      : 0
	DDR Hugepages Usage Rate(%)    : 0
	HBM Capacity(MB)               : 65536
	HBM Usage Rate(%)              : 29
	Aicore Usage Rate(%)           : 81
	Aivector Usage Rate(%)         : 5
	Aicpu Usage Rate(%)            : 0
	Ctrlcpu Usage Rate(%)          : 3
	DDR Bandwidth Usage Rate(%)    : 0
	HBM Bandwidth Usage Rate(%)    : 54
	NPU Utilization(%)             : 93
	Aicube Usage Rate(%)           : 74
	Get pid name failed.
	Process id:2090716 Process name:                  Process memory(MB):16066
Error: cannot run top on container fca65b17c7696be0978c024206dce045576ad0d5017576dab9c64493f5b57e1c as it did not create a cgroup: this container does not have a cgroup
timestamp_ns=1785753478484776690
	DDR Capacity(MB)               : 0
	DDR Usage Rate(%)              : 0
	DDR Hugepages Total(page)      : 0
	DDR Hugepages Usage Rate(%)    : 0
	HBM Capacity(MB)               : 65536
	HBM Usage Rate(%)              : 29
	Aicore Usage Rate(%)           : 78
	Aivector Usage Rate(%)         : 5
	Aicpu Usage Rate(%)            : 0
	Ctrlcpu Usage Rate(%)          : 3
	DDR Bandwidth Usage Rate(%)    : 0
	HBM Bandwidth Usage Rate(%)    : 54
	NPU Utilization(%)             : 96
	Aicube Usage Rate(%)           : 72
	Get pid name failed.
	Process id:2090716 Process name:                  Process memory(MB):16066
Error: cannot run top on container fca65b17c7696be0978c024206dce045576ad0d5017576dab9c64493f5b57e1c as it did not create a cgroup: this container does not have a cgroup
timestamp_ns=1785753480631216280
	DDR Capacity(MB)               : 0
	DDR Usage Rate(%)              : 0
	DDR Hugepages Total(page)      : 0
	DDR Hugepages Usage Rate(%)    : 0
	HBM Capacity(MB)               : 65536
	HBM Usage Rate(%)              : 29
	Aicore Usage Rate(%)           : 77
	Aivector Usage Rate(%)         : 5
	Aicpu Usage Rate(%)            : 0
	Ctrlcpu Usage Rate(%)          : 2
	DDR Bandwidth Usage Rate(%)    : 0
	HBM Bandwidth Usage Rate(%)    : 54
	NPU Utilization(%)             : 93
	Aicube Usage Rate(%)           : 71
	Get pid name failed.
	Process id:2090716 Process name:                  Process memory(MB):16066
Error: cannot run top on container fca65b17c7696be0978c024206dce045576ad0d5017576dab9c64493f5b57e1c as it did not create a cgroup: this container does not have a cgroup
timestamp_ns=1785753482793876026
	DDR Capacity(MB)               : 0
	DDR Usage Rate(%)              : 0
	DDR Hugepages Total(page)      : 0
	DDR Hugepages Usage Rate(%)    : 0
	HBM Capacity(MB)               : 65536
	HBM Usage Rate(%)              : 29
	Aicore Usage Rate(%)           : 78
	Aivector Usage Rate(%)         : 5
	Aicpu Usage Rate(%)            : 0
	Ctrlcpu Usage Rate(%)          : 8
	DDR Bandwidth Usage Rate(%)    : 0
	HBM Bandwidth Usage Rate(%)    : 54
	NPU Utilization(%)             : 89
	Aicube Usage Rate(%)           : 72
	Get pid name failed.
	Process id:2090716 Process name:                  Process memory(MB):16066
Error: cannot run top on container fca65b17c7696be0978c024206dce045576ad0d5017576dab9c64493f5b57e1c as it did not create a cgroup: this container does not have a cgroup
timestamp_ns=1785753484931064337
	DDR Capacity(MB)               : 0
	DDR Usage Rate(%)              : 0
	DDR Hugepages Total(page)      : 0
	DDR Hugepages Usage Rate(%)    : 0
	HBM Capacity(MB)               : 65536
	HBM Usage Rate(%)              : 29
	Aicore Usage Rate(%)           : 77
	Aivector Usage Rate(%)         : 5
	Aicpu Usage Rate(%)            : 0
	Ctrlcpu Usage Rate(%)          : 5
	DDR Bandwidth Usage Rate(%)    : 0
	HBM Bandwidth Usage Rate(%)    : 54
	NPU Utilization(%)             : 93
	Aicube Usage Rate(%)           : 71
	Get pid name failed.
	Process id:2090716 Process name:                  Process memory(MB):16066
Error: cannot run top on container fca65b17c7696be0978c024206dce045576ad0d5017576dab9c64493f5b57e1c as it did not create a cgroup: this container does not have a cgroup
timestamp_ns=1785753487064736806
	DDR Capacity(MB)               : 0
	DDR Usage Rate(%)              : 0
	DDR Hugepages Total(page)      : 0
	DDR Hugepages Usage Rate(%)    : 0
	HBM Capacity(MB)               : 65536
	HBM Usage Rate(%)              : 29
	Aicore Usage Rate(%)           : 78
	Aivector Usage Rate(%)         : 5
	Aicpu Usage Rate(%)            : 0
	Ctrlcpu Usage Rate(%)          : 3
	DDR Bandwidth Usage Rate(%)    : 0
	HBM Bandwidth Usage Rate(%)    : 54
	NPU Utilization(%)             : 96
	Aicube Usage Rate(%)           : 72
	Get pid name failed.
	Process id:2090716 Process name:                  Process memory(MB):16066
Error: cannot run top on container fca65b17c7696be0978c024206dce045576ad0d5017576dab9c64493f5b57e1c as it did not create a cgroup: this container does not have a cgroup
timestamp_ns=1785753489206336981
	DDR Capacity(MB)               : 0
	DDR Usage Rate(%)              : 0
	DDR Hugepages Total(page)      : 0
	DDR Hugepages Usage Rate(%)    : 0
	HBM Capacity(MB)               : 65536
	HBM Usage Rate(%)              : 29
	Aicore Usage Rate(%)           : 79
	Aivector Usage Rate(%)         : 5
	Aicpu Usage Rate(%)            : 0
	Ctrlcpu Usage Rate(%)          : 2
	DDR Bandwidth Usage Rate(%)    : 0
	HBM Bandwidth Usage Rate(%)    : 54
	NPU Utilization(%)             : 89
	Aicube Usage Rate(%)           : 72
	Get pid name failed.
	Process id:2090716 Process name:                  Process memory(MB):16066
Error: cannot run top on container fca65b17c7696be0978c024206dce045576ad0d5017576dab9c64493f5b57e1c as it did not create a cgroup: this container does not have a cgroup
timestamp_ns=1785753491346826704
	DDR Capacity(MB)               : 0
	DDR Usage Rate(%)              : 0
	DDR Hugepages Total(page)      : 0
	DDR Hugepages Usage Rate(%)    : 0
	HBM Capacity(MB)               : 65536
	HBM Usage Rate(%)              : 29
	Aicore Usage Rate(%)           : 80
	Aivector Usage Rate(%)         : 5
	Aicpu Usage Rate(%)            : 0
	Ctrlcpu Usage Rate(%)          : 5
	DDR Bandwidth Usage Rate(%)    : 0
	HBM Bandwidth Usage Rate(%)    : 12
	NPU Utilization(%)             : 86
	Aicube Usage Rate(%)           : 72
	Get pid name failed.
	Process id:2090716 Process name:                  Process memory(MB):16066
Error: cannot run top on container fca65b17c7696be0978c024206dce045576ad0d5017576dab9c64493f5b57e1c as it did not create a cgroup: this container does not have a cgroup
timestamp_ns=1785753493533033103
	DDR Capacity(MB)               : 0
	DDR Usage Rate(%)              : 0
	DDR Hugepages Total(page)      : 0
	DDR Hugepages Usage Rate(%)    : 0
	HBM Capacity(MB)               : 65536
	HBM Usage Rate(%)              : 29
	Aicore Usage Rate(%)           : 79
	Aivector Usage Rate(%)         : 5
	Aicpu Usage Rate(%)            : 0
	Ctrlcpu Usage Rate(%)          : 1
	DDR Bandwidth Usage Rate(%)    : 0
	HBM Bandwidth Usage Rate(%)    : 54
	NPU Utilization(%)             : 89
	Aicube Usage Rate(%)           : 72
	Get pid name failed.
	Process id:2090716 Process name:                  Process memory(MB):16066
Error: cannot run top on container fca65b17c7696be0978c024206dce045576ad0d5017576dab9c64493f5b57e1c as it did not create a cgroup: this container does not have a cgroup
timestamp_ns=1785753495662851649
	DDR Capacity(MB)               : 0
	DDR Usage Rate(%)              : 0
	DDR Hugepages Total(page)      : 0
	DDR Hugepages Usage Rate(%)    : 0
	HBM Capacity(MB)               : 65536
	HBM Usage Rate(%)              : 29
	Aicore Usage Rate(%)           : 78
	Aivector Usage Rate(%)         : 5
	Aicpu Usage Rate(%)            : 0
	Ctrlcpu Usage Rate(%)          : 1
	DDR Bandwidth Usage Rate(%)    : 0
	HBM Bandwidth Usage Rate(%)    : 48
	NPU Utilization(%)             : 93
	Aicube Usage Rate(%)           : 72
	Get pid name failed.
	Process id:2090716 Process name:                  Process memory(MB):16066
Error: cannot run top on container fca65b17c7696be0978c024206dce045576ad0d5017576dab9c64493f5b57e1c as it did not create a cgroup: this container does not have a cgroup
timestamp_ns=1785753497799586469
	DDR Capacity(MB)               : 0
	DDR Usage Rate(%)              : 0
	DDR Hugepages Total(page)      : 0
	DDR Hugepages Usage Rate(%)    : 0
	HBM Capacity(MB)               : 65536
	HBM Usage Rate(%)              : 29
	Aicore Usage Rate(%)           : 79
	Aivector Usage Rate(%)         : 5
	Aicpu Usage Rate(%)            : 0
	Ctrlcpu Usage Rate(%)          : 1
	DDR Bandwidth Usage Rate(%)    : 0
	HBM Bandwidth Usage Rate(%)    : 54
	NPU Utilization(%)             : 93
	Aicube Usage Rate(%)           : 72
	Get pid name failed.
	Process id:2090716 Process name:                  Process memory(MB):16066
Error: cannot run top on container fca65b17c7696be0978c024206dce045576ad0d5017576dab9c64493f5b57e1c as it did not create a cgroup: this container does not have a cgroup
timestamp_ns=1785753499935792859
	DDR Capacity(MB)               : 0
	DDR Usage Rate(%)              : 0
	DDR Hugepages Total(page)      : 0
	DDR Hugepages Usage Rate(%)    : 0
	HBM Capacity(MB)               : 65536
	HBM Usage Rate(%)              : 29
	Aicore Usage Rate(%)           : 78
	Aivector Usage Rate(%)         : 5
	Aicpu Usage Rate(%)            : 0
	Ctrlcpu Usage Rate(%)          : 3
	DDR Bandwidth Usage Rate(%)    : 0
	HBM Bandwidth Usage Rate(%)    : 54
	NPU Utilization(%)             : 93
	Aicube Usage Rate(%)           : 71
	Get pid name failed.
	Process id:2090716 Process name:                  Process memory(MB):16066
Error: cannot run top on container fca65b17c7696be0978c024206dce045576ad0d5017576dab9c64493f5b57e1c as it did not create a cgroup: this container does not have a cgroup
timestamp_ns=1785753502072184115
	DDR Capacity(MB)               : 0
	DDR Usage Rate(%)              : 0
	DDR Hugepages Total(page)      : 0
	DDR Hugepages Usage Rate(%)    : 0
	HBM Capacity(MB)               : 65536
	HBM Usage Rate(%)              : 29
	Aicore Usage Rate(%)           : 79
	Aivector Usage Rate(%)         : 5
	Aicpu Usage Rate(%)            : 0
	Ctrlcpu Usage Rate(%)          : 5
	DDR Bandwidth Usage Rate(%)    : 0
	HBM Bandwidth Usage Rate(%)    : 51
	NPU Utilization(%)             : 89
	Aicube Usage Rate(%)           : 71
	Get pid name failed.
	Process id:2090716 Process name:                  Process memory(MB):16066
Error: cannot run top on container fca65b17c7696be0978c024206dce045576ad0d5017576dab9c64493f5b57e1c as it did not create a cgroup: this container does not have a cgroup
timestamp_ns=1785753504217149680
	DDR Capacity(MB)               : 0
	DDR Usage Rate(%)              : 0
	DDR Hugepages Total(page)      : 0
	DDR Hugepages Usage Rate(%)    : 0
	HBM Capacity(MB)               : 65536
	HBM Usage Rate(%)              : 29
	Aicore Usage Rate(%)           : 79
	Aivector Usage Rate(%)         : 5
	Aicpu Usage Rate(%)            : 0
	Ctrlcpu Usage Rate(%)          : 3
	DDR Bandwidth Usage Rate(%)    : 0
	HBM Bandwidth Usage Rate(%)    : 54
	NPU Utilization(%)             : 93
	Aicube Usage Rate(%)           : 72
	Get pid name failed.
	Process id:2090716 Process name:                  Process memory(MB):16066
Error: cannot run top on container fca65b17c7696be0978c024206dce045576ad0d5017576dab9c64493f5b57e1c as it did not create a cgroup: this container does not have a cgroup
timestamp_ns=1785753506574751614
	DDR Capacity(MB)               : 0
	DDR Usage Rate(%)              : 0
	DDR Hugepages Total(page)      : 0
	DDR Hugepages Usage Rate(%)    : 0
	HBM Capacity(MB)               : 65536
	HBM Usage Rate(%)              : 29
	Aicore Usage Rate(%)           : 81
	Aivector Usage Rate(%)         : 5
	Aicpu Usage Rate(%)            : 0
	Ctrlcpu Usage Rate(%)          : 4
	DDR Bandwidth Usage Rate(%)    : 0
	HBM Bandwidth Usage Rate(%)    : 54
	NPU Utilization(%)             : 93
	Aicube Usage Rate(%)           : 73
	Get pid name failed.
	Process id:2090716 Process name:                  Process memory(MB):16066
Error: cannot run top on container fca65b17c7696be0978c024206dce045576ad0d5017576dab9c64493f5b57e1c as it did not create a cgroup: this container does not have a cgroup
timestamp_ns=1785753508714015384
	DDR Capacity(MB)               : 0
	DDR Usage Rate(%)              : 0
	DDR Hugepages Total(page)      : 0
	DDR Hugepages Usage Rate(%)    : 0
	HBM Capacity(MB)               : 65536
	HBM Usage Rate(%)              : 29
	Aicore Usage Rate(%)           : 81
	Aivector Usage Rate(%)         : 5
	Aicpu Usage Rate(%)            : 0
	Ctrlcpu Usage Rate(%)          : 3
	DDR Bandwidth Usage Rate(%)    : 0
	HBM Bandwidth Usage Rate(%)    : 54
	NPU Utilization(%)             : 96
	Aicube Usage Rate(%)           : 73
	Get pid name failed.
	Process id:2090716 Process name:                  Process memory(MB):16066
Error: cannot run top on container fca65b17c7696be0978c024206dce045576ad0d5017576dab9c64493f5b57e1c as it did not create a cgroup: this container does not have a cgroup
timestamp_ns=1785753510849965786
	DDR Capacity(MB)               : 0
	DDR Usage Rate(%)              : 0
	DDR Hugepages Total(page)      : 0
	DDR Hugepages Usage Rate(%)    : 0
	HBM Capacity(MB)               : 65536
	HBM Usage Rate(%)              : 29
	Aicore Usage Rate(%)           : 82
	Aivector Usage Rate(%)         : 5
	Aicpu Usage Rate(%)            : 0
	Ctrlcpu Usage Rate(%)          : 2
	DDR Bandwidth Usage Rate(%)    : 0
	HBM Bandwidth Usage Rate(%)    : 54
	NPU Utilization(%)             : 89
	Aicube Usage Rate(%)           : 74
	Get pid name failed.
	Process id:2090716 Process name:                  Process memory(MB):16066
Error: cannot run top on container fca65b17c7696be0978c024206dce045576ad0d5017576dab9c64493f5b57e1c as it did not create a cgroup: this container does not have a cgroup
timestamp_ns=1785753512980754184
	DDR Capacity(MB)               : 0
	DDR Usage Rate(%)              : 0
	DDR Hugepages Total(page)      : 0
	DDR Hugepages Usage Rate(%)    : 0
	HBM Capacity(MB)               : 65536
	HBM Usage Rate(%)              : 29
	Aicore Usage Rate(%)           : 78
	Aivector Usage Rate(%)         : 5
	Aicpu Usage Rate(%)            : 0
	Ctrlcpu Usage Rate(%)          : 4
	DDR Bandwidth Usage Rate(%)    : 0
	HBM Bandwidth Usage Rate(%)    : 54
	NPU Utilization(%)             : 93
	Aicube Usage Rate(%)           : 72
	Get pid name failed.
	Process id:2090716 Process name:                  Process memory(MB):16066
Error: cannot run top on container fca65b17c7696be0978c024206dce045576ad0d5017576dab9c64493f5b57e1c as it did not create a cgroup: this container does not have a cgroup
timestamp_ns=1785753515122313766
	DDR Capacity(MB)               : 0
	DDR Usage Rate(%)              : 0
	DDR Hugepages Total(page)      : 0
	DDR Hugepages Usage Rate(%)    : 0
	HBM Capacity(MB)               : 65536
	HBM Usage Rate(%)              : 29
	Aicore Usage Rate(%)           : 80
	Aivector Usage Rate(%)         : 4
	Aicpu Usage Rate(%)            : 0
	Ctrlcpu Usage Rate(%)          : 5
	DDR Bandwidth Usage Rate(%)    : 0
	HBM Bandwidth Usage Rate(%)    : 53
	NPU Utilization(%)             : 93
	Aicube Usage Rate(%)           : 72
	Get pid name failed.
	Process id:2090716 Process name:                  Process memory(MB):16066
Error: cannot run top on container fca65b17c7696be0978c024206dce045576ad0d5017576dab9c64493f5b57e1c as it did not create a cgroup: this container does not have a cgroup
timestamp_ns=1785753517250929903
	DDR Capacity(MB)               : 0
	DDR Usage Rate(%)              : 0
	DDR Hugepages Total(page)      : 0
	DDR Hugepages Usage Rate(%)    : 0
	HBM Capacity(MB)               : 65536
	HBM Usage Rate(%)              : 29
	Aicore Usage Rate(%)           : 78
	Aivector Usage Rate(%)         : 5
	Aicpu Usage Rate(%)            : 0
	Ctrlcpu Usage Rate(%)          : 2
	DDR Bandwidth Usage Rate(%)    : 0
	HBM Bandwidth Usage Rate(%)    : 54
	NPU Utilization(%)             : 93
	Aicube Usage Rate(%)           : 72
	Get pid name failed.
	Process id:2090716 Process name:                  Process memory(MB):16066
Error: cannot run top on container fca65b17c7696be0978c024206dce045576ad0d5017576dab9c64493f5b57e1c as it did not create a cgroup: this container does not have a cgroup
timestamp_ns=1785753519388613718
	DDR Capacity(MB)               : 0
	DDR Usage Rate(%)              : 0
	DDR Hugepages Total(page)      : 0
	DDR Hugepages Usage Rate(%)    : 0
	HBM Capacity(MB)               : 65536
	HBM Usage Rate(%)              : 29
	Aicore Usage Rate(%)           : 80
	Aivector Usage Rate(%)         : 5
	Aicpu Usage Rate(%)            : 0
	Ctrlcpu Usage Rate(%)          : 3
	DDR Bandwidth Usage Rate(%)    : 0
	HBM Bandwidth Usage Rate(%)    : 54
	NPU Utilization(%)             : 93
	Aicube Usage Rate(%)           : 72
	Get pid name failed.
	Process id:2090716 Process name:                  Process memory(MB):16066
Error: cannot run top on container fca65b17c7696be0978c024206dce045576ad0d5017576dab9c64493f5b57e1c as it did not create a cgroup: this container does not have a cgroup
timestamp_ns=1785753521559074221
	DDR Capacity(MB)               : 0
	DDR Usage Rate(%)              : 0
	DDR Hugepages Total(page)      : 0
	DDR Hugepages Usage Rate(%)    : 0
	HBM Capacity(MB)               : 65536
	HBM Usage Rate(%)              : 29
	Aicore Usage Rate(%)           : 78
	Aivector Usage Rate(%)         : 5
	Aicpu Usage Rate(%)            : 0
	Ctrlcpu Usage Rate(%)          : 2
	DDR Bandwidth Usage Rate(%)    : 0
	HBM Bandwidth Usage Rate(%)    : 32
	NPU Utilization(%)             : 89
	Aicube Usage Rate(%)           : 72
	Get pid name failed.
	Process id:2090716 Process name:                  Process memory(MB):16066
Error: cannot run top on container fca65b17c7696be0978c024206dce045576ad0d5017576dab9c64493f5b57e1c as it did not create a cgroup: this container does not have a cgroup
timestamp_ns=1785753523705989131
	DDR Capacity(MB)               : 0
	DDR Usage Rate(%)              : 0
	DDR Hugepages Total(page)      : 0
	DDR Hugepages Usage Rate(%)    : 0
	HBM Capacity(MB)               : 65536
	HBM Usage Rate(%)              : 29
	Aicore Usage Rate(%)           : 80
	Aivector Usage Rate(%)         : 5
	Aicpu Usage Rate(%)            : 0
	Ctrlcpu Usage Rate(%)          : 6
	DDR Bandwidth Usage Rate(%)    : 0
	HBM Bandwidth Usage Rate(%)    : 54
	NPU Utilization(%)             : 93
	Aicube Usage Rate(%)           : 72
	Get pid name failed.
	Process id:2090716 Process name:                  Process memory(MB):16066
Error: cannot run top on container fca65b17c7696be0978c024206dce045576ad0d5017576dab9c64493f5b57e1c as it did not create a cgroup: this container does not have a cgroup
timestamp_ns=1785753525863907879
	DDR Capacity(MB)               : 0
	DDR Usage Rate(%)              : 0
	DDR Hugepages Total(page)      : 0
	DDR Hugepages Usage Rate(%)    : 0
	HBM Capacity(MB)               : 65536
	HBM Usage Rate(%)              : 29
	Aicore Usage Rate(%)           : 78
	Aivector Usage Rate(%)         : 5
	Aicpu Usage Rate(%)            : 0
	Ctrlcpu Usage Rate(%)          : 2
	DDR Bandwidth Usage Rate(%)    : 0
	HBM Bandwidth Usage Rate(%)    : 8
	NPU Utilization(%)             : 96
	Aicube Usage Rate(%)           : 72
	Get pid name failed.
	Process id:2090716 Process name:                  Process memory(MB):16066
Error: cannot run top on container fca65b17c7696be0978c024206dce045576ad0d5017576dab9c64493f5b57e1c as it did not create a cgroup: this container does not have a cgroup
timestamp_ns=1785753528020781568
	DDR Capacity(MB)               : 0
	DDR Usage Rate(%)              : 0
	DDR Hugepages Total(page)      : 0
	DDR Hugepages Usage Rate(%)    : 0
	HBM Capacity(MB)               : 65536
	HBM Usage Rate(%)              : 29
	Aicore Usage Rate(%)           : 77
	Aivector Usage Rate(%)         : 4
	Aicpu Usage Rate(%)            : 0
	Ctrlcpu Usage Rate(%)          : 5
	DDR Bandwidth Usage Rate(%)    : 0
	HBM Bandwidth Usage Rate(%)    : 54
	NPU Utilization(%)             : 89
	Aicube Usage Rate(%)           : 69
	Get pid name failed.
	Process id:2090716 Process name:                  Process memory(MB):16066
Error: cannot run top on container fca65b17c7696be0978c024206dce045576ad0d5017576dab9c64493f5b57e1c as it did not create a cgroup: this container does not have a cgroup
timestamp_ns=1785753530152772666
	DDR Capacity(MB)               : 0
	DDR Usage Rate(%)              : 0
	DDR Hugepages Total(page)      : 0
	DDR Hugepages Usage Rate(%)    : 0
	HBM Capacity(MB)               : 65536
	HBM Usage Rate(%)              : 29
	Aicore Usage Rate(%)           : 75
	Aivector Usage Rate(%)         : 4
	Aicpu Usage Rate(%)            : 0
	Ctrlcpu Usage Rate(%)          : 5
	DDR Bandwidth Usage Rate(%)    : 0
	HBM Bandwidth Usage Rate(%)    : 54
	NPU Utilization(%)             : 93
	Aicube Usage Rate(%)           : 69
	Get pid name failed.
	Process id:2090716 Process name:                  Process memory(MB):16066
Error: cannot run top on container fca65b17c7696be0978c024206dce045576ad0d5017576dab9c64493f5b57e1c as it did not create a cgroup: this container does not have a cgroup
timestamp_ns=1785753532295180890
	DDR Capacity(MB)               : 0
	DDR Usage Rate(%)              : 0
	DDR Hugepages Total(page)      : 0
	DDR Hugepages Usage Rate(%)    : 0
	HBM Capacity(MB)               : 65536
	HBM Usage Rate(%)              : 29
	Aicore Usage Rate(%)           : 82
	Aivector Usage Rate(%)         : 5
	Aicpu Usage Rate(%)            : 0
	Ctrlcpu Usage Rate(%)          : 6
	DDR Bandwidth Usage Rate(%)    : 0
	HBM Bandwidth Usage Rate(%)    : 54
	NPU Utilization(%)             : 93
	Aicube Usage Rate(%)           : 75
	Get pid name failed.
	Process id:2090716 Process name:                  Process memory(MB):16066
Error: cannot run top on container fca65b17c7696be0978c024206dce045576ad0d5017576dab9c64493f5b57e1c as it did not create a cgroup: this container does not have a cgroup
timestamp_ns=1785753534437556776
	DDR Capacity(MB)               : 0
	DDR Usage Rate(%)              : 0
	DDR Hugepages Total(page)      : 0
	DDR Hugepages Usage Rate(%)    : 0
	HBM Capacity(MB)               : 65536
	HBM Usage Rate(%)              : 29
	Aicore Usage Rate(%)           : 78
	Aivector Usage Rate(%)         : 5
	Aicpu Usage Rate(%)            : 0
	Ctrlcpu Usage Rate(%)          : 5
	DDR Bandwidth Usage Rate(%)    : 0
	HBM Bandwidth Usage Rate(%)    : 54
	NPU Utilization(%)             : 86
	Aicube Usage Rate(%)           : 72
	Get pid name failed.
	Process id:2090716 Process name:                  Process memory(MB):16066
Error: cannot run top on container fca65b17c7696be0978c024206dce045576ad0d5017576dab9c64493f5b57e1c as it did not create a cgroup: this container does not have a cgroup
timestamp_ns=1785753536587648673
	DDR Capacity(MB)               : 0
	DDR Usage Rate(%)              : 0
	DDR Hugepages Total(page)      : 0
	DDR Hugepages Usage Rate(%)    : 0
	HBM Capacity(MB)               : 65536
	HBM Usage Rate(%)              : 29
	Aicore Usage Rate(%)           : 80
	Aivector Usage Rate(%)         : 5
	Aicpu Usage Rate(%)            : 0
	Ctrlcpu Usage Rate(%)          : 1
	DDR Bandwidth Usage Rate(%)    : 0
	HBM Bandwidth Usage Rate(%)    : 54
	NPU Utilization(%)             : 93
	Aicube Usage Rate(%)           : 72
	Get pid name failed.
	Process id:2090716 Process name:                  Process memory(MB):16066
Error: cannot run top on container fca65b17c7696be0978c024206dce045576ad0d5017576dab9c64493f5b57e1c as it did not create a cgroup: this container does not have a cgroup
timestamp_ns=1785753538724064801
	DDR Capacity(MB)               : 0
	DDR Usage Rate(%)              : 0
	DDR Hugepages Total(page)      : 0
	DDR Hugepages Usage Rate(%)    : 0
	HBM Capacity(MB)               : 65536
	HBM Usage Rate(%)              : 29
	Aicore Usage Rate(%)           : 78
	Aivector Usage Rate(%)         : 5
	Aicpu Usage Rate(%)            : 0
	Ctrlcpu Usage Rate(%)          : 4
	DDR Bandwidth Usage Rate(%)    : 0
	HBM Bandwidth Usage Rate(%)    : 54
	NPU Utilization(%)             : 93
	Aicube Usage Rate(%)           : 72
	Get pid name failed.
	Process id:2090716 Process name:                  Process memory(MB):16066
Error: cannot run top on container fca65b17c7696be0978c024206dce045576ad0d5017576dab9c64493f5b57e1c as it did not create a cgroup: this container does not have a cgroup
timestamp_ns=1785753540885715040
	DDR Capacity(MB)               : 0
	DDR Usage Rate(%)              : 0
	DDR Hugepages Total(page)      : 0
	DDR Hugepages Usage Rate(%)    : 0
	HBM Capacity(MB)               : 65536
	HBM Usage Rate(%)              : 29
	Aicore Usage Rate(%)           : 80
	Aivector Usage Rate(%)         : 5
	Aicpu Usage Rate(%)            : 0
	Ctrlcpu Usage Rate(%)          : 1
	DDR Bandwidth Usage Rate(%)    : 0
	HBM Bandwidth Usage Rate(%)    : 53
	NPU Utilization(%)             : 89
	Aicube Usage Rate(%)           : 72
	Get pid name failed.
	Process id:2090716 Process name:                  Process memory(MB):16066
Error: cannot run top on container fca65b17c7696be0978c024206dce045576ad0d5017576dab9c64493f5b57e1c as it did not create a cgroup: this container does not have a cgroup
timestamp_ns=1785753543138038136
	DDR Capacity(MB)               : 0
	DDR Usage Rate(%)              : 0
	DDR Hugepages Total(page)      : 0
	DDR Hugepages Usage Rate(%)    : 0
	HBM Capacity(MB)               : 65536
	HBM Usage Rate(%)              : 29
	Aicore Usage Rate(%)           : 80
	Aivector Usage Rate(%)         : 5
	Aicpu Usage Rate(%)            : 0
	Ctrlcpu Usage Rate(%)          : 2
	DDR Bandwidth Usage Rate(%)    : 0
	HBM Bandwidth Usage Rate(%)    : 54
	NPU Utilization(%)             : 93
	Aicube Usage Rate(%)           : 73
	Get pid name failed.
	Process id:2090716 Process name:                  Process memory(MB):16066
Error: cannot run top on container fca65b17c7696be0978c024206dce045576ad0d5017576dab9c64493f5b57e1c as it did not create a cgroup: this container does not have a cgroup
timestamp_ns=1785753545307852887
	DDR Capacity(MB)               : 0
	DDR Usage Rate(%)              : 0
	DDR Hugepages Total(page)      : 0
	DDR Hugepages Usage Rate(%)    : 0
	HBM Capacity(MB)               : 65536
	HBM Usage Rate(%)              : 29
	Aicore Usage Rate(%)           : 80
	Aivector Usage Rate(%)         : 4
	Aicpu Usage Rate(%)            : 0
	Ctrlcpu Usage Rate(%)          : 4
	DDR Bandwidth Usage Rate(%)    : 0
	HBM Bandwidth Usage Rate(%)    : 54
	NPU Utilization(%)             : 93
	Aicube Usage Rate(%)           : 72
	Get pid name failed.
	Process id:2090716 Process name:                  Process memory(MB):16066
Error: cannot run top on container fca65b17c7696be0978c024206dce045576ad0d5017576dab9c64493f5b57e1c as it did not create a cgroup: this container does not have a cgroup
timestamp_ns=1785753547486869429
	DDR Capacity(MB)               : 0
	DDR Usage Rate(%)              : 0
	DDR Hugepages Total(page)      : 0
	DDR Hugepages Usage Rate(%)    : 0
	HBM Capacity(MB)               : 65536
	HBM Usage Rate(%)              : 29
	Aicore Usage Rate(%)           : 79
	Aivector Usage Rate(%)         : 5
	Aicpu Usage Rate(%)            : 0
	Ctrlcpu Usage Rate(%)          : 1
	DDR Bandwidth Usage Rate(%)    : 0
	HBM Bandwidth Usage Rate(%)    : 53
	NPU Utilization(%)             : 89
	Aicube Usage Rate(%)           : 72
	Get pid name failed.
	Process id:2090716 Process name:                  Process memory(MB):16066
Error: cannot run top on container fca65b17c7696be0978c024206dce045576ad0d5017576dab9c64493f5b57e1c as it did not create a cgroup: this container does not have a cgroup
timestamp_ns=1785753549684739951
	DDR Capacity(MB)               : 0
	DDR Usage Rate(%)              : 0
	DDR Hugepages Total(page)      : 0
	DDR Hugepages Usage Rate(%)    : 0
	HBM Capacity(MB)               : 65536
	HBM Usage Rate(%)              : 29
	Aicore Usage Rate(%)           : 80
	Aivector Usage Rate(%)         : 5
	Aicpu Usage Rate(%)            : 0
	Ctrlcpu Usage Rate(%)          : 4
	DDR Bandwidth Usage Rate(%)    : 0
	HBM Bandwidth Usage Rate(%)    : 54
	NPU Utilization(%)             : 93
	Aicube Usage Rate(%)           : 72
	Get pid name failed.
	Process id:2090716 Process name:                  Process memory(MB):16066
Error: cannot run top on container fca65b17c7696be0978c024206dce045576ad0d5017576dab9c64493f5b57e1c as it did not create a cgroup: this container does not have a cgroup
timestamp_ns=1785753551840245694
	DDR Capacity(MB)               : 0
	DDR Usage Rate(%)              : 0
	DDR Hugepages Total(page)      : 0
	DDR Hugepages Usage Rate(%)    : 0
	HBM Capacity(MB)               : 65536
	HBM Usage Rate(%)              : 29
	Aicore Usage Rate(%)           : 81
	Aivector Usage Rate(%)         : 5
	Aicpu Usage Rate(%)            : 0
	Ctrlcpu Usage Rate(%)          : 3
	DDR Bandwidth Usage Rate(%)    : 0
	HBM Bandwidth Usage Rate(%)    : 54
	NPU Utilization(%)             : 96
	Aicube Usage Rate(%)           : 73
	Get pid name failed.
	Process id:2090716 Process name:                  Process memory(MB):16066
Error: cannot run top on container fca65b17c7696be0978c024206dce045576ad0d5017576dab9c64493f5b57e1c as it did not create a cgroup: this container does not have a cgroup
timestamp_ns=1785753554044402009
	DDR Capacity(MB)               : 0
	DDR Usage Rate(%)              : 0
	DDR Hugepages Total(page)      : 0
	DDR Hugepages Usage Rate(%)    : 0
	HBM Capacity(MB)               : 65536
	HBM Usage Rate(%)              : 29
	Aicore Usage Rate(%)           : 15
	Aivector Usage Rate(%)         : 3
	Aicpu Usage Rate(%)            : 0
	Ctrlcpu Usage Rate(%)          : 6
	DDR Bandwidth Usage Rate(%)    : 0
	HBM Bandwidth Usage Rate(%)    : 54
	NPU Utilization(%)             : 44
	Aicube Usage Rate(%)           : 12
	Get pid name failed.
	Process id:2090716 Process name:                  Process memory(MB):16066
Error: cannot run top on container fca65b17c7696be0978c024206dce045576ad0d5017576dab9c64493f5b57e1c as it did not create a cgroup: this container does not have a cgroup
timestamp_ns=1785753556310303085
	DDR Capacity(MB)               : 0
	DDR Usage Rate(%)              : 0
	DDR Hugepages Total(page)      : 0
	DDR Hugepages Usage Rate(%)    : 0
	HBM Capacity(MB)               : 65536
	HBM Usage Rate(%)              : 29
	Aicore Usage Rate(%)           : 79
	Aivector Usage Rate(%)         : 5
	Aicpu Usage Rate(%)            : 0
	Ctrlcpu Usage Rate(%)          : 2
	DDR Bandwidth Usage Rate(%)    : 0
	HBM Bandwidth Usage Rate(%)    : 54
	NPU Utilization(%)             : 89
	Aicube Usage Rate(%)           : 72
	Get pid name failed.
	Process id:2090716 Process name:                  Process memory(MB):16066
Error: cannot run top on container fca65b17c7696be0978c024206dce045576ad0d5017576dab9c64493f5b57e1c as it did not create a cgroup: this container does not have a cgroup
timestamp_ns=1785753558554599098
	DDR Capacity(MB)               : 0
	DDR Usage Rate(%)              : 0
	DDR Hugepages Total(page)      : 0
	DDR Hugepages Usage Rate(%)    : 0
	HBM Capacity(MB)               : 65536
	HBM Usage Rate(%)              : 29
	Aicore Usage Rate(%)           : 78
	Aivector Usage Rate(%)         : 5
	Aicpu Usage Rate(%)            : 0
	Ctrlcpu Usage Rate(%)          : 1
	DDR Bandwidth Usage Rate(%)    : 0
	HBM Bandwidth Usage Rate(%)    : 17
	NPU Utilization(%)             : 96
	Aicube Usage Rate(%)           : 72
	Get pid name failed.
	Process id:2090716 Process name:                  Process memory(MB):16066
Error: cannot run top on container fca65b17c7696be0978c024206dce045576ad0d5017576dab9c64493f5b57e1c as it did not create a cgroup: this container does not have a cgroup
timestamp_ns=1785753560725574427
	DDR Capacity(MB)               : 0
	DDR Usage Rate(%)              : 0
	DDR Hugepages Total(page)      : 0
	DDR Hugepages Usage Rate(%)    : 0
	HBM Capacity(MB)               : 65536
	HBM Usage Rate(%)              : 29
	Aicore Usage Rate(%)           : 81
	Aivector Usage Rate(%)         : 5
	Aicpu Usage Rate(%)            : 0
	Ctrlcpu Usage Rate(%)          : 4
	DDR Bandwidth Usage Rate(%)    : 0
	HBM Bandwidth Usage Rate(%)    : 54
	NPU Utilization(%)             : 89
	Aicube Usage Rate(%)           : 74
	Get pid name failed.
	Process id:2090716 Process name:                  Process memory(MB):16066
Error: cannot run top on container fca65b17c7696be0978c024206dce045576ad0d5017576dab9c64493f5b57e1c as it did not create a cgroup: this container does not have a cgroup
timestamp_ns=1785753562881517930
	DDR Capacity(MB)               : 0
	DDR Usage Rate(%)              : 0
	DDR Hugepages Total(page)      : 0
	DDR Hugepages Usage Rate(%)    : 0
	HBM Capacity(MB)               : 65536
	HBM Usage Rate(%)              : 29
	Aicore Usage Rate(%)           : 79
	Aivector Usage Rate(%)         : 5
	Aicpu Usage Rate(%)            : 0
	Ctrlcpu Usage Rate(%)          : 4
	DDR Bandwidth Usage Rate(%)    : 0
	HBM Bandwidth Usage Rate(%)    : 48
	NPU Utilization(%)             : 93
	Aicube Usage Rate(%)           : 72
	Get pid name failed.
	Process id:2090716 Process name:                  Process memory(MB):16066
Error: cannot run top on container fca65b17c7696be0978c024206dce045576ad0d5017576dab9c64493f5b57e1c as it did not create a cgroup: this container does not have a cgroup
timestamp_ns=1785753565039279742
	DDR Capacity(MB)               : 0
	DDR Usage Rate(%)              : 0
	DDR Hugepages Total(page)      : 0
	DDR Hugepages Usage Rate(%)    : 0
	HBM Capacity(MB)               : 65536
	HBM Usage Rate(%)              : 29
	Aicore Usage Rate(%)           : 77
	Aivector Usage Rate(%)         : 5
	Aicpu Usage Rate(%)            : 0
	Ctrlcpu Usage Rate(%)          : 2
	DDR Bandwidth Usage Rate(%)    : 0
	HBM Bandwidth Usage Rate(%)    : 54
	NPU Utilization(%)             : 89
	Aicube Usage Rate(%)           : 71
	Get pid name failed.
	Process id:2090716 Process name:                  Process memory(MB):16066
Error: cannot run top on container fca65b17c7696be0978c024206dce045576ad0d5017576dab9c64493f5b57e1c as it did not create a cgroup: this container does not have a cgroup
timestamp_ns=1785753567231884452
	DDR Capacity(MB)               : 0
	DDR Usage Rate(%)              : 0
	DDR Hugepages Total(page)      : 0
	DDR Hugepages Usage Rate(%)    : 0
	HBM Capacity(MB)               : 65536
	HBM Usage Rate(%)              : 29
	Aicore Usage Rate(%)           : 78
	Aivector Usage Rate(%)         : 5
	Aicpu Usage Rate(%)            : 0
	Ctrlcpu Usage Rate(%)          : 4
	DDR Bandwidth Usage Rate(%)    : 0
	HBM Bandwidth Usage Rate(%)    : 54
	NPU Utilization(%)             : 93
	Aicube Usage Rate(%)           : 72
	Get pid name failed.
	Process id:2090716 Process name:                  Process memory(MB):16066
Error: cannot run top on container fca65b17c7696be0978c024206dce045576ad0d5017576dab9c64493f5b57e1c as it did not create a cgroup: this container does not have a cgroup
timestamp_ns=1785753569382313059
	DDR Capacity(MB)               : 0
	DDR Usage Rate(%)              : 0
	DDR Hugepages Total(page)      : 0
	DDR Hugepages Usage Rate(%)    : 0
	HBM Capacity(MB)               : 65536
	HBM Usage Rate(%)              : 29
	Aicore Usage Rate(%)           : 80
	Aivector Usage Rate(%)         : 5
	Aicpu Usage Rate(%)            : 0
	Ctrlcpu Usage Rate(%)          : 2
	DDR Bandwidth Usage Rate(%)    : 0
	HBM Bandwidth Usage Rate(%)    : 54
	NPU Utilization(%)             : 93
	Aicube Usage Rate(%)           : 72
	Get pid name failed.
	Process id:2090716 Process name:                  Process memory(MB):16066
Error: cannot run top on container fca65b17c7696be0978c024206dce045576ad0d5017576dab9c64493f5b57e1c as it did not create a cgroup: this container does not have a cgroup
timestamp_ns=1785753571588623755
	DDR Capacity(MB)               : 0
	DDR Usage Rate(%)              : 0
	DDR Hugepages Total(page)      : 0
	DDR Hugepages Usage Rate(%)    : 0
	HBM Capacity(MB)               : 65536
	HBM Usage Rate(%)              : 29
	Aicore Usage Rate(%)           : 78
	Aivector Usage Rate(%)         : 5
	Aicpu Usage Rate(%)            : 0
	Ctrlcpu Usage Rate(%)          : 0
	DDR Bandwidth Usage Rate(%)    : 0
	HBM Bandwidth Usage Rate(%)    : 54
	NPU Utilization(%)             : 96
	Aicube Usage Rate(%)           : 71
	Get pid name failed.
	Process id:2090716 Process name:                  Process memory(MB):16066
Error: cannot run top on container fca65b17c7696be0978c024206dce045576ad0d5017576dab9c64493f5b57e1c as it did not create a cgroup: this container does not have a cgroup
timestamp_ns=1785753573892303602
	DDR Capacity(MB)               : 0
	DDR Usage Rate(%)              : 0
	DDR Hugepages Total(page)      : 0
	DDR Hugepages Usage Rate(%)    : 0
	HBM Capacity(MB)               : 65536
	HBM Usage Rate(%)              : 29
	Aicore Usage Rate(%)           : 80
	Aivector Usage Rate(%)         : 5
	Aicpu Usage Rate(%)            : 0
	Ctrlcpu Usage Rate(%)          : 0
	DDR Bandwidth Usage Rate(%)    : 0
	HBM Bandwidth Usage Rate(%)    : 54
	NPU Utilization(%)             : 89
	Aicube Usage Rate(%)           : 73
	Get pid name failed.
	Process id:2090716 Process name:                  Process memory(MB):16066
Error: cannot run top on container fca65b17c7696be0978c024206dce045576ad0d5017576dab9c64493f5b57e1c as it did not create a cgroup: this container does not have a cgroup
timestamp_ns=1785753576085923152
	DDR Capacity(MB)               : 0
	DDR Usage Rate(%)              : 0
	DDR Hugepages Total(page)      : 0
	DDR Hugepages Usage Rate(%)    : 0
	HBM Capacity(MB)               : 65536
	HBM Usage Rate(%)              : 29
	Aicore Usage Rate(%)           : 78
	Aivector Usage Rate(%)         : 5
	Aicpu Usage Rate(%)            : 0
	Ctrlcpu Usage Rate(%)          : 8
	DDR Bandwidth Usage Rate(%)    : 0
	HBM Bandwidth Usage Rate(%)    : 54
	NPU Utilization(%)             : 100
	Aicube Usage Rate(%)           : 71
	Get pid name failed.
	Process id:2090716 Process name:                  Process memory(MB):16066
Error: cannot run top on container fca65b17c7696be0978c024206dce045576ad0d5017576dab9c64493f5b57e1c as it did not create a cgroup: this container does not have a cgroup
timestamp_ns=1785753578289809344
	DDR Capacity(MB)               : 0
	DDR Usage Rate(%)              : 0
	DDR Hugepages Total(page)      : 0
	DDR Hugepages Usage Rate(%)    : 0
	HBM Capacity(MB)               : 65536
	HBM Usage Rate(%)              : 29
	Aicore Usage Rate(%)           : 78
	Aivector Usage Rate(%)         : 5
	Aicpu Usage Rate(%)            : 0
	Ctrlcpu Usage Rate(%)          : 3
	DDR Bandwidth Usage Rate(%)    : 0
	HBM Bandwidth Usage Rate(%)    : 53
	NPU Utilization(%)             : 93
	Aicube Usage Rate(%)           : 71
	Get pid name failed.
	Process id:2090716 Process name:                  Process memory(MB):16066
Error: cannot run top on container fca65b17c7696be0978c024206dce045576ad0d5017576dab9c64493f5b57e1c as it did not create a cgroup: this container does not have a cgroup
timestamp_ns=1785753580471380432
	DDR Capacity(MB)               : 0
	DDR Usage Rate(%)              : 0
	DDR Hugepages Total(page)      : 0
	DDR Hugepages Usage Rate(%)    : 0
	HBM Capacity(MB)               : 65536
	HBM Usage Rate(%)              : 29
	Aicore Usage Rate(%)           : 72
	Aivector Usage Rate(%)         : 4
	Aicpu Usage Rate(%)            : 0
	Ctrlcpu Usage Rate(%)          : 2
	DDR Bandwidth Usage Rate(%)    : 0
	HBM Bandwidth Usage Rate(%)    : 51
	NPU Utilization(%)             : 96
	Aicube Usage Rate(%)           : 66
	Get pid name failed.
	Process id:2090716 Process name:                  Process memory(MB):16066
Error: cannot run top on container fca65b17c7696be0978c024206dce045576ad0d5017576dab9c64493f5b57e1c as it did not create a cgroup: this container does not have a cgroup
timestamp_ns=1785753582635337931
	DDR Capacity(MB)               : 0
	DDR Usage Rate(%)              : 0
	DDR Hugepages Total(page)      : 0
	DDR Hugepages Usage Rate(%)    : 0
	HBM Capacity(MB)               : 65536
	HBM Usage Rate(%)              : 29
	Aicore Usage Rate(%)           : 76
	Aivector Usage Rate(%)         : 5
	Aicpu Usage Rate(%)            : 0
	Ctrlcpu Usage Rate(%)          : 8
	DDR Bandwidth Usage Rate(%)    : 0
	HBM Bandwidth Usage Rate(%)    : 52
	NPU Utilization(%)             : 93
	Aicube Usage Rate(%)           : 70
	Get pid name failed.
	Process id:2090716 Process name:                  Process memory(MB):16066
Error: cannot run top on container fca65b17c7696be0978c024206dce045576ad0d5017576dab9c64493f5b57e1c as it did not create a cgroup: this container does not have a cgroup
timestamp_ns=1785753584801484397
	DDR Capacity(MB)               : 0
	DDR Usage Rate(%)              : 0
	DDR Hugepages Total(page)      : 0
	DDR Hugepages Usage Rate(%)    : 0
	HBM Capacity(MB)               : 65536
	HBM Usage Rate(%)              : 29
	Aicore Usage Rate(%)           : 79
	Aivector Usage Rate(%)         : 5
	Aicpu Usage Rate(%)            : 0
	Ctrlcpu Usage Rate(%)          : 6
	DDR Bandwidth Usage Rate(%)    : 0
	HBM Bandwidth Usage Rate(%)    : 53
	NPU Utilization(%)             : 93
	Aicube Usage Rate(%)           : 72
	Get pid name failed.
	Process id:2090716 Process name:                  Process memory(MB):16066
Error: cannot run top on container fca65b17c7696be0978c024206dce045576ad0d5017576dab9c64493f5b57e1c as it did not create a cgroup: this container does not have a cgroup
timestamp_ns=1785753586967593285
	DDR Capacity(MB)               : 0
	DDR Usage Rate(%)              : 0
	DDR Hugepages Total(page)      : 0
	DDR Hugepages Usage Rate(%)    : 0
	HBM Capacity(MB)               : 65536
	HBM Usage Rate(%)              : 29
	Aicore Usage Rate(%)           : 81
	Aivector Usage Rate(%)         : 5
	Aicpu Usage Rate(%)            : 0
	Ctrlcpu Usage Rate(%)          : 7
	DDR Bandwidth Usage Rate(%)    : 0
	HBM Bandwidth Usage Rate(%)    : 53
	NPU Utilization(%)             : 89
	Aicube Usage Rate(%)           : 73
	Get pid name failed.
	Process id:2090716 Process name:                  Process memory(MB):16066
Error: cannot run top on container fca65b17c7696be0978c024206dce045576ad0d5017576dab9c64493f5b57e1c as it did not create a cgroup: this container does not have a cgroup
timestamp_ns=1785753589150492400
	DDR Capacity(MB)               : 0
	DDR Usage Rate(%)              : 0
	DDR Hugepages Total(page)      : 0
	DDR Hugepages Usage Rate(%)    : 0
	HBM Capacity(MB)               : 65536
	HBM Usage Rate(%)              : 29
	Aicore Usage Rate(%)           : 76
	Aivector Usage Rate(%)         : 5
	Aicpu Usage Rate(%)            : 0
	Ctrlcpu Usage Rate(%)          : 7
	DDR Bandwidth Usage Rate(%)    : 0
	HBM Bandwidth Usage Rate(%)    : 0
	NPU Utilization(%)             : 93
	Aicube Usage Rate(%)           : 70
	Get pid name failed.
	Process id:2090716 Process name:                  Process memory(MB):16066
Error: cannot run top on container fca65b17c7696be0978c024206dce045576ad0d5017576dab9c64493f5b57e1c as it did not create a cgroup: this container does not have a cgroup
timestamp_ns=1785753591305833303
	DDR Capacity(MB)               : 0
	DDR Usage Rate(%)              : 0
	DDR Hugepages Total(page)      : 0
	DDR Hugepages Usage Rate(%)    : 0
	HBM Capacity(MB)               : 65536
	HBM Usage Rate(%)              : 29
	Aicore Usage Rate(%)           : 82
	Aivector Usage Rate(%)         : 5
	Aicpu Usage Rate(%)            : 0
	Ctrlcpu Usage Rate(%)          : 4
	DDR Bandwidth Usage Rate(%)    : 0
	HBM Bandwidth Usage Rate(%)    : 53
	NPU Utilization(%)             : 89
	Aicube Usage Rate(%)           : 75
	Get pid name failed.
	Process id:2090716 Process name:                  Process memory(MB):16066
Error: cannot run top on container fca65b17c7696be0978c024206dce045576ad0d5017576dab9c64493f5b57e1c as it did not create a cgroup: this container does not have a cgroup
timestamp_ns=1785753593455934911
	DDR Capacity(MB)               : 0
	DDR Usage Rate(%)              : 0
	DDR Hugepages Total(page)      : 0
	DDR Hugepages Usage Rate(%)    : 0
	HBM Capacity(MB)               : 65536
	HBM Usage Rate(%)              : 29
	Aicore Usage Rate(%)           : 78
	Aivector Usage Rate(%)         : 5
	Aicpu Usage Rate(%)            : 0
	Ctrlcpu Usage Rate(%)          : 2
	DDR Bandwidth Usage Rate(%)    : 0
	HBM Bandwidth Usage Rate(%)    : 54
	NPU Utilization(%)             : 86
	Aicube Usage Rate(%)           : 72
	Get pid name failed.
	Process id:2090716 Process name:                  Process memory(MB):16066
Error: cannot run top on container fca65b17c7696be0978c024206dce045576ad0d5017576dab9c64493f5b57e1c as it did not create a cgroup: this container does not have a cgroup
timestamp_ns=1785753595671769129
	DDR Capacity(MB)               : 0
	DDR Usage Rate(%)              : 0
	DDR Hugepages Total(page)      : 0
	DDR Hugepages Usage Rate(%)    : 0
	HBM Capacity(MB)               : 65536
	HBM Usage Rate(%)              : 29
	Aicore Usage Rate(%)           : 78
	Aivector Usage Rate(%)         : 5
	Aicpu Usage Rate(%)            : 0
	Ctrlcpu Usage Rate(%)          : 2
	DDR Bandwidth Usage Rate(%)    : 0
	HBM Bandwidth Usage Rate(%)    : 53
	NPU Utilization(%)             : 93
	Aicube Usage Rate(%)           : 71
	Get pid name failed.
	Process id:2090716 Process name:                  Process memory(MB):16066
Error: cannot run top on container fca65b17c7696be0978c024206dce045576ad0d5017576dab9c64493f5b57e1c as it did not create a cgroup: this container does not have a cgroup
timestamp_ns=1785753597876751327
	DDR Capacity(MB)               : 0
	DDR Usage Rate(%)              : 0
	DDR Hugepages Total(page)      : 0
	DDR Hugepages Usage Rate(%)    : 0
	HBM Capacity(MB)               : 65536
	HBM Usage Rate(%)              : 29
	Aicore Usage Rate(%)           : 79
	Aivector Usage Rate(%)         : 5
	Aicpu Usage Rate(%)            : 0
	Ctrlcpu Usage Rate(%)          : 7
	DDR Bandwidth Usage Rate(%)    : 0
	HBM Bandwidth Usage Rate(%)    : 54
	NPU Utilization(%)             : 100
	Aicube Usage Rate(%)           : 72
	Get pid name failed.
	Process id:2090716 Process name:                  Process memory(MB):16066
Error: cannot run top on container fca65b17c7696be0978c024206dce045576ad0d5017576dab9c64493f5b57e1c as it did not create a cgroup: this container does not have a cgroup
timestamp_ns=1785753600117729826
	DDR Capacity(MB)               : 0
	DDR Usage Rate(%)              : 0
	DDR Hugepages Total(page)      : 0
	DDR Hugepages Usage Rate(%)    : 0
	HBM Capacity(MB)               : 65536
	HBM Usage Rate(%)              : 29
	Aicore Usage Rate(%)           : 81
	Aivector Usage Rate(%)         : 5
	Aicpu Usage Rate(%)            : 0
	Ctrlcpu Usage Rate(%)          : 3
	DDR Bandwidth Usage Rate(%)    : 0
	HBM Bandwidth Usage Rate(%)    : 54
	NPU Utilization(%)             : 93
	Aicube Usage Rate(%)           : 73
	Get pid name failed.
	Process id:2090716 Process name:                  Process memory(MB):16066
Error: cannot run top on container fca65b17c7696be0978c024206dce045576ad0d5017576dab9c64493f5b57e1c as it did not create a cgroup: this container does not have a cgroup
timestamp_ns=1785753602269099711
	DDR Capacity(MB)               : 0
	DDR Usage Rate(%)              : 0
	DDR Hugepages Total(page)      : 0
	DDR Hugepages Usage Rate(%)    : 0
	HBM Capacity(MB)               : 65536
	HBM Usage Rate(%)              : 29
	Aicore Usage Rate(%)           : 100
	Aivector Usage Rate(%)         : 24
	Aicpu Usage Rate(%)            : 0
	Ctrlcpu Usage Rate(%)          : 9
	DDR Bandwidth Usage Rate(%)    : 0
	HBM Bandwidth Usage Rate(%)    : 51
	NPU Utilization(%)             : 100
	Aicube Usage Rate(%)           : 83
	Get pid name failed.
	Process id:2090716 Process name:                  Process memory(MB):16066
Error: cannot run top on container fca65b17c7696be0978c024206dce045576ad0d5017576dab9c64493f5b57e1c as it did not create a cgroup: this container does not have a cgroup
timestamp_ns=1785753604430640317
	DDR Capacity(MB)               : 0
	DDR Usage Rate(%)              : 0
	DDR Hugepages Total(page)      : 0
	DDR Hugepages Usage Rate(%)    : 0
	HBM Capacity(MB)               : 65536
	HBM Usage Rate(%)              : 29
	Aicore Usage Rate(%)           : 76
	Aivector Usage Rate(%)         : 5
	Aicpu Usage Rate(%)            : 0
	Ctrlcpu Usage Rate(%)          : 4
	DDR Bandwidth Usage Rate(%)    : 0
	HBM Bandwidth Usage Rate(%)    : 43
	NPU Utilization(%)             : 93
	Aicube Usage Rate(%)           : 70
	Get pid name failed.
	Process id:2090716 Process name:                  Process memory(MB):16066
Error: cannot run top on container fca65b17c7696be0978c024206dce045576ad0d5017576dab9c64493f5b57e1c as it did not create a cgroup: this container does not have a cgroup
timestamp_ns=1785753606575692009
	DDR Capacity(MB)               : 0
	DDR Usage Rate(%)              : 0
	DDR Hugepages Total(page)      : 0
	DDR Hugepages Usage Rate(%)    : 0
	HBM Capacity(MB)               : 65536
	HBM Usage Rate(%)              : 29
	Aicore Usage Rate(%)           : 88
	Aivector Usage Rate(%)         : 10
	Aicpu Usage Rate(%)            : 0
	Ctrlcpu Usage Rate(%)          : 4
	DDR Bandwidth Usage Rate(%)    : 0
	HBM Bandwidth Usage Rate(%)    : 25
	NPU Utilization(%)             : 96
	Aicube Usage Rate(%)           : 75
	Get pid name failed.
	Process id:2090716 Process name:                  Process memory(MB):16066
Error: cannot run top on container fca65b17c7696be0978c024206dce045576ad0d5017576dab9c64493f5b57e1c as it did not create a cgroup: this container does not have a cgroup
timestamp_ns=1785753608757901275
	DDR Capacity(MB)               : 0
	DDR Usage Rate(%)              : 0
	DDR Hugepages Total(page)      : 0
	DDR Hugepages Usage Rate(%)    : 0
	HBM Capacity(MB)               : 65536
	HBM Usage Rate(%)              : 29
	Aicore Usage Rate(%)           : 81
	Aivector Usage Rate(%)         : 5
	Aicpu Usage Rate(%)            : 0
	Ctrlcpu Usage Rate(%)          : 2
	DDR Bandwidth Usage Rate(%)    : 0
	HBM Bandwidth Usage Rate(%)    : 54
	NPU Utilization(%)             : 93
	Aicube Usage Rate(%)           : 74
	Get pid name failed.
	Process id:2090716 Process name:                  Process memory(MB):16066
Error: cannot run top on container fca65b17c7696be0978c024206dce045576ad0d5017576dab9c64493f5b57e1c as it did not create a cgroup: this container does not have a cgroup
timestamp_ns=1785753610931825625
	DDR Capacity(MB)               : 0
	DDR Usage Rate(%)              : 0
	DDR Hugepages Total(page)      : 0
	DDR Hugepages Usage Rate(%)    : 0
	HBM Capacity(MB)               : 65536
	HBM Usage Rate(%)              : 29
	Aicore Usage Rate(%)           : 78
	Aivector Usage Rate(%)         : 5
	Aicpu Usage Rate(%)            : 0
	Ctrlcpu Usage Rate(%)          : 4
	DDR Bandwidth Usage Rate(%)    : 0
	HBM Bandwidth Usage Rate(%)    : 54
	NPU Utilization(%)             : 93
	Aicube Usage Rate(%)           : 72
	Get pid name failed.
	Process id:2090716 Process name:                  Process memory(MB):16066
Error: cannot run top on container fca65b17c7696be0978c024206dce045576ad0d5017576dab9c64493f5b57e1c as it did not create a cgroup: this container does not have a cgroup
timestamp_ns=1785753613103872478
	DDR Capacity(MB)               : 0
	DDR Usage Rate(%)              : 0
	DDR Hugepages Total(page)      : 0
	DDR Hugepages Usage Rate(%)    : 0
	HBM Capacity(MB)               : 65536
	HBM Usage Rate(%)              : 29
	Aicore Usage Rate(%)           : 81
	Aivector Usage Rate(%)         : 5
	Aicpu Usage Rate(%)            : 0
	Ctrlcpu Usage Rate(%)          : 0
	DDR Bandwidth Usage Rate(%)    : 0
	HBM Bandwidth Usage Rate(%)    : 54
	NPU Utilization(%)             : 82
	Aicube Usage Rate(%)           : 74
	Get pid name failed.
	Process id:2090716 Process name:                  Process memory(MB):16066
Error: cannot run top on container fca65b17c7696be0978c024206dce045576ad0d5017576dab9c64493f5b57e1c as it did not create a cgroup: this container does not have a cgroup
timestamp_ns=1785753615251310051
	DDR Capacity(MB)               : 0
	DDR Usage Rate(%)              : 0
	DDR Hugepages Total(page)      : 0
	DDR Hugepages Usage Rate(%)    : 0
	HBM Capacity(MB)               : 65536
	HBM Usage Rate(%)              : 29
	Aicore Usage Rate(%)           : 81
	Aivector Usage Rate(%)         : 5
	Aicpu Usage Rate(%)            : 0
	Ctrlcpu Usage Rate(%)          : 3
	DDR Bandwidth Usage Rate(%)    : 0
	HBM Bandwidth Usage Rate(%)    : 54
	NPU Utilization(%)             : 89
	Aicube Usage Rate(%)           : 73
	Get pid name failed.
	Process id:2090716 Process name:                  Process memory(MB):16066
Error: cannot run top on container fca65b17c7696be0978c024206dce045576ad0d5017576dab9c64493f5b57e1c as it did not create a cgroup: this container does not have a cgroup
timestamp_ns=1785753617408990627
	DDR Capacity(MB)               : 0
	DDR Usage Rate(%)              : 0
	DDR Hugepages Total(page)      : 0
	DDR Hugepages Usage Rate(%)    : 0
	HBM Capacity(MB)               : 65536
	HBM Usage Rate(%)              : 29
	Aicore Usage Rate(%)           : 81
	Aivector Usage Rate(%)         : 5
	Aicpu Usage Rate(%)            : 0
	Ctrlcpu Usage Rate(%)          : 6
	DDR Bandwidth Usage Rate(%)    : 0
	HBM Bandwidth Usage Rate(%)    : 54
	NPU Utilization(%)             : 96
	Aicube Usage Rate(%)           : 74
	Get pid name failed.
	Process id:2090716 Process name:                  Process memory(MB):16066
Error: cannot run top on container fca65b17c7696be0978c024206dce045576ad0d5017576dab9c64493f5b57e1c as it did not create a cgroup: this container does not have a cgroup
timestamp_ns=1785753619585900400
	DDR Capacity(MB)               : 0
	DDR Usage Rate(%)              : 0
	DDR Hugepages Total(page)      : 0
	DDR Hugepages Usage Rate(%)    : 0
	HBM Capacity(MB)               : 65536
	HBM Usage Rate(%)              : 29
	Aicore Usage Rate(%)           : 78
	Aivector Usage Rate(%)         : 5
	Aicpu Usage Rate(%)            : 0
	Ctrlcpu Usage Rate(%)          : 3
	DDR Bandwidth Usage Rate(%)    : 0
	HBM Bandwidth Usage Rate(%)    : 54
	NPU Utilization(%)             : 93
	Aicube Usage Rate(%)           : 72
	Get pid name failed.
	Process id:2090716 Process name:                  Process memory(MB):16066
Error: cannot run top on container fca65b17c7696be0978c024206dce045576ad0d5017576dab9c64493f5b57e1c as it did not create a cgroup: this container does not have a cgroup
timestamp_ns=1785753621736399675
	DDR Capacity(MB)               : 0
	DDR Usage Rate(%)              : 0
	DDR Hugepages Total(page)      : 0
	DDR Hugepages Usage Rate(%)    : 0
	HBM Capacity(MB)               : 65536
	HBM Usage Rate(%)              : 29
	Aicore Usage Rate(%)           : 81
	Aivector Usage Rate(%)         : 5
	Aicpu Usage Rate(%)            : 0
	Ctrlcpu Usage Rate(%)          : 3
	DDR Bandwidth Usage Rate(%)    : 0
	HBM Bandwidth Usage Rate(%)    : 54
	NPU Utilization(%)             : 93
	Aicube Usage Rate(%)           : 74
	Get pid name failed.
	Process id:2090716 Process name:                  Process memory(MB):16066
Error: cannot run top on container fca65b17c7696be0978c024206dce045576ad0d5017576dab9c64493f5b57e1c as it did not create a cgroup: this container does not have a cgroup
timestamp_ns=1785753623883556976
	DDR Capacity(MB)               : 0
	DDR Usage Rate(%)              : 0
	DDR Hugepages Total(page)      : 0
	DDR Hugepages Usage Rate(%)    : 0
	HBM Capacity(MB)               : 65536
	HBM Usage Rate(%)              : 29
	Aicore Usage Rate(%)           : 78
	Aivector Usage Rate(%)         : 5
	Aicpu Usage Rate(%)            : 0
	Ctrlcpu Usage Rate(%)          : 2
	DDR Bandwidth Usage Rate(%)    : 0
	HBM Bandwidth Usage Rate(%)    : 51
	NPU Utilization(%)             : 96
	Aicube Usage Rate(%)           : 72
	Get pid name failed.
	Process id:2090716 Process name:                  Process memory(MB):16066
Error: cannot run top on container fca65b17c7696be0978c024206dce045576ad0d5017576dab9c64493f5b57e1c as it did not create a cgroup: this container does not have a cgroup
timestamp_ns=1785753626023225126
	DDR Capacity(MB)               : 0
	DDR Usage Rate(%)              : 0
	DDR Hugepages Total(page)      : 0
	DDR Hugepages Usage Rate(%)    : 0
	HBM Capacity(MB)               : 65536
	HBM Usage Rate(%)              : 29
	Aicore Usage Rate(%)           : 81
	Aivector Usage Rate(%)         : 5
	Aicpu Usage Rate(%)            : 0
	Ctrlcpu Usage Rate(%)          : 1
	DDR Bandwidth Usage Rate(%)    : 0
	HBM Bandwidth Usage Rate(%)    : 54
	NPU Utilization(%)             : 89
	Aicube Usage Rate(%)           : 74
	Get pid name failed.
	Process id:2090716 Process name:                  Process memory(MB):16066
Error: cannot run top on container fca65b17c7696be0978c024206dce045576ad0d5017576dab9c64493f5b57e1c as it did not create a cgroup: this container does not have a cgroup
timestamp_ns=1785753628208868520
	DDR Capacity(MB)               : 0
	DDR Usage Rate(%)              : 0
	DDR Hugepages Total(page)      : 0
	DDR Hugepages Usage Rate(%)    : 0
	HBM Capacity(MB)               : 65536
	HBM Usage Rate(%)              : 29
	Aicore Usage Rate(%)           : 80
	Aivector Usage Rate(%)         : 5
	Aicpu Usage Rate(%)            : 0
	Ctrlcpu Usage Rate(%)          : 0
	DDR Bandwidth Usage Rate(%)    : 0
	HBM Bandwidth Usage Rate(%)    : 54
	NPU Utilization(%)             : 89
	Aicube Usage Rate(%)           : 73
	Get pid name failed.
	Process id:2090716 Process name:                  Process memory(MB):16066
Error: cannot run top on container fca65b17c7696be0978c024206dce045576ad0d5017576dab9c64493f5b57e1c as it did not create a cgroup: this container does not have a cgroup
timestamp_ns=1785753630378316876
	DDR Capacity(MB)               : 0
	DDR Usage Rate(%)              : 0
	DDR Hugepages Total(page)      : 0
	DDR Hugepages Usage Rate(%)    : 0
	HBM Capacity(MB)               : 65536
	HBM Usage Rate(%)              : 29
	Aicore Usage Rate(%)           : 80
	Aivector Usage Rate(%)         : 5
	Aicpu Usage Rate(%)            : 0
	Ctrlcpu Usage Rate(%)          : 2
	DDR Bandwidth Usage Rate(%)    : 0
	HBM Bandwidth Usage Rate(%)    : 54
	NPU Utilization(%)             : 89
	Aicube Usage Rate(%)           : 72
	Get pid name failed.
	Process id:2090716 Process name:                  Process memory(MB):16066
Error: cannot run top on container fca65b17c7696be0978c024206dce045576ad0d5017576dab9c64493f5b57e1c as it did not create a cgroup: this container does not have a cgroup
timestamp_ns=1785753632547208054
	DDR Capacity(MB)               : 0
	DDR Usage Rate(%)              : 0
	DDR Hugepages Total(page)      : 0
	DDR Hugepages Usage Rate(%)    : 0
	HBM Capacity(MB)               : 65536
	HBM Usage Rate(%)              : 29
	Aicore Usage Rate(%)           : 80
	Aivector Usage Rate(%)         : 5
	Aicpu Usage Rate(%)            : 0
	Ctrlcpu Usage Rate(%)          : 4
	DDR Bandwidth Usage Rate(%)    : 0
	HBM Bandwidth Usage Rate(%)    : 54
	NPU Utilization(%)             : 93
	Aicube Usage Rate(%)           : 73
	Get pid name failed.
	Process id:2090716 Process name:                  Process memory(MB):16066
Error: cannot run top on container fca65b17c7696be0978c024206dce045576ad0d5017576dab9c64493f5b57e1c as it did not create a cgroup: this container does not have a cgroup
timestamp_ns=1785753634695917633
	DDR Capacity(MB)               : 0
	DDR Usage Rate(%)              : 0
	DDR Hugepages Total(page)      : 0
	DDR Hugepages Usage Rate(%)    : 0
	HBM Capacity(MB)               : 65536
	HBM Usage Rate(%)              : 29
	Aicore Usage Rate(%)           : 78
	Aivector Usage Rate(%)         : 5
	Aicpu Usage Rate(%)            : 0
	Ctrlcpu Usage Rate(%)          : 2
	DDR Bandwidth Usage Rate(%)    : 0
	HBM Bandwidth Usage Rate(%)    : 54
	NPU Utilization(%)             : 89
	Aicube Usage Rate(%)           : 72
	Get pid name failed.
	Process id:2090716 Process name:                  Process memory(MB):16066
Error: cannot run top on container fca65b17c7696be0978c024206dce045576ad0d5017576dab9c64493f5b57e1c as it did not create a cgroup: this container does not have a cgroup
timestamp_ns=1785753636906058890
	DDR Capacity(MB)               : 0
	DDR Usage Rate(%)              : 0
	DDR Hugepages Total(page)      : 0
	DDR Hugepages Usage Rate(%)    : 0
	HBM Capacity(MB)               : 65536
	HBM Usage Rate(%)              : 29
	Aicore Usage Rate(%)           : 79
	Aivector Usage Rate(%)         : 5
	Aicpu Usage Rate(%)            : 0
	Ctrlcpu Usage Rate(%)          : 8
	DDR Bandwidth Usage Rate(%)    : 0
	HBM Bandwidth Usage Rate(%)    : 54
	NPU Utilization(%)             : 89
	Aicube Usage Rate(%)           : 72
	Get pid name failed.
	Process id:2090716 Process name:                  Process memory(MB):16066
Error: cannot run top on container fca65b17c7696be0978c024206dce045576ad0d5017576dab9c64493f5b57e1c as it did not create a cgroup: this container does not have a cgroup
timestamp_ns=1785753639107633166
	DDR Capacity(MB)               : 0
	DDR Usage Rate(%)              : 0
	DDR Hugepages Total(page)      : 0
	DDR Hugepages Usage Rate(%)    : 0
	HBM Capacity(MB)               : 65536
	HBM Usage Rate(%)              : 29
	Aicore Usage Rate(%)           : 77
	Aivector Usage Rate(%)         : 5
	Aicpu Usage Rate(%)            : 0
	Ctrlcpu Usage Rate(%)          : 2
	DDR Bandwidth Usage Rate(%)    : 0
	HBM Bandwidth Usage Rate(%)    : 53
	NPU Utilization(%)             : 93
	Aicube Usage Rate(%)           : 71
	Get pid name failed.
	Process id:2090716 Process name:                  Process memory(MB):16066
Error: cannot run top on container fca65b17c7696be0978c024206dce045576ad0d5017576dab9c64493f5b57e1c as it did not create a cgroup: this container does not have a cgroup
timestamp_ns=1785753641342970004
	DDR Capacity(MB)               : 0
	DDR Usage Rate(%)              : 0
	DDR Hugepages Total(page)      : 0
	DDR Hugepages Usage Rate(%)    : 0
	HBM Capacity(MB)               : 65536
	HBM Usage Rate(%)              : 29
	Aicore Usage Rate(%)           : 79
	Aivector Usage Rate(%)         : 5
	Aicpu Usage Rate(%)            : 0
	Ctrlcpu Usage Rate(%)          : 1
	DDR Bandwidth Usage Rate(%)    : 0
	HBM Bandwidth Usage Rate(%)    : 54
	NPU Utilization(%)             : 93
	Aicube Usage Rate(%)           : 72
	Get pid name failed.
	Process id:2090716 Process name:                  Process memory(MB):16066
Error: cannot run top on container fca65b17c7696be0978c024206dce045576ad0d5017576dab9c64493f5b57e1c as it did not create a cgroup: this container does not have a cgroup
timestamp_ns=1785753643604199874
	DDR Capacity(MB)               : 0
	DDR Usage Rate(%)              : 0
	DDR Hugepages Total(page)      : 0
	DDR Hugepages Usage Rate(%)    : 0
	HBM Capacity(MB)               : 65536
	HBM Usage Rate(%)              : 29
	Aicore Usage Rate(%)           : 78
	Aivector Usage Rate(%)         : 5
	Aicpu Usage Rate(%)            : 0
	Ctrlcpu Usage Rate(%)          : 3
	DDR Bandwidth Usage Rate(%)    : 0
	HBM Bandwidth Usage Rate(%)    : 19
	NPU Utilization(%)             : 93
	Aicube Usage Rate(%)           : 72
	Get pid name failed.
	Process id:2090716 Process name:                  Process memory(MB):16066
Error: cannot run top on container fca65b17c7696be0978c024206dce045576ad0d5017576dab9c64493f5b57e1c as it did not create a cgroup: this container does not have a cgroup
timestamp_ns=1785753645793649111
	DDR Capacity(MB)               : 0
	DDR Usage Rate(%)              : 0
	DDR Hugepages Total(page)      : 0
	DDR Hugepages Usage Rate(%)    : 0
	HBM Capacity(MB)               : 65536
	HBM Usage Rate(%)              : 29
	Aicore Usage Rate(%)           : 82
	Aivector Usage Rate(%)         : 5
	Aicpu Usage Rate(%)            : 0
	Ctrlcpu Usage Rate(%)          : 6
	DDR Bandwidth Usage Rate(%)    : 0
	HBM Bandwidth Usage Rate(%)    : 54
	NPU Utilization(%)             : 89
	Aicube Usage Rate(%)           : 74
	Get pid name failed.
	Process id:2090716 Process name:                  Process memory(MB):16066
Error: cannot run top on container fca65b17c7696be0978c024206dce045576ad0d5017576dab9c64493f5b57e1c as it did not create a cgroup: this container does not have a cgroup
timestamp_ns=1785753647962185055
	DDR Capacity(MB)               : 0
	DDR Usage Rate(%)              : 0
	DDR Hugepages Total(page)      : 0
	DDR Hugepages Usage Rate(%)    : 0
	HBM Capacity(MB)               : 65536
	HBM Usage Rate(%)              : 29
	Aicore Usage Rate(%)           : 78
	Aivector Usage Rate(%)         : 5
	Aicpu Usage Rate(%)            : 0
	Ctrlcpu Usage Rate(%)          : 3
	DDR Bandwidth Usage Rate(%)    : 0
	HBM Bandwidth Usage Rate(%)    : 54
	NPU Utilization(%)             : 89
	Aicube Usage Rate(%)           : 72
	Get pid name failed.
	Process id:2090716 Process name:                  Process memory(MB):16066
Error: cannot run top on container fca65b17c7696be0978c024206dce045576ad0d5017576dab9c64493f5b57e1c as it did not create a cgroup: this container does not have a cgroup
timestamp_ns=1785753650122300730
	DDR Capacity(MB)               : 0
	DDR Usage Rate(%)              : 0
	DDR Hugepages Total(page)      : 0
	DDR Hugepages Usage Rate(%)    : 0
	HBM Capacity(MB)               : 65536
	HBM Usage Rate(%)              : 29
	Aicore Usage Rate(%)           : 82
	Aivector Usage Rate(%)         : 5
	Aicpu Usage Rate(%)            : 0
	Ctrlcpu Usage Rate(%)          : 1
	DDR Bandwidth Usage Rate(%)    : 0
	HBM Bandwidth Usage Rate(%)    : 54
	NPU Utilization(%)             : 93
	Aicube Usage Rate(%)           : 74
	Get pid name failed.
	Process id:2090716 Process name:                  Process memory(MB):16066
Error: cannot run top on container fca65b17c7696be0978c024206dce045576ad0d5017576dab9c64493f5b57e1c as it did not create a cgroup: this container does not have a cgroup
timestamp_ns=1785753652315649818
	DDR Capacity(MB)               : 0
	DDR Usage Rate(%)              : 0
	DDR Hugepages Total(page)      : 0
	DDR Hugepages Usage Rate(%)    : 0
	HBM Capacity(MB)               : 65536
	HBM Usage Rate(%)              : 29
	Aicore Usage Rate(%)           : 80
	Aivector Usage Rate(%)         : 5
	Aicpu Usage Rate(%)            : 0
	Ctrlcpu Usage Rate(%)          : 9
	DDR Bandwidth Usage Rate(%)    : 0
	HBM Bandwidth Usage Rate(%)    : 54
	NPU Utilization(%)             : 89
	Aicube Usage Rate(%)           : 72
	Get pid name failed.
	Process id:2090716 Process name:                  Process memory(MB):16066
Error: cannot run top on container fca65b17c7696be0978c024206dce045576ad0d5017576dab9c64493f5b57e1c as it did not create a cgroup: this container does not have a cgroup
timestamp_ns=1785753654466005331
	DDR Capacity(MB)               : 0
	DDR Usage Rate(%)              : 0
	DDR Hugepages Total(page)      : 0
	DDR Hugepages Usage Rate(%)    : 0
	HBM Capacity(MB)               : 65536
	HBM Usage Rate(%)              : 29
	Aicore Usage Rate(%)           : 79
	Aivector Usage Rate(%)         : 5
	Aicpu Usage Rate(%)            : 0
	Ctrlcpu Usage Rate(%)          : 2
	DDR Bandwidth Usage Rate(%)    : 0
	HBM Bandwidth Usage Rate(%)    : 53
	NPU Utilization(%)             : 93
	Aicube Usage Rate(%)           : 72
	Get pid name failed.
	Process id:2090716 Process name:                  Process memory(MB):16066
Error: cannot run top on container fca65b17c7696be0978c024206dce045576ad0d5017576dab9c64493f5b57e1c as it did not create a cgroup: this container does not have a cgroup
timestamp_ns=1785753656644466931
	DDR Capacity(MB)               : 0
	DDR Usage Rate(%)              : 0
	DDR Hugepages Total(page)      : 0
	DDR Hugepages Usage Rate(%)    : 0
	HBM Capacity(MB)               : 65536
	HBM Usage Rate(%)              : 29
	Aicore Usage Rate(%)           : 80
	Aivector Usage Rate(%)         : 5
	Aicpu Usage Rate(%)            : 0
	Ctrlcpu Usage Rate(%)          : 3
	DDR Bandwidth Usage Rate(%)    : 0
	HBM Bandwidth Usage Rate(%)    : 54
	NPU Utilization(%)             : 93
	Aicube Usage Rate(%)           : 72
	Get pid name failed.
	Process id:2090716 Process name:                  Process memory(MB):16066
Error: cannot run top on container fca65b17c7696be0978c024206dce045576ad0d5017576dab9c64493f5b57e1c as it did not create a cgroup: this container does not have a cgroup
timestamp_ns=1785753658819364523
	DDR Capacity(MB)               : 0
	DDR Usage Rate(%)              : 0
	DDR Hugepages Total(page)      : 0
	DDR Hugepages Usage Rate(%)    : 0
	HBM Capacity(MB)               : 65536
	HBM Usage Rate(%)              : 29
	Aicore Usage Rate(%)           : 79
	Aivector Usage Rate(%)         : 5
	Aicpu Usage Rate(%)            : 0
	Ctrlcpu Usage Rate(%)          : 3
	DDR Bandwidth Usage Rate(%)    : 0
	HBM Bandwidth Usage Rate(%)    : 51
	NPU Utilization(%)             : 89
	Aicube Usage Rate(%)           : 72
	Get pid name failed.
	Process id:2090716 Process name:                  Process memory(MB):16066
Error: cannot run top on container fca65b17c7696be0978c024206dce045576ad0d5017576dab9c64493f5b57e1c as it did not create a cgroup: this container does not have a cgroup
timestamp_ns=1785753660991369609
	DDR Capacity(MB)               : 0
	DDR Usage Rate(%)              : 0
	DDR Hugepages Total(page)      : 0
	DDR Hugepages Usage Rate(%)    : 0
	HBM Capacity(MB)               : 65536
	HBM Usage Rate(%)              : 29
	Aicore Usage Rate(%)           : 79
	Aivector Usage Rate(%)         : 5
	Aicpu Usage Rate(%)            : 0
	Ctrlcpu Usage Rate(%)          : 6
	DDR Bandwidth Usage Rate(%)    : 0
	HBM Bandwidth Usage Rate(%)    : 53
	NPU Utilization(%)             : 96
	Aicube Usage Rate(%)           : 73
	Get pid name failed.
	Process id:2090716 Process name:                  Process memory(MB):16066
Error: cannot run top on container fca65b17c7696be0978c024206dce045576ad0d5017576dab9c64493f5b57e1c as it did not create a cgroup: this container does not have a cgroup
timestamp_ns=1785753663153403735
	DDR Capacity(MB)               : 0
	DDR Usage Rate(%)              : 0
	DDR Hugepages Total(page)      : 0
	DDR Hugepages Usage Rate(%)    : 0
	HBM Capacity(MB)               : 65536
	HBM Usage Rate(%)              : 29
	Aicore Usage Rate(%)           : 81
	Aivector Usage Rate(%)         : 5
	Aicpu Usage Rate(%)            : 0
	Ctrlcpu Usage Rate(%)          : 1
	DDR Bandwidth Usage Rate(%)    : 0
	HBM Bandwidth Usage Rate(%)    : 54
	NPU Utilization(%)             : 93
	Aicube Usage Rate(%)           : 73
	Get pid name failed.
	Process id:2090716 Process name:                  Process memory(MB):16066
Error: cannot run top on container fca65b17c7696be0978c024206dce045576ad0d5017576dab9c64493f5b57e1c as it did not create a cgroup: this container does not have a cgroup
timestamp_ns=1785753665320723173
	DDR Capacity(MB)               : 0
	DDR Usage Rate(%)              : 0
	DDR Hugepages Total(page)      : 0
	DDR Hugepages Usage Rate(%)    : 0
	HBM Capacity(MB)               : 65536
	HBM Usage Rate(%)              : 29
	Aicore Usage Rate(%)           : 79
	Aivector Usage Rate(%)         : 5
	Aicpu Usage Rate(%)            : 0
	Ctrlcpu Usage Rate(%)          : 2
	DDR Bandwidth Usage Rate(%)    : 0
	HBM Bandwidth Usage Rate(%)    : 54
	NPU Utilization(%)             : 93
	Aicube Usage Rate(%)           : 72
	Get pid name failed.
	Process id:2090716 Process name:                  Process memory(MB):16066
Error: cannot run top on container fca65b17c7696be0978c024206dce045576ad0d5017576dab9c64493f5b57e1c as it did not create a cgroup: this container does not have a cgroup
timestamp_ns=1785753667470178990
	DDR Capacity(MB)               : 0
	DDR Usage Rate(%)              : 0
	DDR Hugepages Total(page)      : 0
	DDR Hugepages Usage Rate(%)    : 0
	HBM Capacity(MB)               : 65536
	HBM Usage Rate(%)              : 29
	Aicore Usage Rate(%)           : 76
	Aivector Usage Rate(%)         : 4
	Aicpu Usage Rate(%)            : 0
	Ctrlcpu Usage Rate(%)          : 2
	DDR Bandwidth Usage Rate(%)    : 0
	HBM Bandwidth Usage Rate(%)    : 54
	NPU Utilization(%)             : 93
	Aicube Usage Rate(%)           : 69
	Get pid name failed.
	Process id:2090716 Process name:                  Process memory(MB):16066
Error: cannot run top on container fca65b17c7696be0978c024206dce045576ad0d5017576dab9c64493f5b57e1c as it did not create a cgroup: this container does not have a cgroup
timestamp_ns=1785753669631158096
	DDR Capacity(MB)               : 0
	DDR Usage Rate(%)              : 0
	DDR Hugepages Total(page)      : 0
	DDR Hugepages Usage Rate(%)    : 0
	HBM Capacity(MB)               : 65536
	HBM Usage Rate(%)              : 29
	Aicore Usage Rate(%)           : 78
	Aivector Usage Rate(%)         : 5
	Aicpu Usage Rate(%)            : 0
	Ctrlcpu Usage Rate(%)          : 5
	DDR Bandwidth Usage Rate(%)    : 0
	HBM Bandwidth Usage Rate(%)    : 17
	NPU Utilization(%)             : 89
	Aicube Usage Rate(%)           : 72
	Get pid name failed.
	Process id:2090716 Process name:                  Process memory(MB):16066
Error: cannot run top on container fca65b17c7696be0978c024206dce045576ad0d5017576dab9c64493f5b57e1c as it did not create a cgroup: this container does not have a cgroup
timestamp_ns=1785753671801459936
	DDR Capacity(MB)               : 0
	DDR Usage Rate(%)              : 0
	DDR Hugepages Total(page)      : 0
	DDR Hugepages Usage Rate(%)    : 0
	HBM Capacity(MB)               : 65536
	HBM Usage Rate(%)              : 29
	Aicore Usage Rate(%)           : 80
	Aivector Usage Rate(%)         : 5
	Aicpu Usage Rate(%)            : 0
	Ctrlcpu Usage Rate(%)          : 1
	DDR Bandwidth Usage Rate(%)    : 0
	HBM Bandwidth Usage Rate(%)    : 54
	NPU Utilization(%)             : 89
	Aicube Usage Rate(%)           : 72
	Get pid name failed.
	Process id:2090716 Process name:                  Process memory(MB):16066
Error: cannot run top on container fca65b17c7696be0978c024206dce045576ad0d5017576dab9c64493f5b57e1c as it did not create a cgroup: this container does not have a cgroup
timestamp_ns=1785753673987386968
	DDR Capacity(MB)               : 0
	DDR Usage Rate(%)              : 0
	DDR Hugepages Total(page)      : 0
	DDR Hugepages Usage Rate(%)    : 0
	HBM Capacity(MB)               : 65536
	HBM Usage Rate(%)              : 29
	Aicore Usage Rate(%)           : 81
	Aivector Usage Rate(%)         : 5
	Aicpu Usage Rate(%)            : 0
	Ctrlcpu Usage Rate(%)          : 4
	DDR Bandwidth Usage Rate(%)    : 0
	HBM Bandwidth Usage Rate(%)    : 54
	NPU Utilization(%)             : 89
	Aicube Usage Rate(%)           : 74
	Get pid name failed.
	Process id:2090716 Process name:                  Process memory(MB):16066
Error: cannot run top on container fca65b17c7696be0978c024206dce045576ad0d5017576dab9c64493f5b57e1c as it did not create a cgroup: this container does not have a cgroup
timestamp_ns=1785753676191402093
	DDR Capacity(MB)               : 0
	DDR Usage Rate(%)              : 0
	DDR Hugepages Total(page)      : 0
	DDR Hugepages Usage Rate(%)    : 0
	HBM Capacity(MB)               : 65536
	HBM Usage Rate(%)              : 29
	Aicore Usage Rate(%)           : 73
	Aivector Usage Rate(%)         : 4
	Aicpu Usage Rate(%)            : 0
	Ctrlcpu Usage Rate(%)          : 4
	DDR Bandwidth Usage Rate(%)    : 0
	HBM Bandwidth Usage Rate(%)    : 54
	NPU Utilization(%)             : 89
	Aicube Usage Rate(%)           : 65
	Get pid name failed.
	Process id:2090716 Process name:                  Process memory(MB):16066
Error: cannot run top on container fca65b17c7696be0978c024206dce045576ad0d5017576dab9c64493f5b57e1c as it did not create a cgroup: this container does not have a cgroup
timestamp_ns=1785753678342357250
	DDR Capacity(MB)               : 0
	DDR Usage Rate(%)              : 0
	DDR Hugepages Total(page)      : 0
	DDR Hugepages Usage Rate(%)    : 0
	HBM Capacity(MB)               : 65536
	HBM Usage Rate(%)              : 29
	Aicore Usage Rate(%)           : 79
	Aivector Usage Rate(%)         : 4
	Aicpu Usage Rate(%)            : 0
	Ctrlcpu Usage Rate(%)          : 3
	DDR Bandwidth Usage Rate(%)    : 0
	HBM Bandwidth Usage Rate(%)    : 54
	NPU Utilization(%)             : 89
	Aicube Usage Rate(%)           : 71
	Get pid name failed.
	Process id:2090716 Process name:                  Process memory(MB):16066
Error: cannot run top on container fca65b17c7696be0978c024206dce045576ad0d5017576dab9c64493f5b57e1c as it did not create a cgroup: this container does not have a cgroup
timestamp_ns=1785753680506427828
	DDR Capacity(MB)               : 0
	DDR Usage Rate(%)              : 0
	DDR Hugepages Total(page)      : 0
	DDR Hugepages Usage Rate(%)    : 0
	HBM Capacity(MB)               : 65536
	HBM Usage Rate(%)              : 29
	Aicore Usage Rate(%)           : 82
	Aivector Usage Rate(%)         : 5
	Aicpu Usage Rate(%)            : 0
	Ctrlcpu Usage Rate(%)          : 1
	DDR Bandwidth Usage Rate(%)    : 0
	HBM Bandwidth Usage Rate(%)    : 54
	NPU Utilization(%)             : 93
	Aicube Usage Rate(%)           : 74
	Get pid name failed.
	Process id:2090716 Process name:                  Process memory(MB):16066
Error: cannot run top on container fca65b17c7696be0978c024206dce045576ad0d5017576dab9c64493f5b57e1c as it did not create a cgroup: this container does not have a cgroup
timestamp_ns=1785753682783901610
	DDR Capacity(MB)               : 0
	DDR Usage Rate(%)              : 0
	DDR Hugepages Total(page)      : 0
	DDR Hugepages Usage Rate(%)    : 0
	HBM Capacity(MB)               : 65536
	HBM Usage Rate(%)              : 29
	Aicore Usage Rate(%)           : 80
	Aivector Usage Rate(%)         : 5
	Aicpu Usage Rate(%)            : 0
	Ctrlcpu Usage Rate(%)          : 4
	DDR Bandwidth Usage Rate(%)    : 0
	HBM Bandwidth Usage Rate(%)    : 53
	NPU Utilization(%)             : 93
	Aicube Usage Rate(%)           : 73
	Get pid name failed.
	Process id:2090716 Process name:                  Process memory(MB):16066
Error: cannot run top on container fca65b17c7696be0978c024206dce045576ad0d5017576dab9c64493f5b57e1c as it did not create a cgroup: this container does not have a cgroup
timestamp_ns=1785753684940982464
	DDR Capacity(MB)               : 0
	DDR Usage Rate(%)              : 0
	DDR Hugepages Total(page)      : 0
	DDR Hugepages Usage Rate(%)    : 0
	HBM Capacity(MB)               : 65536
	HBM Usage Rate(%)              : 29
	Aicore Usage Rate(%)           : 42
	Aivector Usage Rate(%)         : 2
	Aicpu Usage Rate(%)            : 0
	Ctrlcpu Usage Rate(%)          : 3
	DDR Bandwidth Usage Rate(%)    : 0
	HBM Bandwidth Usage Rate(%)    : 54
	NPU Utilization(%)             : 93
	Aicube Usage Rate(%)           : 37
	Get pid name failed.
	Process id:2090716 Process name:                  Process memory(MB):16066
Error: cannot run top on container fca65b17c7696be0978c024206dce045576ad0d5017576dab9c64493f5b57e1c as it did not create a cgroup: this container does not have a cgroup
timestamp_ns=1785753687085165508
	DDR Capacity(MB)               : 0
	DDR Usage Rate(%)              : 0
	DDR Hugepages Total(page)      : 0
	DDR Hugepages Usage Rate(%)    : 0
	HBM Capacity(MB)               : 65536
	HBM Usage Rate(%)              : 29
	Aicore Usage Rate(%)           : 0
	Aivector Usage Rate(%)         : 0
	Aicpu Usage Rate(%)            : 0
	Ctrlcpu Usage Rate(%)          : 1
	DDR Bandwidth Usage Rate(%)    : 0
	HBM Bandwidth Usage Rate(%)    : 0
	NPU Utilization(%)             : 0
	Aicube Usage Rate(%)           : 0
	Get pid name failed.
	Process id:2090716 Process name:                  Process memory(MB):16066
Error: cannot run top on container fca65b17c7696be0978c024206dce045576ad0d5017576dab9c64493f5b57e1c as it did not create a cgroup: this container does not have a cgroup
timestamp_ns=1785753689253655242
	DDR Capacity(MB)               : 0
	DDR Usage Rate(%)              : 0
	DDR Hugepages Total(page)      : 0
	DDR Hugepages Usage Rate(%)    : 0
	HBM Capacity(MB)               : 65536
	HBM Usage Rate(%)              : 29
	Aicore Usage Rate(%)           : 0
	Aivector Usage Rate(%)         : 0
	Aicpu Usage Rate(%)            : 0
	Ctrlcpu Usage Rate(%)          : 2
	DDR Bandwidth Usage Rate(%)    : 0
	HBM Bandwidth Usage Rate(%)    : 0
	NPU Utilization(%)             : 0
	Aicube Usage Rate(%)           : 0
	Get pid name failed.
	Process id:2090716 Process name:                  Process memory(MB):16066
Error: cannot run top on container fca65b17c7696be0978c024206dce045576ad0d5017576dab9c64493f5b57e1c as it did not create a cgroup: this container does not have a cgroup
timestamp_ns=1785753691397776384
	DDR Capacity(MB)               : 0
	DDR Usage Rate(%)              : 0
	DDR Hugepages Total(page)      : 0
	DDR Hugepages Usage Rate(%)    : 0
	HBM Capacity(MB)               : 65536
	HBM Usage Rate(%)              : 29
	Aicore Usage Rate(%)           : 0
	Aivector Usage Rate(%)         : 0
	Aicpu Usage Rate(%)            : 0
	Ctrlcpu Usage Rate(%)          : 5
	DDR Bandwidth Usage Rate(%)    : 0
	HBM Bandwidth Usage Rate(%)    : 0
	NPU Utilization(%)             : 0
	Aicube Usage Rate(%)           : 0
	Get pid name failed.
	Process id:2090716 Process name:                  Process memory(MB):16066
Error: cannot run top on container fca65b17c7696be0978c024206dce045576ad0d5017576dab9c64493f5b57e1c as it did not create a cgroup: this container does not have a cgroup
timestamp_ns=1785753693549228959
	DDR Capacity(MB)               : 0
	DDR Usage Rate(%)              : 0
	DDR Hugepages Total(page)      : 0
	DDR Hugepages Usage Rate(%)    : 0
	HBM Capacity(MB)               : 65536
	HBM Usage Rate(%)              : 29
	Aicore Usage Rate(%)           : 0
	Aivector Usage Rate(%)         : 0
	Aicpu Usage Rate(%)            : 0
	Ctrlcpu Usage Rate(%)          : 4
	DDR Bandwidth Usage Rate(%)    : 0
	HBM Bandwidth Usage Rate(%)    : 0
	NPU Utilization(%)             : 0
	Aicube Usage Rate(%)           : 0
	Get pid name failed.
	Process id:2090716 Process name:                  Process memory(MB):16066
Error: cannot run top on container fca65b17c7696be0978c024206dce045576ad0d5017576dab9c64493f5b57e1c as it did not create a cgroup: this container does not have a cgroup
timestamp_ns=1785753695683858246
	DDR Capacity(MB)               : 0
	DDR Usage Rate(%)              : 0
	DDR Hugepages Total(page)      : 0
	DDR Hugepages Usage Rate(%)    : 0
	HBM Capacity(MB)               : 65536
	HBM Usage Rate(%)              : 29
	Aicore Usage Rate(%)           : 0
	Aivector Usage Rate(%)         : 0
	Aicpu Usage Rate(%)            : 0
	Ctrlcpu Usage Rate(%)          : 2
	DDR Bandwidth Usage Rate(%)    : 0
	HBM Bandwidth Usage Rate(%)    : 0
	NPU Utilization(%)             : 0
	Aicube Usage Rate(%)           : 0
	Get pid name failed.
	Process id:2090716 Process name:                  Process memory(MB):16066
Error: cannot run top on container fca65b17c7696be0978c024206dce045576ad0d5017576dab9c64493f5b57e1c as it did not create a cgroup: this container does not have a cgroup
timestamp_ns=1785753697855591823
	DDR Capacity(MB)               : 0
	DDR Usage Rate(%)              : 0
	DDR Hugepages Total(page)      : 0
	DDR Hugepages Usage Rate(%)    : 0
	HBM Capacity(MB)               : 65536
	HBM Usage Rate(%)              : 29
	Aicore Usage Rate(%)           : 0
	Aivector Usage Rate(%)         : 0
	Aicpu Usage Rate(%)            : 0
	Ctrlcpu Usage Rate(%)          : 4
	DDR Bandwidth Usage Rate(%)    : 0
	HBM Bandwidth Usage Rate(%)    : 0
	NPU Utilization(%)             : 0
	Aicube Usage Rate(%)           : 0
	Get pid name failed.
	Process id:2090716 Process name:                  Process memory(MB):16066
Error: cannot run top on container fca65b17c7696be0978c024206dce045576ad0d5017576dab9c64493f5b57e1c as it did not create a cgroup: this container does not have a cgroup
timestamp_ns=1785753700018673847
	DDR Capacity(MB)               : 0
	DDR Usage Rate(%)              : 0
	DDR Hugepages Total(page)      : 0
	DDR Hugepages Usage Rate(%)    : 0
	HBM Capacity(MB)               : 65536
	HBM Usage Rate(%)              : 29
	Aicore Usage Rate(%)           : 0
	Aivector Usage Rate(%)         : 0
	Aicpu Usage Rate(%)            : 0
	Ctrlcpu Usage Rate(%)          : 3
	DDR Bandwidth Usage Rate(%)    : 0
	HBM Bandwidth Usage Rate(%)    : 0
	NPU Utilization(%)             : 0
	Aicube Usage Rate(%)           : 0
	Get pid name failed.
	Process id:2090716 Process name:                  Process memory(MB):16066
Error: cannot run top on container fca65b17c7696be0978c024206dce045576ad0d5017576dab9c64493f5b57e1c as it did not create a cgroup: this container does not have a cgroup
timestamp_ns=1785753702170840724
	DDR Capacity(MB)               : 0
	DDR Usage Rate(%)              : 0
	DDR Hugepages Total(page)      : 0
	DDR Hugepages Usage Rate(%)    : 0
	HBM Capacity(MB)               : 65536
	HBM Usage Rate(%)              : 29
	Aicore Usage Rate(%)           : 0
	Aivector Usage Rate(%)         : 0
	Aicpu Usage Rate(%)            : 0
	Ctrlcpu Usage Rate(%)          : 4
	DDR Bandwidth Usage Rate(%)    : 0
	HBM Bandwidth Usage Rate(%)    : 0
	NPU Utilization(%)             : 0
	Aicube Usage Rate(%)           : 0
	Get pid name failed.
	Process id:2090716 Process name:                  Process memory(MB):16066
Error: cannot run top on container fca65b17c7696be0978c024206dce045576ad0d5017576dab9c64493f5b57e1c as it did not create a cgroup: this container does not have a cgroup
timestamp_ns=1785753704354185528
	DDR Capacity(MB)               : 0
	DDR Usage Rate(%)              : 0
	DDR Hugepages Total(page)      : 0
	DDR Hugepages Usage Rate(%)    : 0
	HBM Capacity(MB)               : 65536
	HBM Usage Rate(%)              : 29
	Aicore Usage Rate(%)           : 0
	Aivector Usage Rate(%)         : 0
	Aicpu Usage Rate(%)            : 0
	Ctrlcpu Usage Rate(%)          : 7
	DDR Bandwidth Usage Rate(%)    : 0
	HBM Bandwidth Usage Rate(%)    : 0
	NPU Utilization(%)             : 0
	Aicube Usage Rate(%)           : 0
	Get pid name failed.
	Process id:2090716 Process name:                  Process memory(MB):16066
Error: cannot run top on container fca65b17c7696be0978c024206dce045576ad0d5017576dab9c64493f5b57e1c as it did not create a cgroup: this container does not have a cgroup
timestamp_ns=1785753706510254593
	DDR Capacity(MB)               : 0
	DDR Usage Rate(%)              : 0
	DDR Hugepages Total(page)      : 0
	DDR Hugepages Usage Rate(%)    : 0
	HBM Capacity(MB)               : 65536
	HBM Usage Rate(%)              : 29
	Aicore Usage Rate(%)           : 0
	Aivector Usage Rate(%)         : 0
	Aicpu Usage Rate(%)            : 0
	Ctrlcpu Usage Rate(%)          : 3
	DDR Bandwidth Usage Rate(%)    : 0
	HBM Bandwidth Usage Rate(%)    : 0
	NPU Utilization(%)             : 0
	Aicube Usage Rate(%)           : 0
	Get pid name failed.
	Process id:2090716 Process name:                  Process memory(MB):16066
Error: cannot run top on container fca65b17c7696be0978c024206dce045576ad0d5017576dab9c64493f5b57e1c as it did not create a cgroup: this container does not have a cgroup
timestamp_ns=1785753708675521018
	DDR Capacity(MB)               : 0
	DDR Usage Rate(%)              : 0
	DDR Hugepages Total(page)      : 0
	DDR Hugepages Usage Rate(%)    : 0
	HBM Capacity(MB)               : 65536
	HBM Usage Rate(%)              : 29
	Aicore Usage Rate(%)           : 0
	Aivector Usage Rate(%)         : 0
	Aicpu Usage Rate(%)            : 0
	Ctrlcpu Usage Rate(%)          : 5
	DDR Bandwidth Usage Rate(%)    : 0
	HBM Bandwidth Usage Rate(%)    : 0
	NPU Utilization(%)             : 0
	Aicube Usage Rate(%)           : 0
	Get pid name failed.
	Process id:2090716 Process name:                  Process memory(MB):16066
Error: cannot run top on container fca65b17c7696be0978c024206dce045576ad0d5017576dab9c64493f5b57e1c as it did not create a cgroup: this container does not have a cgroup
timestamp_ns=1785753710820842853
	DDR Capacity(MB)               : 0
	DDR Usage Rate(%)              : 0
	DDR Hugepages Total(page)      : 0
	DDR Hugepages Usage Rate(%)    : 0
	HBM Capacity(MB)               : 65536
	HBM Usage Rate(%)              : 29
	Aicore Usage Rate(%)           : 0
	Aivector Usage Rate(%)         : 0
	Aicpu Usage Rate(%)            : 0
	Ctrlcpu Usage Rate(%)          : 1
	DDR Bandwidth Usage Rate(%)    : 0
	HBM Bandwidth Usage Rate(%)    : 0
	NPU Utilization(%)             : 0
	Aicube Usage Rate(%)           : 0
	Get pid name failed.
	Process id:2090716 Process name:                  Process memory(MB):16066
Error: cannot run top on container fca65b17c7696be0978c024206dce045576ad0d5017576dab9c64493f5b57e1c as it did not create a cgroup: this container does not have a cgroup
timestamp_ns=1785753712962529718
	DDR Capacity(MB)               : 0
	DDR Usage Rate(%)              : 0
	DDR Hugepages Total(page)      : 0
	DDR Hugepages Usage Rate(%)    : 0
	HBM Capacity(MB)               : 65536
	HBM Usage Rate(%)              : 29
	Aicore Usage Rate(%)           : 0
	Aivector Usage Rate(%)         : 0
	Aicpu Usage Rate(%)            : 0
	Ctrlcpu Usage Rate(%)          : 5
	DDR Bandwidth Usage Rate(%)    : 0
	HBM Bandwidth Usage Rate(%)    : 0
	NPU Utilization(%)             : 0
	Aicube Usage Rate(%)           : 0
	Get pid name failed.
	Process id:2090716 Process name:                  Process memory(MB):16066
Error: cannot run top on container fca65b17c7696be0978c024206dce045576ad0d5017576dab9c64493f5b57e1c as it did not create a cgroup: this container does not have a cgroup
timestamp_ns=1785753715116795933
	DDR Capacity(MB)               : 0
	DDR Usage Rate(%)              : 0
	DDR Hugepages Total(page)      : 0
	DDR Hugepages Usage Rate(%)    : 0
	HBM Capacity(MB)               : 65536
	HBM Usage Rate(%)              : 29
	Aicore Usage Rate(%)           : 0
	Aivector Usage Rate(%)         : 0
	Aicpu Usage Rate(%)            : 0
	Ctrlcpu Usage Rate(%)          : 2
	DDR Bandwidth Usage Rate(%)    : 0
	HBM Bandwidth Usage Rate(%)    : 0
	NPU Utilization(%)             : 0
	Aicube Usage Rate(%)           : 0
	Get pid name failed.
	Process id:2090716 Process name:                  Process memory(MB):16066
Error: cannot run top on container fca65b17c7696be0978c024206dce045576ad0d5017576dab9c64493f5b57e1c as it did not create a cgroup: this container does not have a cgroup
timestamp_ns=1785753717276201236
	DDR Capacity(MB)               : 0
	DDR Usage Rate(%)              : 0
	DDR Hugepages Total(page)      : 0
	DDR Hugepages Usage Rate(%)    : 0
	HBM Capacity(MB)               : 65536
	HBM Usage Rate(%)              : 28
	Aicore Usage Rate(%)           : 0
	Aivector Usage Rate(%)         : 0
	Aicpu Usage Rate(%)            : 0
	Ctrlcpu Usage Rate(%)          : 1
	DDR Bandwidth Usage Rate(%)    : 0
	HBM Bandwidth Usage Rate(%)    : 0
	NPU Utilization(%)             : 0
	Aicube Usage Rate(%)           : 0
	Get pid name failed.
	Process id:2090716 Process name:                  Process memory(MB):15636
Error: cannot run top on container fca65b17c7696be0978c024206dce045576ad0d5017576dab9c64493f5b57e1c as it did not create a cgroup: this container does not have a cgroup
timestamp_ns=1785753719421750643
	DDR Capacity(MB)               : 0
	DDR Usage Rate(%)              : 0
	DDR Hugepages Total(page)      : 0
	DDR Hugepages Usage Rate(%)    : 0
	HBM Capacity(MB)               : 65536
	HBM Usage Rate(%)              : 27
	Aicore Usage Rate(%)           : 0
	Aivector Usage Rate(%)         : 0
	Aicpu Usage Rate(%)            : 0
	Ctrlcpu Usage Rate(%)          : 3
	DDR Bandwidth Usage Rate(%)    : 0
	HBM Bandwidth Usage Rate(%)    : 0
	NPU Utilization(%)             : 0
	Aicube Usage Rate(%)           : 0
	Get pid name failed.
	Process id:2090716 Process name:                  Process memory(MB):14616
Error: cannot run top on container fca65b17c7696be0978c024206dce045576ad0d5017576dab9c64493f5b57e1c as it did not create a cgroup: this container does not have a cgroup
timestamp_ns=1785753721714805531
	DDR Capacity(MB)               : 0
	DDR Usage Rate(%)              : 0
	DDR Hugepages Total(page)      : 0
	DDR Hugepages Usage Rate(%)    : 0
	HBM Capacity(MB)               : 65536
	HBM Usage Rate(%)              : 27
	Aicore Usage Rate(%)           : 0
	Aivector Usage Rate(%)         : 0
	Aicpu Usage Rate(%)            : 0
	Ctrlcpu Usage Rate(%)          : 4
	DDR Bandwidth Usage Rate(%)    : 0
	HBM Bandwidth Usage Rate(%)    : 0
	NPU Utilization(%)             : 0
	Aicube Usage Rate(%)           : 0
	Get pid name failed.
	Process id:2090716 Process name:                  Process memory(MB):14616
Error: cannot run top on container fca65b17c7696be0978c024206dce045576ad0d5017576dab9c64493f5b57e1c as it did not create a cgroup: this container does not have a cgroup
timestamp_ns=1785753723907483004
	DDR Capacity(MB)               : 0
	DDR Usage Rate(%)              : 0
	DDR Hugepages Total(page)      : 0
	DDR Hugepages Usage Rate(%)    : 0
	HBM Capacity(MB)               : 65536
	HBM Usage Rate(%)              : 27
	Aicore Usage Rate(%)           : 0
	Aivector Usage Rate(%)         : 0
	Aicpu Usage Rate(%)            : 0
	Ctrlcpu Usage Rate(%)          : 1
	DDR Bandwidth Usage Rate(%)    : 0
	HBM Bandwidth Usage Rate(%)    : 0
	NPU Utilization(%)             : 0
	Aicube Usage Rate(%)           : 0
	Get pid name failed.
	Process id:2090716 Process name:                  Process memory(MB):14518
Error: cannot run top on container fca65b17c7696be0978c024206dce045576ad0d5017576dab9c64493f5b57e1c as it did not create a cgroup: this container does not have a cgroup
timestamp_ns=1785753726095284722
	DDR Capacity(MB)               : 0
	DDR Usage Rate(%)              : 0
	DDR Hugepages Total(page)      : 0
	DDR Hugepages Usage Rate(%)    : 0
	HBM Capacity(MB)               : 65536
	HBM Usage Rate(%)              : 5
	Aicore Usage Rate(%)           : 0
	Aivector Usage Rate(%)         : 0
	Aicpu Usage Rate(%)            : 0
	Ctrlcpu Usage Rate(%)          : 20
	DDR Bandwidth Usage Rate(%)    : 0
	HBM Bandwidth Usage Rate(%)    : 0
	NPU Utilization(%)             : 0
	Aicube Usage Rate(%)           : 0
	No process in device.
Error: cannot run top on container fca65b17c7696be0978c024206dce045576ad0d5017576dab9c64493f5b57e1c as it did not create a cgroup: this container does not have a cgroup
