timestamp_ns=1785750486756303302
	DDR Capacity(MB)               : 0
	DDR Usage Rate(%)              : 0
	DDR Hugepages Total(page)      : 0
	DDR Hugepages Usage Rate(%)    : 0
	HBM Capacity(MB)               : 65536
	HBM Usage Rate(%)              : 5
	Aicore Usage Rate(%)           : 0
	Aivector Usage Rate(%)         : 0
	Aicpu Usage Rate(%)            : 0
	Ctrlcpu Usage Rate(%)          : 3
	DDR Bandwidth Usage Rate(%)    : 0
	HBM Bandwidth Usage Rate(%)    : 0
	NPU Utilization(%)             : 0
	Aicube Usage Rate(%)           : 0
	No process in device.
Error: cannot run top on container aceaef212ad03c546a6eb710fca4fd3c10f869d0c7973db9955d514211247daa as it did not create a cgroup: this container does not have a cgroup
timestamp_ns=1785750488938234595
	DDR Capacity(MB)               : 0
	DDR Usage Rate(%)              : 0
	DDR Hugepages Total(page)      : 0
	DDR Hugepages Usage Rate(%)    : 0
	HBM Capacity(MB)               : 65536
	HBM Usage Rate(%)              : 5
	Aicore Usage Rate(%)           : 0
	Aivector Usage Rate(%)         : 0
	Aicpu Usage Rate(%)            : 0
	Ctrlcpu Usage Rate(%)          : 3
	DDR Bandwidth Usage Rate(%)    : 0
	HBM Bandwidth Usage Rate(%)    : 0
	NPU Utilization(%)             : 0
	Aicube Usage Rate(%)           : 0
	No process in device.
Error: cannot run top on container aceaef212ad03c546a6eb710fca4fd3c10f869d0c7973db9955d514211247daa as it did not create a cgroup: this container does not have a cgroup
timestamp_ns=1785750491107576576
	DDR Capacity(MB)               : 0
	DDR Usage Rate(%)              : 0
	DDR Hugepages Total(page)      : 0
	DDR Hugepages Usage Rate(%)    : 0
	HBM Capacity(MB)               : 65536
	HBM Usage Rate(%)              : 5
	Aicore Usage Rate(%)           : 0
	Aivector Usage Rate(%)         : 0
	Aicpu Usage Rate(%)            : 0
	Ctrlcpu Usage Rate(%)          : 4
	DDR Bandwidth Usage Rate(%)    : 0
	HBM Bandwidth Usage Rate(%)    : 0
	NPU Utilization(%)             : 0
	Aicube Usage Rate(%)           : 0
	No process in device.
Error: cannot run top on container aceaef212ad03c546a6eb710fca4fd3c10f869d0c7973db9955d514211247daa as it did not create a cgroup: this container does not have a cgroup
timestamp_ns=1785750493273600489
	DDR Capacity(MB)               : 0
	DDR Usage Rate(%)              : 0
	DDR Hugepages Total(page)      : 0
	DDR Hugepages Usage Rate(%)    : 0
	HBM Capacity(MB)               : 65536
	HBM Usage Rate(%)              : 5
	Aicore Usage Rate(%)           : 0
	Aivector Usage Rate(%)         : 0
	Aicpu Usage Rate(%)            : 0
	Ctrlcpu Usage Rate(%)          : 5
	DDR Bandwidth Usage Rate(%)    : 0
	HBM Bandwidth Usage Rate(%)    : 0
	NPU Utilization(%)             : 0
	Aicube Usage Rate(%)           : 0
	No process in device.
Error: cannot run top on container aceaef212ad03c546a6eb710fca4fd3c10f869d0c7973db9955d514211247daa as it did not create a cgroup: this container does not have a cgroup
timestamp_ns=1785750495427565920
	DDR Capacity(MB)               : 0
	DDR Usage Rate(%)              : 0
	DDR Hugepages Total(page)      : 0
	DDR Hugepages Usage Rate(%)    : 0
	HBM Capacity(MB)               : 65536
	HBM Usage Rate(%)              : 5
	Aicore Usage Rate(%)           : 0
	Aivector Usage Rate(%)         : 0
	Aicpu Usage Rate(%)            : 0
	Ctrlcpu Usage Rate(%)          : 9
	DDR Bandwidth Usage Rate(%)    : 0
	HBM Bandwidth Usage Rate(%)    : 0
	NPU Utilization(%)             : 0
	Aicube Usage Rate(%)           : 0
	No process in device.
Error: cannot run top on container aceaef212ad03c546a6eb710fca4fd3c10f869d0c7973db9955d514211247daa as it did not create a cgroup: this container does not have a cgroup
timestamp_ns=1785750497605115626
	DDR Capacity(MB)               : 0
	DDR Usage Rate(%)              : 0
	DDR Hugepages Total(page)      : 0
	DDR Hugepages Usage Rate(%)    : 0
	HBM Capacity(MB)               : 65536
	HBM Usage Rate(%)              : 5
	Aicore Usage Rate(%)           : 0
	Aivector Usage Rate(%)         : 0
	Aicpu Usage Rate(%)            : 0
	Ctrlcpu Usage Rate(%)          : 2
	DDR Bandwidth Usage Rate(%)    : 0
	HBM Bandwidth Usage Rate(%)    : 0
	NPU Utilization(%)             : 0
	Aicube Usage Rate(%)           : 0
	No process in device.
Error: cannot run top on container aceaef212ad03c546a6eb710fca4fd3c10f869d0c7973db9955d514211247daa as it did not create a cgroup: this container does not have a cgroup
timestamp_ns=1785750499774898285
	DDR Capacity(MB)               : 0
	DDR Usage Rate(%)              : 0
	DDR Hugepages Total(page)      : 0
	DDR Hugepages Usage Rate(%)    : 0
	HBM Capacity(MB)               : 65536
	HBM Usage Rate(%)              : 5
	Aicore Usage Rate(%)           : 0
	Aivector Usage Rate(%)         : 0
	Aicpu Usage Rate(%)            : 0
	Ctrlcpu Usage Rate(%)          : 1
	DDR Bandwidth Usage Rate(%)    : 0
	HBM Bandwidth Usage Rate(%)    : 0
	NPU Utilization(%)             : 0
	Aicube Usage Rate(%)           : 0
	No process in device.
Error: cannot run top on container aceaef212ad03c546a6eb710fca4fd3c10f869d0c7973db9955d514211247daa as it did not create a cgroup: this container does not have a cgroup
timestamp_ns=1785750501912780677
	DDR Capacity(MB)               : 0
	DDR Usage Rate(%)              : 0
	DDR Hugepages Total(page)      : 0
	DDR Hugepages Usage Rate(%)    : 0
	HBM Capacity(MB)               : 65536
	HBM Usage Rate(%)              : 5
	Aicore Usage Rate(%)           : 0
	Aivector Usage Rate(%)         : 0
	Aicpu Usage Rate(%)            : 0
	Ctrlcpu Usage Rate(%)          : 2
	DDR Bandwidth Usage Rate(%)    : 0
	HBM Bandwidth Usage Rate(%)    : 0
	NPU Utilization(%)             : 0
	Aicube Usage Rate(%)           : 0
	No process in device.
Error: cannot run top on container aceaef212ad03c546a6eb710fca4fd3c10f869d0c7973db9955d514211247daa as it did not create a cgroup: this container does not have a cgroup
timestamp_ns=1785750504060548098
	DDR Capacity(MB)               : 0
	DDR Usage Rate(%)              : 0
	DDR Hugepages Total(page)      : 0
	DDR Hugepages Usage Rate(%)    : 0
	HBM Capacity(MB)               : 65536
	HBM Usage Rate(%)              : 5
	Aicore Usage Rate(%)           : 0
	Aivector Usage Rate(%)         : 0
	Aicpu Usage Rate(%)            : 0
	Ctrlcpu Usage Rate(%)          : 1
	DDR Bandwidth Usage Rate(%)    : 0
	HBM Bandwidth Usage Rate(%)    : 0
	NPU Utilization(%)             : 0
	Aicube Usage Rate(%)           : 0
	No process in device.
Error: cannot run top on container aceaef212ad03c546a6eb710fca4fd3c10f869d0c7973db9955d514211247daa as it did not create a cgroup: this container does not have a cgroup
timestamp_ns=1785750506199249520
	DDR Capacity(MB)               : 0
	DDR Usage Rate(%)              : 0
	DDR Hugepages Total(page)      : 0
	DDR Hugepages Usage Rate(%)    : 0
	HBM Capacity(MB)               : 65536
	HBM Usage Rate(%)              : 5
	Aicore Usage Rate(%)           : 0
	Aivector Usage Rate(%)         : 0
	Aicpu Usage Rate(%)            : 0
	Ctrlcpu Usage Rate(%)          : 4
	DDR Bandwidth Usage Rate(%)    : 0
	HBM Bandwidth Usage Rate(%)    : 0
	NPU Utilization(%)             : 0
	Aicube Usage Rate(%)           : 0
	No process in device.
Error: cannot run top on container aceaef212ad03c546a6eb710fca4fd3c10f869d0c7973db9955d514211247daa as it did not create a cgroup: this container does not have a cgroup
timestamp_ns=1785750508332276565
	DDR Capacity(MB)               : 0
	DDR Usage Rate(%)              : 0
	DDR Hugepages Total(page)      : 0
	DDR Hugepages Usage Rate(%)    : 0
	HBM Capacity(MB)               : 65536
	HBM Usage Rate(%)              : 5
	Aicore Usage Rate(%)           : 0
	Aivector Usage Rate(%)         : 0
	Aicpu Usage Rate(%)            : 0
	Ctrlcpu Usage Rate(%)          : 2
	DDR Bandwidth Usage Rate(%)    : 0
	HBM Bandwidth Usage Rate(%)    : 0
	NPU Utilization(%)             : 0
	Aicube Usage Rate(%)           : 0
	No process in device.
Error: cannot run top on container aceaef212ad03c546a6eb710fca4fd3c10f869d0c7973db9955d514211247daa as it did not create a cgroup: this container does not have a cgroup
timestamp_ns=1785750510474370224
	DDR Capacity(MB)               : 0
	DDR Usage Rate(%)              : 0
	DDR Hugepages Total(page)      : 0
	DDR Hugepages Usage Rate(%)    : 0
	HBM Capacity(MB)               : 65536
	HBM Usage Rate(%)              : 5
	Aicore Usage Rate(%)           : 0
	Aivector Usage Rate(%)         : 0
	Aicpu Usage Rate(%)            : 0
	Ctrlcpu Usage Rate(%)          : 1
	DDR Bandwidth Usage Rate(%)    : 0
	HBM Bandwidth Usage Rate(%)    : 0
	NPU Utilization(%)             : 0
	Aicube Usage Rate(%)           : 0
	No process in device.
Error: cannot run top on container aceaef212ad03c546a6eb710fca4fd3c10f869d0c7973db9955d514211247daa as it did not create a cgroup: this container does not have a cgroup
timestamp_ns=1785750512625672140
	DDR Capacity(MB)               : 0
	DDR Usage Rate(%)              : 0
	DDR Hugepages Total(page)      : 0
	DDR Hugepages Usage Rate(%)    : 0
	HBM Capacity(MB)               : 65536
	HBM Usage Rate(%)              : 5
	Aicore Usage Rate(%)           : 0
	Aivector Usage Rate(%)         : 0
	Aicpu Usage Rate(%)            : 0
	Ctrlcpu Usage Rate(%)          : 3
	DDR Bandwidth Usage Rate(%)    : 0
	HBM Bandwidth Usage Rate(%)    : 0
	NPU Utilization(%)             : 0
	Aicube Usage Rate(%)           : 0
	No process in device.
Error: cannot run top on container aceaef212ad03c546a6eb710fca4fd3c10f869d0c7973db9955d514211247daa as it did not create a cgroup: this container does not have a cgroup
timestamp_ns=1785750514773157412
	DDR Capacity(MB)               : 0
	DDR Usage Rate(%)              : 0
	DDR Hugepages Total(page)      : 0
	DDR Hugepages Usage Rate(%)    : 0
	HBM Capacity(MB)               : 65536
	HBM Usage Rate(%)              : 5
	Aicore Usage Rate(%)           : 0
	Aivector Usage Rate(%)         : 0
	Aicpu Usage Rate(%)            : 0
	Ctrlcpu Usage Rate(%)          : 2
	DDR Bandwidth Usage Rate(%)    : 0
	HBM Bandwidth Usage Rate(%)    : 0
	NPU Utilization(%)             : 0
	Aicube Usage Rate(%)           : 0
	No process in device.
Error: cannot run top on container aceaef212ad03c546a6eb710fca4fd3c10f869d0c7973db9955d514211247daa as it did not create a cgroup: this container does not have a cgroup
timestamp_ns=1785750516931926798
	DDR Capacity(MB)               : 0
	DDR Usage Rate(%)              : 0
	DDR Hugepages Total(page)      : 0
	DDR Hugepages Usage Rate(%)    : 0
	HBM Capacity(MB)               : 65536
	HBM Usage Rate(%)              : 5
	Aicore Usage Rate(%)           : 0
	Aivector Usage Rate(%)         : 0
	Aicpu Usage Rate(%)            : 0
	Ctrlcpu Usage Rate(%)          : 2
	DDR Bandwidth Usage Rate(%)    : 0
	HBM Bandwidth Usage Rate(%)    : 0
	NPU Utilization(%)             : 0
	Aicube Usage Rate(%)           : 0
	No process in device.
Error: cannot run top on container aceaef212ad03c546a6eb710fca4fd3c10f869d0c7973db9955d514211247daa as it did not create a cgroup: this container does not have a cgroup
timestamp_ns=1785750519109546824
	DDR Capacity(MB)               : 0
	DDR Usage Rate(%)              : 0
	DDR Hugepages Total(page)      : 0
	DDR Hugepages Usage Rate(%)    : 0
	HBM Capacity(MB)               : 65536
	HBM Usage Rate(%)              : 5
	Aicore Usage Rate(%)           : 0
	Aivector Usage Rate(%)         : 0
	Aicpu Usage Rate(%)            : 0
	Ctrlcpu Usage Rate(%)          : 1
	DDR Bandwidth Usage Rate(%)    : 0
	HBM Bandwidth Usage Rate(%)    : 0
	NPU Utilization(%)             : 0
	Aicube Usage Rate(%)           : 0
	No process in device.
Error: cannot run top on container aceaef212ad03c546a6eb710fca4fd3c10f869d0c7973db9955d514211247daa as it did not create a cgroup: this container does not have a cgroup
timestamp_ns=1785750521258403999
	DDR Capacity(MB)               : 0
	DDR Usage Rate(%)              : 0
	DDR Hugepages Total(page)      : 0
	DDR Hugepages Usage Rate(%)    : 0
	HBM Capacity(MB)               : 65536
	HBM Usage Rate(%)              : 5
	Aicore Usage Rate(%)           : 0
	Aivector Usage Rate(%)         : 0
	Aicpu Usage Rate(%)            : 0
	Ctrlcpu Usage Rate(%)          : 5
	DDR Bandwidth Usage Rate(%)    : 0
	HBM Bandwidth Usage Rate(%)    : 0
	NPU Utilization(%)             : 0
	Aicube Usage Rate(%)           : 0
	No process in device.
Error: cannot run top on container aceaef212ad03c546a6eb710fca4fd3c10f869d0c7973db9955d514211247daa as it did not create a cgroup: this container does not have a cgroup
timestamp_ns=1785750523422026731
	DDR Capacity(MB)               : 0
	DDR Usage Rate(%)              : 0
	DDR Hugepages Total(page)      : 0
	DDR Hugepages Usage Rate(%)    : 0
	HBM Capacity(MB)               : 65536
	HBM Usage Rate(%)              : 5
	Aicore Usage Rate(%)           : 0
	Aivector Usage Rate(%)         : 0
	Aicpu Usage Rate(%)            : 0
	Ctrlcpu Usage Rate(%)          : 5
	DDR Bandwidth Usage Rate(%)    : 0
	HBM Bandwidth Usage Rate(%)    : 0
	NPU Utilization(%)             : 0
	Aicube Usage Rate(%)           : 0
	No process in device.
Error: cannot run top on container aceaef212ad03c546a6eb710fca4fd3c10f869d0c7973db9955d514211247daa as it did not create a cgroup: this container does not have a cgroup
timestamp_ns=1785750525571797869
	DDR Capacity(MB)               : 0
	DDR Usage Rate(%)              : 0
	DDR Hugepages Total(page)      : 0
	DDR Hugepages Usage Rate(%)    : 0
	HBM Capacity(MB)               : 65536
	HBM Usage Rate(%)              : 5
	Aicore Usage Rate(%)           : 0
	Aivector Usage Rate(%)         : 0
	Aicpu Usage Rate(%)            : 0
	Ctrlcpu Usage Rate(%)          : 2
	DDR Bandwidth Usage Rate(%)    : 0
	HBM Bandwidth Usage Rate(%)    : 0
	NPU Utilization(%)             : 0
	Aicube Usage Rate(%)           : 0
	No process in device.
Error: cannot run top on container aceaef212ad03c546a6eb710fca4fd3c10f869d0c7973db9955d514211247daa as it did not create a cgroup: this container does not have a cgroup
timestamp_ns=1785750527737238709
	DDR Capacity(MB)               : 0
	DDR Usage Rate(%)              : 0
	DDR Hugepages Total(page)      : 0
	DDR Hugepages Usage Rate(%)    : 0
	HBM Capacity(MB)               : 65536
	HBM Usage Rate(%)              : 5
	Aicore Usage Rate(%)           : 0
	Aivector Usage Rate(%)         : 0
	Aicpu Usage Rate(%)            : 0
	Ctrlcpu Usage Rate(%)          : 4
	DDR Bandwidth Usage Rate(%)    : 0
	HBM Bandwidth Usage Rate(%)    : 0
	NPU Utilization(%)             : 0
	Aicube Usage Rate(%)           : 0
	No process in device.
Error: cannot run top on container aceaef212ad03c546a6eb710fca4fd3c10f869d0c7973db9955d514211247daa as it did not create a cgroup: this container does not have a cgroup
timestamp_ns=1785750529897124734
	DDR Capacity(MB)               : 0
	DDR Usage Rate(%)              : 0
	DDR Hugepages Total(page)      : 0
	DDR Hugepages Usage Rate(%)    : 0
	HBM Capacity(MB)               : 65536
	HBM Usage Rate(%)              : 5
	Aicore Usage Rate(%)           : 0
	Aivector Usage Rate(%)         : 0
	Aicpu Usage Rate(%)            : 0
	Ctrlcpu Usage Rate(%)          : 1
	DDR Bandwidth Usage Rate(%)    : 0
	HBM Bandwidth Usage Rate(%)    : 0
	NPU Utilization(%)             : 0
	Aicube Usage Rate(%)           : 0
	No process in device.
Error: cannot run top on container aceaef212ad03c546a6eb710fca4fd3c10f869d0c7973db9955d514211247daa as it did not create a cgroup: this container does not have a cgroup
timestamp_ns=1785750532041203021
	DDR Capacity(MB)               : 0
	DDR Usage Rate(%)              : 0
	DDR Hugepages Total(page)      : 0
	DDR Hugepages Usage Rate(%)    : 0
	HBM Capacity(MB)               : 65536
	HBM Usage Rate(%)              : 5
	Aicore Usage Rate(%)           : 0
	Aivector Usage Rate(%)         : 0
	Aicpu Usage Rate(%)            : 0
	Ctrlcpu Usage Rate(%)          : 5
	DDR Bandwidth Usage Rate(%)    : 0
	HBM Bandwidth Usage Rate(%)    : 0
	NPU Utilization(%)             : 0
	Aicube Usage Rate(%)           : 0
	No process in device.
Error: cannot run top on container aceaef212ad03c546a6eb710fca4fd3c10f869d0c7973db9955d514211247daa as it did not create a cgroup: this container does not have a cgroup
timestamp_ns=1785750534206327665
	DDR Capacity(MB)               : 0
	DDR Usage Rate(%)              : 0
	DDR Hugepages Total(page)      : 0
	DDR Hugepages Usage Rate(%)    : 0
	HBM Capacity(MB)               : 65536
	HBM Usage Rate(%)              : 5
	Aicore Usage Rate(%)           : 0
	Aivector Usage Rate(%)         : 0
	Aicpu Usage Rate(%)            : 0
	Ctrlcpu Usage Rate(%)          : 2
	DDR Bandwidth Usage Rate(%)    : 0
	HBM Bandwidth Usage Rate(%)    : 0
	NPU Utilization(%)             : 0
	Aicube Usage Rate(%)           : 0
	No process in device.
Error: cannot run top on container aceaef212ad03c546a6eb710fca4fd3c10f869d0c7973db9955d514211247daa as it did not create a cgroup: this container does not have a cgroup
timestamp_ns=1785750536339232549
	DDR Capacity(MB)               : 0
	DDR Usage Rate(%)              : 0
	DDR Hugepages Total(page)      : 0
	DDR Hugepages Usage Rate(%)    : 0
	HBM Capacity(MB)               : 65536
	HBM Usage Rate(%)              : 5
	Aicore Usage Rate(%)           : 0
	Aivector Usage Rate(%)         : 0
	Aicpu Usage Rate(%)            : 0
	Ctrlcpu Usage Rate(%)          : 5
	DDR Bandwidth Usage Rate(%)    : 0
	HBM Bandwidth Usage Rate(%)    : 0
	NPU Utilization(%)             : 0
	Aicube Usage Rate(%)           : 0
	No process in device.
Error: cannot run top on container aceaef212ad03c546a6eb710fca4fd3c10f869d0c7973db9955d514211247daa as it did not create a cgroup: this container does not have a cgroup
timestamp_ns=1785750538479302984
	DDR Capacity(MB)               : 0
	DDR Usage Rate(%)              : 0
	DDR Hugepages Total(page)      : 0
	DDR Hugepages Usage Rate(%)    : 0
	HBM Capacity(MB)               : 65536
	HBM Usage Rate(%)              : 5
	Aicore Usage Rate(%)           : 0
	Aivector Usage Rate(%)         : 0
	Aicpu Usage Rate(%)            : 0
	Ctrlcpu Usage Rate(%)          : 2
	DDR Bandwidth Usage Rate(%)    : 0
	HBM Bandwidth Usage Rate(%)    : 0
	NPU Utilization(%)             : 0
	Aicube Usage Rate(%)           : 0
	No process in device.
Error: cannot run top on container aceaef212ad03c546a6eb710fca4fd3c10f869d0c7973db9955d514211247daa as it did not create a cgroup: this container does not have a cgroup
timestamp_ns=1785750540622771133
	DDR Capacity(MB)               : 0
	DDR Usage Rate(%)              : 0
	DDR Hugepages Total(page)      : 0
	DDR Hugepages Usage Rate(%)    : 0
	HBM Capacity(MB)               : 65536
	HBM Usage Rate(%)              : 5
	Aicore Usage Rate(%)           : 0
	Aivector Usage Rate(%)         : 0
	Aicpu Usage Rate(%)            : 0
	Ctrlcpu Usage Rate(%)          : 2
	DDR Bandwidth Usage Rate(%)    : 0
	HBM Bandwidth Usage Rate(%)    : 0
	NPU Utilization(%)             : 0
	Aicube Usage Rate(%)           : 0
	No process in device.
Error: cannot run top on container aceaef212ad03c546a6eb710fca4fd3c10f869d0c7973db9955d514211247daa as it did not create a cgroup: this container does not have a cgroup
timestamp_ns=1785750542774325419
	DDR Capacity(MB)               : 0
	DDR Usage Rate(%)              : 0
	DDR Hugepages Total(page)      : 0
	DDR Hugepages Usage Rate(%)    : 0
	HBM Capacity(MB)               : 65536
	HBM Usage Rate(%)              : 5
	Aicore Usage Rate(%)           : 0
	Aivector Usage Rate(%)         : 0
	Aicpu Usage Rate(%)            : 0
	Ctrlcpu Usage Rate(%)          : 4
	DDR Bandwidth Usage Rate(%)    : 0
	HBM Bandwidth Usage Rate(%)    : 0
	NPU Utilization(%)             : 0
	Aicube Usage Rate(%)           : 0
	No process in device.
Error: cannot run top on container aceaef212ad03c546a6eb710fca4fd3c10f869d0c7973db9955d514211247daa as it did not create a cgroup: this container does not have a cgroup
timestamp_ns=1785750544939135975
	DDR Capacity(MB)               : 0
	DDR Usage Rate(%)              : 0
	DDR Hugepages Total(page)      : 0
	DDR Hugepages Usage Rate(%)    : 0
	HBM Capacity(MB)               : 65536
	HBM Usage Rate(%)              : 5
	Aicore Usage Rate(%)           : 0
	Aivector Usage Rate(%)         : 0
	Aicpu Usage Rate(%)            : 0
	Ctrlcpu Usage Rate(%)          : 2
	DDR Bandwidth Usage Rate(%)    : 0
	HBM Bandwidth Usage Rate(%)    : 0
	NPU Utilization(%)             : 0
	Aicube Usage Rate(%)           : 0
	No process in device.
Error: cannot run top on container aceaef212ad03c546a6eb710fca4fd3c10f869d0c7973db9955d514211247daa as it did not create a cgroup: this container does not have a cgroup
timestamp_ns=1785750547093547449
	DDR Capacity(MB)               : 0
	DDR Usage Rate(%)              : 0
	DDR Hugepages Total(page)      : 0
	DDR Hugepages Usage Rate(%)    : 0
	HBM Capacity(MB)               : 65536
	HBM Usage Rate(%)              : 5
	Aicore Usage Rate(%)           : 0
	Aivector Usage Rate(%)         : 0
	Aicpu Usage Rate(%)            : 0
	Ctrlcpu Usage Rate(%)          : 3
	DDR Bandwidth Usage Rate(%)    : 0
	HBM Bandwidth Usage Rate(%)    : 0
	NPU Utilization(%)             : 0
	Aicube Usage Rate(%)           : 0
	No process in device.
Error: cannot run top on container aceaef212ad03c546a6eb710fca4fd3c10f869d0c7973db9955d514211247daa as it did not create a cgroup: this container does not have a cgroup
timestamp_ns=1785750549289175721
	DDR Capacity(MB)               : 0
	DDR Usage Rate(%)              : 0
	DDR Hugepages Total(page)      : 0
	DDR Hugepages Usage Rate(%)    : 0
	HBM Capacity(MB)               : 65536
	HBM Usage Rate(%)              : 5
	Aicore Usage Rate(%)           : 0
	Aivector Usage Rate(%)         : 0
	Aicpu Usage Rate(%)            : 0
	Ctrlcpu Usage Rate(%)          : 2
	DDR Bandwidth Usage Rate(%)    : 0
	HBM Bandwidth Usage Rate(%)    : 0
	NPU Utilization(%)             : 0
	Aicube Usage Rate(%)           : 0
	No process in device.
Error: cannot run top on container aceaef212ad03c546a6eb710fca4fd3c10f869d0c7973db9955d514211247daa as it did not create a cgroup: this container does not have a cgroup
timestamp_ns=1785750551438087724
	DDR Capacity(MB)               : 0
	DDR Usage Rate(%)              : 0
	DDR Hugepages Total(page)      : 0
	DDR Hugepages Usage Rate(%)    : 0
	HBM Capacity(MB)               : 65536
	HBM Usage Rate(%)              : 5
	Aicore Usage Rate(%)           : 0
	Aivector Usage Rate(%)         : 0
	Aicpu Usage Rate(%)            : 0
	Ctrlcpu Usage Rate(%)          : 4
	DDR Bandwidth Usage Rate(%)    : 0
	HBM Bandwidth Usage Rate(%)    : 0
	NPU Utilization(%)             : 0
	Aicube Usage Rate(%)           : 0
	No process in device.
Error: cannot run top on container aceaef212ad03c546a6eb710fca4fd3c10f869d0c7973db9955d514211247daa as it did not create a cgroup: this container does not have a cgroup
timestamp_ns=1785750553587200624
	DDR Capacity(MB)               : 0
	DDR Usage Rate(%)              : 0
	DDR Hugepages Total(page)      : 0
	DDR Hugepages Usage Rate(%)    : 0
	HBM Capacity(MB)               : 65536
	HBM Usage Rate(%)              : 5
	Aicore Usage Rate(%)           : 0
	Aivector Usage Rate(%)         : 0
	Aicpu Usage Rate(%)            : 0
	Ctrlcpu Usage Rate(%)          : 4
	DDR Bandwidth Usage Rate(%)    : 0
	HBM Bandwidth Usage Rate(%)    : 0
	NPU Utilization(%)             : 0
	Aicube Usage Rate(%)           : 0
	No process in device.
Error: cannot run top on container aceaef212ad03c546a6eb710fca4fd3c10f869d0c7973db9955d514211247daa as it did not create a cgroup: this container does not have a cgroup
timestamp_ns=1785750555746693643
	DDR Capacity(MB)               : 0
	DDR Usage Rate(%)              : 0
	DDR Hugepages Total(page)      : 0
	DDR Hugepages Usage Rate(%)    : 0
	HBM Capacity(MB)               : 65536
	HBM Usage Rate(%)              : 5
	Aicore Usage Rate(%)           : 0
	Aivector Usage Rate(%)         : 0
	Aicpu Usage Rate(%)            : 0
	Ctrlcpu Usage Rate(%)          : 1
	DDR Bandwidth Usage Rate(%)    : 0
	HBM Bandwidth Usage Rate(%)    : 0
	NPU Utilization(%)             : 0
	Aicube Usage Rate(%)           : 0
	No process in device.
Error: cannot run top on container aceaef212ad03c546a6eb710fca4fd3c10f869d0c7973db9955d514211247daa as it did not create a cgroup: this container does not have a cgroup
timestamp_ns=1785750557930527498
	DDR Capacity(MB)               : 0
	DDR Usage Rate(%)              : 0
	DDR Hugepages Total(page)      : 0
	DDR Hugepages Usage Rate(%)    : 0
	HBM Capacity(MB)               : 65536
	HBM Usage Rate(%)              : 5
	Aicore Usage Rate(%)           : 0
	Aivector Usage Rate(%)         : 0
	Aicpu Usage Rate(%)            : 0
	Ctrlcpu Usage Rate(%)          : 7
	DDR Bandwidth Usage Rate(%)    : 0
	HBM Bandwidth Usage Rate(%)    : 0
	NPU Utilization(%)             : 0
	Aicube Usage Rate(%)           : 0
	No process in device.
Error: cannot run top on container aceaef212ad03c546a6eb710fca4fd3c10f869d0c7973db9955d514211247daa as it did not create a cgroup: this container does not have a cgroup
timestamp_ns=1785750560115511847
	DDR Capacity(MB)               : 0
	DDR Usage Rate(%)              : 0
	DDR Hugepages Total(page)      : 0
	DDR Hugepages Usage Rate(%)    : 0
	HBM Capacity(MB)               : 65536
	HBM Usage Rate(%)              : 5
	Aicore Usage Rate(%)           : 0
	Aivector Usage Rate(%)         : 0
	Aicpu Usage Rate(%)            : 0
	Ctrlcpu Usage Rate(%)          : 20
	DDR Bandwidth Usage Rate(%)    : 0
	HBM Bandwidth Usage Rate(%)    : 0
	NPU Utilization(%)             : 0
	Aicube Usage Rate(%)           : 0
	Get pid name failed.
	Process id:1811027 Process name:                  Process memory(MB):116
Error: cannot run top on container aceaef212ad03c546a6eb710fca4fd3c10f869d0c7973db9955d514211247daa as it did not create a cgroup: this container does not have a cgroup
timestamp_ns=1785750562310307774
	DDR Capacity(MB)               : 0
	DDR Usage Rate(%)              : 0
	DDR Hugepages Total(page)      : 0
	DDR Hugepages Usage Rate(%)    : 0
	HBM Capacity(MB)               : 65536
	HBM Usage Rate(%)              : 28
	Aicore Usage Rate(%)           : 0
	Aivector Usage Rate(%)         : 0
	Aicpu Usage Rate(%)            : 0
	Ctrlcpu Usage Rate(%)          : 18
	DDR Bandwidth Usage Rate(%)    : 0
	HBM Bandwidth Usage Rate(%)    : 0
	NPU Utilization(%)             : 0
	Aicube Usage Rate(%)           : 0
	Get pid name failed.
	Process id:1811027 Process name:                  Process memory(MB):13690
Error: cannot run top on container aceaef212ad03c546a6eb710fca4fd3c10f869d0c7973db9955d514211247daa as it did not create a cgroup: this container does not have a cgroup
timestamp_ns=1785750564501743115
	DDR Capacity(MB)               : 0
	DDR Usage Rate(%)              : 0
	DDR Hugepages Total(page)      : 0
	DDR Hugepages Usage Rate(%)    : 0
	HBM Capacity(MB)               : 65536
	HBM Usage Rate(%)              : 27
	Aicore Usage Rate(%)           : 0
	Aivector Usage Rate(%)         : 0
	Aicpu Usage Rate(%)            : 0
	Ctrlcpu Usage Rate(%)          : 1
	DDR Bandwidth Usage Rate(%)    : 0
	HBM Bandwidth Usage Rate(%)    : 0
	NPU Utilization(%)             : 0
	Aicube Usage Rate(%)           : 0
	Get pid name failed.
	Process id:1811027 Process name:                  Process memory(MB):14710
Error: cannot run top on container aceaef212ad03c546a6eb710fca4fd3c10f869d0c7973db9955d514211247daa as it did not create a cgroup: this container does not have a cgroup
timestamp_ns=1785750566771508382
	DDR Capacity(MB)               : 0
	DDR Usage Rate(%)              : 0
	DDR Hugepages Total(page)      : 0
	DDR Hugepages Usage Rate(%)    : 0
	HBM Capacity(MB)               : 65536
	HBM Usage Rate(%)              : 27
	Aicore Usage Rate(%)           : 0
	Aivector Usage Rate(%)         : 0
	Aicpu Usage Rate(%)            : 0
	Ctrlcpu Usage Rate(%)          : 5
	DDR Bandwidth Usage Rate(%)    : 0
	HBM Bandwidth Usage Rate(%)    : 0
	NPU Utilization(%)             : 0
	Aicube Usage Rate(%)           : 0
	Get pid name failed.
	Process id:1811027 Process name:                  Process memory(MB):14710
Error: cannot run top on container aceaef212ad03c546a6eb710fca4fd3c10f869d0c7973db9955d514211247daa as it did not create a cgroup: this container does not have a cgroup
timestamp_ns=1785750568974615377
	DDR Capacity(MB)               : 0
	DDR Usage Rate(%)              : 0
	DDR Hugepages Total(page)      : 0
	DDR Hugepages Usage Rate(%)    : 0
	HBM Capacity(MB)               : 65536
	HBM Usage Rate(%)              : 27
	Aicore Usage Rate(%)           : 0
	Aivector Usage Rate(%)         : 0
	Aicpu Usage Rate(%)            : 0
	Ctrlcpu Usage Rate(%)          : 2
	DDR Bandwidth Usage Rate(%)    : 0
	HBM Bandwidth Usage Rate(%)    : 0
	NPU Utilization(%)             : 0
	Aicube Usage Rate(%)           : 0
	Get pid name failed.
	Process id:1811027 Process name:                  Process memory(MB):14710
Error: cannot run top on container aceaef212ad03c546a6eb710fca4fd3c10f869d0c7973db9955d514211247daa as it did not create a cgroup: this container does not have a cgroup
timestamp_ns=1785750571162809410
	DDR Capacity(MB)               : 0
	DDR Usage Rate(%)              : 0
	DDR Hugepages Total(page)      : 0
	DDR Hugepages Usage Rate(%)    : 0
	HBM Capacity(MB)               : 65536
	HBM Usage Rate(%)              : 27
	Aicore Usage Rate(%)           : 0
	Aivector Usage Rate(%)         : 0
	Aicpu Usage Rate(%)            : 0
	Ctrlcpu Usage Rate(%)          : 4
	DDR Bandwidth Usage Rate(%)    : 0
	HBM Bandwidth Usage Rate(%)    : 0
	NPU Utilization(%)             : 0
	Aicube Usage Rate(%)           : 0
	Get pid name failed.
	Process id:1811027 Process name:                  Process memory(MB):14710
Error: cannot run top on container aceaef212ad03c546a6eb710fca4fd3c10f869d0c7973db9955d514211247daa as it did not create a cgroup: this container does not have a cgroup
timestamp_ns=1785750573361126357
	DDR Capacity(MB)               : 0
	DDR Usage Rate(%)              : 0
	DDR Hugepages Total(page)      : 0
	DDR Hugepages Usage Rate(%)    : 0
	HBM Capacity(MB)               : 65536
	HBM Usage Rate(%)              : 27
	Aicore Usage Rate(%)           : 0
	Aivector Usage Rate(%)         : 0
	Aicpu Usage Rate(%)            : 0
	Ctrlcpu Usage Rate(%)          : 6
	DDR Bandwidth Usage Rate(%)    : 0
	HBM Bandwidth Usage Rate(%)    : 0
	NPU Utilization(%)             : 0
	Aicube Usage Rate(%)           : 0
	Get pid name failed.
	Process id:1811027 Process name:                  Process memory(MB):14710
Error: cannot run top on container aceaef212ad03c546a6eb710fca4fd3c10f869d0c7973db9955d514211247daa as it did not create a cgroup: this container does not have a cgroup
timestamp_ns=1785750575511056118
	DDR Capacity(MB)               : 0
	DDR Usage Rate(%)              : 0
	DDR Hugepages Total(page)      : 0
	DDR Hugepages Usage Rate(%)    : 0
	HBM Capacity(MB)               : 65536
	HBM Usage Rate(%)              : 27
	Aicore Usage Rate(%)           : 0
	Aivector Usage Rate(%)         : 0
	Aicpu Usage Rate(%)            : 0
	Ctrlcpu Usage Rate(%)          : 3
	DDR Bandwidth Usage Rate(%)    : 0
	HBM Bandwidth Usage Rate(%)    : 0
	NPU Utilization(%)             : 0
	Aicube Usage Rate(%)           : 0
	Get pid name failed.
	Process id:1811027 Process name:                  Process memory(MB):14710
Error: cannot run top on container aceaef212ad03c546a6eb710fca4fd3c10f869d0c7973db9955d514211247daa as it did not create a cgroup: this container does not have a cgroup
timestamp_ns=1785750577651823620
	DDR Capacity(MB)               : 0
	DDR Usage Rate(%)              : 0
	DDR Hugepages Total(page)      : 0
	DDR Hugepages Usage Rate(%)    : 0
	HBM Capacity(MB)               : 65536
	HBM Usage Rate(%)              : 27
	Aicore Usage Rate(%)           : 0
	Aivector Usage Rate(%)         : 0
	Aicpu Usage Rate(%)            : 0
	Ctrlcpu Usage Rate(%)          : 4
	DDR Bandwidth Usage Rate(%)    : 0
	HBM Bandwidth Usage Rate(%)    : 0
	NPU Utilization(%)             : 0
	Aicube Usage Rate(%)           : 0
	Get pid name failed.
	Process id:1811027 Process name:                  Process memory(MB):14710
Error: cannot run top on container aceaef212ad03c546a6eb710fca4fd3c10f869d0c7973db9955d514211247daa as it did not create a cgroup: this container does not have a cgroup
timestamp_ns=1785750579804386245
	DDR Capacity(MB)               : 0
	DDR Usage Rate(%)              : 0
	DDR Hugepages Total(page)      : 0
	DDR Hugepages Usage Rate(%)    : 0
	HBM Capacity(MB)               : 65536
	HBM Usage Rate(%)              : 27
	Aicore Usage Rate(%)           : 0
	Aivector Usage Rate(%)         : 0
	Aicpu Usage Rate(%)            : 0
	Ctrlcpu Usage Rate(%)          : 3
	DDR Bandwidth Usage Rate(%)    : 0
	HBM Bandwidth Usage Rate(%)    : 0
	NPU Utilization(%)             : 0
	Aicube Usage Rate(%)           : 0
	Get pid name failed.
	Process id:1811027 Process name:                  Process memory(MB):14710
Error: cannot run top on container aceaef212ad03c546a6eb710fca4fd3c10f869d0c7973db9955d514211247daa as it did not create a cgroup: this container does not have a cgroup
timestamp_ns=1785750581943698279
	DDR Capacity(MB)               : 0
	DDR Usage Rate(%)              : 0
	DDR Hugepages Total(page)      : 0
	DDR Hugepages Usage Rate(%)    : 0
	HBM Capacity(MB)               : 65536
	HBM Usage Rate(%)              : 27
	Aicore Usage Rate(%)           : 0
	Aivector Usage Rate(%)         : 0
	Aicpu Usage Rate(%)            : 0
	Ctrlcpu Usage Rate(%)          : 2
	DDR Bandwidth Usage Rate(%)    : 0
	HBM Bandwidth Usage Rate(%)    : 0
	NPU Utilization(%)             : 0
	Aicube Usage Rate(%)           : 0
	Get pid name failed.
	Process id:1811027 Process name:                  Process memory(MB):14710
Error: cannot run top on container aceaef212ad03c546a6eb710fca4fd3c10f869d0c7973db9955d514211247daa as it did not create a cgroup: this container does not have a cgroup
timestamp_ns=1785750584130294697
	DDR Capacity(MB)               : 0
	DDR Usage Rate(%)              : 0
	DDR Hugepages Total(page)      : 0
	DDR Hugepages Usage Rate(%)    : 0
	HBM Capacity(MB)               : 65536
	HBM Usage Rate(%)              : 27
	Aicore Usage Rate(%)           : 0
	Aivector Usage Rate(%)         : 0
	Aicpu Usage Rate(%)            : 0
	Ctrlcpu Usage Rate(%)          : 1
	DDR Bandwidth Usage Rate(%)    : 0
	HBM Bandwidth Usage Rate(%)    : 0
	NPU Utilization(%)             : 0
	Aicube Usage Rate(%)           : 0
	Get pid name failed.
	Process id:1811027 Process name:                  Process memory(MB):14710
Error: cannot run top on container aceaef212ad03c546a6eb710fca4fd3c10f869d0c7973db9955d514211247daa as it did not create a cgroup: this container does not have a cgroup
timestamp_ns=1785750586313550789
	DDR Capacity(MB)               : 0
	DDR Usage Rate(%)              : 0
	DDR Hugepages Total(page)      : 0
	DDR Hugepages Usage Rate(%)    : 0
	HBM Capacity(MB)               : 65536
	HBM Usage Rate(%)              : 27
	Aicore Usage Rate(%)           : 0
	Aivector Usage Rate(%)         : 0
	Aicpu Usage Rate(%)            : 0
	Ctrlcpu Usage Rate(%)          : 4
	DDR Bandwidth Usage Rate(%)    : 0
	HBM Bandwidth Usage Rate(%)    : 0
	NPU Utilization(%)             : 0
	Aicube Usage Rate(%)           : 0
	Get pid name failed.
	Process id:1811027 Process name:                  Process memory(MB):14710
Error: cannot run top on container aceaef212ad03c546a6eb710fca4fd3c10f869d0c7973db9955d514211247daa as it did not create a cgroup: this container does not have a cgroup
timestamp_ns=1785750588559917525
	DDR Capacity(MB)               : 0
	DDR Usage Rate(%)              : 0
	DDR Hugepages Total(page)      : 0
	DDR Hugepages Usage Rate(%)    : 0
	HBM Capacity(MB)               : 65536
	HBM Usage Rate(%)              : 27
	Aicore Usage Rate(%)           : 0
	Aivector Usage Rate(%)         : 0
	Aicpu Usage Rate(%)            : 0
	Ctrlcpu Usage Rate(%)          : 4
	DDR Bandwidth Usage Rate(%)    : 0
	HBM Bandwidth Usage Rate(%)    : 0
	NPU Utilization(%)             : 0
	Aicube Usage Rate(%)           : 0
	Get pid name failed.
	Process id:1811027 Process name:                  Process memory(MB):14710
Error: cannot run top on container aceaef212ad03c546a6eb710fca4fd3c10f869d0c7973db9955d514211247daa as it did not create a cgroup: this container does not have a cgroup
timestamp_ns=1785750590721073322
	DDR Capacity(MB)               : 0
	DDR Usage Rate(%)              : 0
	DDR Hugepages Total(page)      : 0
	DDR Hugepages Usage Rate(%)    : 0
	HBM Capacity(MB)               : 65536
	HBM Usage Rate(%)              : 27
	Aicore Usage Rate(%)           : 0
	Aivector Usage Rate(%)         : 0
	Aicpu Usage Rate(%)            : 0
	Ctrlcpu Usage Rate(%)          : 5
	DDR Bandwidth Usage Rate(%)    : 0
	HBM Bandwidth Usage Rate(%)    : 0
	NPU Utilization(%)             : 0
	Aicube Usage Rate(%)           : 0
	Get pid name failed.
	Process id:1811027 Process name:                  Process memory(MB):14714
Error: cannot run top on container aceaef212ad03c546a6eb710fca4fd3c10f869d0c7973db9955d514211247daa as it did not create a cgroup: this container does not have a cgroup
timestamp_ns=1785750592900012479
	DDR Capacity(MB)               : 0
	DDR Usage Rate(%)              : 0
	DDR Hugepages Total(page)      : 0
	DDR Hugepages Usage Rate(%)    : 0
	HBM Capacity(MB)               : 65536
	HBM Usage Rate(%)              : 27
	Aicore Usage Rate(%)           : 0
	Aivector Usage Rate(%)         : 0
	Aicpu Usage Rate(%)            : 0
	Ctrlcpu Usage Rate(%)          : 2
	DDR Bandwidth Usage Rate(%)    : 0
	HBM Bandwidth Usage Rate(%)    : 0
	NPU Utilization(%)             : 0
	Aicube Usage Rate(%)           : 0
	Get pid name failed.
	Process id:1811027 Process name:                  Process memory(MB):14714
Error: cannot run top on container aceaef212ad03c546a6eb710fca4fd3c10f869d0c7973db9955d514211247daa as it did not create a cgroup: this container does not have a cgroup
timestamp_ns=1785750595091106445
	DDR Capacity(MB)               : 0
	DDR Usage Rate(%)              : 0
	DDR Hugepages Total(page)      : 0
	DDR Hugepages Usage Rate(%)    : 0
	HBM Capacity(MB)               : 65536
	HBM Usage Rate(%)              : 27
	Aicore Usage Rate(%)           : 0
	Aivector Usage Rate(%)         : 0
	Aicpu Usage Rate(%)            : 0
	Ctrlcpu Usage Rate(%)          : 0
	DDR Bandwidth Usage Rate(%)    : 0
	HBM Bandwidth Usage Rate(%)    : 0
	NPU Utilization(%)             : 0
	Aicube Usage Rate(%)           : 0
	Get pid name failed.
	Process id:1811027 Process name:                  Process memory(MB):14714
Error: cannot run top on container aceaef212ad03c546a6eb710fca4fd3c10f869d0c7973db9955d514211247daa as it did not create a cgroup: this container does not have a cgroup
timestamp_ns=1785750597341037669
	DDR Capacity(MB)               : 0
	DDR Usage Rate(%)              : 0
	DDR Hugepages Total(page)      : 0
	DDR Hugepages Usage Rate(%)    : 0
	HBM Capacity(MB)               : 65536
	HBM Usage Rate(%)              : 27
	Aicore Usage Rate(%)           : 0
	Aivector Usage Rate(%)         : 0
	Aicpu Usage Rate(%)            : 0
	Ctrlcpu Usage Rate(%)          : 2
	DDR Bandwidth Usage Rate(%)    : 0
	HBM Bandwidth Usage Rate(%)    : 0
	NPU Utilization(%)             : 0
	Aicube Usage Rate(%)           : 0
	Get pid name failed.
	Process id:1811027 Process name:                  Process memory(MB):14714
Error: cannot run top on container aceaef212ad03c546a6eb710fca4fd3c10f869d0c7973db9955d514211247daa as it did not create a cgroup: this container does not have a cgroup
timestamp_ns=1785750599612750333
	DDR Capacity(MB)               : 0
	DDR Usage Rate(%)              : 0
	DDR Hugepages Total(page)      : 0
	DDR Hugepages Usage Rate(%)    : 0
	HBM Capacity(MB)               : 65536
	HBM Usage Rate(%)              : 27
	Aicore Usage Rate(%)           : 0
	Aivector Usage Rate(%)         : 0
	Aicpu Usage Rate(%)            : 0
	Ctrlcpu Usage Rate(%)          : 3
	DDR Bandwidth Usage Rate(%)    : 0
	HBM Bandwidth Usage Rate(%)    : 0
	NPU Utilization(%)             : 0
	Aicube Usage Rate(%)           : 0
	Get pid name failed.
	Process id:1811027 Process name:                  Process memory(MB):14714
Error: cannot run top on container aceaef212ad03c546a6eb710fca4fd3c10f869d0c7973db9955d514211247daa as it did not create a cgroup: this container does not have a cgroup
timestamp_ns=1785750601804334579
	DDR Capacity(MB)               : 0
	DDR Usage Rate(%)              : 0
	DDR Hugepages Total(page)      : 0
	DDR Hugepages Usage Rate(%)    : 0
	HBM Capacity(MB)               : 65536
	HBM Usage Rate(%)              : 27
	Aicore Usage Rate(%)           : 0
	Aivector Usage Rate(%)         : 0
	Aicpu Usage Rate(%)            : 0
	Ctrlcpu Usage Rate(%)          : 2
	DDR Bandwidth Usage Rate(%)    : 0
	HBM Bandwidth Usage Rate(%)    : 0
	NPU Utilization(%)             : 0
	Aicube Usage Rate(%)           : 0
	Get pid name failed.
	Process id:1811027 Process name:                  Process memory(MB):14714
Error: cannot run top on container aceaef212ad03c546a6eb710fca4fd3c10f869d0c7973db9955d514211247daa as it did not create a cgroup: this container does not have a cgroup
timestamp_ns=1785750603938703685
	DDR Capacity(MB)               : 0
	DDR Usage Rate(%)              : 0
	DDR Hugepages Total(page)      : 0
	DDR Hugepages Usage Rate(%)    : 0
	HBM Capacity(MB)               : 65536
	HBM Usage Rate(%)              : 27
	Aicore Usage Rate(%)           : 0
	Aivector Usage Rate(%)         : 0
	Aicpu Usage Rate(%)            : 0
	Ctrlcpu Usage Rate(%)          : 4
	DDR Bandwidth Usage Rate(%)    : 0
	HBM Bandwidth Usage Rate(%)    : 0
	NPU Utilization(%)             : 0
	Aicube Usage Rate(%)           : 0
	Get pid name failed.
	Process id:1811027 Process name:                  Process memory(MB):14714
Error: cannot run top on container aceaef212ad03c546a6eb710fca4fd3c10f869d0c7973db9955d514211247daa as it did not create a cgroup: this container does not have a cgroup
timestamp_ns=1785750606082336019
	DDR Capacity(MB)               : 0
	DDR Usage Rate(%)              : 0
	DDR Hugepages Total(page)      : 0
	DDR Hugepages Usage Rate(%)    : 0
	HBM Capacity(MB)               : 65536
	HBM Usage Rate(%)              : 27
	Aicore Usage Rate(%)           : 0
	Aivector Usage Rate(%)         : 0
	Aicpu Usage Rate(%)            : 0
	Ctrlcpu Usage Rate(%)          : 2
	DDR Bandwidth Usage Rate(%)    : 0
	HBM Bandwidth Usage Rate(%)    : 0
	NPU Utilization(%)             : 0
	Aicube Usage Rate(%)           : 0
	Get pid name failed.
	Process id:1811027 Process name:                  Process memory(MB):14714
Error: cannot run top on container aceaef212ad03c546a6eb710fca4fd3c10f869d0c7973db9955d514211247daa as it did not create a cgroup: this container does not have a cgroup
timestamp_ns=1785750608256171713
	DDR Capacity(MB)               : 0
	DDR Usage Rate(%)              : 0
	DDR Hugepages Total(page)      : 0
	DDR Hugepages Usage Rate(%)    : 0
	HBM Capacity(MB)               : 65536
	HBM Usage Rate(%)              : 27
	Aicore Usage Rate(%)           : 1
	Aivector Usage Rate(%)         : 0
	Aicpu Usage Rate(%)            : 0
	Ctrlcpu Usage Rate(%)          : 0
	DDR Bandwidth Usage Rate(%)    : 0
	HBM Bandwidth Usage Rate(%)    : 0
	NPU Utilization(%)             : 34
	Aicube Usage Rate(%)           : 1
	Get pid name failed.
	Process id:1811027 Process name:                  Process memory(MB):14782
Error: cannot run top on container aceaef212ad03c546a6eb710fca4fd3c10f869d0c7973db9955d514211247daa as it did not create a cgroup: this container does not have a cgroup
timestamp_ns=1785750610426589080
	DDR Capacity(MB)               : 0
	DDR Usage Rate(%)              : 0
	DDR Hugepages Total(page)      : 0
	DDR Hugepages Usage Rate(%)    : 0
	HBM Capacity(MB)               : 65536
	HBM Usage Rate(%)              : 28
	Aicore Usage Rate(%)           : 7
	Aivector Usage Rate(%)         : 0
	Aicpu Usage Rate(%)            : 0
	Ctrlcpu Usage Rate(%)          : 0
	DDR Bandwidth Usage Rate(%)    : 0
	HBM Bandwidth Usage Rate(%)    : 0
	NPU Utilization(%)             : 7
	Aicube Usage Rate(%)           : 6
	Get pid name failed.
	Process id:1811027 Process name:                  Process memory(MB):15260
Error: cannot run top on container aceaef212ad03c546a6eb710fca4fd3c10f869d0c7973db9955d514211247daa as it did not create a cgroup: this container does not have a cgroup
timestamp_ns=1785750612811670796
	DDR Capacity(MB)               : 0
	DDR Usage Rate(%)              : 0
	DDR Hugepages Total(page)      : 0
	DDR Hugepages Usage Rate(%)    : 0
	HBM Capacity(MB)               : 65536
	HBM Usage Rate(%)              : 28
	Aicore Usage Rate(%)           : 0
	Aivector Usage Rate(%)         : 0
	Aicpu Usage Rate(%)            : 0
	Ctrlcpu Usage Rate(%)          : 5
	DDR Bandwidth Usage Rate(%)    : 0
	HBM Bandwidth Usage Rate(%)    : 0
	NPU Utilization(%)             : 0
	Aicube Usage Rate(%)           : 0
	Get pid name failed.
	Process id:1811027 Process name:                  Process memory(MB):15630
Error: cannot run top on container aceaef212ad03c546a6eb710fca4fd3c10f869d0c7973db9955d514211247daa as it did not create a cgroup: this container does not have a cgroup
timestamp_ns=1785750614976406090
	DDR Capacity(MB)               : 0
	DDR Usage Rate(%)              : 0
	DDR Hugepages Total(page)      : 0
	DDR Hugepages Usage Rate(%)    : 0
	HBM Capacity(MB)               : 65536
	HBM Usage Rate(%)              : 28
	Aicore Usage Rate(%)           : 0
	Aivector Usage Rate(%)         : 0
	Aicpu Usage Rate(%)            : 0
	Ctrlcpu Usage Rate(%)          : 3
	DDR Bandwidth Usage Rate(%)    : 0
	HBM Bandwidth Usage Rate(%)    : 0
	NPU Utilization(%)             : 0
	Aicube Usage Rate(%)           : 0
	Get pid name failed.
	Process id:1811027 Process name:                  Process memory(MB):15630
Error: cannot run top on container aceaef212ad03c546a6eb710fca4fd3c10f869d0c7973db9955d514211247daa as it did not create a cgroup: this container does not have a cgroup
timestamp_ns=1785750617203446633
	DDR Capacity(MB)               : 0
	DDR Usage Rate(%)              : 0
	DDR Hugepages Total(page)      : 0
	DDR Hugepages Usage Rate(%)    : 0
	HBM Capacity(MB)               : 65536
	HBM Usage Rate(%)              : 28
	Aicore Usage Rate(%)           : 0
	Aivector Usage Rate(%)         : 0
	Aicpu Usage Rate(%)            : 0
	Ctrlcpu Usage Rate(%)          : 1
	DDR Bandwidth Usage Rate(%)    : 0
	HBM Bandwidth Usage Rate(%)    : 0
	NPU Utilization(%)             : 0
	Aicube Usage Rate(%)           : 0
	Get pid name failed.
	Process id:1811027 Process name:                  Process memory(MB):15630
Error: cannot run top on container aceaef212ad03c546a6eb710fca4fd3c10f869d0c7973db9955d514211247daa as it did not create a cgroup: this container does not have a cgroup
timestamp_ns=1785750619387985616
	DDR Capacity(MB)               : 0
	DDR Usage Rate(%)              : 0
	DDR Hugepages Total(page)      : 0
	DDR Hugepages Usage Rate(%)    : 0
	HBM Capacity(MB)               : 65536
	HBM Usage Rate(%)              : 28
	Aicore Usage Rate(%)           : 0
	Aivector Usage Rate(%)         : 0
	Aicpu Usage Rate(%)            : 0
	Ctrlcpu Usage Rate(%)          : 4
	DDR Bandwidth Usage Rate(%)    : 0
	HBM Bandwidth Usage Rate(%)    : 0
	NPU Utilization(%)             : 0
	Aicube Usage Rate(%)           : 0
	Get pid name failed.
	Process id:1811027 Process name:                  Process memory(MB):15630
Error: cannot run top on container aceaef212ad03c546a6eb710fca4fd3c10f869d0c7973db9955d514211247daa as it did not create a cgroup: this container does not have a cgroup
timestamp_ns=1785750621616690546
	DDR Capacity(MB)               : 0
	DDR Usage Rate(%)              : 0
	DDR Hugepages Total(page)      : 0
	DDR Hugepages Usage Rate(%)    : 0
	HBM Capacity(MB)               : 65536
	HBM Usage Rate(%)              : 28
	Aicore Usage Rate(%)           : 0
	Aivector Usage Rate(%)         : 0
	Aicpu Usage Rate(%)            : 0
	Ctrlcpu Usage Rate(%)          : 4
	DDR Bandwidth Usage Rate(%)    : 0
	HBM Bandwidth Usage Rate(%)    : 0
	NPU Utilization(%)             : 0
	Aicube Usage Rate(%)           : 0
	Get pid name failed.
	Process id:1811027 Process name:                  Process memory(MB):15630
Error: cannot run top on container aceaef212ad03c546a6eb710fca4fd3c10f869d0c7973db9955d514211247daa as it did not create a cgroup: this container does not have a cgroup
timestamp_ns=1785750623801806508
	DDR Capacity(MB)               : 0
	DDR Usage Rate(%)              : 0
	DDR Hugepages Total(page)      : 0
	DDR Hugepages Usage Rate(%)    : 0
	HBM Capacity(MB)               : 65536
	HBM Usage Rate(%)              : 28
	Aicore Usage Rate(%)           : 0
	Aivector Usage Rate(%)         : 0
	Aicpu Usage Rate(%)            : 0
	Ctrlcpu Usage Rate(%)          : 4
	DDR Bandwidth Usage Rate(%)    : 0
	HBM Bandwidth Usage Rate(%)    : 0
	NPU Utilization(%)             : 0
	Aicube Usage Rate(%)           : 0
	Get pid name failed.
	Process id:1811027 Process name:                  Process memory(MB):15630
Error: cannot run top on container aceaef212ad03c546a6eb710fca4fd3c10f869d0c7973db9955d514211247daa as it did not create a cgroup: this container does not have a cgroup
timestamp_ns=1785750625999779052
	DDR Capacity(MB)               : 0
	DDR Usage Rate(%)              : 0
	DDR Hugepages Total(page)      : 0
	DDR Hugepages Usage Rate(%)    : 0
	HBM Capacity(MB)               : 65536
	HBM Usage Rate(%)              : 28
	Aicore Usage Rate(%)           : 0
	Aivector Usage Rate(%)         : 0
	Aicpu Usage Rate(%)            : 0
	Ctrlcpu Usage Rate(%)          : 5
	DDR Bandwidth Usage Rate(%)    : 0
	HBM Bandwidth Usage Rate(%)    : 0
	NPU Utilization(%)             : 0
	Aicube Usage Rate(%)           : 0
	Get pid name failed.
	Process id:1811027 Process name:                  Process memory(MB):15630
Error: cannot run top on container aceaef212ad03c546a6eb710fca4fd3c10f869d0c7973db9955d514211247daa as it did not create a cgroup: this container does not have a cgroup
timestamp_ns=1785750628152286146
	DDR Capacity(MB)               : 0
	DDR Usage Rate(%)              : 0
	DDR Hugepages Total(page)      : 0
	DDR Hugepages Usage Rate(%)    : 0
	HBM Capacity(MB)               : 65536
	HBM Usage Rate(%)              : 28
	Aicore Usage Rate(%)           : 0
	Aivector Usage Rate(%)         : 0
	Aicpu Usage Rate(%)            : 0
	Ctrlcpu Usage Rate(%)          : 8
	DDR Bandwidth Usage Rate(%)    : 0
	HBM Bandwidth Usage Rate(%)    : 0
	NPU Utilization(%)             : 0
	Aicube Usage Rate(%)           : 0
	Get pid name failed.
	Process id:1811027 Process name:                  Process memory(MB):15630
Error: cannot run top on container aceaef212ad03c546a6eb710fca4fd3c10f869d0c7973db9955d514211247daa as it did not create a cgroup: this container does not have a cgroup
timestamp_ns=1785750630360166423
	DDR Capacity(MB)               : 0
	DDR Usage Rate(%)              : 0
	DDR Hugepages Total(page)      : 0
	DDR Hugepages Usage Rate(%)    : 0
	HBM Capacity(MB)               : 65536
	HBM Usage Rate(%)              : 28
	Aicore Usage Rate(%)           : 0
	Aivector Usage Rate(%)         : 0
	Aicpu Usage Rate(%)            : 0
	Ctrlcpu Usage Rate(%)          : 3
	DDR Bandwidth Usage Rate(%)    : 0
	HBM Bandwidth Usage Rate(%)    : 0
	NPU Utilization(%)             : 0
	Aicube Usage Rate(%)           : 0
	Get pid name failed.
	Process id:1811027 Process name:                  Process memory(MB):15630
Error: cannot run top on container aceaef212ad03c546a6eb710fca4fd3c10f869d0c7973db9955d514211247daa as it did not create a cgroup: this container does not have a cgroup
timestamp_ns=1785750632555791068
	DDR Capacity(MB)               : 0
	DDR Usage Rate(%)              : 0
	DDR Hugepages Total(page)      : 0
	DDR Hugepages Usage Rate(%)    : 0
	HBM Capacity(MB)               : 65536
	HBM Usage Rate(%)              : 28
	Aicore Usage Rate(%)           : 0
	Aivector Usage Rate(%)         : 0
	Aicpu Usage Rate(%)            : 0
	Ctrlcpu Usage Rate(%)          : 2
	DDR Bandwidth Usage Rate(%)    : 0
	HBM Bandwidth Usage Rate(%)    : 0
	NPU Utilization(%)             : 0
	Aicube Usage Rate(%)           : 0
	Get pid name failed.
	Process id:1811027 Process name:                  Process memory(MB):15630
Error: cannot run top on container aceaef212ad03c546a6eb710fca4fd3c10f869d0c7973db9955d514211247daa as it did not create a cgroup: this container does not have a cgroup
timestamp_ns=1785750634698691875
	DDR Capacity(MB)               : 0
	DDR Usage Rate(%)              : 0
	DDR Hugepages Total(page)      : 0
	DDR Hugepages Usage Rate(%)    : 0
	HBM Capacity(MB)               : 65536
	HBM Usage Rate(%)              : 28
	Aicore Usage Rate(%)           : 0
	Aivector Usage Rate(%)         : 0
	Aicpu Usage Rate(%)            : 0
	Ctrlcpu Usage Rate(%)          : 4
	DDR Bandwidth Usage Rate(%)    : 0
	HBM Bandwidth Usage Rate(%)    : 0
	NPU Utilization(%)             : 0
	Aicube Usage Rate(%)           : 0
	Get pid name failed.
	Process id:1811027 Process name:                  Process memory(MB):15630
Error: cannot run top on container aceaef212ad03c546a6eb710fca4fd3c10f869d0c7973db9955d514211247daa as it did not create a cgroup: this container does not have a cgroup
timestamp_ns=1785750636852906046
	DDR Capacity(MB)               : 0
	DDR Usage Rate(%)              : 0
	DDR Hugepages Total(page)      : 0
	DDR Hugepages Usage Rate(%)    : 0
	HBM Capacity(MB)               : 65536
	HBM Usage Rate(%)              : 28
	Aicore Usage Rate(%)           : 0
	Aivector Usage Rate(%)         : 0
	Aicpu Usage Rate(%)            : 0
	Ctrlcpu Usage Rate(%)          : 3
	DDR Bandwidth Usage Rate(%)    : 0
	HBM Bandwidth Usage Rate(%)    : 0
	NPU Utilization(%)             : 0
	Aicube Usage Rate(%)           : 0
	Get pid name failed.
	Process id:1811027 Process name:                  Process memory(MB):15630
Error: cannot run top on container aceaef212ad03c546a6eb710fca4fd3c10f869d0c7973db9955d514211247daa as it did not create a cgroup: this container does not have a cgroup
timestamp_ns=1785750639014521043
	DDR Capacity(MB)               : 0
	DDR Usage Rate(%)              : 0
	DDR Hugepages Total(page)      : 0
	DDR Hugepages Usage Rate(%)    : 0
	HBM Capacity(MB)               : 65536
	HBM Usage Rate(%)              : 28
	Aicore Usage Rate(%)           : 0
	Aivector Usage Rate(%)         : 0
	Aicpu Usage Rate(%)            : 0
	Ctrlcpu Usage Rate(%)          : 2
	DDR Bandwidth Usage Rate(%)    : 0
	HBM Bandwidth Usage Rate(%)    : 0
	NPU Utilization(%)             : 0
	Aicube Usage Rate(%)           : 0
	Get pid name failed.
	Process id:1811027 Process name:                  Process memory(MB):15630
Error: cannot run top on container aceaef212ad03c546a6eb710fca4fd3c10f869d0c7973db9955d514211247daa as it did not create a cgroup: this container does not have a cgroup
timestamp_ns=1785750641153323391
	DDR Capacity(MB)               : 0
	DDR Usage Rate(%)              : 0
	DDR Hugepages Total(page)      : 0
	DDR Hugepages Usage Rate(%)    : 0
	HBM Capacity(MB)               : 65536
	HBM Usage Rate(%)              : 28
	Aicore Usage Rate(%)           : 0
	Aivector Usage Rate(%)         : 0
	Aicpu Usage Rate(%)            : 0
	Ctrlcpu Usage Rate(%)          : 6
	DDR Bandwidth Usage Rate(%)    : 0
	HBM Bandwidth Usage Rate(%)    : 0
	NPU Utilization(%)             : 0
	Aicube Usage Rate(%)           : 0
	Get pid name failed.
	Process id:1811027 Process name:                  Process memory(MB):15630
Error: cannot run top on container aceaef212ad03c546a6eb710fca4fd3c10f869d0c7973db9955d514211247daa as it did not create a cgroup: this container does not have a cgroup
timestamp_ns=1785750643287339109
	DDR Capacity(MB)               : 0
	DDR Usage Rate(%)              : 0
	DDR Hugepages Total(page)      : 0
	DDR Hugepages Usage Rate(%)    : 0
	HBM Capacity(MB)               : 65536
	HBM Usage Rate(%)              : 29
	Aicore Usage Rate(%)           : 76
	Aivector Usage Rate(%)         : 5
	Aicpu Usage Rate(%)            : 0
	Ctrlcpu Usage Rate(%)          : 9
	DDR Bandwidth Usage Rate(%)    : 0
	HBM Bandwidth Usage Rate(%)    : 52
	NPU Utilization(%)             : 100
	Aicube Usage Rate(%)           : 70
	Get pid name failed.
	Process id:1811027 Process name:                  Process memory(MB):15960
Error: cannot run top on container aceaef212ad03c546a6eb710fca4fd3c10f869d0c7973db9955d514211247daa as it did not create a cgroup: this container does not have a cgroup
timestamp_ns=1785750645438176889
	DDR Capacity(MB)               : 0
	DDR Usage Rate(%)              : 0
	DDR Hugepages Total(page)      : 0
	DDR Hugepages Usage Rate(%)    : 0
	HBM Capacity(MB)               : 65536
	HBM Usage Rate(%)              : 29
	Aicore Usage Rate(%)           : 78
	Aivector Usage Rate(%)         : 5
	Aicpu Usage Rate(%)            : 0
	Ctrlcpu Usage Rate(%)          : 1
	DDR Bandwidth Usage Rate(%)    : 0
	HBM Bandwidth Usage Rate(%)    : 53
	NPU Utilization(%)             : 86
	Aicube Usage Rate(%)           : 71
	Get pid name failed.
	Process id:1811027 Process name:                  Process memory(MB):15960
Error: cannot run top on container aceaef212ad03c546a6eb710fca4fd3c10f869d0c7973db9955d514211247daa as it did not create a cgroup: this container does not have a cgroup
timestamp_ns=1785750647585081224
	DDR Capacity(MB)               : 0
	DDR Usage Rate(%)              : 0
	DDR Hugepages Total(page)      : 0
	DDR Hugepages Usage Rate(%)    : 0
	HBM Capacity(MB)               : 65536
	HBM Usage Rate(%)              : 29
	Aicore Usage Rate(%)           : 77
	Aivector Usage Rate(%)         : 5
	Aicpu Usage Rate(%)            : 0
	Ctrlcpu Usage Rate(%)          : 4
	DDR Bandwidth Usage Rate(%)    : 0
	HBM Bandwidth Usage Rate(%)    : 53
	NPU Utilization(%)             : 93
	Aicube Usage Rate(%)           : 70
	Get pid name failed.
	Process id:1811027 Process name:                  Process memory(MB):15960
Error: cannot run top on container aceaef212ad03c546a6eb710fca4fd3c10f869d0c7973db9955d514211247daa as it did not create a cgroup: this container does not have a cgroup
timestamp_ns=1785750649769598768
	DDR Capacity(MB)               : 0
	DDR Usage Rate(%)              : 0
	DDR Hugepages Total(page)      : 0
	DDR Hugepages Usage Rate(%)    : 0
	HBM Capacity(MB)               : 65536
	HBM Usage Rate(%)              : 29
	Aicore Usage Rate(%)           : 72
	Aivector Usage Rate(%)         : 4
	Aicpu Usage Rate(%)            : 0
	Ctrlcpu Usage Rate(%)          : 1
	DDR Bandwidth Usage Rate(%)    : 0
	HBM Bandwidth Usage Rate(%)    : 53
	NPU Utilization(%)             : 93
	Aicube Usage Rate(%)           : 65
	Get pid name failed.
	Process id:1811027 Process name:                  Process memory(MB):15960
Error: cannot run top on container aceaef212ad03c546a6eb710fca4fd3c10f869d0c7973db9955d514211247daa as it did not create a cgroup: this container does not have a cgroup
timestamp_ns=1785750651946381281
	DDR Capacity(MB)               : 0
	DDR Usage Rate(%)              : 0
	DDR Hugepages Total(page)      : 0
	DDR Hugepages Usage Rate(%)    : 0
	HBM Capacity(MB)               : 65536
	HBM Usage Rate(%)              : 29
	Aicore Usage Rate(%)           : 73
	Aivector Usage Rate(%)         : 4
	Aicpu Usage Rate(%)            : 0
	Ctrlcpu Usage Rate(%)          : 8
	DDR Bandwidth Usage Rate(%)    : 0
	HBM Bandwidth Usage Rate(%)    : 54
	NPU Utilization(%)             : 100
	Aicube Usage Rate(%)           : 67
	Get pid name failed.
	Process id:1811027 Process name:                  Process memory(MB):15960
Error: cannot run top on container aceaef212ad03c546a6eb710fca4fd3c10f869d0c7973db9955d514211247daa as it did not create a cgroup: this container does not have a cgroup
timestamp_ns=1785750654120978209
	DDR Capacity(MB)               : 0
	DDR Usage Rate(%)              : 0
	DDR Hugepages Total(page)      : 0
	DDR Hugepages Usage Rate(%)    : 0
	HBM Capacity(MB)               : 65536
	HBM Usage Rate(%)              : 29
	Aicore Usage Rate(%)           : 78
	Aivector Usage Rate(%)         : 5
	Aicpu Usage Rate(%)            : 0
	Ctrlcpu Usage Rate(%)          : 2
	DDR Bandwidth Usage Rate(%)    : 0
	HBM Bandwidth Usage Rate(%)    : 54
	NPU Utilization(%)             : 93
	Aicube Usage Rate(%)           : 70
	Get pid name failed.
	Process id:1811027 Process name:                  Process memory(MB):15960
Error: cannot run top on container aceaef212ad03c546a6eb710fca4fd3c10f869d0c7973db9955d514211247daa as it did not create a cgroup: this container does not have a cgroup
timestamp_ns=1785750656264938381
	DDR Capacity(MB)               : 0
	DDR Usage Rate(%)              : 0
	DDR Hugepages Total(page)      : 0
	DDR Hugepages Usage Rate(%)    : 0
	HBM Capacity(MB)               : 65536
	HBM Usage Rate(%)              : 29
	Aicore Usage Rate(%)           : 74
	Aivector Usage Rate(%)         : 4
	Aicpu Usage Rate(%)            : 0
	Ctrlcpu Usage Rate(%)          : 2
	DDR Bandwidth Usage Rate(%)    : 0
	HBM Bandwidth Usage Rate(%)    : 27
	NPU Utilization(%)             : 82
	Aicube Usage Rate(%)           : 68
	Get pid name failed.
	Process id:1811027 Process name:                  Process memory(MB):15960
Error: cannot run top on container aceaef212ad03c546a6eb710fca4fd3c10f869d0c7973db9955d514211247daa as it did not create a cgroup: this container does not have a cgroup
timestamp_ns=1785750658417173244
	DDR Capacity(MB)               : 0
	DDR Usage Rate(%)              : 0
	DDR Hugepages Total(page)      : 0
	DDR Hugepages Usage Rate(%)    : 0
	HBM Capacity(MB)               : 65536
	HBM Usage Rate(%)              : 29
	Aicore Usage Rate(%)           : 79
	Aivector Usage Rate(%)         : 5
	Aicpu Usage Rate(%)            : 0
	Ctrlcpu Usage Rate(%)          : 4
	DDR Bandwidth Usage Rate(%)    : 0
	HBM Bandwidth Usage Rate(%)    : 53
	NPU Utilization(%)             : 89
	Aicube Usage Rate(%)           : 71
	Get pid name failed.
	Process id:1811027 Process name:                  Process memory(MB):15960
Error: cannot run top on container aceaef212ad03c546a6eb710fca4fd3c10f869d0c7973db9955d514211247daa as it did not create a cgroup: this container does not have a cgroup
timestamp_ns=1785750660564495134
	DDR Capacity(MB)               : 0
	DDR Usage Rate(%)              : 0
	DDR Hugepages Total(page)      : 0
	DDR Hugepages Usage Rate(%)    : 0
	HBM Capacity(MB)               : 65536
	HBM Usage Rate(%)              : 29
	Aicore Usage Rate(%)           : 75
	Aivector Usage Rate(%)         : 4
	Aicpu Usage Rate(%)            : 0
	Ctrlcpu Usage Rate(%)          : 1
	DDR Bandwidth Usage Rate(%)    : 0
	HBM Bandwidth Usage Rate(%)    : 49
	NPU Utilization(%)             : 93
	Aicube Usage Rate(%)           : 69
	Get pid name failed.
	Process id:1811027 Process name:                  Process memory(MB):15960
Error: cannot run top on container aceaef212ad03c546a6eb710fca4fd3c10f869d0c7973db9955d514211247daa as it did not create a cgroup: this container does not have a cgroup
timestamp_ns=1785750662732258401
	DDR Capacity(MB)               : 0
	DDR Usage Rate(%)              : 0
	DDR Hugepages Total(page)      : 0
	DDR Hugepages Usage Rate(%)    : 0
	HBM Capacity(MB)               : 65536
	HBM Usage Rate(%)              : 29
	Aicore Usage Rate(%)           : 78
	Aivector Usage Rate(%)         : 4
	Aicpu Usage Rate(%)            : 0
	Ctrlcpu Usage Rate(%)          : 8
	DDR Bandwidth Usage Rate(%)    : 0
	HBM Bandwidth Usage Rate(%)    : 52
	NPU Utilization(%)             : 89
	Aicube Usage Rate(%)           : 70
	Get pid name failed.
	Process id:1811027 Process name:                  Process memory(MB):15960
Error: cannot run top on container aceaef212ad03c546a6eb710fca4fd3c10f869d0c7973db9955d514211247daa as it did not create a cgroup: this container does not have a cgroup
timestamp_ns=1785750664897639320
	DDR Capacity(MB)               : 0
	DDR Usage Rate(%)              : 0
	DDR Hugepages Total(page)      : 0
	DDR Hugepages Usage Rate(%)    : 0
	HBM Capacity(MB)               : 65536
	HBM Usage Rate(%)              : 29
	Aicore Usage Rate(%)           : 76
	Aivector Usage Rate(%)         : 4
	Aicpu Usage Rate(%)            : 0
	Ctrlcpu Usage Rate(%)          : 2
	DDR Bandwidth Usage Rate(%)    : 0
	HBM Bandwidth Usage Rate(%)    : 53
	NPU Utilization(%)             : 86
	Aicube Usage Rate(%)           : 70
	Get pid name failed.
	Process id:1811027 Process name:                  Process memory(MB):15980
Error: cannot run top on container aceaef212ad03c546a6eb710fca4fd3c10f869d0c7973db9955d514211247daa as it did not create a cgroup: this container does not have a cgroup
timestamp_ns=1785750667034164924
	DDR Capacity(MB)               : 0
	DDR Usage Rate(%)              : 0
	DDR Hugepages Total(page)      : 0
	DDR Hugepages Usage Rate(%)    : 0
	HBM Capacity(MB)               : 65536
	HBM Usage Rate(%)              : 29
	Aicore Usage Rate(%)           : 78
	Aivector Usage Rate(%)         : 5
	Aicpu Usage Rate(%)            : 0
	Ctrlcpu Usage Rate(%)          : 3
	DDR Bandwidth Usage Rate(%)    : 0
	HBM Bandwidth Usage Rate(%)    : 53
	NPU Utilization(%)             : 89
	Aicube Usage Rate(%)           : 71
	Get pid name failed.
	Process id:1811027 Process name:                  Process memory(MB):15980
Error: cannot run top on container aceaef212ad03c546a6eb710fca4fd3c10f869d0c7973db9955d514211247daa as it did not create a cgroup: this container does not have a cgroup
timestamp_ns=1785750669189454325
	DDR Capacity(MB)               : 0
	DDR Usage Rate(%)              : 0
	DDR Hugepages Total(page)      : 0
	DDR Hugepages Usage Rate(%)    : 0
	HBM Capacity(MB)               : 65536
	HBM Usage Rate(%)              : 29
	Aicore Usage Rate(%)           : 79
	Aivector Usage Rate(%)         : 5
	Aicpu Usage Rate(%)            : 0
	Ctrlcpu Usage Rate(%)          : 2
	DDR Bandwidth Usage Rate(%)    : 0
	HBM Bandwidth Usage Rate(%)    : 53
	NPU Utilization(%)             : 82
	Aicube Usage Rate(%)           : 72
	Get pid name failed.
	Process id:1811027 Process name:                  Process memory(MB):15980
Error: cannot run top on container aceaef212ad03c546a6eb710fca4fd3c10f869d0c7973db9955d514211247daa as it did not create a cgroup: this container does not have a cgroup
timestamp_ns=1785750671342074773
	DDR Capacity(MB)               : 0
	DDR Usage Rate(%)              : 0
	DDR Hugepages Total(page)      : 0
	DDR Hugepages Usage Rate(%)    : 0
	HBM Capacity(MB)               : 65536
	HBM Usage Rate(%)              : 29
	Aicore Usage Rate(%)           : 78
	Aivector Usage Rate(%)         : 5
	Aicpu Usage Rate(%)            : 0
	Ctrlcpu Usage Rate(%)          : 3
	DDR Bandwidth Usage Rate(%)    : 0
	HBM Bandwidth Usage Rate(%)    : 53
	NPU Utilization(%)             : 86
	Aicube Usage Rate(%)           : 71
	Get pid name failed.
	Process id:1811027 Process name:                  Process memory(MB):15980
Error: cannot run top on container aceaef212ad03c546a6eb710fca4fd3c10f869d0c7973db9955d514211247daa as it did not create a cgroup: this container does not have a cgroup
timestamp_ns=1785750673497448185
	DDR Capacity(MB)               : 0
	DDR Usage Rate(%)              : 0
	DDR Hugepages Total(page)      : 0
	DDR Hugepages Usage Rate(%)    : 0
	HBM Capacity(MB)               : 65536
	HBM Usage Rate(%)              : 29
	Aicore Usage Rate(%)           : 78
	Aivector Usage Rate(%)         : 5
	Aicpu Usage Rate(%)            : 0
	Ctrlcpu Usage Rate(%)          : 8
	DDR Bandwidth Usage Rate(%)    : 0
	HBM Bandwidth Usage Rate(%)    : 52
	NPU Utilization(%)             : 86
	Aicube Usage Rate(%)           : 70
	Get pid name failed.
	Process id:1811027 Process name:                  Process memory(MB):15980
Error: cannot run top on container aceaef212ad03c546a6eb710fca4fd3c10f869d0c7973db9955d514211247daa as it did not create a cgroup: this container does not have a cgroup
timestamp_ns=1785750675639555788
	DDR Capacity(MB)               : 0
	DDR Usage Rate(%)              : 0
	DDR Hugepages Total(page)      : 0
	DDR Hugepages Usage Rate(%)    : 0
	HBM Capacity(MB)               : 65536
	HBM Usage Rate(%)              : 29
	Aicore Usage Rate(%)           : 77
	Aivector Usage Rate(%)         : 5
	Aicpu Usage Rate(%)            : 0
	Ctrlcpu Usage Rate(%)          : 3
	DDR Bandwidth Usage Rate(%)    : 0
	HBM Bandwidth Usage Rate(%)    : 53
	NPU Utilization(%)             : 93
	Aicube Usage Rate(%)           : 71
	Get pid name failed.
	Process id:1811027 Process name:                  Process memory(MB):16000
Error: cannot run top on container aceaef212ad03c546a6eb710fca4fd3c10f869d0c7973db9955d514211247daa as it did not create a cgroup: this container does not have a cgroup
timestamp_ns=1785750677775842143
	DDR Capacity(MB)               : 0
	DDR Usage Rate(%)              : 0
	DDR Hugepages Total(page)      : 0
	DDR Hugepages Usage Rate(%)    : 0
	HBM Capacity(MB)               : 65536
	HBM Usage Rate(%)              : 29
	Aicore Usage Rate(%)           : 79
	Aivector Usage Rate(%)         : 5
	Aicpu Usage Rate(%)            : 0
	Ctrlcpu Usage Rate(%)          : 5
	DDR Bandwidth Usage Rate(%)    : 0
	HBM Bandwidth Usage Rate(%)    : 54
	NPU Utilization(%)             : 89
	Aicube Usage Rate(%)           : 71
	Get pid name failed.
	Process id:1811027 Process name:                  Process memory(MB):16000
Error: cannot run top on container aceaef212ad03c546a6eb710fca4fd3c10f869d0c7973db9955d514211247daa as it did not create a cgroup: this container does not have a cgroup
timestamp_ns=1785750679931268621
	DDR Capacity(MB)               : 0
	DDR Usage Rate(%)              : 0
	DDR Hugepages Total(page)      : 0
	DDR Hugepages Usage Rate(%)    : 0
	HBM Capacity(MB)               : 65536
	HBM Usage Rate(%)              : 29
	Aicore Usage Rate(%)           : 79
	Aivector Usage Rate(%)         : 5
	Aicpu Usage Rate(%)            : 0
	Ctrlcpu Usage Rate(%)          : 3
	DDR Bandwidth Usage Rate(%)    : 0
	HBM Bandwidth Usage Rate(%)    : 53
	NPU Utilization(%)             : 89
	Aicube Usage Rate(%)           : 73
	Get pid name failed.
	Process id:1811027 Process name:                  Process memory(MB):16000
Error: cannot run top on container aceaef212ad03c546a6eb710fca4fd3c10f869d0c7973db9955d514211247daa as it did not create a cgroup: this container does not have a cgroup
timestamp_ns=1785750682077967449
	DDR Capacity(MB)               : 0
	DDR Usage Rate(%)              : 0
	DDR Hugepages Total(page)      : 0
	DDR Hugepages Usage Rate(%)    : 0
	HBM Capacity(MB)               : 65536
	HBM Usage Rate(%)              : 29
	Aicore Usage Rate(%)           : 81
	Aivector Usage Rate(%)         : 5
	Aicpu Usage Rate(%)            : 0
	Ctrlcpu Usage Rate(%)          : 2
	DDR Bandwidth Usage Rate(%)    : 0
	HBM Bandwidth Usage Rate(%)    : 53
	NPU Utilization(%)             : 93
	Aicube Usage Rate(%)           : 74
	Get pid name failed.
	Process id:1811027 Process name:                  Process memory(MB):16000
Error: cannot run top on container aceaef212ad03c546a6eb710fca4fd3c10f869d0c7973db9955d514211247daa as it did not create a cgroup: this container does not have a cgroup
timestamp_ns=1785750684269457253
	DDR Capacity(MB)               : 0
	DDR Usage Rate(%)              : 0
	DDR Hugepages Total(page)      : 0
	DDR Hugepages Usage Rate(%)    : 0
	HBM Capacity(MB)               : 65536
	HBM Usage Rate(%)              : 29
	Aicore Usage Rate(%)           : 79
	Aivector Usage Rate(%)         : 5
	Aicpu Usage Rate(%)            : 0
	Ctrlcpu Usage Rate(%)          : 5
	DDR Bandwidth Usage Rate(%)    : 0
	HBM Bandwidth Usage Rate(%)    : 0
	NPU Utilization(%)             : 89
	Aicube Usage Rate(%)           : 71
	Get pid name failed.
	Process id:1811027 Process name:                  Process memory(MB):16006
Error: cannot run top on container aceaef212ad03c546a6eb710fca4fd3c10f869d0c7973db9955d514211247daa as it did not create a cgroup: this container does not have a cgroup
timestamp_ns=1785750686425836953
	DDR Capacity(MB)               : 0
	DDR Usage Rate(%)              : 0
	DDR Hugepages Total(page)      : 0
	DDR Hugepages Usage Rate(%)    : 0
	HBM Capacity(MB)               : 65536
	HBM Usage Rate(%)              : 29
	Aicore Usage Rate(%)           : 77
	Aivector Usage Rate(%)         : 5
	Aicpu Usage Rate(%)            : 0
	Ctrlcpu Usage Rate(%)          : 2
	DDR Bandwidth Usage Rate(%)    : 0
	HBM Bandwidth Usage Rate(%)    : 53
	NPU Utilization(%)             : 96
	Aicube Usage Rate(%)           : 71
	Get pid name failed.
	Process id:1811027 Process name:                  Process memory(MB):16066
Error: cannot run top on container aceaef212ad03c546a6eb710fca4fd3c10f869d0c7973db9955d514211247daa as it did not create a cgroup: this container does not have a cgroup
timestamp_ns=1785750688583666293
	DDR Capacity(MB)               : 0
	DDR Usage Rate(%)              : 0
	DDR Hugepages Total(page)      : 0
	DDR Hugepages Usage Rate(%)    : 0
	HBM Capacity(MB)               : 65536
	HBM Usage Rate(%)              : 29
	Aicore Usage Rate(%)           : 78
	Aivector Usage Rate(%)         : 5
	Aicpu Usage Rate(%)            : 0
	Ctrlcpu Usage Rate(%)          : 5
	DDR Bandwidth Usage Rate(%)    : 0
	HBM Bandwidth Usage Rate(%)    : 53
	NPU Utilization(%)             : 89
	Aicube Usage Rate(%)           : 71
	Get pid name failed.
	Process id:1811027 Process name:                  Process memory(MB):16066
Error: cannot run top on container aceaef212ad03c546a6eb710fca4fd3c10f869d0c7973db9955d514211247daa as it did not create a cgroup: this container does not have a cgroup
timestamp_ns=1785750690734547655
	DDR Capacity(MB)               : 0
	DDR Usage Rate(%)              : 0
	DDR Hugepages Total(page)      : 0
	DDR Hugepages Usage Rate(%)    : 0
	HBM Capacity(MB)               : 65536
	HBM Usage Rate(%)              : 29
	Aicore Usage Rate(%)           : 77
	Aivector Usage Rate(%)         : 5
	Aicpu Usage Rate(%)            : 0
	Ctrlcpu Usage Rate(%)          : 2
	DDR Bandwidth Usage Rate(%)    : 0
	HBM Bandwidth Usage Rate(%)    : 51
	NPU Utilization(%)             : 89
	Aicube Usage Rate(%)           : 71
	Get pid name failed.
	Process id:1811027 Process name:                  Process memory(MB):16066
Error: cannot run top on container aceaef212ad03c546a6eb710fca4fd3c10f869d0c7973db9955d514211247daa as it did not create a cgroup: this container does not have a cgroup
timestamp_ns=1785750692882199146
	DDR Capacity(MB)               : 0
	DDR Usage Rate(%)              : 0
	DDR Hugepages Total(page)      : 0
	DDR Hugepages Usage Rate(%)    : 0
	HBM Capacity(MB)               : 65536
	HBM Usage Rate(%)              : 29
	Aicore Usage Rate(%)           : 78
	Aivector Usage Rate(%)         : 4
	Aicpu Usage Rate(%)            : 0
	Ctrlcpu Usage Rate(%)          : 1
	DDR Bandwidth Usage Rate(%)    : 0
	HBM Bandwidth Usage Rate(%)    : 52
	NPU Utilization(%)             : 93
	Aicube Usage Rate(%)           : 70
	Get pid name failed.
	Process id:1811027 Process name:                  Process memory(MB):16066
Error: cannot run top on container aceaef212ad03c546a6eb710fca4fd3c10f869d0c7973db9955d514211247daa as it did not create a cgroup: this container does not have a cgroup
timestamp_ns=1785750695029257531
	DDR Capacity(MB)               : 0
	DDR Usage Rate(%)              : 0
	DDR Hugepages Total(page)      : 0
	DDR Hugepages Usage Rate(%)    : 0
	HBM Capacity(MB)               : 65536
	HBM Usage Rate(%)              : 29
	Aicore Usage Rate(%)           : 76
	Aivector Usage Rate(%)         : 5
	Aicpu Usage Rate(%)            : 0
	Ctrlcpu Usage Rate(%)          : 3
	DDR Bandwidth Usage Rate(%)    : 0
	HBM Bandwidth Usage Rate(%)    : 51
	NPU Utilization(%)             : 96
	Aicube Usage Rate(%)           : 70
	Get pid name failed.
	Process id:1811027 Process name:                  Process memory(MB):16066
Error: cannot run top on container aceaef212ad03c546a6eb710fca4fd3c10f869d0c7973db9955d514211247daa as it did not create a cgroup: this container does not have a cgroup
timestamp_ns=1785750697188882703
	DDR Capacity(MB)               : 0
	DDR Usage Rate(%)              : 0
	DDR Hugepages Total(page)      : 0
	DDR Hugepages Usage Rate(%)    : 0
	HBM Capacity(MB)               : 65536
	HBM Usage Rate(%)              : 29
	Aicore Usage Rate(%)           : 75
	Aivector Usage Rate(%)         : 4
	Aicpu Usage Rate(%)            : 0
	Ctrlcpu Usage Rate(%)          : 2
	DDR Bandwidth Usage Rate(%)    : 0
	HBM Bandwidth Usage Rate(%)    : 53
	NPU Utilization(%)             : 86
	Aicube Usage Rate(%)           : 68
	Get pid name failed.
	Process id:1811027 Process name:                  Process memory(MB):16066
Error: cannot run top on container aceaef212ad03c546a6eb710fca4fd3c10f869d0c7973db9955d514211247daa as it did not create a cgroup: this container does not have a cgroup
timestamp_ns=1785750699334280360
	DDR Capacity(MB)               : 0
	DDR Usage Rate(%)              : 0
	DDR Hugepages Total(page)      : 0
	DDR Hugepages Usage Rate(%)    : 0
	HBM Capacity(MB)               : 65536
	HBM Usage Rate(%)              : 29
	Aicore Usage Rate(%)           : 78
	Aivector Usage Rate(%)         : 4
	Aicpu Usage Rate(%)            : 0
	Ctrlcpu Usage Rate(%)          : 1
	DDR Bandwidth Usage Rate(%)    : 0
	HBM Bandwidth Usage Rate(%)    : 51
	NPU Utilization(%)             : 93
	Aicube Usage Rate(%)           : 71
	Get pid name failed.
	Process id:1811027 Process name:                  Process memory(MB):16066
Error: cannot run top on container aceaef212ad03c546a6eb710fca4fd3c10f869d0c7973db9955d514211247daa as it did not create a cgroup: this container does not have a cgroup
timestamp_ns=1785750701474020362
	DDR Capacity(MB)               : 0
	DDR Usage Rate(%)              : 0
	DDR Hugepages Total(page)      : 0
	DDR Hugepages Usage Rate(%)    : 0
	HBM Capacity(MB)               : 65536
	HBM Usage Rate(%)              : 29
	Aicore Usage Rate(%)           : 77
	Aivector Usage Rate(%)         : 4
	Aicpu Usage Rate(%)            : 0
	Ctrlcpu Usage Rate(%)          : 0
	DDR Bandwidth Usage Rate(%)    : 0
	HBM Bandwidth Usage Rate(%)    : 54
	NPU Utilization(%)             : 86
	Aicube Usage Rate(%)           : 70
	Get pid name failed.
	Process id:1811027 Process name:                  Process memory(MB):16066
Error: cannot run top on container aceaef212ad03c546a6eb710fca4fd3c10f869d0c7973db9955d514211247daa as it did not create a cgroup: this container does not have a cgroup
timestamp_ns=1785750703666935256
	DDR Capacity(MB)               : 0
	DDR Usage Rate(%)              : 0
	DDR Hugepages Total(page)      : 0
	DDR Hugepages Usage Rate(%)    : 0
	HBM Capacity(MB)               : 65536
	HBM Usage Rate(%)              : 29
	Aicore Usage Rate(%)           : 74
	Aivector Usage Rate(%)         : 4
	Aicpu Usage Rate(%)            : 0
	Ctrlcpu Usage Rate(%)          : 7
	DDR Bandwidth Usage Rate(%)    : 0
	HBM Bandwidth Usage Rate(%)    : 54
	NPU Utilization(%)             : 93
	Aicube Usage Rate(%)           : 68
	Get pid name failed.
	Process id:1811027 Process name:                  Process memory(MB):16066
Error: cannot run top on container aceaef212ad03c546a6eb710fca4fd3c10f869d0c7973db9955d514211247daa as it did not create a cgroup: this container does not have a cgroup
timestamp_ns=1785750705809646670
	DDR Capacity(MB)               : 0
	DDR Usage Rate(%)              : 0
	DDR Hugepages Total(page)      : 0
	DDR Hugepages Usage Rate(%)    : 0
	HBM Capacity(MB)               : 65536
	HBM Usage Rate(%)              : 29
	Aicore Usage Rate(%)           : 78
	Aivector Usage Rate(%)         : 4
	Aicpu Usage Rate(%)            : 0
	Ctrlcpu Usage Rate(%)          : 2
	DDR Bandwidth Usage Rate(%)    : 0
	HBM Bandwidth Usage Rate(%)    : 53
	NPU Utilization(%)             : 89
	Aicube Usage Rate(%)           : 71
	Get pid name failed.
	Process id:1811027 Process name:                  Process memory(MB):16066
Error: cannot run top on container aceaef212ad03c546a6eb710fca4fd3c10f869d0c7973db9955d514211247daa as it did not create a cgroup: this container does not have a cgroup
timestamp_ns=1785750708007855768
	DDR Capacity(MB)               : 0
	DDR Usage Rate(%)              : 0
	DDR Hugepages Total(page)      : 0
	DDR Hugepages Usage Rate(%)    : 0
	HBM Capacity(MB)               : 65536
	HBM Usage Rate(%)              : 29
	Aicore Usage Rate(%)           : 73
	Aivector Usage Rate(%)         : 4
	Aicpu Usage Rate(%)            : 0
	Ctrlcpu Usage Rate(%)          : 1
	DDR Bandwidth Usage Rate(%)    : 0
	HBM Bandwidth Usage Rate(%)    : 18
	NPU Utilization(%)             : 86
	Aicube Usage Rate(%)           : 68
	Get pid name failed.
	Process id:1811027 Process name:                  Process memory(MB):16066
Error: cannot run top on container aceaef212ad03c546a6eb710fca4fd3c10f869d0c7973db9955d514211247daa as it did not create a cgroup: this container does not have a cgroup
timestamp_ns=1785750710157653088
	DDR Capacity(MB)               : 0
	DDR Usage Rate(%)              : 0
	DDR Hugepages Total(page)      : 0
	DDR Hugepages Usage Rate(%)    : 0
	HBM Capacity(MB)               : 65536
	HBM Usage Rate(%)              : 29
	Aicore Usage Rate(%)           : 79
	Aivector Usage Rate(%)         : 5
	Aicpu Usage Rate(%)            : 0
	Ctrlcpu Usage Rate(%)          : 8
	DDR Bandwidth Usage Rate(%)    : 0
	HBM Bandwidth Usage Rate(%)    : 53
	NPU Utilization(%)             : 89
	Aicube Usage Rate(%)           : 72
	Get pid name failed.
	Process id:1811027 Process name:                  Process memory(MB):16066
Error: cannot run top on container aceaef212ad03c546a6eb710fca4fd3c10f869d0c7973db9955d514211247daa as it did not create a cgroup: this container does not have a cgroup
timestamp_ns=1785750712308641234
	DDR Capacity(MB)               : 0
	DDR Usage Rate(%)              : 0
	DDR Hugepages Total(page)      : 0
	DDR Hugepages Usage Rate(%)    : 0
	HBM Capacity(MB)               : 65536
	HBM Usage Rate(%)              : 29
	Aicore Usage Rate(%)           : 79
	Aivector Usage Rate(%)         : 5
	Aicpu Usage Rate(%)            : 0
	Ctrlcpu Usage Rate(%)          : 8
	DDR Bandwidth Usage Rate(%)    : 0
	HBM Bandwidth Usage Rate(%)    : 54
	NPU Utilization(%)             : 86
	Aicube Usage Rate(%)           : 73
	Get pid name failed.
	Process id:1811027 Process name:                  Process memory(MB):16066
Error: cannot run top on container aceaef212ad03c546a6eb710fca4fd3c10f869d0c7973db9955d514211247daa as it did not create a cgroup: this container does not have a cgroup
timestamp_ns=1785750714470728641
	DDR Capacity(MB)               : 0
	DDR Usage Rate(%)              : 0
	DDR Hugepages Total(page)      : 0
	DDR Hugepages Usage Rate(%)    : 0
	HBM Capacity(MB)               : 65536
	HBM Usage Rate(%)              : 29
	Aicore Usage Rate(%)           : 77
	Aivector Usage Rate(%)         : 5
	Aicpu Usage Rate(%)            : 0
	Ctrlcpu Usage Rate(%)          : 2
	DDR Bandwidth Usage Rate(%)    : 0
	HBM Bandwidth Usage Rate(%)    : 53
	NPU Utilization(%)             : 89
	Aicube Usage Rate(%)           : 69
	Get pid name failed.
	Process id:1811027 Process name:                  Process memory(MB):16066
Error: cannot run top on container aceaef212ad03c546a6eb710fca4fd3c10f869d0c7973db9955d514211247daa as it did not create a cgroup: this container does not have a cgroup
timestamp_ns=1785750716618378559
	DDR Capacity(MB)               : 0
	DDR Usage Rate(%)              : 0
	DDR Hugepages Total(page)      : 0
	DDR Hugepages Usage Rate(%)    : 0
	HBM Capacity(MB)               : 65536
	HBM Usage Rate(%)              : 29
	Aicore Usage Rate(%)           : 78
	Aivector Usage Rate(%)         : 5
	Aicpu Usage Rate(%)            : 0
	Ctrlcpu Usage Rate(%)          : 1
	DDR Bandwidth Usage Rate(%)    : 0
	HBM Bandwidth Usage Rate(%)    : 53
	NPU Utilization(%)             : 93
	Aicube Usage Rate(%)           : 71
	Get pid name failed.
	Process id:1811027 Process name:                  Process memory(MB):16066
Error: cannot run top on container aceaef212ad03c546a6eb710fca4fd3c10f869d0c7973db9955d514211247daa as it did not create a cgroup: this container does not have a cgroup
timestamp_ns=1785750718766321938
	DDR Capacity(MB)               : 0
	DDR Usage Rate(%)              : 0
	DDR Hugepages Total(page)      : 0
	DDR Hugepages Usage Rate(%)    : 0
	HBM Capacity(MB)               : 65536
	HBM Usage Rate(%)              : 29
	Aicore Usage Rate(%)           : 79
	Aivector Usage Rate(%)         : 4
	Aicpu Usage Rate(%)            : 0
	Ctrlcpu Usage Rate(%)          : 1
	DDR Bandwidth Usage Rate(%)    : 0
	HBM Bandwidth Usage Rate(%)    : 52
	NPU Utilization(%)             : 93
	Aicube Usage Rate(%)           : 71
	Get pid name failed.
	Process id:1811027 Process name:                  Process memory(MB):16066
Error: cannot run top on container aceaef212ad03c546a6eb710fca4fd3c10f869d0c7973db9955d514211247daa as it did not create a cgroup: this container does not have a cgroup
timestamp_ns=1785750720910066208
	DDR Capacity(MB)               : 0
	DDR Usage Rate(%)              : 0
	DDR Hugepages Total(page)      : 0
	DDR Hugepages Usage Rate(%)    : 0
	HBM Capacity(MB)               : 65536
	HBM Usage Rate(%)              : 29
	Aicore Usage Rate(%)           : 76
	Aivector Usage Rate(%)         : 4
	Aicpu Usage Rate(%)            : 0
	Ctrlcpu Usage Rate(%)          : 2
	DDR Bandwidth Usage Rate(%)    : 0
	HBM Bandwidth Usage Rate(%)    : 52
	NPU Utilization(%)             : 86
	Aicube Usage Rate(%)           : 70
	Get pid name failed.
	Process id:1811027 Process name:                  Process memory(MB):16066
Error: cannot run top on container aceaef212ad03c546a6eb710fca4fd3c10f869d0c7973db9955d514211247daa as it did not create a cgroup: this container does not have a cgroup
timestamp_ns=1785750723052891947
	DDR Capacity(MB)               : 0
	DDR Usage Rate(%)              : 0
	DDR Hugepages Total(page)      : 0
	DDR Hugepages Usage Rate(%)    : 0
	HBM Capacity(MB)               : 65536
	HBM Usage Rate(%)              : 29
	Aicore Usage Rate(%)           : 78
	Aivector Usage Rate(%)         : 5
	Aicpu Usage Rate(%)            : 0
	Ctrlcpu Usage Rate(%)          : 6
	DDR Bandwidth Usage Rate(%)    : 0
	HBM Bandwidth Usage Rate(%)    : 53
	NPU Utilization(%)             : 93
	Aicube Usage Rate(%)           : 70
	Get pid name failed.
	Process id:1811027 Process name:                  Process memory(MB):16066
Error: cannot run top on container aceaef212ad03c546a6eb710fca4fd3c10f869d0c7973db9955d514211247daa as it did not create a cgroup: this container does not have a cgroup
timestamp_ns=1785750725223416739
	DDR Capacity(MB)               : 0
	DDR Usage Rate(%)              : 0
	DDR Hugepages Total(page)      : 0
	DDR Hugepages Usage Rate(%)    : 0
	HBM Capacity(MB)               : 65536
	HBM Usage Rate(%)              : 29
	Aicore Usage Rate(%)           : 78
	Aivector Usage Rate(%)         : 5
	Aicpu Usage Rate(%)            : 0
	Ctrlcpu Usage Rate(%)          : 2
	DDR Bandwidth Usage Rate(%)    : 0
	HBM Bandwidth Usage Rate(%)    : 52
	NPU Utilization(%)             : 93
	Aicube Usage Rate(%)           : 71
	Get pid name failed.
	Process id:1811027 Process name:                  Process memory(MB):16066
Error: cannot run top on container aceaef212ad03c546a6eb710fca4fd3c10f869d0c7973db9955d514211247daa as it did not create a cgroup: this container does not have a cgroup
timestamp_ns=1785750727367991830
	DDR Capacity(MB)               : 0
	DDR Usage Rate(%)              : 0
	DDR Hugepages Total(page)      : 0
	DDR Hugepages Usage Rate(%)    : 0
	HBM Capacity(MB)               : 65536
	HBM Usage Rate(%)              : 29
	Aicore Usage Rate(%)           : 79
	Aivector Usage Rate(%)         : 5
	Aicpu Usage Rate(%)            : 0
	Ctrlcpu Usage Rate(%)          : 4
	DDR Bandwidth Usage Rate(%)    : 0
	HBM Bandwidth Usage Rate(%)    : 53
	NPU Utilization(%)             : 89
	Aicube Usage Rate(%)           : 71
	Get pid name failed.
	Process id:1811027 Process name:                  Process memory(MB):16066
Error: cannot run top on container aceaef212ad03c546a6eb710fca4fd3c10f869d0c7973db9955d514211247daa as it did not create a cgroup: this container does not have a cgroup
timestamp_ns=1785750729510068142
	DDR Capacity(MB)               : 0
	DDR Usage Rate(%)              : 0
	DDR Hugepages Total(page)      : 0
	DDR Hugepages Usage Rate(%)    : 0
	HBM Capacity(MB)               : 65536
	HBM Usage Rate(%)              : 29
	Aicore Usage Rate(%)           : 77
	Aivector Usage Rate(%)         : 5
	Aicpu Usage Rate(%)            : 0
	Ctrlcpu Usage Rate(%)          : 4
	DDR Bandwidth Usage Rate(%)    : 0
	HBM Bandwidth Usage Rate(%)    : 53
	NPU Utilization(%)             : 86
	Aicube Usage Rate(%)           : 71
	Get pid name failed.
	Process id:1811027 Process name:                  Process memory(MB):16066
Error: cannot run top on container aceaef212ad03c546a6eb710fca4fd3c10f869d0c7973db9955d514211247daa as it did not create a cgroup: this container does not have a cgroup
timestamp_ns=1785750731651850895
	DDR Capacity(MB)               : 0
	DDR Usage Rate(%)              : 0
	DDR Hugepages Total(page)      : 0
	DDR Hugepages Usage Rate(%)    : 0
	HBM Capacity(MB)               : 65536
	HBM Usage Rate(%)              : 29
	Aicore Usage Rate(%)           : 80
	Aivector Usage Rate(%)         : 5
	Aicpu Usage Rate(%)            : 0
	Ctrlcpu Usage Rate(%)          : 3
	DDR Bandwidth Usage Rate(%)    : 0
	HBM Bandwidth Usage Rate(%)    : 53
	NPU Utilization(%)             : 89
	Aicube Usage Rate(%)           : 73
	Get pid name failed.
	Process id:1811027 Process name:                  Process memory(MB):16066
Error: cannot run top on container aceaef212ad03c546a6eb710fca4fd3c10f869d0c7973db9955d514211247daa as it did not create a cgroup: this container does not have a cgroup
timestamp_ns=1785750733803180581
	DDR Capacity(MB)               : 0
	DDR Usage Rate(%)              : 0
	DDR Hugepages Total(page)      : 0
	DDR Hugepages Usage Rate(%)    : 0
	HBM Capacity(MB)               : 65536
	HBM Usage Rate(%)              : 29
	Aicore Usage Rate(%)           : 80
	Aivector Usage Rate(%)         : 5
	Aicpu Usage Rate(%)            : 0
	Ctrlcpu Usage Rate(%)          : 5
	DDR Bandwidth Usage Rate(%)    : 0
	HBM Bandwidth Usage Rate(%)    : 53
	NPU Utilization(%)             : 96
	Aicube Usage Rate(%)           : 73
	Get pid name failed.
	Process id:1811027 Process name:                  Process memory(MB):16066
Error: cannot run top on container aceaef212ad03c546a6eb710fca4fd3c10f869d0c7973db9955d514211247daa as it did not create a cgroup: this container does not have a cgroup
timestamp_ns=1785750735986325882
	DDR Capacity(MB)               : 0
	DDR Usage Rate(%)              : 0
	DDR Hugepages Total(page)      : 0
	DDR Hugepages Usage Rate(%)    : 0
	HBM Capacity(MB)               : 65536
	HBM Usage Rate(%)              : 29
	Aicore Usage Rate(%)           : 78
	Aivector Usage Rate(%)         : 4
	Aicpu Usage Rate(%)            : 0
	Ctrlcpu Usage Rate(%)          : 5
	DDR Bandwidth Usage Rate(%)    : 0
	HBM Bandwidth Usage Rate(%)    : 51
	NPU Utilization(%)             : 93
	Aicube Usage Rate(%)           : 71
	Get pid name failed.
	Process id:1811027 Process name:                  Process memory(MB):16066
Error: cannot run top on container aceaef212ad03c546a6eb710fca4fd3c10f869d0c7973db9955d514211247daa as it did not create a cgroup: this container does not have a cgroup
timestamp_ns=1785750738122230678
	DDR Capacity(MB)               : 0
	DDR Usage Rate(%)              : 0
	DDR Hugepages Total(page)      : 0
	DDR Hugepages Usage Rate(%)    : 0
	HBM Capacity(MB)               : 65536
	HBM Usage Rate(%)              : 29
	Aicore Usage Rate(%)           : 74
	Aivector Usage Rate(%)         : 4
	Aicpu Usage Rate(%)            : 0
	Ctrlcpu Usage Rate(%)          : 3
	DDR Bandwidth Usage Rate(%)    : 0
	HBM Bandwidth Usage Rate(%)    : 19
	NPU Utilization(%)             : 89
	Aicube Usage Rate(%)           : 68
	Get pid name failed.
	Process id:1811027 Process name:                  Process memory(MB):16066
Error: cannot run top on container aceaef212ad03c546a6eb710fca4fd3c10f869d0c7973db9955d514211247daa as it did not create a cgroup: this container does not have a cgroup
timestamp_ns=1785750740285190855
	DDR Capacity(MB)               : 0
	DDR Usage Rate(%)              : 0
	DDR Hugepages Total(page)      : 0
	DDR Hugepages Usage Rate(%)    : 0
	HBM Capacity(MB)               : 65536
	HBM Usage Rate(%)              : 29
	Aicore Usage Rate(%)           : 78
	Aivector Usage Rate(%)         : 4
	Aicpu Usage Rate(%)            : 0
	Ctrlcpu Usage Rate(%)          : 2
	DDR Bandwidth Usage Rate(%)    : 0
	HBM Bandwidth Usage Rate(%)    : 53
	NPU Utilization(%)             : 86
	Aicube Usage Rate(%)           : 71
	Get pid name failed.
	Process id:1811027 Process name:                  Process memory(MB):16066
Error: cannot run top on container aceaef212ad03c546a6eb710fca4fd3c10f869d0c7973db9955d514211247daa as it did not create a cgroup: this container does not have a cgroup
timestamp_ns=1785750742440653046
	DDR Capacity(MB)               : 0
	DDR Usage Rate(%)              : 0
	DDR Hugepages Total(page)      : 0
	DDR Hugepages Usage Rate(%)    : 0
	HBM Capacity(MB)               : 65536
	HBM Usage Rate(%)              : 29
	Aicore Usage Rate(%)           : 76
	Aivector Usage Rate(%)         : 4
	Aicpu Usage Rate(%)            : 0
	Ctrlcpu Usage Rate(%)          : 6
	DDR Bandwidth Usage Rate(%)    : 0
	HBM Bandwidth Usage Rate(%)    : 54
	NPU Utilization(%)             : 96
	Aicube Usage Rate(%)           : 70
	Get pid name failed.
	Process id:1811027 Process name:                  Process memory(MB):16066
Error: cannot run top on container aceaef212ad03c546a6eb710fca4fd3c10f869d0c7973db9955d514211247daa as it did not create a cgroup: this container does not have a cgroup
timestamp_ns=1785750744606075767
	DDR Capacity(MB)               : 0
	DDR Usage Rate(%)              : 0
	DDR Hugepages Total(page)      : 0
	DDR Hugepages Usage Rate(%)    : 0
	HBM Capacity(MB)               : 65536
	HBM Usage Rate(%)              : 29
	Aicore Usage Rate(%)           : 81
	Aivector Usage Rate(%)         : 5
	Aicpu Usage Rate(%)            : 0
	Ctrlcpu Usage Rate(%)          : 3
	DDR Bandwidth Usage Rate(%)    : 0
	HBM Bandwidth Usage Rate(%)    : 53
	NPU Utilization(%)             : 93
	Aicube Usage Rate(%)           : 74
	Get pid name failed.
	Process id:1811027 Process name:                  Process memory(MB):16066
Error: cannot run top on container aceaef212ad03c546a6eb710fca4fd3c10f869d0c7973db9955d514211247daa as it did not create a cgroup: this container does not have a cgroup
timestamp_ns=1785750746758066608
	DDR Capacity(MB)               : 0
	DDR Usage Rate(%)              : 0
	DDR Hugepages Total(page)      : 0
	DDR Hugepages Usage Rate(%)    : 0
	HBM Capacity(MB)               : 65536
	HBM Usage Rate(%)              : 29
	Aicore Usage Rate(%)           : 76
	Aivector Usage Rate(%)         : 4
	Aicpu Usage Rate(%)            : 0
	Ctrlcpu Usage Rate(%)          : 1
	DDR Bandwidth Usage Rate(%)    : 0
	HBM Bandwidth Usage Rate(%)    : 53
	NPU Utilization(%)             : 93
	Aicube Usage Rate(%)           : 70
	Get pid name failed.
	Process id:1811027 Process name:                  Process memory(MB):16066
Error: cannot run top on container aceaef212ad03c546a6eb710fca4fd3c10f869d0c7973db9955d514211247daa as it did not create a cgroup: this container does not have a cgroup
timestamp_ns=1785750748905855011
	DDR Capacity(MB)               : 0
	DDR Usage Rate(%)              : 0
	DDR Hugepages Total(page)      : 0
	DDR Hugepages Usage Rate(%)    : 0
	HBM Capacity(MB)               : 65536
	HBM Usage Rate(%)              : 29
	Aicore Usage Rate(%)           : 79
	Aivector Usage Rate(%)         : 5
	Aicpu Usage Rate(%)            : 0
	Ctrlcpu Usage Rate(%)          : 7
	DDR Bandwidth Usage Rate(%)    : 0
	HBM Bandwidth Usage Rate(%)    : 53
	NPU Utilization(%)             : 86
	Aicube Usage Rate(%)           : 71
	Get pid name failed.
	Process id:1811027 Process name:                  Process memory(MB):16066
Error: cannot run top on container aceaef212ad03c546a6eb710fca4fd3c10f869d0c7973db9955d514211247daa as it did not create a cgroup: this container does not have a cgroup
timestamp_ns=1785750751161542065
	DDR Capacity(MB)               : 0
	DDR Usage Rate(%)              : 0
	DDR Hugepages Total(page)      : 0
	DDR Hugepages Usage Rate(%)    : 0
	HBM Capacity(MB)               : 65536
	HBM Usage Rate(%)              : 29
	Aicore Usage Rate(%)           : 77
	Aivector Usage Rate(%)         : 5
	Aicpu Usage Rate(%)            : 0
	Ctrlcpu Usage Rate(%)          : 2
	DDR Bandwidth Usage Rate(%)    : 0
	HBM Bandwidth Usage Rate(%)    : 54
	NPU Utilization(%)             : 100
	Aicube Usage Rate(%)           : 71
	Get pid name failed.
	Process id:1811027 Process name:                  Process memory(MB):16066
Error: cannot run top on container aceaef212ad03c546a6eb710fca4fd3c10f869d0c7973db9955d514211247daa as it did not create a cgroup: this container does not have a cgroup
timestamp_ns=1785750753339004640
	DDR Capacity(MB)               : 0
	DDR Usage Rate(%)              : 0
	DDR Hugepages Total(page)      : 0
	DDR Hugepages Usage Rate(%)    : 0
	HBM Capacity(MB)               : 65536
	HBM Usage Rate(%)              : 29
	Aicore Usage Rate(%)           : 77
	Aivector Usage Rate(%)         : 5
	Aicpu Usage Rate(%)            : 0
	Ctrlcpu Usage Rate(%)          : 5
	DDR Bandwidth Usage Rate(%)    : 0
	HBM Bandwidth Usage Rate(%)    : 54
	NPU Utilization(%)             : 93
	Aicube Usage Rate(%)           : 70
	Get pid name failed.
	Process id:1811027 Process name:                  Process memory(MB):16066
Error: cannot run top on container aceaef212ad03c546a6eb710fca4fd3c10f869d0c7973db9955d514211247daa as it did not create a cgroup: this container does not have a cgroup
timestamp_ns=1785750755549758245
	DDR Capacity(MB)               : 0
	DDR Usage Rate(%)              : 0
	DDR Hugepages Total(page)      : 0
	DDR Hugepages Usage Rate(%)    : 0
	HBM Capacity(MB)               : 65536
	HBM Usage Rate(%)              : 29
	Aicore Usage Rate(%)           : 78
	Aivector Usage Rate(%)         : 5
	Aicpu Usage Rate(%)            : 0
	Ctrlcpu Usage Rate(%)          : 1
	DDR Bandwidth Usage Rate(%)    : 0
	HBM Bandwidth Usage Rate(%)    : 53
	NPU Utilization(%)             : 96
	Aicube Usage Rate(%)           : 72
	Get pid name failed.
	Process id:1811027 Process name:                  Process memory(MB):16066
Error: cannot run top on container aceaef212ad03c546a6eb710fca4fd3c10f869d0c7973db9955d514211247daa as it did not create a cgroup: this container does not have a cgroup
timestamp_ns=1785750757734865646
	DDR Capacity(MB)               : 0
	DDR Usage Rate(%)              : 0
	DDR Hugepages Total(page)      : 0
	DDR Hugepages Usage Rate(%)    : 0
	HBM Capacity(MB)               : 65536
	HBM Usage Rate(%)              : 29
	Aicore Usage Rate(%)           : 74
	Aivector Usage Rate(%)         : 4
	Aicpu Usage Rate(%)            : 0
	Ctrlcpu Usage Rate(%)          : 4
	DDR Bandwidth Usage Rate(%)    : 0
	HBM Bandwidth Usage Rate(%)    : 52
	NPU Utilization(%)             : 89
	Aicube Usage Rate(%)           : 66
	Get pid name failed.
	Process id:1811027 Process name:                  Process memory(MB):16066
Error: cannot run top on container aceaef212ad03c546a6eb710fca4fd3c10f869d0c7973db9955d514211247daa as it did not create a cgroup: this container does not have a cgroup
timestamp_ns=1785750759937154403
	DDR Capacity(MB)               : 0
	DDR Usage Rate(%)              : 0
	DDR Hugepages Total(page)      : 0
	DDR Hugepages Usage Rate(%)    : 0
	HBM Capacity(MB)               : 65536
	HBM Usage Rate(%)              : 29
	Aicore Usage Rate(%)           : 77
	Aivector Usage Rate(%)         : 5
	Aicpu Usage Rate(%)            : 0
	Ctrlcpu Usage Rate(%)          : 5
	DDR Bandwidth Usage Rate(%)    : 0
	HBM Bandwidth Usage Rate(%)    : 47
	NPU Utilization(%)             : 82
	Aicube Usage Rate(%)           : 71
	Get pid name failed.
	Process id:1811027 Process name:                  Process memory(MB):16066
Error: cannot run top on container aceaef212ad03c546a6eb710fca4fd3c10f869d0c7973db9955d514211247daa as it did not create a cgroup: this container does not have a cgroup
timestamp_ns=1785750762161431013
	DDR Capacity(MB)               : 0
	DDR Usage Rate(%)              : 0
	DDR Hugepages Total(page)      : 0
	DDR Hugepages Usage Rate(%)    : 0
	HBM Capacity(MB)               : 65536
	HBM Usage Rate(%)              : 29
	Aicore Usage Rate(%)           : 77
	Aivector Usage Rate(%)         : 5
	Aicpu Usage Rate(%)            : 0
	Ctrlcpu Usage Rate(%)          : 3
	DDR Bandwidth Usage Rate(%)    : 0
	HBM Bandwidth Usage Rate(%)    : 53
	NPU Utilization(%)             : 89
	Aicube Usage Rate(%)           : 70
	Get pid name failed.
	Process id:1811027 Process name:                  Process memory(MB):16066
Error: cannot run top on container aceaef212ad03c546a6eb710fca4fd3c10f869d0c7973db9955d514211247daa as it did not create a cgroup: this container does not have a cgroup
timestamp_ns=1785750764339690349
	DDR Capacity(MB)               : 0
	DDR Usage Rate(%)              : 0
	DDR Hugepages Total(page)      : 0
	DDR Hugepages Usage Rate(%)    : 0
	HBM Capacity(MB)               : 65536
	HBM Usage Rate(%)              : 29
	Aicore Usage Rate(%)           : 77
	Aivector Usage Rate(%)         : 5
	Aicpu Usage Rate(%)            : 0
	Ctrlcpu Usage Rate(%)          : 4
	DDR Bandwidth Usage Rate(%)    : 0
	HBM Bandwidth Usage Rate(%)    : 42
	NPU Utilization(%)             : 93
	Aicube Usage Rate(%)           : 71
	Get pid name failed.
	Process id:1811027 Process name:                  Process memory(MB):16066
Error: cannot run top on container aceaef212ad03c546a6eb710fca4fd3c10f869d0c7973db9955d514211247daa as it did not create a cgroup: this container does not have a cgroup
timestamp_ns=1785750766525463534
	DDR Capacity(MB)               : 0
	DDR Usage Rate(%)              : 0
	DDR Hugepages Total(page)      : 0
	DDR Hugepages Usage Rate(%)    : 0
	HBM Capacity(MB)               : 65536
	HBM Usage Rate(%)              : 29
	Aicore Usage Rate(%)           : 76
	Aivector Usage Rate(%)         : 4
	Aicpu Usage Rate(%)            : 0
	Ctrlcpu Usage Rate(%)          : 3
	DDR Bandwidth Usage Rate(%)    : 0
	HBM Bandwidth Usage Rate(%)    : 52
	NPU Utilization(%)             : 82
	Aicube Usage Rate(%)           : 68
	Get pid name failed.
	Process id:1811027 Process name:                  Process memory(MB):16066
Error: cannot run top on container aceaef212ad03c546a6eb710fca4fd3c10f869d0c7973db9955d514211247daa as it did not create a cgroup: this container does not have a cgroup
timestamp_ns=1785750768714821527
	DDR Capacity(MB)               : 0
	DDR Usage Rate(%)              : 0
	DDR Hugepages Total(page)      : 0
	DDR Hugepages Usage Rate(%)    : 0
	HBM Capacity(MB)               : 65536
	HBM Usage Rate(%)              : 29
	Aicore Usage Rate(%)           : 76
	Aivector Usage Rate(%)         : 5
	Aicpu Usage Rate(%)            : 0
	Ctrlcpu Usage Rate(%)          : 2
	DDR Bandwidth Usage Rate(%)    : 0
	HBM Bandwidth Usage Rate(%)    : 53
	NPU Utilization(%)             : 93
	Aicube Usage Rate(%)           : 70
	Get pid name failed.
	Process id:1811027 Process name:                  Process memory(MB):16066
Error: cannot run top on container aceaef212ad03c546a6eb710fca4fd3c10f869d0c7973db9955d514211247daa as it did not create a cgroup: this container does not have a cgroup
timestamp_ns=1785750770918761801
	DDR Capacity(MB)               : 0
	DDR Usage Rate(%)              : 0
	DDR Hugepages Total(page)      : 0
	DDR Hugepages Usage Rate(%)    : 0
	HBM Capacity(MB)               : 65536
	HBM Usage Rate(%)              : 29
	Aicore Usage Rate(%)           : 81
	Aivector Usage Rate(%)         : 5
	Aicpu Usage Rate(%)            : 0
	Ctrlcpu Usage Rate(%)          : 6
	DDR Bandwidth Usage Rate(%)    : 0
	HBM Bandwidth Usage Rate(%)    : 53
	NPU Utilization(%)             : 96
	Aicube Usage Rate(%)           : 73
	Get pid name failed.
	Process id:1811027 Process name:                  Process memory(MB):16066
Error: cannot run top on container aceaef212ad03c546a6eb710fca4fd3c10f869d0c7973db9955d514211247daa as it did not create a cgroup: this container does not have a cgroup
timestamp_ns=1785750773107401923
	DDR Capacity(MB)               : 0
	DDR Usage Rate(%)              : 0
	DDR Hugepages Total(page)      : 0
	DDR Hugepages Usage Rate(%)    : 0
	HBM Capacity(MB)               : 65536
	HBM Usage Rate(%)              : 29
	Aicore Usage Rate(%)           : 78
	Aivector Usage Rate(%)         : 5
	Aicpu Usage Rate(%)            : 0
	Ctrlcpu Usage Rate(%)          : 7
	DDR Bandwidth Usage Rate(%)    : 0
	HBM Bandwidth Usage Rate(%)    : 52
	NPU Utilization(%)             : 86
	Aicube Usage Rate(%)           : 72
	Get pid name failed.
	Process id:1811027 Process name:                  Process memory(MB):16066
Error: cannot run top on container aceaef212ad03c546a6eb710fca4fd3c10f869d0c7973db9955d514211247daa as it did not create a cgroup: this container does not have a cgroup
timestamp_ns=1785750775280639709
	DDR Capacity(MB)               : 0
	DDR Usage Rate(%)              : 0
	DDR Hugepages Total(page)      : 0
	DDR Hugepages Usage Rate(%)    : 0
	HBM Capacity(MB)               : 65536
	HBM Usage Rate(%)              : 29
	Aicore Usage Rate(%)           : 74
	Aivector Usage Rate(%)         : 4
	Aicpu Usage Rate(%)            : 0
	Ctrlcpu Usage Rate(%)          : 1
	DDR Bandwidth Usage Rate(%)    : 0
	HBM Bandwidth Usage Rate(%)    : 53
	NPU Utilization(%)             : 89
	Aicube Usage Rate(%)           : 66
	Get pid name failed.
	Process id:1811027 Process name:                  Process memory(MB):16066
Error: cannot run top on container aceaef212ad03c546a6eb710fca4fd3c10f869d0c7973db9955d514211247daa as it did not create a cgroup: this container does not have a cgroup
timestamp_ns=1785750777443282986
	DDR Capacity(MB)               : 0
	DDR Usage Rate(%)              : 0
	DDR Hugepages Total(page)      : 0
	DDR Hugepages Usage Rate(%)    : 0
	HBM Capacity(MB)               : 65536
	HBM Usage Rate(%)              : 29
	Aicore Usage Rate(%)           : 56
	Aivector Usage Rate(%)         : 3
	Aicpu Usage Rate(%)            : 0
	Ctrlcpu Usage Rate(%)          : 4
	DDR Bandwidth Usage Rate(%)    : 0
	HBM Bandwidth Usage Rate(%)    : 53
	NPU Utilization(%)             : 79
	Aicube Usage Rate(%)           : 51
	Get pid name failed.
	Process id:1811027 Process name:                  Process memory(MB):16066
Error: cannot run top on container aceaef212ad03c546a6eb710fca4fd3c10f869d0c7973db9955d514211247daa as it did not create a cgroup: this container does not have a cgroup
timestamp_ns=1785750779616205719
	DDR Capacity(MB)               : 0
	DDR Usage Rate(%)              : 0
	DDR Hugepages Total(page)      : 0
	DDR Hugepages Usage Rate(%)    : 0
	HBM Capacity(MB)               : 65536
	HBM Usage Rate(%)              : 29
	Aicore Usage Rate(%)           : 78
	Aivector Usage Rate(%)         : 5
	Aicpu Usage Rate(%)            : 0
	Ctrlcpu Usage Rate(%)          : 2
	DDR Bandwidth Usage Rate(%)    : 0
	HBM Bandwidth Usage Rate(%)    : 52
	NPU Utilization(%)             : 93
	Aicube Usage Rate(%)           : 71
	Get pid name failed.
	Process id:1811027 Process name:                  Process memory(MB):16066
Error: cannot run top on container aceaef212ad03c546a6eb710fca4fd3c10f869d0c7973db9955d514211247daa as it did not create a cgroup: this container does not have a cgroup
timestamp_ns=1785750781766940729
	DDR Capacity(MB)               : 0
	DDR Usage Rate(%)              : 0
	DDR Hugepages Total(page)      : 0
	DDR Hugepages Usage Rate(%)    : 0
	HBM Capacity(MB)               : 65536
	HBM Usage Rate(%)              : 29
	Aicore Usage Rate(%)           : 77
	Aivector Usage Rate(%)         : 5
	Aicpu Usage Rate(%)            : 0
	Ctrlcpu Usage Rate(%)          : 4
	DDR Bandwidth Usage Rate(%)    : 0
	HBM Bandwidth Usage Rate(%)    : 53
	NPU Utilization(%)             : 86
	Aicube Usage Rate(%)           : 71
	Get pid name failed.
	Process id:1811027 Process name:                  Process memory(MB):16066
Error: cannot run top on container aceaef212ad03c546a6eb710fca4fd3c10f869d0c7973db9955d514211247daa as it did not create a cgroup: this container does not have a cgroup
timestamp_ns=1785750783926184194
	DDR Capacity(MB)               : 0
	DDR Usage Rate(%)              : 0
	DDR Hugepages Total(page)      : 0
	DDR Hugepages Usage Rate(%)    : 0
	HBM Capacity(MB)               : 65536
	HBM Usage Rate(%)              : 29
	Aicore Usage Rate(%)           : 73
	Aivector Usage Rate(%)         : 4
	Aicpu Usage Rate(%)            : 0
	Ctrlcpu Usage Rate(%)          : 2
	DDR Bandwidth Usage Rate(%)    : 0
	HBM Bandwidth Usage Rate(%)    : 53
	NPU Utilization(%)             : 82
	Aicube Usage Rate(%)           : 65
	Get pid name failed.
	Process id:1811027 Process name:                  Process memory(MB):16066
Error: cannot run top on container aceaef212ad03c546a6eb710fca4fd3c10f869d0c7973db9955d514211247daa as it did not create a cgroup: this container does not have a cgroup
timestamp_ns=1785750786114217975
	DDR Capacity(MB)               : 0
	DDR Usage Rate(%)              : 0
	DDR Hugepages Total(page)      : 0
	DDR Hugepages Usage Rate(%)    : 0
	HBM Capacity(MB)               : 65536
	HBM Usage Rate(%)              : 29
	Aicore Usage Rate(%)           : 76
	Aivector Usage Rate(%)         : 4
	Aicpu Usage Rate(%)            : 0
	Ctrlcpu Usage Rate(%)          : 1
	DDR Bandwidth Usage Rate(%)    : 0
	HBM Bandwidth Usage Rate(%)    : 0
	NPU Utilization(%)             : 100
	Aicube Usage Rate(%)           : 70
	Get pid name failed.
	Process id:1811027 Process name:                  Process memory(MB):16066
Error: cannot run top on container aceaef212ad03c546a6eb710fca4fd3c10f869d0c7973db9955d514211247daa as it did not create a cgroup: this container does not have a cgroup
timestamp_ns=1785750788259441846
	DDR Capacity(MB)               : 0
	DDR Usage Rate(%)              : 0
	DDR Hugepages Total(page)      : 0
	DDR Hugepages Usage Rate(%)    : 0
	HBM Capacity(MB)               : 65536
	HBM Usage Rate(%)              : 29
	Aicore Usage Rate(%)           : 81
	Aivector Usage Rate(%)         : 5
	Aicpu Usage Rate(%)            : 0
	Ctrlcpu Usage Rate(%)          : 4
	DDR Bandwidth Usage Rate(%)    : 0
	HBM Bandwidth Usage Rate(%)    : 53
	NPU Utilization(%)             : 89
	Aicube Usage Rate(%)           : 73
	Get pid name failed.
	Process id:1811027 Process name:                  Process memory(MB):16066
Error: cannot run top on container aceaef212ad03c546a6eb710fca4fd3c10f869d0c7973db9955d514211247daa as it did not create a cgroup: this container does not have a cgroup
timestamp_ns=1785750790422008389
	DDR Capacity(MB)               : 0
	DDR Usage Rate(%)              : 0
	DDR Hugepages Total(page)      : 0
	DDR Hugepages Usage Rate(%)    : 0
	HBM Capacity(MB)               : 65536
	HBM Usage Rate(%)              : 29
	Aicore Usage Rate(%)           : 77
	Aivector Usage Rate(%)         : 4
	Aicpu Usage Rate(%)            : 0
	Ctrlcpu Usage Rate(%)          : 6
	DDR Bandwidth Usage Rate(%)    : 0
	HBM Bandwidth Usage Rate(%)    : 52
	NPU Utilization(%)             : 86
	Aicube Usage Rate(%)           : 71
	Get pid name failed.
	Process id:1811027 Process name:                  Process memory(MB):16066
Error: cannot run top on container aceaef212ad03c546a6eb710fca4fd3c10f869d0c7973db9955d514211247daa as it did not create a cgroup: this container does not have a cgroup
timestamp_ns=1785750792579949787
	DDR Capacity(MB)               : 0
	DDR Usage Rate(%)              : 0
	DDR Hugepages Total(page)      : 0
	DDR Hugepages Usage Rate(%)    : 0
	HBM Capacity(MB)               : 65536
	HBM Usage Rate(%)              : 29
	Aicore Usage Rate(%)           : 80
	Aivector Usage Rate(%)         : 5
	Aicpu Usage Rate(%)            : 0
	Ctrlcpu Usage Rate(%)          : 4
	DDR Bandwidth Usage Rate(%)    : 0
	HBM Bandwidth Usage Rate(%)    : 54
	NPU Utilization(%)             : 89
	Aicube Usage Rate(%)           : 72
	Get pid name failed.
	Process id:1811027 Process name:                  Process memory(MB):16066
Error: cannot run top on container aceaef212ad03c546a6eb710fca4fd3c10f869d0c7973db9955d514211247daa as it did not create a cgroup: this container does not have a cgroup
timestamp_ns=1785750794732558638
	DDR Capacity(MB)               : 0
	DDR Usage Rate(%)              : 0
	DDR Hugepages Total(page)      : 0
	DDR Hugepages Usage Rate(%)    : 0
	HBM Capacity(MB)               : 65536
	HBM Usage Rate(%)              : 29
	Aicore Usage Rate(%)           : 75
	Aivector Usage Rate(%)         : 4
	Aicpu Usage Rate(%)            : 0
	Ctrlcpu Usage Rate(%)          : 4
	DDR Bandwidth Usage Rate(%)    : 0
	HBM Bandwidth Usage Rate(%)    : 53
	NPU Utilization(%)             : 89
	Aicube Usage Rate(%)           : 69
	Get pid name failed.
	Process id:1811027 Process name:                  Process memory(MB):16066
Error: cannot run top on container aceaef212ad03c546a6eb710fca4fd3c10f869d0c7973db9955d514211247daa as it did not create a cgroup: this container does not have a cgroup
timestamp_ns=1785750796887365124
	DDR Capacity(MB)               : 0
	DDR Usage Rate(%)              : 0
	DDR Hugepages Total(page)      : 0
	DDR Hugepages Usage Rate(%)    : 0
	HBM Capacity(MB)               : 65536
	HBM Usage Rate(%)              : 29
	Aicore Usage Rate(%)           : 77
	Aivector Usage Rate(%)         : 5
	Aicpu Usage Rate(%)            : 0
	Ctrlcpu Usage Rate(%)          : 7
	DDR Bandwidth Usage Rate(%)    : 0
	HBM Bandwidth Usage Rate(%)    : 54
	NPU Utilization(%)             : 89
	Aicube Usage Rate(%)           : 69
	Get pid name failed.
	Process id:1811027 Process name:                  Process memory(MB):16066
Error: cannot run top on container aceaef212ad03c546a6eb710fca4fd3c10f869d0c7973db9955d514211247daa as it did not create a cgroup: this container does not have a cgroup
timestamp_ns=1785750799027625315
	DDR Capacity(MB)               : 0
	DDR Usage Rate(%)              : 0
	DDR Hugepages Total(page)      : 0
	DDR Hugepages Usage Rate(%)    : 0
	HBM Capacity(MB)               : 65536
	HBM Usage Rate(%)              : 29
	Aicore Usage Rate(%)           : 77
	Aivector Usage Rate(%)         : 5
	Aicpu Usage Rate(%)            : 0
	Ctrlcpu Usage Rate(%)          : 1
	DDR Bandwidth Usage Rate(%)    : 0
	HBM Bandwidth Usage Rate(%)    : 53
	NPU Utilization(%)             : 100
	Aicube Usage Rate(%)           : 71
	Get pid name failed.
	Process id:1811027 Process name:                  Process memory(MB):16066
Error: cannot run top on container aceaef212ad03c546a6eb710fca4fd3c10f869d0c7973db9955d514211247daa as it did not create a cgroup: this container does not have a cgroup
timestamp_ns=1785750801202305053
	DDR Capacity(MB)               : 0
	DDR Usage Rate(%)              : 0
	DDR Hugepages Total(page)      : 0
	DDR Hugepages Usage Rate(%)    : 0
	HBM Capacity(MB)               : 65536
	HBM Usage Rate(%)              : 29
	Aicore Usage Rate(%)           : 80
	Aivector Usage Rate(%)         : 5
	Aicpu Usage Rate(%)            : 0
	Ctrlcpu Usage Rate(%)          : 2
	DDR Bandwidth Usage Rate(%)    : 0
	HBM Bandwidth Usage Rate(%)    : 53
	NPU Utilization(%)             : 89
	Aicube Usage Rate(%)           : 72
	Get pid name failed.
	Process id:1811027 Process name:                  Process memory(MB):16066
Error: cannot run top on container aceaef212ad03c546a6eb710fca4fd3c10f869d0c7973db9955d514211247daa as it did not create a cgroup: this container does not have a cgroup
timestamp_ns=1785750803374132850
	DDR Capacity(MB)               : 0
	DDR Usage Rate(%)              : 0
	DDR Hugepages Total(page)      : 0
	DDR Hugepages Usage Rate(%)    : 0
	HBM Capacity(MB)               : 65536
	HBM Usage Rate(%)              : 29
	Aicore Usage Rate(%)           : 77
	Aivector Usage Rate(%)         : 5
	Aicpu Usage Rate(%)            : 0
	Ctrlcpu Usage Rate(%)          : 8
	DDR Bandwidth Usage Rate(%)    : 0
	HBM Bandwidth Usage Rate(%)    : 53
	NPU Utilization(%)             : 100
	Aicube Usage Rate(%)           : 71
	Get pid name failed.
	Process id:1811027 Process name:                  Process memory(MB):16066
Error: cannot run top on container aceaef212ad03c546a6eb710fca4fd3c10f869d0c7973db9955d514211247daa as it did not create a cgroup: this container does not have a cgroup
timestamp_ns=1785750805534171390
	DDR Capacity(MB)               : 0
	DDR Usage Rate(%)              : 0
	DDR Hugepages Total(page)      : 0
	DDR Hugepages Usage Rate(%)    : 0
	HBM Capacity(MB)               : 65536
	HBM Usage Rate(%)              : 29
	Aicore Usage Rate(%)           : 82
	Aivector Usage Rate(%)         : 5
	Aicpu Usage Rate(%)            : 0
	Ctrlcpu Usage Rate(%)          : 2
	DDR Bandwidth Usage Rate(%)    : 0
	HBM Bandwidth Usage Rate(%)    : 53
	NPU Utilization(%)             : 93
	Aicube Usage Rate(%)           : 74
	Get pid name failed.
	Process id:1811027 Process name:                  Process memory(MB):16066
Error: cannot run top on container aceaef212ad03c546a6eb710fca4fd3c10f869d0c7973db9955d514211247daa as it did not create a cgroup: this container does not have a cgroup
timestamp_ns=1785750807736839456
	DDR Capacity(MB)               : 0
	DDR Usage Rate(%)              : 0
	DDR Hugepages Total(page)      : 0
	DDR Hugepages Usage Rate(%)    : 0
	HBM Capacity(MB)               : 65536
	HBM Usage Rate(%)              : 29
	Aicore Usage Rate(%)           : 76
	Aivector Usage Rate(%)         : 4
	Aicpu Usage Rate(%)            : 0
	Ctrlcpu Usage Rate(%)          : 3
	DDR Bandwidth Usage Rate(%)    : 0
	HBM Bandwidth Usage Rate(%)    : 53
	NPU Utilization(%)             : 96
	Aicube Usage Rate(%)           : 70
	Get pid name failed.
	Process id:1811027 Process name:                  Process memory(MB):16066
Error: cannot run top on container aceaef212ad03c546a6eb710fca4fd3c10f869d0c7973db9955d514211247daa as it did not create a cgroup: this container does not have a cgroup
timestamp_ns=1785750809899139944
	DDR Capacity(MB)               : 0
	DDR Usage Rate(%)              : 0
	DDR Hugepages Total(page)      : 0
	DDR Hugepages Usage Rate(%)    : 0
	HBM Capacity(MB)               : 65536
	HBM Usage Rate(%)              : 29
	Aicore Usage Rate(%)           : 79
	Aivector Usage Rate(%)         : 5
	Aicpu Usage Rate(%)            : 0
	Ctrlcpu Usage Rate(%)          : 1
	DDR Bandwidth Usage Rate(%)    : 0
	HBM Bandwidth Usage Rate(%)    : 54
	NPU Utilization(%)             : 93
	Aicube Usage Rate(%)           : 71
	Get pid name failed.
	Process id:1811027 Process name:                  Process memory(MB):16066
Error: cannot run top on container aceaef212ad03c546a6eb710fca4fd3c10f869d0c7973db9955d514211247daa as it did not create a cgroup: this container does not have a cgroup
timestamp_ns=1785750812059257367
	DDR Capacity(MB)               : 0
	DDR Usage Rate(%)              : 0
	DDR Hugepages Total(page)      : 0
	DDR Hugepages Usage Rate(%)    : 0
	HBM Capacity(MB)               : 65536
	HBM Usage Rate(%)              : 29
	Aicore Usage Rate(%)           : 77
	Aivector Usage Rate(%)         : 5
	Aicpu Usage Rate(%)            : 0
	Ctrlcpu Usage Rate(%)          : 6
	DDR Bandwidth Usage Rate(%)    : 0
	HBM Bandwidth Usage Rate(%)    : 0
	NPU Utilization(%)             : 96
	Aicube Usage Rate(%)           : 71
	Get pid name failed.
	Process id:1811027 Process name:                  Process memory(MB):16066
Error: cannot run top on container aceaef212ad03c546a6eb710fca4fd3c10f869d0c7973db9955d514211247daa as it did not create a cgroup: this container does not have a cgroup
timestamp_ns=1785750814211899575
	DDR Capacity(MB)               : 0
	DDR Usage Rate(%)              : 0
	DDR Hugepages Total(page)      : 0
	DDR Hugepages Usage Rate(%)    : 0
	HBM Capacity(MB)               : 65536
	HBM Usage Rate(%)              : 29
	Aicore Usage Rate(%)           : 79
	Aivector Usage Rate(%)         : 5
	Aicpu Usage Rate(%)            : 0
	Ctrlcpu Usage Rate(%)          : 1
	DDR Bandwidth Usage Rate(%)    : 0
	HBM Bandwidth Usage Rate(%)    : 53
	NPU Utilization(%)             : 86
	Aicube Usage Rate(%)           : 71
	Get pid name failed.
	Process id:1811027 Process name:                  Process memory(MB):16066
Error: cannot run top on container aceaef212ad03c546a6eb710fca4fd3c10f869d0c7973db9955d514211247daa as it did not create a cgroup: this container does not have a cgroup
timestamp_ns=1785750816355744687
	DDR Capacity(MB)               : 0
	DDR Usage Rate(%)              : 0
	DDR Hugepages Total(page)      : 0
	DDR Hugepages Usage Rate(%)    : 0
	HBM Capacity(MB)               : 65536
	HBM Usage Rate(%)              : 29
	Aicore Usage Rate(%)           : 79
	Aivector Usage Rate(%)         : 5
	Aicpu Usage Rate(%)            : 0
	Ctrlcpu Usage Rate(%)          : 0
	DDR Bandwidth Usage Rate(%)    : 0
	HBM Bandwidth Usage Rate(%)    : 54
	NPU Utilization(%)             : 100
	Aicube Usage Rate(%)           : 72
	Get pid name failed.
	Process id:1811027 Process name:                  Process memory(MB):16066
Error: cannot run top on container aceaef212ad03c546a6eb710fca4fd3c10f869d0c7973db9955d514211247daa as it did not create a cgroup: this container does not have a cgroup
timestamp_ns=1785750818505537477
	DDR Capacity(MB)               : 0
	DDR Usage Rate(%)              : 0
	DDR Hugepages Total(page)      : 0
	DDR Hugepages Usage Rate(%)    : 0
	HBM Capacity(MB)               : 65536
	HBM Usage Rate(%)              : 29
	Aicore Usage Rate(%)           : 79
	Aivector Usage Rate(%)         : 5
	Aicpu Usage Rate(%)            : 0
	Ctrlcpu Usage Rate(%)          : 2
	DDR Bandwidth Usage Rate(%)    : 0
	HBM Bandwidth Usage Rate(%)    : 54
	NPU Utilization(%)             : 89
	Aicube Usage Rate(%)           : 71
	Get pid name failed.
	Process id:1811027 Process name:                  Process memory(MB):16066
Error: cannot run top on container aceaef212ad03c546a6eb710fca4fd3c10f869d0c7973db9955d514211247daa as it did not create a cgroup: this container does not have a cgroup
timestamp_ns=1785750820644790434
	DDR Capacity(MB)               : 0
	DDR Usage Rate(%)              : 0
	DDR Hugepages Total(page)      : 0
	DDR Hugepages Usage Rate(%)    : 0
	HBM Capacity(MB)               : 65536
	HBM Usage Rate(%)              : 29
	Aicore Usage Rate(%)           : 81
	Aivector Usage Rate(%)         : 5
	Aicpu Usage Rate(%)            : 0
	Ctrlcpu Usage Rate(%)          : 1
	DDR Bandwidth Usage Rate(%)    : 0
	HBM Bandwidth Usage Rate(%)    : 52
	NPU Utilization(%)             : 89
	Aicube Usage Rate(%)           : 74
	Get pid name failed.
	Process id:1811027 Process name:                  Process memory(MB):16066
Error: cannot run top on container aceaef212ad03c546a6eb710fca4fd3c10f869d0c7973db9955d514211247daa as it did not create a cgroup: this container does not have a cgroup
timestamp_ns=1785750822818163686
	DDR Capacity(MB)               : 0
	DDR Usage Rate(%)              : 0
	DDR Hugepages Total(page)      : 0
	DDR Hugepages Usage Rate(%)    : 0
	HBM Capacity(MB)               : 65536
	HBM Usage Rate(%)              : 29
	Aicore Usage Rate(%)           : 78
	Aivector Usage Rate(%)         : 4
	Aicpu Usage Rate(%)            : 0
	Ctrlcpu Usage Rate(%)          : 3
	DDR Bandwidth Usage Rate(%)    : 0
	HBM Bandwidth Usage Rate(%)    : 54
	NPU Utilization(%)             : 89
	Aicube Usage Rate(%)           : 71
	Get pid name failed.
	Process id:1811027 Process name:                  Process memory(MB):16066
Error: cannot run top on container aceaef212ad03c546a6eb710fca4fd3c10f869d0c7973db9955d514211247daa as it did not create a cgroup: this container does not have a cgroup
timestamp_ns=1785750824960557533
	DDR Capacity(MB)               : 0
	DDR Usage Rate(%)              : 0
	DDR Hugepages Total(page)      : 0
	DDR Hugepages Usage Rate(%)    : 0
	HBM Capacity(MB)               : 65536
	HBM Usage Rate(%)              : 29
	Aicore Usage Rate(%)           : 79
	Aivector Usage Rate(%)         : 5
	Aicpu Usage Rate(%)            : 0
	Ctrlcpu Usage Rate(%)          : 2
	DDR Bandwidth Usage Rate(%)    : 0
	HBM Bandwidth Usage Rate(%)    : 53
	NPU Utilization(%)             : 86
	Aicube Usage Rate(%)           : 72
	Get pid name failed.
	Process id:1811027 Process name:                  Process memory(MB):16066
Error: cannot run top on container aceaef212ad03c546a6eb710fca4fd3c10f869d0c7973db9955d514211247daa as it did not create a cgroup: this container does not have a cgroup
timestamp_ns=1785750827116806833
	DDR Capacity(MB)               : 0
	DDR Usage Rate(%)              : 0
	DDR Hugepages Total(page)      : 0
	DDR Hugepages Usage Rate(%)    : 0
	HBM Capacity(MB)               : 65536
	HBM Usage Rate(%)              : 29
	Aicore Usage Rate(%)           : 79
	Aivector Usage Rate(%)         : 5
	Aicpu Usage Rate(%)            : 0
	Ctrlcpu Usage Rate(%)          : 6
	DDR Bandwidth Usage Rate(%)    : 0
	HBM Bandwidth Usage Rate(%)    : 53
	NPU Utilization(%)             : 96
	Aicube Usage Rate(%)           : 71
	Get pid name failed.
	Process id:1811027 Process name:                  Process memory(MB):16066
Error: cannot run top on container aceaef212ad03c546a6eb710fca4fd3c10f869d0c7973db9955d514211247daa as it did not create a cgroup: this container does not have a cgroup
timestamp_ns=1785750829296565992
	DDR Capacity(MB)               : 0
	DDR Usage Rate(%)              : 0
	DDR Hugepages Total(page)      : 0
	DDR Hugepages Usage Rate(%)    : 0
	HBM Capacity(MB)               : 65536
	HBM Usage Rate(%)              : 29
	Aicore Usage Rate(%)           : 81
	Aivector Usage Rate(%)         : 5
	Aicpu Usage Rate(%)            : 0
	Ctrlcpu Usage Rate(%)          : 5
	DDR Bandwidth Usage Rate(%)    : 0
	HBM Bandwidth Usage Rate(%)    : 53
	NPU Utilization(%)             : 82
	Aicube Usage Rate(%)           : 73
	Get pid name failed.
	Process id:1811027 Process name:                  Process memory(MB):16066
Error: cannot run top on container aceaef212ad03c546a6eb710fca4fd3c10f869d0c7973db9955d514211247daa as it did not create a cgroup: this container does not have a cgroup
timestamp_ns=1785750831475805988
	DDR Capacity(MB)               : 0
	DDR Usage Rate(%)              : 0
	DDR Hugepages Total(page)      : 0
	DDR Hugepages Usage Rate(%)    : 0
	HBM Capacity(MB)               : 65536
	HBM Usage Rate(%)              : 29
	Aicore Usage Rate(%)           : 81
	Aivector Usage Rate(%)         : 5
	Aicpu Usage Rate(%)            : 0
	Ctrlcpu Usage Rate(%)          : 6
	DDR Bandwidth Usage Rate(%)    : 0
	HBM Bandwidth Usage Rate(%)    : 53
	NPU Utilization(%)             : 86
	Aicube Usage Rate(%)           : 73
	Get pid name failed.
	Process id:1811027 Process name:                  Process memory(MB):16066
Error: cannot run top on container aceaef212ad03c546a6eb710fca4fd3c10f869d0c7973db9955d514211247daa as it did not create a cgroup: this container does not have a cgroup
timestamp_ns=1785750833618054207
	DDR Capacity(MB)               : 0
	DDR Usage Rate(%)              : 0
	DDR Hugepages Total(page)      : 0
	DDR Hugepages Usage Rate(%)    : 0
	HBM Capacity(MB)               : 65536
	HBM Usage Rate(%)              : 29
	Aicore Usage Rate(%)           : 77
	Aivector Usage Rate(%)         : 5
	Aicpu Usage Rate(%)            : 0
	Ctrlcpu Usage Rate(%)          : 6
	DDR Bandwidth Usage Rate(%)    : 0
	HBM Bandwidth Usage Rate(%)    : 10
	NPU Utilization(%)             : 93
	Aicube Usage Rate(%)           : 71
	Get pid name failed.
	Process id:1811027 Process name:                  Process memory(MB):16066
Error: cannot run top on container aceaef212ad03c546a6eb710fca4fd3c10f869d0c7973db9955d514211247daa as it did not create a cgroup: this container does not have a cgroup
timestamp_ns=1785750835767110635
	DDR Capacity(MB)               : 0
	DDR Usage Rate(%)              : 0
	DDR Hugepages Total(page)      : 0
	DDR Hugepages Usage Rate(%)    : 0
	HBM Capacity(MB)               : 65536
	HBM Usage Rate(%)              : 29
	Aicore Usage Rate(%)           : 79
	Aivector Usage Rate(%)         : 5
	Aicpu Usage Rate(%)            : 0
	Ctrlcpu Usage Rate(%)          : 3
	DDR Bandwidth Usage Rate(%)    : 0
	HBM Bandwidth Usage Rate(%)    : 53
	NPU Utilization(%)             : 89
	Aicube Usage Rate(%)           : 71
	Get pid name failed.
	Process id:1811027 Process name:                  Process memory(MB):16066
Error: cannot run top on container aceaef212ad03c546a6eb710fca4fd3c10f869d0c7973db9955d514211247daa as it did not create a cgroup: this container does not have a cgroup
timestamp_ns=1785750837905259687
	DDR Capacity(MB)               : 0
	DDR Usage Rate(%)              : 0
	DDR Hugepages Total(page)      : 0
	DDR Hugepages Usage Rate(%)    : 0
	HBM Capacity(MB)               : 65536
	HBM Usage Rate(%)              : 29
	Aicore Usage Rate(%)           : 75
	Aivector Usage Rate(%)         : 4
	Aicpu Usage Rate(%)            : 0
	Ctrlcpu Usage Rate(%)          : 2
	DDR Bandwidth Usage Rate(%)    : 0
	HBM Bandwidth Usage Rate(%)    : 53
	NPU Utilization(%)             : 82
	Aicube Usage Rate(%)           : 69
	Get pid name failed.
	Process id:1811027 Process name:                  Process memory(MB):16066
Error: cannot run top on container aceaef212ad03c546a6eb710fca4fd3c10f869d0c7973db9955d514211247daa as it did not create a cgroup: this container does not have a cgroup
timestamp_ns=1785750840063539913
	DDR Capacity(MB)               : 0
	DDR Usage Rate(%)              : 0
	DDR Hugepages Total(page)      : 0
	DDR Hugepages Usage Rate(%)    : 0
	HBM Capacity(MB)               : 65536
	HBM Usage Rate(%)              : 29
	Aicore Usage Rate(%)           : 78
	Aivector Usage Rate(%)         : 4
	Aicpu Usage Rate(%)            : 0
	Ctrlcpu Usage Rate(%)          : 2
	DDR Bandwidth Usage Rate(%)    : 0
	HBM Bandwidth Usage Rate(%)    : 51
	NPU Utilization(%)             : 96
	Aicube Usage Rate(%)           : 70
	Get pid name failed.
	Process id:1811027 Process name:                  Process memory(MB):16066
Error: cannot run top on container aceaef212ad03c546a6eb710fca4fd3c10f869d0c7973db9955d514211247daa as it did not create a cgroup: this container does not have a cgroup
timestamp_ns=1785750842198812009
	DDR Capacity(MB)               : 0
	DDR Usage Rate(%)              : 0
	DDR Hugepages Total(page)      : 0
	DDR Hugepages Usage Rate(%)    : 0
	HBM Capacity(MB)               : 65536
	HBM Usage Rate(%)              : 29
	Aicore Usage Rate(%)           : 80
	Aivector Usage Rate(%)         : 5
	Aicpu Usage Rate(%)            : 0
	Ctrlcpu Usage Rate(%)          : 10
	DDR Bandwidth Usage Rate(%)    : 0
	HBM Bandwidth Usage Rate(%)    : 54
	NPU Utilization(%)             : 93
	Aicube Usage Rate(%)           : 74
	Get pid name failed.
	Process id:1811027 Process name:                  Process memory(MB):16066
Error: cannot run top on container aceaef212ad03c546a6eb710fca4fd3c10f869d0c7973db9955d514211247daa as it did not create a cgroup: this container does not have a cgroup
timestamp_ns=1785750844342449597
	DDR Capacity(MB)               : 0
	DDR Usage Rate(%)              : 0
	DDR Hugepages Total(page)      : 0
	DDR Hugepages Usage Rate(%)    : 0
	HBM Capacity(MB)               : 65536
	HBM Usage Rate(%)              : 29
	Aicore Usage Rate(%)           : 80
	Aivector Usage Rate(%)         : 5
	Aicpu Usage Rate(%)            : 0
	Ctrlcpu Usage Rate(%)          : 1
	DDR Bandwidth Usage Rate(%)    : 0
	HBM Bandwidth Usage Rate(%)    : 53
	NPU Utilization(%)             : 86
	Aicube Usage Rate(%)           : 72
	Get pid name failed.
	Process id:1811027 Process name:                  Process memory(MB):16066
Error: cannot run top on container aceaef212ad03c546a6eb710fca4fd3c10f869d0c7973db9955d514211247daa as it did not create a cgroup: this container does not have a cgroup
timestamp_ns=1785750846518666931
	DDR Capacity(MB)               : 0
	DDR Usage Rate(%)              : 0
	DDR Hugepages Total(page)      : 0
	DDR Hugepages Usage Rate(%)    : 0
	HBM Capacity(MB)               : 65536
	HBM Usage Rate(%)              : 29
	Aicore Usage Rate(%)           : 80
	Aivector Usage Rate(%)         : 5
	Aicpu Usage Rate(%)            : 0
	Ctrlcpu Usage Rate(%)          : 3
	DDR Bandwidth Usage Rate(%)    : 0
	HBM Bandwidth Usage Rate(%)    : 53
	NPU Utilization(%)             : 96
	Aicube Usage Rate(%)           : 73
	Get pid name failed.
	Process id:1811027 Process name:                  Process memory(MB):16066
Error: cannot run top on container aceaef212ad03c546a6eb710fca4fd3c10f869d0c7973db9955d514211247daa as it did not create a cgroup: this container does not have a cgroup
timestamp_ns=1785750848687182468
	DDR Capacity(MB)               : 0
	DDR Usage Rate(%)              : 0
	DDR Hugepages Total(page)      : 0
	DDR Hugepages Usage Rate(%)    : 0
	HBM Capacity(MB)               : 65536
	HBM Usage Rate(%)              : 29
	Aicore Usage Rate(%)           : 79
	Aivector Usage Rate(%)         : 4
	Aicpu Usage Rate(%)            : 0
	Ctrlcpu Usage Rate(%)          : 2
	DDR Bandwidth Usage Rate(%)    : 0
	HBM Bandwidth Usage Rate(%)    : 54
	NPU Utilization(%)             : 93
	Aicube Usage Rate(%)           : 71
	Get pid name failed.
	Process id:1811027 Process name:                  Process memory(MB):16066
Error: cannot run top on container aceaef212ad03c546a6eb710fca4fd3c10f869d0c7973db9955d514211247daa as it did not create a cgroup: this container does not have a cgroup
timestamp_ns=1785750850828520737
	DDR Capacity(MB)               : 0
	DDR Usage Rate(%)              : 0
	DDR Hugepages Total(page)      : 0
	DDR Hugepages Usage Rate(%)    : 0
	HBM Capacity(MB)               : 65536
	HBM Usage Rate(%)              : 29
	Aicore Usage Rate(%)           : 77
	Aivector Usage Rate(%)         : 5
	Aicpu Usage Rate(%)            : 0
	Ctrlcpu Usage Rate(%)          : 3
	DDR Bandwidth Usage Rate(%)    : 0
	HBM Bandwidth Usage Rate(%)    : 52
	NPU Utilization(%)             : 86
	Aicube Usage Rate(%)           : 71
	Get pid name failed.
	Process id:1811027 Process name:                  Process memory(MB):16066
Error: cannot run top on container aceaef212ad03c546a6eb710fca4fd3c10f869d0c7973db9955d514211247daa as it did not create a cgroup: this container does not have a cgroup
timestamp_ns=1785750852962800017
	DDR Capacity(MB)               : 0
	DDR Usage Rate(%)              : 0
	DDR Hugepages Total(page)      : 0
	DDR Hugepages Usage Rate(%)    : 0
	HBM Capacity(MB)               : 65536
	HBM Usage Rate(%)              : 29
	Aicore Usage Rate(%)           : 79
	Aivector Usage Rate(%)         : 5
	Aicpu Usage Rate(%)            : 0
	Ctrlcpu Usage Rate(%)          : 10
	DDR Bandwidth Usage Rate(%)    : 0
	HBM Bandwidth Usage Rate(%)    : 53
	NPU Utilization(%)             : 89
	Aicube Usage Rate(%)           : 71
	Get pid name failed.
	Process id:1811027 Process name:                  Process memory(MB):16066
Error: cannot run top on container aceaef212ad03c546a6eb710fca4fd3c10f869d0c7973db9955d514211247daa as it did not create a cgroup: this container does not have a cgroup
timestamp_ns=1785750855109754789
	DDR Capacity(MB)               : 0
	DDR Usage Rate(%)              : 0
	DDR Hugepages Total(page)      : 0
	DDR Hugepages Usage Rate(%)    : 0
	HBM Capacity(MB)               : 65536
	HBM Usage Rate(%)              : 29
	Aicore Usage Rate(%)           : 75
	Aivector Usage Rate(%)         : 4
	Aicpu Usage Rate(%)            : 0
	Ctrlcpu Usage Rate(%)          : 2
	DDR Bandwidth Usage Rate(%)    : 0
	HBM Bandwidth Usage Rate(%)    : 52
	NPU Utilization(%)             : 86
	Aicube Usage Rate(%)           : 68
	Get pid name failed.
	Process id:1811027 Process name:                  Process memory(MB):16066
Error: cannot run top on container aceaef212ad03c546a6eb710fca4fd3c10f869d0c7973db9955d514211247daa as it did not create a cgroup: this container does not have a cgroup
timestamp_ns=1785750857245641071
	DDR Capacity(MB)               : 0
	DDR Usage Rate(%)              : 0
	DDR Hugepages Total(page)      : 0
	DDR Hugepages Usage Rate(%)    : 0
	HBM Capacity(MB)               : 65536
	HBM Usage Rate(%)              : 29
	Aicore Usage Rate(%)           : 76
	Aivector Usage Rate(%)         : 5
	Aicpu Usage Rate(%)            : 0
	Ctrlcpu Usage Rate(%)          : 4
	DDR Bandwidth Usage Rate(%)    : 0
	HBM Bandwidth Usage Rate(%)    : 52
	NPU Utilization(%)             : 93
	Aicube Usage Rate(%)           : 69
	Get pid name failed.
	Process id:1811027 Process name:                  Process memory(MB):16066
Error: cannot run top on container aceaef212ad03c546a6eb710fca4fd3c10f869d0c7973db9955d514211247daa as it did not create a cgroup: this container does not have a cgroup
timestamp_ns=1785750859386038567
	DDR Capacity(MB)               : 0
	DDR Usage Rate(%)              : 0
	DDR Hugepages Total(page)      : 0
	DDR Hugepages Usage Rate(%)    : 0
	HBM Capacity(MB)               : 65536
	HBM Usage Rate(%)              : 29
	Aicore Usage Rate(%)           : 78
	Aivector Usage Rate(%)         : 5
	Aicpu Usage Rate(%)            : 0
	Ctrlcpu Usage Rate(%)          : 1
	DDR Bandwidth Usage Rate(%)    : 0
	HBM Bandwidth Usage Rate(%)    : 52
	NPU Utilization(%)             : 93
	Aicube Usage Rate(%)           : 72
	Get pid name failed.
	Process id:1811027 Process name:                  Process memory(MB):16066
Error: cannot run top on container aceaef212ad03c546a6eb710fca4fd3c10f869d0c7973db9955d514211247daa as it did not create a cgroup: this container does not have a cgroup
timestamp_ns=1785750861542959763
	DDR Capacity(MB)               : 0
	DDR Usage Rate(%)              : 0
	DDR Hugepages Total(page)      : 0
	DDR Hugepages Usage Rate(%)    : 0
	HBM Capacity(MB)               : 65536
	HBM Usage Rate(%)              : 29
	Aicore Usage Rate(%)           : 81
	Aivector Usage Rate(%)         : 5
	Aicpu Usage Rate(%)            : 0
	Ctrlcpu Usage Rate(%)          : 2
	DDR Bandwidth Usage Rate(%)    : 0
	HBM Bandwidth Usage Rate(%)    : 53
	NPU Utilization(%)             : 86
	Aicube Usage Rate(%)           : 74
	Get pid name failed.
	Process id:1811027 Process name:                  Process memory(MB):16066
Error: cannot run top on container aceaef212ad03c546a6eb710fca4fd3c10f869d0c7973db9955d514211247daa as it did not create a cgroup: this container does not have a cgroup
timestamp_ns=1785750863699393229
	DDR Capacity(MB)               : 0
	DDR Usage Rate(%)              : 0
	DDR Hugepages Total(page)      : 0
	DDR Hugepages Usage Rate(%)    : 0
	HBM Capacity(MB)               : 65536
	HBM Usage Rate(%)              : 29
	Aicore Usage Rate(%)           : 79
	Aivector Usage Rate(%)         : 5
	Aicpu Usage Rate(%)            : 0
	Ctrlcpu Usage Rate(%)          : 5
	DDR Bandwidth Usage Rate(%)    : 0
	HBM Bandwidth Usage Rate(%)    : 18
	NPU Utilization(%)             : 93
	Aicube Usage Rate(%)           : 72
	Get pid name failed.
	Process id:1811027 Process name:                  Process memory(MB):16066
Error: cannot run top on container aceaef212ad03c546a6eb710fca4fd3c10f869d0c7973db9955d514211247daa as it did not create a cgroup: this container does not have a cgroup
timestamp_ns=1785750865842627089
	DDR Capacity(MB)               : 0
	DDR Usage Rate(%)              : 0
	DDR Hugepages Total(page)      : 0
	DDR Hugepages Usage Rate(%)    : 0
	HBM Capacity(MB)               : 65536
	HBM Usage Rate(%)              : 29
	Aicore Usage Rate(%)           : 78
	Aivector Usage Rate(%)         : 5
	Aicpu Usage Rate(%)            : 0
	Ctrlcpu Usage Rate(%)          : 3
	DDR Bandwidth Usage Rate(%)    : 0
	HBM Bandwidth Usage Rate(%)    : 53
	NPU Utilization(%)             : 96
	Aicube Usage Rate(%)           : 70
	Get pid name failed.
	Process id:1811027 Process name:                  Process memory(MB):16066
Error: cannot run top on container aceaef212ad03c546a6eb710fca4fd3c10f869d0c7973db9955d514211247daa as it did not create a cgroup: this container does not have a cgroup
timestamp_ns=1785750867974197266
	DDR Capacity(MB)               : 0
	DDR Usage Rate(%)              : 0
	DDR Hugepages Total(page)      : 0
	DDR Hugepages Usage Rate(%)    : 0
	HBM Capacity(MB)               : 65536
	HBM Usage Rate(%)              : 29
	Aicore Usage Rate(%)           : 78
	Aivector Usage Rate(%)         : 4
	Aicpu Usage Rate(%)            : 0
	Ctrlcpu Usage Rate(%)          : 2
	DDR Bandwidth Usage Rate(%)    : 0
	HBM Bandwidth Usage Rate(%)    : 54
	NPU Utilization(%)             : 96
	Aicube Usage Rate(%)           : 72
	Get pid name failed.
	Process id:1811027 Process name:                  Process memory(MB):16066
Error: cannot run top on container aceaef212ad03c546a6eb710fca4fd3c10f869d0c7973db9955d514211247daa as it did not create a cgroup: this container does not have a cgroup
timestamp_ns=1785750870106677251
	DDR Capacity(MB)               : 0
	DDR Usage Rate(%)              : 0
	DDR Hugepages Total(page)      : 0
	DDR Hugepages Usage Rate(%)    : 0
	HBM Capacity(MB)               : 65536
	HBM Usage Rate(%)              : 29
	Aicore Usage Rate(%)           : 78
	Aivector Usage Rate(%)         : 5
	Aicpu Usage Rate(%)            : 0
	Ctrlcpu Usage Rate(%)          : 1
	DDR Bandwidth Usage Rate(%)    : 0
	HBM Bandwidth Usage Rate(%)    : 53
	NPU Utilization(%)             : 86
	Aicube Usage Rate(%)           : 71
	Get pid name failed.
	Process id:1811027 Process name:                  Process memory(MB):16066
Error: cannot run top on container aceaef212ad03c546a6eb710fca4fd3c10f869d0c7973db9955d514211247daa as it did not create a cgroup: this container does not have a cgroup
timestamp_ns=1785750872248489848
	DDR Capacity(MB)               : 0
	DDR Usage Rate(%)              : 0
	DDR Hugepages Total(page)      : 0
	DDR Hugepages Usage Rate(%)    : 0
	HBM Capacity(MB)               : 65536
	HBM Usage Rate(%)              : 29
	Aicore Usage Rate(%)           : 80
	Aivector Usage Rate(%)         : 5
	Aicpu Usage Rate(%)            : 0
	Ctrlcpu Usage Rate(%)          : 7
	DDR Bandwidth Usage Rate(%)    : 0
	HBM Bandwidth Usage Rate(%)    : 54
	NPU Utilization(%)             : 86
	Aicube Usage Rate(%)           : 73
	Get pid name failed.
	Process id:1811027 Process name:                  Process memory(MB):16066
Error: cannot run top on container aceaef212ad03c546a6eb710fca4fd3c10f869d0c7973db9955d514211247daa as it did not create a cgroup: this container does not have a cgroup
timestamp_ns=1785750874387069601
	DDR Capacity(MB)               : 0
	DDR Usage Rate(%)              : 0
	DDR Hugepages Total(page)      : 0
	DDR Hugepages Usage Rate(%)    : 0
	HBM Capacity(MB)               : 65536
	HBM Usage Rate(%)              : 29
	Aicore Usage Rate(%)           : 79
	Aivector Usage Rate(%)         : 5
	Aicpu Usage Rate(%)            : 0
	Ctrlcpu Usage Rate(%)          : 7
	DDR Bandwidth Usage Rate(%)    : 0
	HBM Bandwidth Usage Rate(%)    : 52
	NPU Utilization(%)             : 96
	Aicube Usage Rate(%)           : 71
	Get pid name failed.
	Process id:1811027 Process name:                  Process memory(MB):16066
Error: cannot run top on container aceaef212ad03c546a6eb710fca4fd3c10f869d0c7973db9955d514211247daa as it did not create a cgroup: this container does not have a cgroup
timestamp_ns=1785750876522025946
	DDR Capacity(MB)               : 0
	DDR Usage Rate(%)              : 0
	DDR Hugepages Total(page)      : 0
	DDR Hugepages Usage Rate(%)    : 0
	HBM Capacity(MB)               : 65536
	HBM Usage Rate(%)              : 29
	Aicore Usage Rate(%)           : 74
	Aivector Usage Rate(%)         : 4
	Aicpu Usage Rate(%)            : 0
	Ctrlcpu Usage Rate(%)          : 4
	DDR Bandwidth Usage Rate(%)    : 0
	HBM Bandwidth Usage Rate(%)    : 53
	NPU Utilization(%)             : 86
	Aicube Usage Rate(%)           : 68
	Get pid name failed.
	Process id:1811027 Process name:                  Process memory(MB):16066
Error: cannot run top on container aceaef212ad03c546a6eb710fca4fd3c10f869d0c7973db9955d514211247daa as it did not create a cgroup: this container does not have a cgroup
timestamp_ns=1785750878668339191
	DDR Capacity(MB)               : 0
	DDR Usage Rate(%)              : 0
	DDR Hugepages Total(page)      : 0
	DDR Hugepages Usage Rate(%)    : 0
	HBM Capacity(MB)               : 65536
	HBM Usage Rate(%)              : 29
	Aicore Usage Rate(%)           : 79
	Aivector Usage Rate(%)         : 5
	Aicpu Usage Rate(%)            : 0
	Ctrlcpu Usage Rate(%)          : 1
	DDR Bandwidth Usage Rate(%)    : 0
	HBM Bandwidth Usage Rate(%)    : 53
	NPU Utilization(%)             : 93
	Aicube Usage Rate(%)           : 72
	Get pid name failed.
	Process id:1811027 Process name:                  Process memory(MB):16066
Error: cannot run top on container aceaef212ad03c546a6eb710fca4fd3c10f869d0c7973db9955d514211247daa as it did not create a cgroup: this container does not have a cgroup
timestamp_ns=1785750880818303465
	DDR Capacity(MB)               : 0
	DDR Usage Rate(%)              : 0
	DDR Hugepages Total(page)      : 0
	DDR Hugepages Usage Rate(%)    : 0
	HBM Capacity(MB)               : 65536
	HBM Usage Rate(%)              : 29
	Aicore Usage Rate(%)           : 81
	Aivector Usage Rate(%)         : 5
	Aicpu Usage Rate(%)            : 0
	Ctrlcpu Usage Rate(%)          : 6
	DDR Bandwidth Usage Rate(%)    : 0
	HBM Bandwidth Usage Rate(%)    : 50
	NPU Utilization(%)             : 100
	Aicube Usage Rate(%)           : 74
	Get pid name failed.
	Process id:1811027 Process name:                  Process memory(MB):16066
Error: cannot run top on container aceaef212ad03c546a6eb710fca4fd3c10f869d0c7973db9955d514211247daa as it did not create a cgroup: this container does not have a cgroup
timestamp_ns=1785750882975067039
	DDR Capacity(MB)               : 0
	DDR Usage Rate(%)              : 0
	DDR Hugepages Total(page)      : 0
	DDR Hugepages Usage Rate(%)    : 0
	HBM Capacity(MB)               : 65536
	HBM Usage Rate(%)              : 29
	Aicore Usage Rate(%)           : 80
	Aivector Usage Rate(%)         : 5
	Aicpu Usage Rate(%)            : 0
	Ctrlcpu Usage Rate(%)          : 4
	DDR Bandwidth Usage Rate(%)    : 0
	HBM Bandwidth Usage Rate(%)    : 53
	NPU Utilization(%)             : 89
	Aicube Usage Rate(%)           : 72
	Get pid name failed.
	Process id:1811027 Process name:                  Process memory(MB):16066
Error: cannot run top on container aceaef212ad03c546a6eb710fca4fd3c10f869d0c7973db9955d514211247daa as it did not create a cgroup: this container does not have a cgroup
timestamp_ns=1785750885115250697
	DDR Capacity(MB)               : 0
	DDR Usage Rate(%)              : 0
	DDR Hugepages Total(page)      : 0
	DDR Hugepages Usage Rate(%)    : 0
	HBM Capacity(MB)               : 65536
	HBM Usage Rate(%)              : 29
	Aicore Usage Rate(%)           : 81
	Aivector Usage Rate(%)         : 5
	Aicpu Usage Rate(%)            : 0
	Ctrlcpu Usage Rate(%)          : 0
	DDR Bandwidth Usage Rate(%)    : 0
	HBM Bandwidth Usage Rate(%)    : 52
	NPU Utilization(%)             : 86
	Aicube Usage Rate(%)           : 73
	Get pid name failed.
	Process id:1811027 Process name:                  Process memory(MB):16066
Error: cannot run top on container aceaef212ad03c546a6eb710fca4fd3c10f869d0c7973db9955d514211247daa as it did not create a cgroup: this container does not have a cgroup
timestamp_ns=1785750887258437003
	DDR Capacity(MB)               : 0
	DDR Usage Rate(%)              : 0
	DDR Hugepages Total(page)      : 0
	DDR Hugepages Usage Rate(%)    : 0
	HBM Capacity(MB)               : 65536
	HBM Usage Rate(%)              : 29
	Aicore Usage Rate(%)           : 79
	Aivector Usage Rate(%)         : 5
	Aicpu Usage Rate(%)            : 0
	Ctrlcpu Usage Rate(%)          : 6
	DDR Bandwidth Usage Rate(%)    : 0
	HBM Bandwidth Usage Rate(%)    : 53
	NPU Utilization(%)             : 89
	Aicube Usage Rate(%)           : 71
	Get pid name failed.
	Process id:1811027 Process name:                  Process memory(MB):16066
Error: cannot run top on container aceaef212ad03c546a6eb710fca4fd3c10f869d0c7973db9955d514211247daa as it did not create a cgroup: this container does not have a cgroup
timestamp_ns=1785750889392046476
	DDR Capacity(MB)               : 0
	DDR Usage Rate(%)              : 0
	DDR Hugepages Total(page)      : 0
	DDR Hugepages Usage Rate(%)    : 0
	HBM Capacity(MB)               : 65536
	HBM Usage Rate(%)              : 29
	Aicore Usage Rate(%)           : 79
	Aivector Usage Rate(%)         : 5
	Aicpu Usage Rate(%)            : 0
	Ctrlcpu Usage Rate(%)          : 2
	DDR Bandwidth Usage Rate(%)    : 0
	HBM Bandwidth Usage Rate(%)    : 0
	NPU Utilization(%)             : 86
	Aicube Usage Rate(%)           : 72
	Get pid name failed.
	Process id:1811027 Process name:                  Process memory(MB):16066
Error: cannot run top on container aceaef212ad03c546a6eb710fca4fd3c10f869d0c7973db9955d514211247daa as it did not create a cgroup: this container does not have a cgroup
timestamp_ns=1785750891528572646
	DDR Capacity(MB)               : 0
	DDR Usage Rate(%)              : 0
	DDR Hugepages Total(page)      : 0
	DDR Hugepages Usage Rate(%)    : 0
	HBM Capacity(MB)               : 65536
	HBM Usage Rate(%)              : 29
	Aicore Usage Rate(%)           : 77
	Aivector Usage Rate(%)         : 4
	Aicpu Usage Rate(%)            : 0
	Ctrlcpu Usage Rate(%)          : 3
	DDR Bandwidth Usage Rate(%)    : 0
	HBM Bandwidth Usage Rate(%)    : 52
	NPU Utilization(%)             : 86
	Aicube Usage Rate(%)           : 71
	Get pid name failed.
	Process id:1811027 Process name:                  Process memory(MB):16066
Error: cannot run top on container aceaef212ad03c546a6eb710fca4fd3c10f869d0c7973db9955d514211247daa as it did not create a cgroup: this container does not have a cgroup
timestamp_ns=1785750893688738078
	DDR Capacity(MB)               : 0
	DDR Usage Rate(%)              : 0
	DDR Hugepages Total(page)      : 0
	DDR Hugepages Usage Rate(%)    : 0
	HBM Capacity(MB)               : 65536
	HBM Usage Rate(%)              : 29
	Aicore Usage Rate(%)           : 75
	Aivector Usage Rate(%)         : 5
	Aicpu Usage Rate(%)            : 0
	Ctrlcpu Usage Rate(%)          : 5
	DDR Bandwidth Usage Rate(%)    : 0
	HBM Bandwidth Usage Rate(%)    : 53
	NPU Utilization(%)             : 93
	Aicube Usage Rate(%)           : 69
	Get pid name failed.
	Process id:1811027 Process name:                  Process memory(MB):16066
Error: cannot run top on container aceaef212ad03c546a6eb710fca4fd3c10f869d0c7973db9955d514211247daa as it did not create a cgroup: this container does not have a cgroup
timestamp_ns=1785750895820914209
	DDR Capacity(MB)               : 0
	DDR Usage Rate(%)              : 0
	DDR Hugepages Total(page)      : 0
	DDR Hugepages Usage Rate(%)    : 0
	HBM Capacity(MB)               : 65536
	HBM Usage Rate(%)              : 29
	Aicore Usage Rate(%)           : 80
	Aivector Usage Rate(%)         : 5
	Aicpu Usage Rate(%)            : 0
	Ctrlcpu Usage Rate(%)          : 6
	DDR Bandwidth Usage Rate(%)    : 0
	HBM Bandwidth Usage Rate(%)    : 53
	NPU Utilization(%)             : 89
	Aicube Usage Rate(%)           : 73
	Get pid name failed.
	Process id:1811027 Process name:                  Process memory(MB):16066
Error: cannot run top on container aceaef212ad03c546a6eb710fca4fd3c10f869d0c7973db9955d514211247daa as it did not create a cgroup: this container does not have a cgroup
timestamp_ns=1785750897953106066
	DDR Capacity(MB)               : 0
	DDR Usage Rate(%)              : 0
	DDR Hugepages Total(page)      : 0
	DDR Hugepages Usage Rate(%)    : 0
	HBM Capacity(MB)               : 65536
	HBM Usage Rate(%)              : 29
	Aicore Usage Rate(%)           : 80
	Aivector Usage Rate(%)         : 5
	Aicpu Usage Rate(%)            : 0
	Ctrlcpu Usage Rate(%)          : 1
	DDR Bandwidth Usage Rate(%)    : 0
	HBM Bandwidth Usage Rate(%)    : 54
	NPU Utilization(%)             : 89
	Aicube Usage Rate(%)           : 73
	Get pid name failed.
	Process id:1811027 Process name:                  Process memory(MB):16066
Error: cannot run top on container aceaef212ad03c546a6eb710fca4fd3c10f869d0c7973db9955d514211247daa as it did not create a cgroup: this container does not have a cgroup
timestamp_ns=1785750900090112171
	DDR Capacity(MB)               : 0
	DDR Usage Rate(%)              : 0
	DDR Hugepages Total(page)      : 0
	DDR Hugepages Usage Rate(%)    : 0
	HBM Capacity(MB)               : 65536
	HBM Usage Rate(%)              : 29
	Aicore Usage Rate(%)           : 81
	Aivector Usage Rate(%)         : 5
	Aicpu Usage Rate(%)            : 0
	Ctrlcpu Usage Rate(%)          : 1
	DDR Bandwidth Usage Rate(%)    : 0
	HBM Bandwidth Usage Rate(%)    : 52
	NPU Utilization(%)             : 86
	Aicube Usage Rate(%)           : 74
	Get pid name failed.
	Process id:1811027 Process name:                  Process memory(MB):16066
Error: cannot run top on container aceaef212ad03c546a6eb710fca4fd3c10f869d0c7973db9955d514211247daa as it did not create a cgroup: this container does not have a cgroup
timestamp_ns=1785750902228056061
	DDR Capacity(MB)               : 0
	DDR Usage Rate(%)              : 0
	DDR Hugepages Total(page)      : 0
	DDR Hugepages Usage Rate(%)    : 0
	HBM Capacity(MB)               : 65536
	HBM Usage Rate(%)              : 29
	Aicore Usage Rate(%)           : 79
	Aivector Usage Rate(%)         : 5
	Aicpu Usage Rate(%)            : 0
	Ctrlcpu Usage Rate(%)          : 6
	DDR Bandwidth Usage Rate(%)    : 0
	HBM Bandwidth Usage Rate(%)    : 52
	NPU Utilization(%)             : 89
	Aicube Usage Rate(%)           : 72
	Get pid name failed.
	Process id:1811027 Process name:                  Process memory(MB):16066
Error: cannot run top on container aceaef212ad03c546a6eb710fca4fd3c10f869d0c7973db9955d514211247daa as it did not create a cgroup: this container does not have a cgroup
timestamp_ns=1785750904376196912
	DDR Capacity(MB)               : 0
	DDR Usage Rate(%)              : 0
	DDR Hugepages Total(page)      : 0
	DDR Hugepages Usage Rate(%)    : 0
	HBM Capacity(MB)               : 65536
	HBM Usage Rate(%)              : 29
	Aicore Usage Rate(%)           : 77
	Aivector Usage Rate(%)         : 5
	Aicpu Usage Rate(%)            : 0
	Ctrlcpu Usage Rate(%)          : 1
	DDR Bandwidth Usage Rate(%)    : 0
	HBM Bandwidth Usage Rate(%)    : 54
	NPU Utilization(%)             : 93
	Aicube Usage Rate(%)           : 70
	Get pid name failed.
	Process id:1811027 Process name:                  Process memory(MB):16066
Error: cannot run top on container aceaef212ad03c546a6eb710fca4fd3c10f869d0c7973db9955d514211247daa as it did not create a cgroup: this container does not have a cgroup
timestamp_ns=1785750906529960278
	DDR Capacity(MB)               : 0
	DDR Usage Rate(%)              : 0
	DDR Hugepages Total(page)      : 0
	DDR Hugepages Usage Rate(%)    : 0
	HBM Capacity(MB)               : 65536
	HBM Usage Rate(%)              : 29
	Aicore Usage Rate(%)           : 81
	Aivector Usage Rate(%)         : 5
	Aicpu Usage Rate(%)            : 0
	Ctrlcpu Usage Rate(%)          : 3
	DDR Bandwidth Usage Rate(%)    : 0
	HBM Bandwidth Usage Rate(%)    : 53
	NPU Utilization(%)             : 89
	Aicube Usage Rate(%)           : 73
	Get pid name failed.
	Process id:1811027 Process name:                  Process memory(MB):16066
Error: cannot run top on container aceaef212ad03c546a6eb710fca4fd3c10f869d0c7973db9955d514211247daa as it did not create a cgroup: this container does not have a cgroup
timestamp_ns=1785750908670873813
	DDR Capacity(MB)               : 0
	DDR Usage Rate(%)              : 0
	DDR Hugepages Total(page)      : 0
	DDR Hugepages Usage Rate(%)    : 0
	HBM Capacity(MB)               : 65536
	HBM Usage Rate(%)              : 29
	Aicore Usage Rate(%)           : 80
	Aivector Usage Rate(%)         : 5
	Aicpu Usage Rate(%)            : 0
	Ctrlcpu Usage Rate(%)          : 2
	DDR Bandwidth Usage Rate(%)    : 0
	HBM Bandwidth Usage Rate(%)    : 53
	NPU Utilization(%)             : 96
	Aicube Usage Rate(%)           : 73
	Get pid name failed.
	Process id:1811027 Process name:                  Process memory(MB):16066
Error: cannot run top on container aceaef212ad03c546a6eb710fca4fd3c10f869d0c7973db9955d514211247daa as it did not create a cgroup: this container does not have a cgroup
timestamp_ns=1785750910828946559
	DDR Capacity(MB)               : 0
	DDR Usage Rate(%)              : 0
	DDR Hugepages Total(page)      : 0
	DDR Hugepages Usage Rate(%)    : 0
	HBM Capacity(MB)               : 65536
	HBM Usage Rate(%)              : 29
	Aicore Usage Rate(%)           : 77
	Aivector Usage Rate(%)         : 5
	Aicpu Usage Rate(%)            : 0
	Ctrlcpu Usage Rate(%)          : 3
	DDR Bandwidth Usage Rate(%)    : 0
	HBM Bandwidth Usage Rate(%)    : 54
	NPU Utilization(%)             : 93
	Aicube Usage Rate(%)           : 71
	Get pid name failed.
	Process id:1811027 Process name:                  Process memory(MB):16066
Error: cannot run top on container aceaef212ad03c546a6eb710fca4fd3c10f869d0c7973db9955d514211247daa as it did not create a cgroup: this container does not have a cgroup
timestamp_ns=1785750912978506783
	DDR Capacity(MB)               : 0
	DDR Usage Rate(%)              : 0
	DDR Hugepages Total(page)      : 0
	DDR Hugepages Usage Rate(%)    : 0
	HBM Capacity(MB)               : 65536
	HBM Usage Rate(%)              : 29
	Aicore Usage Rate(%)           : 65
	Aivector Usage Rate(%)         : 4
	Aicpu Usage Rate(%)            : 0
	Ctrlcpu Usage Rate(%)          : 5
	DDR Bandwidth Usage Rate(%)    : 0
	HBM Bandwidth Usage Rate(%)    : 53
	NPU Utilization(%)             : 96
	Aicube Usage Rate(%)           : 59
	Get pid name failed.
	Process id:1811027 Process name:                  Process memory(MB):16066
Error: cannot run top on container aceaef212ad03c546a6eb710fca4fd3c10f869d0c7973db9955d514211247daa as it did not create a cgroup: this container does not have a cgroup
timestamp_ns=1785750915174239564
	DDR Capacity(MB)               : 0
	DDR Usage Rate(%)              : 0
	DDR Hugepages Total(page)      : 0
	DDR Hugepages Usage Rate(%)    : 0
	HBM Capacity(MB)               : 65536
	HBM Usage Rate(%)              : 29
	Aicore Usage Rate(%)           : 62
	Aivector Usage Rate(%)         : 3
	Aicpu Usage Rate(%)            : 0
	Ctrlcpu Usage Rate(%)          : 1
	DDR Bandwidth Usage Rate(%)    : 0
	HBM Bandwidth Usage Rate(%)    : 18
	NPU Utilization(%)             : 89
	Aicube Usage Rate(%)           : 57
	Get pid name failed.
	Process id:1811027 Process name:                  Process memory(MB):16066
Error: cannot run top on container aceaef212ad03c546a6eb710fca4fd3c10f869d0c7973db9955d514211247daa as it did not create a cgroup: this container does not have a cgroup
timestamp_ns=1785750917354572256
	DDR Capacity(MB)               : 0
	DDR Usage Rate(%)              : 0
	DDR Hugepages Total(page)      : 0
	DDR Hugepages Usage Rate(%)    : 0
	HBM Capacity(MB)               : 65536
	HBM Usage Rate(%)              : 29
	Aicore Usage Rate(%)           : 76
	Aivector Usage Rate(%)         : 5
	Aicpu Usage Rate(%)            : 0
	Ctrlcpu Usage Rate(%)          : 5
	DDR Bandwidth Usage Rate(%)    : 0
	HBM Bandwidth Usage Rate(%)    : 52
	NPU Utilization(%)             : 93
	Aicube Usage Rate(%)           : 70
	Get pid name failed.
	Process id:1811027 Process name:                  Process memory(MB):16066
Error: cannot run top on container aceaef212ad03c546a6eb710fca4fd3c10f869d0c7973db9955d514211247daa as it did not create a cgroup: this container does not have a cgroup
timestamp_ns=1785750919533192820
	DDR Capacity(MB)               : 0
	DDR Usage Rate(%)              : 0
	DDR Hugepages Total(page)      : 0
	DDR Hugepages Usage Rate(%)    : 0
	HBM Capacity(MB)               : 65536
	HBM Usage Rate(%)              : 29
	Aicore Usage Rate(%)           : 76
	Aivector Usage Rate(%)         : 5
	Aicpu Usage Rate(%)            : 0
	Ctrlcpu Usage Rate(%)          : 1
	DDR Bandwidth Usage Rate(%)    : 0
	HBM Bandwidth Usage Rate(%)    : 52
	NPU Utilization(%)             : 93
	Aicube Usage Rate(%)           : 70
	Get pid name failed.
	Process id:1811027 Process name:                  Process memory(MB):16066
Error: cannot run top on container aceaef212ad03c546a6eb710fca4fd3c10f869d0c7973db9955d514211247daa as it did not create a cgroup: this container does not have a cgroup
timestamp_ns=1785750921689754031
	DDR Capacity(MB)               : 0
	DDR Usage Rate(%)              : 0
	DDR Hugepages Total(page)      : 0
	DDR Hugepages Usage Rate(%)    : 0
	HBM Capacity(MB)               : 65536
	HBM Usage Rate(%)              : 29
	Aicore Usage Rate(%)           : 80
	Aivector Usage Rate(%)         : 5
	Aicpu Usage Rate(%)            : 0
	Ctrlcpu Usage Rate(%)          : 4
	DDR Bandwidth Usage Rate(%)    : 0
	HBM Bandwidth Usage Rate(%)    : 52
	NPU Utilization(%)             : 89
	Aicube Usage Rate(%)           : 73
	Get pid name failed.
	Process id:1811027 Process name:                  Process memory(MB):16066
Error: cannot run top on container aceaef212ad03c546a6eb710fca4fd3c10f869d0c7973db9955d514211247daa as it did not create a cgroup: this container does not have a cgroup
timestamp_ns=1785750923840527490
	DDR Capacity(MB)               : 0
	DDR Usage Rate(%)              : 0
	DDR Hugepages Total(page)      : 0
	DDR Hugepages Usage Rate(%)    : 0
	HBM Capacity(MB)               : 65536
	HBM Usage Rate(%)              : 29
	Aicore Usage Rate(%)           : 77
	Aivector Usage Rate(%)         : 5
	Aicpu Usage Rate(%)            : 0
	Ctrlcpu Usage Rate(%)          : 3
	DDR Bandwidth Usage Rate(%)    : 0
	HBM Bandwidth Usage Rate(%)    : 48
	NPU Utilization(%)             : 86
	Aicube Usage Rate(%)           : 71
	Get pid name failed.
	Process id:1811027 Process name:                  Process memory(MB):16066
Error: cannot run top on container aceaef212ad03c546a6eb710fca4fd3c10f869d0c7973db9955d514211247daa as it did not create a cgroup: this container does not have a cgroup
timestamp_ns=1785750926019102327
	DDR Capacity(MB)               : 0
	DDR Usage Rate(%)              : 0
	DDR Hugepages Total(page)      : 0
	DDR Hugepages Usage Rate(%)    : 0
	HBM Capacity(MB)               : 65536
	HBM Usage Rate(%)              : 29
	Aicore Usage Rate(%)           : 76
	Aivector Usage Rate(%)         : 5
	Aicpu Usage Rate(%)            : 0
	Ctrlcpu Usage Rate(%)          : 4
	DDR Bandwidth Usage Rate(%)    : 0
	HBM Bandwidth Usage Rate(%)    : 52
	NPU Utilization(%)             : 93
	Aicube Usage Rate(%)           : 70
	Get pid name failed.
	Process id:1811027 Process name:                  Process memory(MB):16066
Error: cannot run top on container aceaef212ad03c546a6eb710fca4fd3c10f869d0c7973db9955d514211247daa as it did not create a cgroup: this container does not have a cgroup
timestamp_ns=1785750928187607375
	DDR Capacity(MB)               : 0
	DDR Usage Rate(%)              : 0
	DDR Hugepages Total(page)      : 0
	DDR Hugepages Usage Rate(%)    : 0
	HBM Capacity(MB)               : 65536
	HBM Usage Rate(%)              : 29
	Aicore Usage Rate(%)           : 80
	Aivector Usage Rate(%)         : 5
	Aicpu Usage Rate(%)            : 0
	Ctrlcpu Usage Rate(%)          : 2
	DDR Bandwidth Usage Rate(%)    : 0
	HBM Bandwidth Usage Rate(%)    : 53
	NPU Utilization(%)             : 86
	Aicube Usage Rate(%)           : 72
	Get pid name failed.
	Process id:1811027 Process name:                  Process memory(MB):16066
Error: cannot run top on container aceaef212ad03c546a6eb710fca4fd3c10f869d0c7973db9955d514211247daa as it did not create a cgroup: this container does not have a cgroup
timestamp_ns=1785750930331666832
	DDR Capacity(MB)               : 0
	DDR Usage Rate(%)              : 0
	DDR Hugepages Total(page)      : 0
	DDR Hugepages Usage Rate(%)    : 0
	HBM Capacity(MB)               : 65536
	HBM Usage Rate(%)              : 29
	Aicore Usage Rate(%)           : 76
	Aivector Usage Rate(%)         : 5
	Aicpu Usage Rate(%)            : 0
	Ctrlcpu Usage Rate(%)          : 1
	DDR Bandwidth Usage Rate(%)    : 0
	HBM Bandwidth Usage Rate(%)    : 52
	NPU Utilization(%)             : 82
	Aicube Usage Rate(%)           : 69
	Get pid name failed.
	Process id:1811027 Process name:                  Process memory(MB):16066
Error: cannot run top on container aceaef212ad03c546a6eb710fca4fd3c10f869d0c7973db9955d514211247daa as it did not create a cgroup: this container does not have a cgroup
timestamp_ns=1785750932477976983
	DDR Capacity(MB)               : 0
	DDR Usage Rate(%)              : 0
	DDR Hugepages Total(page)      : 0
	DDR Hugepages Usage Rate(%)    : 0
	HBM Capacity(MB)               : 65536
	HBM Usage Rate(%)              : 29
	Aicore Usage Rate(%)           : 74
	Aivector Usage Rate(%)         : 4
	Aicpu Usage Rate(%)            : 0
	Ctrlcpu Usage Rate(%)          : 1
	DDR Bandwidth Usage Rate(%)    : 0
	HBM Bandwidth Usage Rate(%)    : 53
	NPU Utilization(%)             : 86
	Aicube Usage Rate(%)           : 68
	Get pid name failed.
	Process id:1811027 Process name:                  Process memory(MB):16066
Error: cannot run top on container aceaef212ad03c546a6eb710fca4fd3c10f869d0c7973db9955d514211247daa as it did not create a cgroup: this container does not have a cgroup
timestamp_ns=1785750934653324646
	DDR Capacity(MB)               : 0
	DDR Usage Rate(%)              : 0
	DDR Hugepages Total(page)      : 0
	DDR Hugepages Usage Rate(%)    : 0
	HBM Capacity(MB)               : 65536
	HBM Usage Rate(%)              : 29
	Aicore Usage Rate(%)           : 79
	Aivector Usage Rate(%)         : 5
	Aicpu Usage Rate(%)            : 0
	Ctrlcpu Usage Rate(%)          : 3
	DDR Bandwidth Usage Rate(%)    : 0
	HBM Bandwidth Usage Rate(%)    : 53
	NPU Utilization(%)             : 89
	Aicube Usage Rate(%)           : 72
	Get pid name failed.
	Process id:1811027 Process name:                  Process memory(MB):16066
Error: cannot run top on container aceaef212ad03c546a6eb710fca4fd3c10f869d0c7973db9955d514211247daa as it did not create a cgroup: this container does not have a cgroup
timestamp_ns=1785750936804613574
	DDR Capacity(MB)               : 0
	DDR Usage Rate(%)              : 0
	DDR Hugepages Total(page)      : 0
	DDR Hugepages Usage Rate(%)    : 0
	HBM Capacity(MB)               : 65536
	HBM Usage Rate(%)              : 29
	Aicore Usage Rate(%)           : 77
	Aivector Usage Rate(%)         : 5
	Aicpu Usage Rate(%)            : 0
	Ctrlcpu Usage Rate(%)          : 1
	DDR Bandwidth Usage Rate(%)    : 0
	HBM Bandwidth Usage Rate(%)    : 0
	NPU Utilization(%)             : 93
	Aicube Usage Rate(%)           : 71
	Get pid name failed.
	Process id:1811027 Process name:                  Process memory(MB):16066
Error: cannot run top on container aceaef212ad03c546a6eb710fca4fd3c10f869d0c7973db9955d514211247daa as it did not create a cgroup: this container does not have a cgroup
timestamp_ns=1785750938980600120
	DDR Capacity(MB)               : 0
	DDR Usage Rate(%)              : 0
	DDR Hugepages Total(page)      : 0
	DDR Hugepages Usage Rate(%)    : 0
	HBM Capacity(MB)               : 65536
	HBM Usage Rate(%)              : 29
	Aicore Usage Rate(%)           : 79
	Aivector Usage Rate(%)         : 5
	Aicpu Usage Rate(%)            : 0
	Ctrlcpu Usage Rate(%)          : 2
	DDR Bandwidth Usage Rate(%)    : 0
	HBM Bandwidth Usage Rate(%)    : 53
	NPU Utilization(%)             : 82
	Aicube Usage Rate(%)           : 71
	Get pid name failed.
	Process id:1811027 Process name:                  Process memory(MB):16066
Error: cannot run top on container aceaef212ad03c546a6eb710fca4fd3c10f869d0c7973db9955d514211247daa as it did not create a cgroup: this container does not have a cgroup
timestamp_ns=1785750941269385901
	DDR Capacity(MB)               : 0
	DDR Usage Rate(%)              : 0
	DDR Hugepages Total(page)      : 0
	DDR Hugepages Usage Rate(%)    : 0
	HBM Capacity(MB)               : 65536
	HBM Usage Rate(%)              : 29
	Aicore Usage Rate(%)           : 76
	Aivector Usage Rate(%)         : 5
	Aicpu Usage Rate(%)            : 0
	Ctrlcpu Usage Rate(%)          : 7
	DDR Bandwidth Usage Rate(%)    : 0
	HBM Bandwidth Usage Rate(%)    : 54
	NPU Utilization(%)             : 89
	Aicube Usage Rate(%)           : 70
	Get pid name failed.
	Process id:1811027 Process name:                  Process memory(MB):16066
Error: cannot run top on container aceaef212ad03c546a6eb710fca4fd3c10f869d0c7973db9955d514211247daa as it did not create a cgroup: this container does not have a cgroup
timestamp_ns=1785750943449421185
	DDR Capacity(MB)               : 0
	DDR Usage Rate(%)              : 0
	DDR Hugepages Total(page)      : 0
	DDR Hugepages Usage Rate(%)    : 0
	HBM Capacity(MB)               : 65536
	HBM Usage Rate(%)              : 29
	Aicore Usage Rate(%)           : 77
	Aivector Usage Rate(%)         : 5
	Aicpu Usage Rate(%)            : 0
	Ctrlcpu Usage Rate(%)          : 6
	DDR Bandwidth Usage Rate(%)    : 0
	HBM Bandwidth Usage Rate(%)    : 51
	NPU Utilization(%)             : 86
	Aicube Usage Rate(%)           : 71
	Get pid name failed.
	Process id:1811027 Process name:                  Process memory(MB):16066
Error: cannot run top on container aceaef212ad03c546a6eb710fca4fd3c10f869d0c7973db9955d514211247daa as it did not create a cgroup: this container does not have a cgroup
timestamp_ns=1785750945638089766
	DDR Capacity(MB)               : 0
	DDR Usage Rate(%)              : 0
	DDR Hugepages Total(page)      : 0
	DDR Hugepages Usage Rate(%)    : 0
	HBM Capacity(MB)               : 65536
	HBM Usage Rate(%)              : 29
	Aicore Usage Rate(%)           : 77
	Aivector Usage Rate(%)         : 5
	Aicpu Usage Rate(%)            : 0
	Ctrlcpu Usage Rate(%)          : 3
	DDR Bandwidth Usage Rate(%)    : 0
	HBM Bandwidth Usage Rate(%)    : 52
	NPU Utilization(%)             : 82
	Aicube Usage Rate(%)           : 71
	Get pid name failed.
	Process id:1811027 Process name:                  Process memory(MB):16066
Error: cannot run top on container aceaef212ad03c546a6eb710fca4fd3c10f869d0c7973db9955d514211247daa as it did not create a cgroup: this container does not have a cgroup
timestamp_ns=1785750947818760703
	DDR Capacity(MB)               : 0
	DDR Usage Rate(%)              : 0
	DDR Hugepages Total(page)      : 0
	DDR Hugepages Usage Rate(%)    : 0
	HBM Capacity(MB)               : 65536
	HBM Usage Rate(%)              : 29
	Aicore Usage Rate(%)           : 74
	Aivector Usage Rate(%)         : 4
	Aicpu Usage Rate(%)            : 0
	Ctrlcpu Usage Rate(%)          : 7
	DDR Bandwidth Usage Rate(%)    : 0
	HBM Bandwidth Usage Rate(%)    : 53
	NPU Utilization(%)             : 86
	Aicube Usage Rate(%)           : 68
	Get pid name failed.
	Process id:1811027 Process name:                  Process memory(MB):16066
Error: cannot run top on container aceaef212ad03c546a6eb710fca4fd3c10f869d0c7973db9955d514211247daa as it did not create a cgroup: this container does not have a cgroup
timestamp_ns=1785750950031677671
	DDR Capacity(MB)               : 0
	DDR Usage Rate(%)              : 0
	DDR Hugepages Total(page)      : 0
	DDR Hugepages Usage Rate(%)    : 0
	HBM Capacity(MB)               : 65536
	HBM Usage Rate(%)              : 29
	Aicore Usage Rate(%)           : 75
	Aivector Usage Rate(%)         : 4
	Aicpu Usage Rate(%)            : 0
	Ctrlcpu Usage Rate(%)          : 4
	DDR Bandwidth Usage Rate(%)    : 0
	HBM Bandwidth Usage Rate(%)    : 53
	NPU Utilization(%)             : 93
	Aicube Usage Rate(%)           : 69
	Get pid name failed.
	Process id:1811027 Process name:                  Process memory(MB):16066
Error: cannot run top on container aceaef212ad03c546a6eb710fca4fd3c10f869d0c7973db9955d514211247daa as it did not create a cgroup: this container does not have a cgroup
timestamp_ns=1785750952241896082
	DDR Capacity(MB)               : 0
	DDR Usage Rate(%)              : 0
	DDR Hugepages Total(page)      : 0
	DDR Hugepages Usage Rate(%)    : 0
	HBM Capacity(MB)               : 65536
	HBM Usage Rate(%)              : 29
	Aicore Usage Rate(%)           : 76
	Aivector Usage Rate(%)         : 5
	Aicpu Usage Rate(%)            : 0
	Ctrlcpu Usage Rate(%)          : 2
	DDR Bandwidth Usage Rate(%)    : 0
	HBM Bandwidth Usage Rate(%)    : 52
	NPU Utilization(%)             : 86
	Aicube Usage Rate(%)           : 70
	Get pid name failed.
	Process id:1811027 Process name:                  Process memory(MB):16066
Error: cannot run top on container aceaef212ad03c546a6eb710fca4fd3c10f869d0c7973db9955d514211247daa as it did not create a cgroup: this container does not have a cgroup
timestamp_ns=1785750954440281873
	DDR Capacity(MB)               : 0
	DDR Usage Rate(%)              : 0
	DDR Hugepages Total(page)      : 0
	DDR Hugepages Usage Rate(%)    : 0
	HBM Capacity(MB)               : 65536
	HBM Usage Rate(%)              : 29
	Aicore Usage Rate(%)           : 77
	Aivector Usage Rate(%)         : 5
	Aicpu Usage Rate(%)            : 0
	Ctrlcpu Usage Rate(%)          : 2
	DDR Bandwidth Usage Rate(%)    : 0
	HBM Bandwidth Usage Rate(%)    : 53
	NPU Utilization(%)             : 82
	Aicube Usage Rate(%)           : 71
	Get pid name failed.
	Process id:1811027 Process name:                  Process memory(MB):16066
Error: cannot run top on container aceaef212ad03c546a6eb710fca4fd3c10f869d0c7973db9955d514211247daa as it did not create a cgroup: this container does not have a cgroup
timestamp_ns=1785750956698574254
	DDR Capacity(MB)               : 0
	DDR Usage Rate(%)              : 0
	DDR Hugepages Total(page)      : 0
	DDR Hugepages Usage Rate(%)    : 0
	HBM Capacity(MB)               : 65536
	HBM Usage Rate(%)              : 29
	Aicore Usage Rate(%)           : 77
	Aivector Usage Rate(%)         : 5
	Aicpu Usage Rate(%)            : 0
	Ctrlcpu Usage Rate(%)          : 4
	DDR Bandwidth Usage Rate(%)    : 0
	HBM Bandwidth Usage Rate(%)    : 52
	NPU Utilization(%)             : 86
	Aicube Usage Rate(%)           : 70
	Get pid name failed.
	Process id:1811027 Process name:                  Process memory(MB):16066
Error: cannot run top on container aceaef212ad03c546a6eb710fca4fd3c10f869d0c7973db9955d514211247daa as it did not create a cgroup: this container does not have a cgroup
timestamp_ns=1785750958945723533
	DDR Capacity(MB)               : 0
	DDR Usage Rate(%)              : 0
	DDR Hugepages Total(page)      : 0
	DDR Hugepages Usage Rate(%)    : 0
	HBM Capacity(MB)               : 65536
	HBM Usage Rate(%)              : 29
	Aicore Usage Rate(%)           : 76
	Aivector Usage Rate(%)         : 4
	Aicpu Usage Rate(%)            : 0
	Ctrlcpu Usage Rate(%)          : 1
	DDR Bandwidth Usage Rate(%)    : 0
	HBM Bandwidth Usage Rate(%)    : 18
	NPU Utilization(%)             : 86
	Aicube Usage Rate(%)           : 70
	Get pid name failed.
	Process id:1811027 Process name:                  Process memory(MB):16066
Error: cannot run top on container aceaef212ad03c546a6eb710fca4fd3c10f869d0c7973db9955d514211247daa as it did not create a cgroup: this container does not have a cgroup
timestamp_ns=1785750961148857120
	DDR Capacity(MB)               : 0
	DDR Usage Rate(%)              : 0
	DDR Hugepages Total(page)      : 0
	DDR Hugepages Usage Rate(%)    : 0
	HBM Capacity(MB)               : 65536
	HBM Usage Rate(%)              : 29
	Aicore Usage Rate(%)           : 77
	Aivector Usage Rate(%)         : 5
	Aicpu Usage Rate(%)            : 0
	Ctrlcpu Usage Rate(%)          : 1
	DDR Bandwidth Usage Rate(%)    : 0
	HBM Bandwidth Usage Rate(%)    : 54
	NPU Utilization(%)             : 100
	Aicube Usage Rate(%)           : 71
	Get pid name failed.
	Process id:1811027 Process name:                  Process memory(MB):16066
Error: cannot run top on container aceaef212ad03c546a6eb710fca4fd3c10f869d0c7973db9955d514211247daa as it did not create a cgroup: this container does not have a cgroup
timestamp_ns=1785750963366349995
	DDR Capacity(MB)               : 0
	DDR Usage Rate(%)              : 0
	DDR Hugepages Total(page)      : 0
	DDR Hugepages Usage Rate(%)    : 0
	HBM Capacity(MB)               : 65536
	HBM Usage Rate(%)              : 29
	Aicore Usage Rate(%)           : 73
	Aivector Usage Rate(%)         : 4
	Aicpu Usage Rate(%)            : 0
	Ctrlcpu Usage Rate(%)          : 9
	DDR Bandwidth Usage Rate(%)    : 0
	HBM Bandwidth Usage Rate(%)    : 54
	NPU Utilization(%)             : 89
	Aicube Usage Rate(%)           : 67
	Get pid name failed.
	Process id:1811027 Process name:                  Process memory(MB):16066
Error: cannot run top on container aceaef212ad03c546a6eb710fca4fd3c10f869d0c7973db9955d514211247daa as it did not create a cgroup: this container does not have a cgroup
timestamp_ns=1785750965514118220
	DDR Capacity(MB)               : 0
	DDR Usage Rate(%)              : 0
	DDR Hugepages Total(page)      : 0
	DDR Hugepages Usage Rate(%)    : 0
	HBM Capacity(MB)               : 65536
	HBM Usage Rate(%)              : 29
	Aicore Usage Rate(%)           : 77
	Aivector Usage Rate(%)         : 4
	Aicpu Usage Rate(%)            : 0
	Ctrlcpu Usage Rate(%)          : 4
	DDR Bandwidth Usage Rate(%)    : 0
	HBM Bandwidth Usage Rate(%)    : 51
	NPU Utilization(%)             : 93
	Aicube Usage Rate(%)           : 71
	Get pid name failed.
	Process id:1811027 Process name:                  Process memory(MB):16066
Error: cannot run top on container aceaef212ad03c546a6eb710fca4fd3c10f869d0c7973db9955d514211247daa as it did not create a cgroup: this container does not have a cgroup
timestamp_ns=1785750967655253504
	DDR Capacity(MB)               : 0
	DDR Usage Rate(%)              : 0
	DDR Hugepages Total(page)      : 0
	DDR Hugepages Usage Rate(%)    : 0
	HBM Capacity(MB)               : 65536
	HBM Usage Rate(%)              : 29
	Aicore Usage Rate(%)           : 77
	Aivector Usage Rate(%)         : 5
	Aicpu Usage Rate(%)            : 0
	Ctrlcpu Usage Rate(%)          : 4
	DDR Bandwidth Usage Rate(%)    : 0
	HBM Bandwidth Usage Rate(%)    : 52
	NPU Utilization(%)             : 86
	Aicube Usage Rate(%)           : 70
	Get pid name failed.
	Process id:1811027 Process name:                  Process memory(MB):16066
Error: cannot run top on container aceaef212ad03c546a6eb710fca4fd3c10f869d0c7973db9955d514211247daa as it did not create a cgroup: this container does not have a cgroup
timestamp_ns=1785750969817356641
	DDR Capacity(MB)               : 0
	DDR Usage Rate(%)              : 0
	DDR Hugepages Total(page)      : 0
	DDR Hugepages Usage Rate(%)    : 0
	HBM Capacity(MB)               : 65536
	HBM Usage Rate(%)              : 29
	Aicore Usage Rate(%)           : 79
	Aivector Usage Rate(%)         : 5
	Aicpu Usage Rate(%)            : 0
	Ctrlcpu Usage Rate(%)          : 2
	DDR Bandwidth Usage Rate(%)    : 0
	HBM Bandwidth Usage Rate(%)    : 51
	NPU Utilization(%)             : 86
	Aicube Usage Rate(%)           : 72
	Get pid name failed.
	Process id:1811027 Process name:                  Process memory(MB):16066
Error: cannot run top on container aceaef212ad03c546a6eb710fca4fd3c10f869d0c7973db9955d514211247daa as it did not create a cgroup: this container does not have a cgroup
timestamp_ns=1785750971967625511
	DDR Capacity(MB)               : 0
	DDR Usage Rate(%)              : 0
	DDR Hugepages Total(page)      : 0
	DDR Hugepages Usage Rate(%)    : 0
	HBM Capacity(MB)               : 65536
	HBM Usage Rate(%)              : 29
	Aicore Usage Rate(%)           : 72
	Aivector Usage Rate(%)         : 4
	Aicpu Usage Rate(%)            : 0
	Ctrlcpu Usage Rate(%)          : 4
	DDR Bandwidth Usage Rate(%)    : 0
	HBM Bandwidth Usage Rate(%)    : 53
	NPU Utilization(%)             : 86
	Aicube Usage Rate(%)           : 66
	Get pid name failed.
	Process id:1811027 Process name:                  Process memory(MB):16066
Error: cannot run top on container aceaef212ad03c546a6eb710fca4fd3c10f869d0c7973db9955d514211247daa as it did not create a cgroup: this container does not have a cgroup
timestamp_ns=1785750974147687345
	DDR Capacity(MB)               : 0
	DDR Usage Rate(%)              : 0
	DDR Hugepages Total(page)      : 0
	DDR Hugepages Usage Rate(%)    : 0
	HBM Capacity(MB)               : 65536
	HBM Usage Rate(%)              : 29
	Aicore Usage Rate(%)           : 77
	Aivector Usage Rate(%)         : 4
	Aicpu Usage Rate(%)            : 0
	Ctrlcpu Usage Rate(%)          : 2
	DDR Bandwidth Usage Rate(%)    : 0
	HBM Bandwidth Usage Rate(%)    : 53
	NPU Utilization(%)             : 96
	Aicube Usage Rate(%)           : 71
	Get pid name failed.
	Process id:1811027 Process name:                  Process memory(MB):16066
Error: cannot run top on container aceaef212ad03c546a6eb710fca4fd3c10f869d0c7973db9955d514211247daa as it did not create a cgroup: this container does not have a cgroup
timestamp_ns=1785750976329276103
	DDR Capacity(MB)               : 0
	DDR Usage Rate(%)              : 0
	DDR Hugepages Total(page)      : 0
	DDR Hugepages Usage Rate(%)    : 0
	HBM Capacity(MB)               : 65536
	HBM Usage Rate(%)              : 29
	Aicore Usage Rate(%)           : 77
	Aivector Usage Rate(%)         : 5
	Aicpu Usage Rate(%)            : 0
	Ctrlcpu Usage Rate(%)          : 1
	DDR Bandwidth Usage Rate(%)    : 0
	HBM Bandwidth Usage Rate(%)    : 53
	NPU Utilization(%)             : 100
	Aicube Usage Rate(%)           : 71
	Get pid name failed.
	Process id:1811027 Process name:                  Process memory(MB):16066
Error: cannot run top on container aceaef212ad03c546a6eb710fca4fd3c10f869d0c7973db9955d514211247daa as it did not create a cgroup: this container does not have a cgroup
timestamp_ns=1785750978494852899
	DDR Capacity(MB)               : 0
	DDR Usage Rate(%)              : 0
	DDR Hugepages Total(page)      : 0
	DDR Hugepages Usage Rate(%)    : 0
	HBM Capacity(MB)               : 65536
	HBM Usage Rate(%)              : 29
	Aicore Usage Rate(%)           : 77
	Aivector Usage Rate(%)         : 5
	Aicpu Usage Rate(%)            : 0
	Ctrlcpu Usage Rate(%)          : 1
	DDR Bandwidth Usage Rate(%)    : 0
	HBM Bandwidth Usage Rate(%)    : 53
	NPU Utilization(%)             : 100
	Aicube Usage Rate(%)           : 71
	Get pid name failed.
	Process id:1811027 Process name:                  Process memory(MB):16066
Error: cannot run top on container aceaef212ad03c546a6eb710fca4fd3c10f869d0c7973db9955d514211247daa as it did not create a cgroup: this container does not have a cgroup
timestamp_ns=1785750980679454035
	DDR Capacity(MB)               : 0
	DDR Usage Rate(%)              : 0
	DDR Hugepages Total(page)      : 0
	DDR Hugepages Usage Rate(%)    : 0
	HBM Capacity(MB)               : 65536
	HBM Usage Rate(%)              : 29
	Aicore Usage Rate(%)           : 77
	Aivector Usage Rate(%)         : 5
	Aicpu Usage Rate(%)            : 0
	Ctrlcpu Usage Rate(%)          : 1
	DDR Bandwidth Usage Rate(%)    : 0
	HBM Bandwidth Usage Rate(%)    : 53
	NPU Utilization(%)             : 82
	Aicube Usage Rate(%)           : 71
	Get pid name failed.
	Process id:1811027 Process name:                  Process memory(MB):16066
Error: cannot run top on container aceaef212ad03c546a6eb710fca4fd3c10f869d0c7973db9955d514211247daa as it did not create a cgroup: this container does not have a cgroup
timestamp_ns=1785750982888120871
	DDR Capacity(MB)               : 0
	DDR Usage Rate(%)              : 0
	DDR Hugepages Total(page)      : 0
	DDR Hugepages Usage Rate(%)    : 0
	HBM Capacity(MB)               : 65536
	HBM Usage Rate(%)              : 29
	Aicore Usage Rate(%)           : 76
	Aivector Usage Rate(%)         : 5
	Aicpu Usage Rate(%)            : 0
	Ctrlcpu Usage Rate(%)          : 4
	DDR Bandwidth Usage Rate(%)    : 0
	HBM Bandwidth Usage Rate(%)    : 53
	NPU Utilization(%)             : 100
	Aicube Usage Rate(%)           : 70
	Get pid name failed.
	Process id:1811027 Process name:                  Process memory(MB):16066
Error: cannot run top on container aceaef212ad03c546a6eb710fca4fd3c10f869d0c7973db9955d514211247daa as it did not create a cgroup: this container does not have a cgroup
timestamp_ns=1785750985074398643
	DDR Capacity(MB)               : 0
	DDR Usage Rate(%)              : 0
	DDR Hugepages Total(page)      : 0
	DDR Hugepages Usage Rate(%)    : 0
	HBM Capacity(MB)               : 65536
	HBM Usage Rate(%)              : 29
	Aicore Usage Rate(%)           : 77
	Aivector Usage Rate(%)         : 5
	Aicpu Usage Rate(%)            : 0
	Ctrlcpu Usage Rate(%)          : 2
	DDR Bandwidth Usage Rate(%)    : 0
	HBM Bandwidth Usage Rate(%)    : 51
	NPU Utilization(%)             : 93
	Aicube Usage Rate(%)           : 71
	Get pid name failed.
	Process id:1811027 Process name:                  Process memory(MB):16066
Error: cannot run top on container aceaef212ad03c546a6eb710fca4fd3c10f869d0c7973db9955d514211247daa as it did not create a cgroup: this container does not have a cgroup
timestamp_ns=1785750987220054642
	DDR Capacity(MB)               : 0
	DDR Usage Rate(%)              : 0
	DDR Hugepages Total(page)      : 0
	DDR Hugepages Usage Rate(%)    : 0
	HBM Capacity(MB)               : 65536
	HBM Usage Rate(%)              : 29
	Aicore Usage Rate(%)           : 76
	Aivector Usage Rate(%)         : 5
	Aicpu Usage Rate(%)            : 0
	Ctrlcpu Usage Rate(%)          : 5
	DDR Bandwidth Usage Rate(%)    : 0
	HBM Bandwidth Usage Rate(%)    : 53
	NPU Utilization(%)             : 96
	Aicube Usage Rate(%)           : 70
	Get pid name failed.
	Process id:1811027 Process name:                  Process memory(MB):16066
Error: cannot run top on container aceaef212ad03c546a6eb710fca4fd3c10f869d0c7973db9955d514211247daa as it did not create a cgroup: this container does not have a cgroup
timestamp_ns=1785750989365435066
	DDR Capacity(MB)               : 0
	DDR Usage Rate(%)              : 0
	DDR Hugepages Total(page)      : 0
	DDR Hugepages Usage Rate(%)    : 0
	HBM Capacity(MB)               : 65536
	HBM Usage Rate(%)              : 29
	Aicore Usage Rate(%)           : 76
	Aivector Usage Rate(%)         : 4
	Aicpu Usage Rate(%)            : 0
	Ctrlcpu Usage Rate(%)          : 1
	DDR Bandwidth Usage Rate(%)    : 0
	HBM Bandwidth Usage Rate(%)    : 33
	NPU Utilization(%)             : 89
	Aicube Usage Rate(%)           : 70
	Get pid name failed.
	Process id:1811027 Process name:                  Process memory(MB):16066
Error: cannot run top on container aceaef212ad03c546a6eb710fca4fd3c10f869d0c7973db9955d514211247daa as it did not create a cgroup: this container does not have a cgroup
timestamp_ns=1785750991537536709
	DDR Capacity(MB)               : 0
	DDR Usage Rate(%)              : 0
	DDR Hugepages Total(page)      : 0
	DDR Hugepages Usage Rate(%)    : 0
	HBM Capacity(MB)               : 65536
	HBM Usage Rate(%)              : 29
	Aicore Usage Rate(%)           : 77
	Aivector Usage Rate(%)         : 5
	Aicpu Usage Rate(%)            : 0
	Ctrlcpu Usage Rate(%)          : 1
	DDR Bandwidth Usage Rate(%)    : 0
	HBM Bandwidth Usage Rate(%)    : 52
	NPU Utilization(%)             : 89
	Aicube Usage Rate(%)           : 71
	Get pid name failed.
	Process id:1811027 Process name:                  Process memory(MB):16066
Error: cannot run top on container aceaef212ad03c546a6eb710fca4fd3c10f869d0c7973db9955d514211247daa as it did not create a cgroup: this container does not have a cgroup
timestamp_ns=1785750993674268053
	DDR Capacity(MB)               : 0
	DDR Usage Rate(%)              : 0
	DDR Hugepages Total(page)      : 0
	DDR Hugepages Usage Rate(%)    : 0
	HBM Capacity(MB)               : 65536
	HBM Usage Rate(%)              : 29
	Aicore Usage Rate(%)           : 80
	Aivector Usage Rate(%)         : 5
	Aicpu Usage Rate(%)            : 0
	Ctrlcpu Usage Rate(%)          : 5
	DDR Bandwidth Usage Rate(%)    : 0
	HBM Bandwidth Usage Rate(%)    : 54
	NPU Utilization(%)             : 93
	Aicube Usage Rate(%)           : 73
	Get pid name failed.
	Process id:1811027 Process name:                  Process memory(MB):16066
Error: cannot run top on container aceaef212ad03c546a6eb710fca4fd3c10f869d0c7973db9955d514211247daa as it did not create a cgroup: this container does not have a cgroup
timestamp_ns=1785750995817790485
	DDR Capacity(MB)               : 0
	DDR Usage Rate(%)              : 0
	DDR Hugepages Total(page)      : 0
	DDR Hugepages Usage Rate(%)    : 0
	HBM Capacity(MB)               : 65536
	HBM Usage Rate(%)              : 29
	Aicore Usage Rate(%)           : 79
	Aivector Usage Rate(%)         : 5
	Aicpu Usage Rate(%)            : 0
	Ctrlcpu Usage Rate(%)          : 3
	DDR Bandwidth Usage Rate(%)    : 0
	HBM Bandwidth Usage Rate(%)    : 53
	NPU Utilization(%)             : 93
	Aicube Usage Rate(%)           : 71
	Get pid name failed.
	Process id:1811027 Process name:                  Process memory(MB):16066
Error: cannot run top on container aceaef212ad03c546a6eb710fca4fd3c10f869d0c7973db9955d514211247daa as it did not create a cgroup: this container does not have a cgroup
timestamp_ns=1785750997967987300
	DDR Capacity(MB)               : 0
	DDR Usage Rate(%)              : 0
	DDR Hugepages Total(page)      : 0
	DDR Hugepages Usage Rate(%)    : 0
	HBM Capacity(MB)               : 65536
	HBM Usage Rate(%)              : 29
	Aicore Usage Rate(%)           : 74
	Aivector Usage Rate(%)         : 5
	Aicpu Usage Rate(%)            : 0
	Ctrlcpu Usage Rate(%)          : 1
	DDR Bandwidth Usage Rate(%)    : 0
	HBM Bandwidth Usage Rate(%)    : 53
	NPU Utilization(%)             : 86
	Aicube Usage Rate(%)           : 68
	Get pid name failed.
	Process id:1811027 Process name:                  Process memory(MB):16066
Error: cannot run top on container aceaef212ad03c546a6eb710fca4fd3c10f869d0c7973db9955d514211247daa as it did not create a cgroup: this container does not have a cgroup
timestamp_ns=1785751000109467121
	DDR Capacity(MB)               : 0
	DDR Usage Rate(%)              : 0
	DDR Hugepages Total(page)      : 0
	DDR Hugepages Usage Rate(%)    : 0
	HBM Capacity(MB)               : 65536
	HBM Usage Rate(%)              : 29
	Aicore Usage Rate(%)           : 77
	Aivector Usage Rate(%)         : 5
	Aicpu Usage Rate(%)            : 0
	Ctrlcpu Usage Rate(%)          : 2
	DDR Bandwidth Usage Rate(%)    : 0
	HBM Bandwidth Usage Rate(%)    : 53
	NPU Utilization(%)             : 89
	Aicube Usage Rate(%)           : 71
	Get pid name failed.
	Process id:1811027 Process name:                  Process memory(MB):16066
Error: cannot run top on container aceaef212ad03c546a6eb710fca4fd3c10f869d0c7973db9955d514211247daa as it did not create a cgroup: this container does not have a cgroup
timestamp_ns=1785751002255377248
	DDR Capacity(MB)               : 0
	DDR Usage Rate(%)              : 0
	DDR Hugepages Total(page)      : 0
	DDR Hugepages Usage Rate(%)    : 0
	HBM Capacity(MB)               : 65536
	HBM Usage Rate(%)              : 29
	Aicore Usage Rate(%)           : 80
	Aivector Usage Rate(%)         : 5
	Aicpu Usage Rate(%)            : 0
	Ctrlcpu Usage Rate(%)          : 5
	DDR Bandwidth Usage Rate(%)    : 0
	HBM Bandwidth Usage Rate(%)    : 53
	NPU Utilization(%)             : 93
	Aicube Usage Rate(%)           : 73
	Get pid name failed.
	Process id:1811027 Process name:                  Process memory(MB):16066
Error: cannot run top on container aceaef212ad03c546a6eb710fca4fd3c10f869d0c7973db9955d514211247daa as it did not create a cgroup: this container does not have a cgroup
timestamp_ns=1785751004401067525
	DDR Capacity(MB)               : 0
	DDR Usage Rate(%)              : 0
	DDR Hugepages Total(page)      : 0
	DDR Hugepages Usage Rate(%)    : 0
	HBM Capacity(MB)               : 65536
	HBM Usage Rate(%)              : 29
	Aicore Usage Rate(%)           : 78
	Aivector Usage Rate(%)         : 5
	Aicpu Usage Rate(%)            : 0
	Ctrlcpu Usage Rate(%)          : 7
	DDR Bandwidth Usage Rate(%)    : 0
	HBM Bandwidth Usage Rate(%)    : 54
	NPU Utilization(%)             : 93
	Aicube Usage Rate(%)           : 72
	Get pid name failed.
	Process id:1811027 Process name:                  Process memory(MB):16066
Error: cannot run top on container aceaef212ad03c546a6eb710fca4fd3c10f869d0c7973db9955d514211247daa as it did not create a cgroup: this container does not have a cgroup
timestamp_ns=1785751006597349138
	DDR Capacity(MB)               : 0
	DDR Usage Rate(%)              : 0
	DDR Hugepages Total(page)      : 0
	DDR Hugepages Usage Rate(%)    : 0
	HBM Capacity(MB)               : 65536
	HBM Usage Rate(%)              : 29
	Aicore Usage Rate(%)           : 77
	Aivector Usage Rate(%)         : 5
	Aicpu Usage Rate(%)            : 0
	Ctrlcpu Usage Rate(%)          : 5
	DDR Bandwidth Usage Rate(%)    : 0
	HBM Bandwidth Usage Rate(%)    : 52
	NPU Utilization(%)             : 93
	Aicube Usage Rate(%)           : 71
	Get pid name failed.
	Process id:1811027 Process name:                  Process memory(MB):16066
Error: cannot run top on container aceaef212ad03c546a6eb710fca4fd3c10f869d0c7973db9955d514211247daa as it did not create a cgroup: this container does not have a cgroup
timestamp_ns=1785751008814244360
	DDR Capacity(MB)               : 0
	DDR Usage Rate(%)              : 0
	DDR Hugepages Total(page)      : 0
	DDR Hugepages Usage Rate(%)    : 0
	HBM Capacity(MB)               : 65536
	HBM Usage Rate(%)              : 29
	Aicore Usage Rate(%)           : 78
	Aivector Usage Rate(%)         : 5
	Aicpu Usage Rate(%)            : 0
	Ctrlcpu Usage Rate(%)          : 2
	DDR Bandwidth Usage Rate(%)    : 0
	HBM Bandwidth Usage Rate(%)    : 53
	NPU Utilization(%)             : 86
	Aicube Usage Rate(%)           : 71
	Get pid name failed.
	Process id:1811027 Process name:                  Process memory(MB):16066
Error: cannot run top on container aceaef212ad03c546a6eb710fca4fd3c10f869d0c7973db9955d514211247daa as it did not create a cgroup: this container does not have a cgroup
timestamp_ns=1785751010993507799
	DDR Capacity(MB)               : 0
	DDR Usage Rate(%)              : 0
	DDR Hugepages Total(page)      : 0
	DDR Hugepages Usage Rate(%)    : 0
	HBM Capacity(MB)               : 65536
	HBM Usage Rate(%)              : 29
	Aicore Usage Rate(%)           : 77
	Aivector Usage Rate(%)         : 5
	Aicpu Usage Rate(%)            : 0
	Ctrlcpu Usage Rate(%)          : 4
	DDR Bandwidth Usage Rate(%)    : 0
	HBM Bandwidth Usage Rate(%)    : 0
	NPU Utilization(%)             : 89
	Aicube Usage Rate(%)           : 71
	Get pid name failed.
	Process id:1811027 Process name:                  Process memory(MB):16066
Error: cannot run top on container aceaef212ad03c546a6eb710fca4fd3c10f869d0c7973db9955d514211247daa as it did not create a cgroup: this container does not have a cgroup
timestamp_ns=1785751013159994896
	DDR Capacity(MB)               : 0
	DDR Usage Rate(%)              : 0
	DDR Hugepages Total(page)      : 0
	DDR Hugepages Usage Rate(%)    : 0
	HBM Capacity(MB)               : 65536
	HBM Usage Rate(%)              : 29
	Aicore Usage Rate(%)           : 77
	Aivector Usage Rate(%)         : 4
	Aicpu Usage Rate(%)            : 0
	Ctrlcpu Usage Rate(%)          : 7
	DDR Bandwidth Usage Rate(%)    : 0
	HBM Bandwidth Usage Rate(%)    : 53
	NPU Utilization(%)             : 93
	Aicube Usage Rate(%)           : 71
	Get pid name failed.
	Process id:1811027 Process name:                  Process memory(MB):16066
Error: cannot run top on container aceaef212ad03c546a6eb710fca4fd3c10f869d0c7973db9955d514211247daa as it did not create a cgroup: this container does not have a cgroup
timestamp_ns=1785751015341933552
	DDR Capacity(MB)               : 0
	DDR Usage Rate(%)              : 0
	DDR Hugepages Total(page)      : 0
	DDR Hugepages Usage Rate(%)    : 0
	HBM Capacity(MB)               : 65536
	HBM Usage Rate(%)              : 29
	Aicore Usage Rate(%)           : 76
	Aivector Usage Rate(%)         : 4
	Aicpu Usage Rate(%)            : 0
	Ctrlcpu Usage Rate(%)          : 3
	DDR Bandwidth Usage Rate(%)    : 0
	HBM Bandwidth Usage Rate(%)    : 53
	NPU Utilization(%)             : 86
	Aicube Usage Rate(%)           : 70
	Get pid name failed.
	Process id:1811027 Process name:                  Process memory(MB):16066
Error: cannot run top on container aceaef212ad03c546a6eb710fca4fd3c10f869d0c7973db9955d514211247daa as it did not create a cgroup: this container does not have a cgroup
timestamp_ns=1785751017543661602
	DDR Capacity(MB)               : 0
	DDR Usage Rate(%)              : 0
	DDR Hugepages Total(page)      : 0
	DDR Hugepages Usage Rate(%)    : 0
	HBM Capacity(MB)               : 65536
	HBM Usage Rate(%)              : 29
	Aicore Usage Rate(%)           : 79
	Aivector Usage Rate(%)         : 5
	Aicpu Usage Rate(%)            : 0
	Ctrlcpu Usage Rate(%)          : 3
	DDR Bandwidth Usage Rate(%)    : 0
	HBM Bandwidth Usage Rate(%)    : 53
	NPU Utilization(%)             : 89
	Aicube Usage Rate(%)           : 73
	Get pid name failed.
	Process id:1811027 Process name:                  Process memory(MB):16066
Error: cannot run top on container aceaef212ad03c546a6eb710fca4fd3c10f869d0c7973db9955d514211247daa as it did not create a cgroup: this container does not have a cgroup
timestamp_ns=1785751019744606083
	DDR Capacity(MB)               : 0
	DDR Usage Rate(%)              : 0
	DDR Hugepages Total(page)      : 0
	DDR Hugepages Usage Rate(%)    : 0
	HBM Capacity(MB)               : 65536
	HBM Usage Rate(%)              : 29
	Aicore Usage Rate(%)           : 78
	Aivector Usage Rate(%)         : 5
	Aicpu Usage Rate(%)            : 0
	Ctrlcpu Usage Rate(%)          : 5
	DDR Bandwidth Usage Rate(%)    : 0
	HBM Bandwidth Usage Rate(%)    : 53
	NPU Utilization(%)             : 89
	Aicube Usage Rate(%)           : 71
	Get pid name failed.
	Process id:1811027 Process name:                  Process memory(MB):16066
Error: cannot run top on container aceaef212ad03c546a6eb710fca4fd3c10f869d0c7973db9955d514211247daa as it did not create a cgroup: this container does not have a cgroup
timestamp_ns=1785751021943985665
	DDR Capacity(MB)               : 0
	DDR Usage Rate(%)              : 0
	DDR Hugepages Total(page)      : 0
	DDR Hugepages Usage Rate(%)    : 0
	HBM Capacity(MB)               : 65536
	HBM Usage Rate(%)              : 29
	Aicore Usage Rate(%)           : 78
	Aivector Usage Rate(%)         : 5
	Aicpu Usage Rate(%)            : 0
	Ctrlcpu Usage Rate(%)          : 5
	DDR Bandwidth Usage Rate(%)    : 0
	HBM Bandwidth Usage Rate(%)    : 53
	NPU Utilization(%)             : 78
	Aicube Usage Rate(%)           : 72
	Get pid name failed.
	Process id:1811027 Process name:                  Process memory(MB):16066
Error: cannot run top on container aceaef212ad03c546a6eb710fca4fd3c10f869d0c7973db9955d514211247daa as it did not create a cgroup: this container does not have a cgroup
timestamp_ns=1785751024150429154
	DDR Capacity(MB)               : 0
	DDR Usage Rate(%)              : 0
	DDR Hugepages Total(page)      : 0
	DDR Hugepages Usage Rate(%)    : 0
	HBM Capacity(MB)               : 65536
	HBM Usage Rate(%)              : 29
	Aicore Usage Rate(%)           : 77
	Aivector Usage Rate(%)         : 5
	Aicpu Usage Rate(%)            : 0
	Ctrlcpu Usage Rate(%)          : 2
	DDR Bandwidth Usage Rate(%)    : 0
	HBM Bandwidth Usage Rate(%)    : 51
	NPU Utilization(%)             : 82
	Aicube Usage Rate(%)           : 71
	Get pid name failed.
	Process id:1811027 Process name:                  Process memory(MB):16066
Error: cannot run top on container aceaef212ad03c546a6eb710fca4fd3c10f869d0c7973db9955d514211247daa as it did not create a cgroup: this container does not have a cgroup
timestamp_ns=1785751026373341377
	DDR Capacity(MB)               : 0
	DDR Usage Rate(%)              : 0
	DDR Hugepages Total(page)      : 0
	DDR Hugepages Usage Rate(%)    : 0
	HBM Capacity(MB)               : 65536
	HBM Usage Rate(%)              : 29
	Aicore Usage Rate(%)           : 80
	Aivector Usage Rate(%)         : 5
	Aicpu Usage Rate(%)            : 0
	Ctrlcpu Usage Rate(%)          : 6
	DDR Bandwidth Usage Rate(%)    : 0
	HBM Bandwidth Usage Rate(%)    : 51
	NPU Utilization(%)             : 86
	Aicube Usage Rate(%)           : 73
	Get pid name failed.
	Process id:1811027 Process name:                  Process memory(MB):16066
Error: cannot run top on container aceaef212ad03c546a6eb710fca4fd3c10f869d0c7973db9955d514211247daa as it did not create a cgroup: this container does not have a cgroup
timestamp_ns=1785751028586828701
	DDR Capacity(MB)               : 0
	DDR Usage Rate(%)              : 0
	DDR Hugepages Total(page)      : 0
	DDR Hugepages Usage Rate(%)    : 0
	HBM Capacity(MB)               : 65536
	HBM Usage Rate(%)              : 29
	Aicore Usage Rate(%)           : 76
	Aivector Usage Rate(%)         : 4
	Aicpu Usage Rate(%)            : 0
	Ctrlcpu Usage Rate(%)          : 1
	DDR Bandwidth Usage Rate(%)    : 0
	HBM Bandwidth Usage Rate(%)    : 18
	NPU Utilization(%)             : 100
	Aicube Usage Rate(%)           : 70
	Get pid name failed.
	Process id:1811027 Process name:                  Process memory(MB):16066
Error: cannot run top on container aceaef212ad03c546a6eb710fca4fd3c10f869d0c7973db9955d514211247daa as it did not create a cgroup: this container does not have a cgroup
timestamp_ns=1785751030780023593
	DDR Capacity(MB)               : 0
	DDR Usage Rate(%)              : 0
	DDR Hugepages Total(page)      : 0
	DDR Hugepages Usage Rate(%)    : 0
	HBM Capacity(MB)               : 65536
	HBM Usage Rate(%)              : 29
	Aicore Usage Rate(%)           : 80
	Aivector Usage Rate(%)         : 5
	Aicpu Usage Rate(%)            : 0
	Ctrlcpu Usage Rate(%)          : 1
	DDR Bandwidth Usage Rate(%)    : 0
	HBM Bandwidth Usage Rate(%)    : 53
	NPU Utilization(%)             : 89
	Aicube Usage Rate(%)           : 73
	Get pid name failed.
	Process id:1811027 Process name:                  Process memory(MB):16066
Error: cannot run top on container aceaef212ad03c546a6eb710fca4fd3c10f869d0c7973db9955d514211247daa as it did not create a cgroup: this container does not have a cgroup
timestamp_ns=1785751032973220393
	DDR Capacity(MB)               : 0
	DDR Usage Rate(%)              : 0
	DDR Hugepages Total(page)      : 0
	DDR Hugepages Usage Rate(%)    : 0
	HBM Capacity(MB)               : 65536
	HBM Usage Rate(%)              : 29
	Aicore Usage Rate(%)           : 77
	Aivector Usage Rate(%)         : 4
	Aicpu Usage Rate(%)            : 0
	Ctrlcpu Usage Rate(%)          : 8
	DDR Bandwidth Usage Rate(%)    : 0
	HBM Bandwidth Usage Rate(%)    : 54
	NPU Utilization(%)             : 77
	Aicube Usage Rate(%)           : 71
	Get pid name failed.
	Process id:1811027 Process name:                  Process memory(MB):16066
Error: cannot run top on container aceaef212ad03c546a6eb710fca4fd3c10f869d0c7973db9955d514211247daa as it did not create a cgroup: this container does not have a cgroup
timestamp_ns=1785751035123382587
	DDR Capacity(MB)               : 0
	DDR Usage Rate(%)              : 0
	DDR Hugepages Total(page)      : 0
	DDR Hugepages Usage Rate(%)    : 0
	HBM Capacity(MB)               : 65536
	HBM Usage Rate(%)              : 29
	Aicore Usage Rate(%)           : 74
	Aivector Usage Rate(%)         : 4
	Aicpu Usage Rate(%)            : 0
	Ctrlcpu Usage Rate(%)          : 0
	DDR Bandwidth Usage Rate(%)    : 0
	HBM Bandwidth Usage Rate(%)    : 53
	NPU Utilization(%)             : 93
	Aicube Usage Rate(%)           : 69
	Get pid name failed.
	Process id:1811027 Process name:                  Process memory(MB):16066
Error: cannot run top on container aceaef212ad03c546a6eb710fca4fd3c10f869d0c7973db9955d514211247daa as it did not create a cgroup: this container does not have a cgroup
timestamp_ns=1785751037259694883
	DDR Capacity(MB)               : 0
	DDR Usage Rate(%)              : 0
	DDR Hugepages Total(page)      : 0
	DDR Hugepages Usage Rate(%)    : 0
	HBM Capacity(MB)               : 65536
	HBM Usage Rate(%)              : 29
	Aicore Usage Rate(%)           : 78
	Aivector Usage Rate(%)         : 5
	Aicpu Usage Rate(%)            : 0
	Ctrlcpu Usage Rate(%)          : 0
	DDR Bandwidth Usage Rate(%)    : 0
	HBM Bandwidth Usage Rate(%)    : 54
	NPU Utilization(%)             : 86
	Aicube Usage Rate(%)           : 71
	Get pid name failed.
	Process id:1811027 Process name:                  Process memory(MB):16066
Error: cannot run top on container aceaef212ad03c546a6eb710fca4fd3c10f869d0c7973db9955d514211247daa as it did not create a cgroup: this container does not have a cgroup
timestamp_ns=1785751039399347268
	DDR Capacity(MB)               : 0
	DDR Usage Rate(%)              : 0
	DDR Hugepages Total(page)      : 0
	DDR Hugepages Usage Rate(%)    : 0
	HBM Capacity(MB)               : 65536
	HBM Usage Rate(%)              : 29
	Aicore Usage Rate(%)           : 78
	Aivector Usage Rate(%)         : 5
	Aicpu Usage Rate(%)            : 0
	Ctrlcpu Usage Rate(%)          : 0
	DDR Bandwidth Usage Rate(%)    : 0
	HBM Bandwidth Usage Rate(%)    : 53
	NPU Utilization(%)             : 86
	Aicube Usage Rate(%)           : 71
	Get pid name failed.
	Process id:1811027 Process name:                  Process memory(MB):16066
Error: cannot run top on container aceaef212ad03c546a6eb710fca4fd3c10f869d0c7973db9955d514211247daa as it did not create a cgroup: this container does not have a cgroup
timestamp_ns=1785751041545070341
	DDR Capacity(MB)               : 0
	DDR Usage Rate(%)              : 0
	DDR Hugepages Total(page)      : 0
	DDR Hugepages Usage Rate(%)    : 0
	HBM Capacity(MB)               : 65536
	HBM Usage Rate(%)              : 29
	Aicore Usage Rate(%)           : 77
	Aivector Usage Rate(%)         : 5
	Aicpu Usage Rate(%)            : 0
	Ctrlcpu Usage Rate(%)          : 3
	DDR Bandwidth Usage Rate(%)    : 0
	HBM Bandwidth Usage Rate(%)    : 54
	NPU Utilization(%)             : 96
	Aicube Usage Rate(%)           : 71
	Get pid name failed.
	Process id:1811027 Process name:                  Process memory(MB):16066
Error: cannot run top on container aceaef212ad03c546a6eb710fca4fd3c10f869d0c7973db9955d514211247daa as it did not create a cgroup: this container does not have a cgroup
timestamp_ns=1785751043681732247
	DDR Capacity(MB)               : 0
	DDR Usage Rate(%)              : 0
	DDR Hugepages Total(page)      : 0
	DDR Hugepages Usage Rate(%)    : 0
	HBM Capacity(MB)               : 65536
	HBM Usage Rate(%)              : 29
	Aicore Usage Rate(%)           : 79
	Aivector Usage Rate(%)         : 5
	Aicpu Usage Rate(%)            : 0
	Ctrlcpu Usage Rate(%)          : 6
	DDR Bandwidth Usage Rate(%)    : 0
	HBM Bandwidth Usage Rate(%)    : 53
	NPU Utilization(%)             : 96
	Aicube Usage Rate(%)           : 71
	Get pid name failed.
	Process id:1811027 Process name:                  Process memory(MB):16066
Error: cannot run top on container aceaef212ad03c546a6eb710fca4fd3c10f869d0c7973db9955d514211247daa as it did not create a cgroup: this container does not have a cgroup
timestamp_ns=1785751045826817020
	DDR Capacity(MB)               : 0
	DDR Usage Rate(%)              : 0
	DDR Hugepages Total(page)      : 0
	DDR Hugepages Usage Rate(%)    : 0
	HBM Capacity(MB)               : 65536
	HBM Usage Rate(%)              : 29
	Aicore Usage Rate(%)           : 8
	Aivector Usage Rate(%)         : 2
	Aicpu Usage Rate(%)            : 0
	Ctrlcpu Usage Rate(%)          : 7
	DDR Bandwidth Usage Rate(%)    : 0
	HBM Bandwidth Usage Rate(%)    : 49
	NPU Utilization(%)             : 8
	Aicube Usage Rate(%)           : 6
	Get pid name failed.
	Process id:1811027 Process name:                  Process memory(MB):16066
Error: cannot run top on container aceaef212ad03c546a6eb710fca4fd3c10f869d0c7973db9955d514211247daa as it did not create a cgroup: this container does not have a cgroup
timestamp_ns=1785751047962516708
	DDR Capacity(MB)               : 0
	DDR Usage Rate(%)              : 0
	DDR Hugepages Total(page)      : 0
	DDR Hugepages Usage Rate(%)    : 0
	HBM Capacity(MB)               : 65536
	HBM Usage Rate(%)              : 29
	Aicore Usage Rate(%)           : 81
	Aivector Usage Rate(%)         : 5
	Aicpu Usage Rate(%)            : 0
	Ctrlcpu Usage Rate(%)          : 5
	DDR Bandwidth Usage Rate(%)    : 0
	HBM Bandwidth Usage Rate(%)    : 53
	NPU Utilization(%)             : 89
	Aicube Usage Rate(%)           : 74
	Get pid name failed.
	Process id:1811027 Process name:                  Process memory(MB):16066
Error: cannot run top on container aceaef212ad03c546a6eb710fca4fd3c10f869d0c7973db9955d514211247daa as it did not create a cgroup: this container does not have a cgroup
timestamp_ns=1785751050108073271
	DDR Capacity(MB)               : 0
	DDR Usage Rate(%)              : 0
	DDR Hugepages Total(page)      : 0
	DDR Hugepages Usage Rate(%)    : 0
	HBM Capacity(MB)               : 65536
	HBM Usage Rate(%)              : 29
	Aicore Usage Rate(%)           : 100
	Aivector Usage Rate(%)         : 24
	Aicpu Usage Rate(%)            : 0
	Ctrlcpu Usage Rate(%)          : 3
	DDR Bandwidth Usage Rate(%)    : 0
	HBM Bandwidth Usage Rate(%)    : 53
	NPU Utilization(%)             : 100
	Aicube Usage Rate(%)           : 86
	Get pid name failed.
	Process id:1811027 Process name:                  Process memory(MB):16066
Error: cannot run top on container aceaef212ad03c546a6eb710fca4fd3c10f869d0c7973db9955d514211247daa as it did not create a cgroup: this container does not have a cgroup
timestamp_ns=1785751052308478553
	DDR Capacity(MB)               : 0
	DDR Usage Rate(%)              : 0
	DDR Hugepages Total(page)      : 0
	DDR Hugepages Usage Rate(%)    : 0
	HBM Capacity(MB)               : 65536
	HBM Usage Rate(%)              : 29
	Aicore Usage Rate(%)           : 77
	Aivector Usage Rate(%)         : 5
	Aicpu Usage Rate(%)            : 0
	Ctrlcpu Usage Rate(%)          : 3
	DDR Bandwidth Usage Rate(%)    : 0
	HBM Bandwidth Usage Rate(%)    : 53
	NPU Utilization(%)             : 96
	Aicube Usage Rate(%)           : 71
	Get pid name failed.
	Process id:1811027 Process name:                  Process memory(MB):16066
Error: cannot run top on container aceaef212ad03c546a6eb710fca4fd3c10f869d0c7973db9955d514211247daa as it did not create a cgroup: this container does not have a cgroup
timestamp_ns=1785751054464933134
	DDR Capacity(MB)               : 0
	DDR Usage Rate(%)              : 0
	DDR Hugepages Total(page)      : 0
	DDR Hugepages Usage Rate(%)    : 0
	HBM Capacity(MB)               : 65536
	HBM Usage Rate(%)              : 29
	Aicore Usage Rate(%)           : 95
	Aivector Usage Rate(%)         : 15
	Aicpu Usage Rate(%)            : 0
	Ctrlcpu Usage Rate(%)          : 2
	DDR Bandwidth Usage Rate(%)    : 0
	HBM Bandwidth Usage Rate(%)    : 19
	NPU Utilization(%)             : 100
	Aicube Usage Rate(%)           : 76
	Get pid name failed.
	Process id:1811027 Process name:                  Process memory(MB):16066
Error: cannot run top on container aceaef212ad03c546a6eb710fca4fd3c10f869d0c7973db9955d514211247daa as it did not create a cgroup: this container does not have a cgroup
timestamp_ns=1785751056657682253
	DDR Capacity(MB)               : 0
	DDR Usage Rate(%)              : 0
	DDR Hugepages Total(page)      : 0
	DDR Hugepages Usage Rate(%)    : 0
	HBM Capacity(MB)               : 65536
	HBM Usage Rate(%)              : 29
	Aicore Usage Rate(%)           : 74
	Aivector Usage Rate(%)         : 5
	Aicpu Usage Rate(%)            : 0
	Ctrlcpu Usage Rate(%)          : 4
	DDR Bandwidth Usage Rate(%)    : 0
	HBM Bandwidth Usage Rate(%)    : 53
	NPU Utilization(%)             : 89
	Aicube Usage Rate(%)           : 68
	Get pid name failed.
	Process id:1811027 Process name:                  Process memory(MB):16066
Error: cannot run top on container aceaef212ad03c546a6eb710fca4fd3c10f869d0c7973db9955d514211247daa as it did not create a cgroup: this container does not have a cgroup
timestamp_ns=1785751058832431353
	DDR Capacity(MB)               : 0
	DDR Usage Rate(%)              : 0
	DDR Hugepages Total(page)      : 0
	DDR Hugepages Usage Rate(%)    : 0
	HBM Capacity(MB)               : 65536
	HBM Usage Rate(%)              : 29
	Aicore Usage Rate(%)           : 80
	Aivector Usage Rate(%)         : 5
	Aicpu Usage Rate(%)            : 0
	Ctrlcpu Usage Rate(%)          : 1
	DDR Bandwidth Usage Rate(%)    : 0
	HBM Bandwidth Usage Rate(%)    : 53
	NPU Utilization(%)             : 100
	Aicube Usage Rate(%)           : 73
	Get pid name failed.
	Process id:1811027 Process name:                  Process memory(MB):16066
Error: cannot run top on container aceaef212ad03c546a6eb710fca4fd3c10f869d0c7973db9955d514211247daa as it did not create a cgroup: this container does not have a cgroup
timestamp_ns=1785751061030791517
	DDR Capacity(MB)               : 0
	DDR Usage Rate(%)              : 0
	DDR Hugepages Total(page)      : 0
	DDR Hugepages Usage Rate(%)    : 0
	HBM Capacity(MB)               : 65536
	HBM Usage Rate(%)              : 29
	Aicore Usage Rate(%)           : 75
	Aivector Usage Rate(%)         : 4
	Aicpu Usage Rate(%)            : 0
	Ctrlcpu Usage Rate(%)          : 1
	DDR Bandwidth Usage Rate(%)    : 0
	HBM Bandwidth Usage Rate(%)    : 53
	NPU Utilization(%)             : 89
	Aicube Usage Rate(%)           : 69
	Get pid name failed.
	Process id:1811027 Process name:                  Process memory(MB):16066
Error: cannot run top on container aceaef212ad03c546a6eb710fca4fd3c10f869d0c7973db9955d514211247daa as it did not create a cgroup: this container does not have a cgroup
timestamp_ns=1785751063233747480
	DDR Capacity(MB)               : 0
	DDR Usage Rate(%)              : 0
	DDR Hugepages Total(page)      : 0
	DDR Hugepages Usage Rate(%)    : 0
	HBM Capacity(MB)               : 65536
	HBM Usage Rate(%)              : 29
	Aicore Usage Rate(%)           : 0
	Aivector Usage Rate(%)         : 0
	Aicpu Usage Rate(%)            : 0
	Ctrlcpu Usage Rate(%)          : 7
	DDR Bandwidth Usage Rate(%)    : 0
	HBM Bandwidth Usage Rate(%)    : 53
	NPU Utilization(%)             : 3
	Aicube Usage Rate(%)           : 0
	Get pid name failed.
	Process id:1811027 Process name:                  Process memory(MB):16066
Error: cannot run top on container aceaef212ad03c546a6eb710fca4fd3c10f869d0c7973db9955d514211247daa as it did not create a cgroup: this container does not have a cgroup
timestamp_ns=1785751065375120664
	DDR Capacity(MB)               : 0
	DDR Usage Rate(%)              : 0
	DDR Hugepages Total(page)      : 0
	DDR Hugepages Usage Rate(%)    : 0
	HBM Capacity(MB)               : 65536
	HBM Usage Rate(%)              : 29
	Aicore Usage Rate(%)           : 78
	Aivector Usage Rate(%)         : 5
	Aicpu Usage Rate(%)            : 0
	Ctrlcpu Usage Rate(%)          : 2
	DDR Bandwidth Usage Rate(%)    : 0
	HBM Bandwidth Usage Rate(%)    : 53
	NPU Utilization(%)             : 96
	Aicube Usage Rate(%)           : 71
	Get pid name failed.
	Process id:1811027 Process name:                  Process memory(MB):16066
Error: cannot run top on container aceaef212ad03c546a6eb710fca4fd3c10f869d0c7973db9955d514211247daa as it did not create a cgroup: this container does not have a cgroup
timestamp_ns=1785751067531608873
	DDR Capacity(MB)               : 0
	DDR Usage Rate(%)              : 0
	DDR Hugepages Total(page)      : 0
	DDR Hugepages Usage Rate(%)    : 0
	HBM Capacity(MB)               : 65536
	HBM Usage Rate(%)              : 29
	Aicore Usage Rate(%)           : 52
	Aivector Usage Rate(%)         : 10
	Aicpu Usage Rate(%)            : 0
	Ctrlcpu Usage Rate(%)          : 8
	DDR Bandwidth Usage Rate(%)    : 0
	HBM Bandwidth Usage Rate(%)    : 49
	NPU Utilization(%)             : 52
	Aicube Usage Rate(%)           : 39
	Get pid name failed.
	Process id:1811027 Process name:                  Process memory(MB):16066
Error: cannot run top on container aceaef212ad03c546a6eb710fca4fd3c10f869d0c7973db9955d514211247daa as it did not create a cgroup: this container does not have a cgroup
timestamp_ns=1785751069668691200
	DDR Capacity(MB)               : 0
	DDR Usage Rate(%)              : 0
	DDR Hugepages Total(page)      : 0
	DDR Hugepages Usage Rate(%)    : 0
	HBM Capacity(MB)               : 65536
	HBM Usage Rate(%)              : 29
	Aicore Usage Rate(%)           : 79
	Aivector Usage Rate(%)         : 5
	Aicpu Usage Rate(%)            : 0
	Ctrlcpu Usage Rate(%)          : 2
	DDR Bandwidth Usage Rate(%)    : 0
	HBM Bandwidth Usage Rate(%)    : 53
	NPU Utilization(%)             : 96
	Aicube Usage Rate(%)           : 72
	Get pid name failed.
	Process id:1811027 Process name:                  Process memory(MB):16066
Error: cannot run top on container aceaef212ad03c546a6eb710fca4fd3c10f869d0c7973db9955d514211247daa as it did not create a cgroup: this container does not have a cgroup
timestamp_ns=1785751071818597978
	DDR Capacity(MB)               : 0
	DDR Usage Rate(%)              : 0
	DDR Hugepages Total(page)      : 0
	DDR Hugepages Usage Rate(%)    : 0
	HBM Capacity(MB)               : 65536
	HBM Usage Rate(%)              : 29
	Aicore Usage Rate(%)           : 100
	Aivector Usage Rate(%)         : 23
	Aicpu Usage Rate(%)            : 0
	Ctrlcpu Usage Rate(%)          : 5
	DDR Bandwidth Usage Rate(%)    : 0
	HBM Bandwidth Usage Rate(%)    : 52
	NPU Utilization(%)             : 100
	Aicube Usage Rate(%)           : 87
	Get pid name failed.
	Process id:1811027 Process name:                  Process memory(MB):16066
Error: cannot run top on container aceaef212ad03c546a6eb710fca4fd3c10f869d0c7973db9955d514211247daa as it did not create a cgroup: this container does not have a cgroup
timestamp_ns=1785751074106590771
	DDR Capacity(MB)               : 0
	DDR Usage Rate(%)              : 0
	DDR Hugepages Total(page)      : 0
	DDR Hugepages Usage Rate(%)    : 0
	HBM Capacity(MB)               : 65536
	HBM Usage Rate(%)              : 29
	Aicore Usage Rate(%)           : 81
	Aivector Usage Rate(%)         : 5
	Aicpu Usage Rate(%)            : 0
	Ctrlcpu Usage Rate(%)          : 1
	DDR Bandwidth Usage Rate(%)    : 0
	HBM Bandwidth Usage Rate(%)    : 46
	NPU Utilization(%)             : 82
	Aicube Usage Rate(%)           : 74
	Get pid name failed.
	Process id:1811027 Process name:                  Process memory(MB):16066
Error: cannot run top on container aceaef212ad03c546a6eb710fca4fd3c10f869d0c7973db9955d514211247daa as it did not create a cgroup: this container does not have a cgroup
timestamp_ns=1785751076324307533
	DDR Capacity(MB)               : 0
	DDR Usage Rate(%)              : 0
	DDR Hugepages Total(page)      : 0
	DDR Hugepages Usage Rate(%)    : 0
	HBM Capacity(MB)               : 65536
	HBM Usage Rate(%)              : 29
	Aicore Usage Rate(%)           : 98
	Aivector Usage Rate(%)         : 16
	Aicpu Usage Rate(%)            : 0
	Ctrlcpu Usage Rate(%)          : 1
	DDR Bandwidth Usage Rate(%)    : 0
	HBM Bandwidth Usage Rate(%)    : 51
	NPU Utilization(%)             : 100
	Aicube Usage Rate(%)           : 79
	Get pid name failed.
	Process id:1811027 Process name:                  Process memory(MB):16066
Error: cannot run top on container aceaef212ad03c546a6eb710fca4fd3c10f869d0c7973db9955d514211247daa as it did not create a cgroup: this container does not have a cgroup
timestamp_ns=1785751078609303809
	DDR Capacity(MB)               : 0
	DDR Usage Rate(%)              : 0
	DDR Hugepages Total(page)      : 0
	DDR Hugepages Usage Rate(%)    : 0
	HBM Capacity(MB)               : 65536
	HBM Usage Rate(%)              : 29
	Aicore Usage Rate(%)           : 81
	Aivector Usage Rate(%)         : 5
	Aicpu Usage Rate(%)            : 0
	Ctrlcpu Usage Rate(%)          : 1
	DDR Bandwidth Usage Rate(%)    : 0
	HBM Bandwidth Usage Rate(%)    : 52
	NPU Utilization(%)             : 86
	Aicube Usage Rate(%)           : 74
	Get pid name failed.
	Process id:1811027 Process name:                  Process memory(MB):16066
Error: cannot run top on container aceaef212ad03c546a6eb710fca4fd3c10f869d0c7973db9955d514211247daa as it did not create a cgroup: this container does not have a cgroup
timestamp_ns=1785751080894136759
	DDR Capacity(MB)               : 0
	DDR Usage Rate(%)              : 0
	DDR Hugepages Total(page)      : 0
	DDR Hugepages Usage Rate(%)    : 0
	HBM Capacity(MB)               : 65536
	HBM Usage Rate(%)              : 29
	Aicore Usage Rate(%)           : 74
	Aivector Usage Rate(%)         : 4
	Aicpu Usage Rate(%)            : 0
	Ctrlcpu Usage Rate(%)          : 2
	DDR Bandwidth Usage Rate(%)    : 0
	HBM Bandwidth Usage Rate(%)    : 53
	NPU Utilization(%)             : 96
	Aicube Usage Rate(%)           : 68
	Get pid name failed.
	Process id:1811027 Process name:                  Process memory(MB):16066
Error: cannot run top on container aceaef212ad03c546a6eb710fca4fd3c10f869d0c7973db9955d514211247daa as it did not create a cgroup: this container does not have a cgroup
timestamp_ns=1785751083073548186
	DDR Capacity(MB)               : 0
	DDR Usage Rate(%)              : 0
	DDR Hugepages Total(page)      : 0
	DDR Hugepages Usage Rate(%)    : 0
	HBM Capacity(MB)               : 65536
	HBM Usage Rate(%)              : 29
	Aicore Usage Rate(%)           : 76
	Aivector Usage Rate(%)         : 4
	Aicpu Usage Rate(%)            : 0
	Ctrlcpu Usage Rate(%)          : 4
	DDR Bandwidth Usage Rate(%)    : 0
	HBM Bandwidth Usage Rate(%)    : 50
	NPU Utilization(%)             : 96
	Aicube Usage Rate(%)           : 70
	Get pid name failed.
	Process id:1811027 Process name:                  Process memory(MB):16066
Error: cannot run top on container aceaef212ad03c546a6eb710fca4fd3c10f869d0c7973db9955d514211247daa as it did not create a cgroup: this container does not have a cgroup
timestamp_ns=1785751085254648107
	DDR Capacity(MB)               : 0
	DDR Usage Rate(%)              : 0
	DDR Hugepages Total(page)      : 0
	DDR Hugepages Usage Rate(%)    : 0
	HBM Capacity(MB)               : 65536
	HBM Usage Rate(%)              : 29
	Aicore Usage Rate(%)           : 73
	Aivector Usage Rate(%)         : 4
	Aicpu Usage Rate(%)            : 0
	Ctrlcpu Usage Rate(%)          : 1
	DDR Bandwidth Usage Rate(%)    : 0
	HBM Bandwidth Usage Rate(%)    : 53
	NPU Utilization(%)             : 93
	Aicube Usage Rate(%)           : 67
	Get pid name failed.
	Process id:1811027 Process name:                  Process memory(MB):16066
Error: cannot run top on container aceaef212ad03c546a6eb710fca4fd3c10f869d0c7973db9955d514211247daa as it did not create a cgroup: this container does not have a cgroup
timestamp_ns=1785751087460752323
	DDR Capacity(MB)               : 0
	DDR Usage Rate(%)              : 0
	DDR Hugepages Total(page)      : 0
	DDR Hugepages Usage Rate(%)    : 0
	HBM Capacity(MB)               : 65536
	HBM Usage Rate(%)              : 29
	Aicore Usage Rate(%)           : 76
	Aivector Usage Rate(%)         : 5
	Aicpu Usage Rate(%)            : 0
	Ctrlcpu Usage Rate(%)          : 5
	DDR Bandwidth Usage Rate(%)    : 0
	HBM Bandwidth Usage Rate(%)    : 53
	NPU Utilization(%)             : 89
	Aicube Usage Rate(%)           : 70
	Get pid name failed.
	Process id:1811027 Process name:                  Process memory(MB):16066
Error: cannot run top on container aceaef212ad03c546a6eb710fca4fd3c10f869d0c7973db9955d514211247daa as it did not create a cgroup: this container does not have a cgroup
timestamp_ns=1785751089691662528
	DDR Capacity(MB)               : 0
	DDR Usage Rate(%)              : 0
	DDR Hugepages Total(page)      : 0
	DDR Hugepages Usage Rate(%)    : 0
	HBM Capacity(MB)               : 65536
	HBM Usage Rate(%)              : 29
	Aicore Usage Rate(%)           : 0
	Aivector Usage Rate(%)         : 0
	Aicpu Usage Rate(%)            : 0
	Ctrlcpu Usage Rate(%)          : 2
	DDR Bandwidth Usage Rate(%)    : 0
	HBM Bandwidth Usage Rate(%)    : 53
	NPU Utilization(%)             : 3
	Aicube Usage Rate(%)           : 0
	Get pid name failed.
	Process id:1811027 Process name:                  Process memory(MB):16066
Error: cannot run top on container aceaef212ad03c546a6eb710fca4fd3c10f869d0c7973db9955d514211247daa as it did not create a cgroup: this container does not have a cgroup
timestamp_ns=1785751091930172429
	DDR Capacity(MB)               : 0
	DDR Usage Rate(%)              : 0
	DDR Hugepages Total(page)      : 0
	DDR Hugepages Usage Rate(%)    : 0
	HBM Capacity(MB)               : 65536
	HBM Usage Rate(%)              : 29
	Aicore Usage Rate(%)           : 80
	Aivector Usage Rate(%)         : 5
	Aicpu Usage Rate(%)            : 0
	Ctrlcpu Usage Rate(%)          : 3
	DDR Bandwidth Usage Rate(%)    : 0
	HBM Bandwidth Usage Rate(%)    : 52
	NPU Utilization(%)             : 93
	Aicube Usage Rate(%)           : 73
	Get pid name failed.
	Process id:1811027 Process name:                  Process memory(MB):16066
Error: cannot run top on container aceaef212ad03c546a6eb710fca4fd3c10f869d0c7973db9955d514211247daa as it did not create a cgroup: this container does not have a cgroup
timestamp_ns=1785751094118979122
	DDR Capacity(MB)               : 0
	DDR Usage Rate(%)              : 0
	DDR Hugepages Total(page)      : 0
	DDR Hugepages Usage Rate(%)    : 0
	HBM Capacity(MB)               : 65536
	HBM Usage Rate(%)              : 29
	Aicore Usage Rate(%)           : 0
	Aivector Usage Rate(%)         : 0
	Aicpu Usage Rate(%)            : 0
	Ctrlcpu Usage Rate(%)          : 4
	DDR Bandwidth Usage Rate(%)    : 0
	HBM Bandwidth Usage Rate(%)    : 51
	NPU Utilization(%)             : 41
	Aicube Usage Rate(%)           : 0
	Get pid name failed.
	Process id:1811027 Process name:                  Process memory(MB):16066
Error: cannot run top on container aceaef212ad03c546a6eb710fca4fd3c10f869d0c7973db9955d514211247daa as it did not create a cgroup: this container does not have a cgroup
timestamp_ns=1785751096353448119
	DDR Capacity(MB)               : 0
	DDR Usage Rate(%)              : 0
	DDR Hugepages Total(page)      : 0
	DDR Hugepages Usage Rate(%)    : 0
	HBM Capacity(MB)               : 65536
	HBM Usage Rate(%)              : 29
	Aicore Usage Rate(%)           : 77
	Aivector Usage Rate(%)         : 5
	Aicpu Usage Rate(%)            : 0
	Ctrlcpu Usage Rate(%)          : 1
	DDR Bandwidth Usage Rate(%)    : 0
	HBM Bandwidth Usage Rate(%)    : 16
	NPU Utilization(%)             : 93
	Aicube Usage Rate(%)           : 71
	Get pid name failed.
	Process id:1811027 Process name:                  Process memory(MB):16066
Error: cannot run top on container aceaef212ad03c546a6eb710fca4fd3c10f869d0c7973db9955d514211247daa as it did not create a cgroup: this container does not have a cgroup
timestamp_ns=1785751098492674933
	DDR Capacity(MB)               : 0
	DDR Usage Rate(%)              : 0
	DDR Hugepages Total(page)      : 0
	DDR Hugepages Usage Rate(%)    : 0
	HBM Capacity(MB)               : 65536
	HBM Usage Rate(%)              : 29
	Aicore Usage Rate(%)           : 33
	Aivector Usage Rate(%)         : 2
	Aicpu Usage Rate(%)            : 0
	Ctrlcpu Usage Rate(%)          : 2
	DDR Bandwidth Usage Rate(%)    : 0
	HBM Bandwidth Usage Rate(%)    : 54
	NPU Utilization(%)             : 79
	Aicube Usage Rate(%)           : 30
	Get pid name failed.
	Process id:1811027 Process name:                  Process memory(MB):16066
Error: cannot run top on container aceaef212ad03c546a6eb710fca4fd3c10f869d0c7973db9955d514211247daa as it did not create a cgroup: this container does not have a cgroup
timestamp_ns=1785751100654332970
	DDR Capacity(MB)               : 0
	DDR Usage Rate(%)              : 0
	DDR Hugepages Total(page)      : 0
	DDR Hugepages Usage Rate(%)    : 0
	HBM Capacity(MB)               : 65536
	HBM Usage Rate(%)              : 29
	Aicore Usage Rate(%)           : 78
	Aivector Usage Rate(%)         : 5
	Aicpu Usage Rate(%)            : 0
	Ctrlcpu Usage Rate(%)          : 2
	DDR Bandwidth Usage Rate(%)    : 0
	HBM Bandwidth Usage Rate(%)    : 52
	NPU Utilization(%)             : 86
	Aicube Usage Rate(%)           : 71
	Get pid name failed.
	Process id:1811027 Process name:                  Process memory(MB):16066
Error: cannot run top on container aceaef212ad03c546a6eb710fca4fd3c10f869d0c7973db9955d514211247daa as it did not create a cgroup: this container does not have a cgroup
timestamp_ns=1785751102811127854
	DDR Capacity(MB)               : 0
	DDR Usage Rate(%)              : 0
	DDR Hugepages Total(page)      : 0
	DDR Hugepages Usage Rate(%)    : 0
	HBM Capacity(MB)               : 65536
	HBM Usage Rate(%)              : 29
	Aicore Usage Rate(%)           : 79
	Aivector Usage Rate(%)         : 5
	Aicpu Usage Rate(%)            : 0
	Ctrlcpu Usage Rate(%)          : 5
	DDR Bandwidth Usage Rate(%)    : 0
	HBM Bandwidth Usage Rate(%)    : 54
	NPU Utilization(%)             : 89
	Aicube Usage Rate(%)           : 72
	Get pid name failed.
	Process id:1811027 Process name:                  Process memory(MB):16066
Error: cannot run top on container aceaef212ad03c546a6eb710fca4fd3c10f869d0c7973db9955d514211247daa as it did not create a cgroup: this container does not have a cgroup
timestamp_ns=1785751104964863797
	DDR Capacity(MB)               : 0
	DDR Usage Rate(%)              : 0
	DDR Hugepages Total(page)      : 0
	DDR Hugepages Usage Rate(%)    : 0
	HBM Capacity(MB)               : 65536
	HBM Usage Rate(%)              : 29
	Aicore Usage Rate(%)           : 76
	Aivector Usage Rate(%)         : 5
	Aicpu Usage Rate(%)            : 0
	Ctrlcpu Usage Rate(%)          : 0
	DDR Bandwidth Usage Rate(%)    : 0
	HBM Bandwidth Usage Rate(%)    : 53
	NPU Utilization(%)             : 89
	Aicube Usage Rate(%)           : 70
	Get pid name failed.
	Process id:1811027 Process name:                  Process memory(MB):16066
Error: cannot run top on container aceaef212ad03c546a6eb710fca4fd3c10f869d0c7973db9955d514211247daa as it did not create a cgroup: this container does not have a cgroup
timestamp_ns=1785751107115630439
	DDR Capacity(MB)               : 0
	DDR Usage Rate(%)              : 0
	DDR Hugepages Total(page)      : 0
	DDR Hugepages Usage Rate(%)    : 0
	HBM Capacity(MB)               : 65536
	HBM Usage Rate(%)              : 29
	Aicore Usage Rate(%)           : 78
	Aivector Usage Rate(%)         : 5
	Aicpu Usage Rate(%)            : 0
	Ctrlcpu Usage Rate(%)          : 3
	DDR Bandwidth Usage Rate(%)    : 0
	HBM Bandwidth Usage Rate(%)    : 53
	NPU Utilization(%)             : 82
	Aicube Usage Rate(%)           : 71
	Get pid name failed.
	Process id:1811027 Process name:                  Process memory(MB):16066
Error: cannot run top on container aceaef212ad03c546a6eb710fca4fd3c10f869d0c7973db9955d514211247daa as it did not create a cgroup: this container does not have a cgroup
timestamp_ns=1785751109265878019
	DDR Capacity(MB)               : 0
	DDR Usage Rate(%)              : 0
	DDR Hugepages Total(page)      : 0
	DDR Hugepages Usage Rate(%)    : 0
	HBM Capacity(MB)               : 65536
	HBM Usage Rate(%)              : 29
	Aicore Usage Rate(%)           : 75
	Aivector Usage Rate(%)         : 5
	Aicpu Usage Rate(%)            : 0
	Ctrlcpu Usage Rate(%)          : 9
	DDR Bandwidth Usage Rate(%)    : 0
	HBM Bandwidth Usage Rate(%)    : 53
	NPU Utilization(%)             : 89
	Aicube Usage Rate(%)           : 69
	Get pid name failed.
	Process id:1811027 Process name:                  Process memory(MB):16066
Error: cannot run top on container aceaef212ad03c546a6eb710fca4fd3c10f869d0c7973db9955d514211247daa as it did not create a cgroup: this container does not have a cgroup
timestamp_ns=1785751111402517249
	DDR Capacity(MB)               : 0
	DDR Usage Rate(%)              : 0
	DDR Hugepages Total(page)      : 0
	DDR Hugepages Usage Rate(%)    : 0
	HBM Capacity(MB)               : 65536
	HBM Usage Rate(%)              : 29
	Aicore Usage Rate(%)           : 79
	Aivector Usage Rate(%)         : 5
	Aicpu Usage Rate(%)            : 0
	Ctrlcpu Usage Rate(%)          : 5
	DDR Bandwidth Usage Rate(%)    : 0
	HBM Bandwidth Usage Rate(%)    : 53
	NPU Utilization(%)             : 86
	Aicube Usage Rate(%)           : 71
	Get pid name failed.
	Process id:1811027 Process name:                  Process memory(MB):16066
Error: cannot run top on container aceaef212ad03c546a6eb710fca4fd3c10f869d0c7973db9955d514211247daa as it did not create a cgroup: this container does not have a cgroup
timestamp_ns=1785751113573641781
	DDR Capacity(MB)               : 0
	DDR Usage Rate(%)              : 0
	DDR Hugepages Total(page)      : 0
	DDR Hugepages Usage Rate(%)    : 0
	HBM Capacity(MB)               : 65536
	HBM Usage Rate(%)              : 29
	Aicore Usage Rate(%)           : 80
	Aivector Usage Rate(%)         : 5
	Aicpu Usage Rate(%)            : 0
	Ctrlcpu Usage Rate(%)          : 7
	DDR Bandwidth Usage Rate(%)    : 0
	HBM Bandwidth Usage Rate(%)    : 53
	NPU Utilization(%)             : 86
	Aicube Usage Rate(%)           : 73
	Get pid name failed.
	Process id:1811027 Process name:                  Process memory(MB):16066
Error: cannot run top on container aceaef212ad03c546a6eb710fca4fd3c10f869d0c7973db9955d514211247daa as it did not create a cgroup: this container does not have a cgroup
timestamp_ns=1785751115727582035
	DDR Capacity(MB)               : 0
	DDR Usage Rate(%)              : 0
	DDR Hugepages Total(page)      : 0
	DDR Hugepages Usage Rate(%)    : 0
	HBM Capacity(MB)               : 65536
	HBM Usage Rate(%)              : 29
	Aicore Usage Rate(%)           : 78
	Aivector Usage Rate(%)         : 5
	Aicpu Usage Rate(%)            : 0
	Ctrlcpu Usage Rate(%)          : 1
	DDR Bandwidth Usage Rate(%)    : 0
	HBM Bandwidth Usage Rate(%)    : 53
	NPU Utilization(%)             : 93
	Aicube Usage Rate(%)           : 71
	Get pid name failed.
	Process id:1811027 Process name:                  Process memory(MB):16066
Error: cannot run top on container aceaef212ad03c546a6eb710fca4fd3c10f869d0c7973db9955d514211247daa as it did not create a cgroup: this container does not have a cgroup
timestamp_ns=1785751117875792126
	DDR Capacity(MB)               : 0
	DDR Usage Rate(%)              : 0
	DDR Hugepages Total(page)      : 0
	DDR Hugepages Usage Rate(%)    : 0
	HBM Capacity(MB)               : 65536
	HBM Usage Rate(%)              : 29
	Aicore Usage Rate(%)           : 81
	Aivector Usage Rate(%)         : 5
	Aicpu Usage Rate(%)            : 0
	Ctrlcpu Usage Rate(%)          : 4
	DDR Bandwidth Usage Rate(%)    : 0
	HBM Bandwidth Usage Rate(%)    : 10
	NPU Utilization(%)             : 86
	Aicube Usage Rate(%)           : 74
	Get pid name failed.
	Process id:1811027 Process name:                  Process memory(MB):16066
Error: cannot run top on container aceaef212ad03c546a6eb710fca4fd3c10f869d0c7973db9955d514211247daa as it did not create a cgroup: this container does not have a cgroup
timestamp_ns=1785751120033580495
	DDR Capacity(MB)               : 0
	DDR Usage Rate(%)              : 0
	DDR Hugepages Total(page)      : 0
	DDR Hugepages Usage Rate(%)    : 0
	HBM Capacity(MB)               : 65536
	HBM Usage Rate(%)              : 29
	Aicore Usage Rate(%)           : 81
	Aivector Usage Rate(%)         : 5
	Aicpu Usage Rate(%)            : 0
	Ctrlcpu Usage Rate(%)          : 3
	DDR Bandwidth Usage Rate(%)    : 0
	HBM Bandwidth Usage Rate(%)    : 52
	NPU Utilization(%)             : 89
	Aicube Usage Rate(%)           : 74
	Get pid name failed.
	Process id:1811027 Process name:                  Process memory(MB):16066
Error: cannot run top on container aceaef212ad03c546a6eb710fca4fd3c10f869d0c7973db9955d514211247daa as it did not create a cgroup: this container does not have a cgroup
timestamp_ns=1785751122187552452
	DDR Capacity(MB)               : 0
	DDR Usage Rate(%)              : 0
	DDR Hugepages Total(page)      : 0
	DDR Hugepages Usage Rate(%)    : 0
	HBM Capacity(MB)               : 65536
	HBM Usage Rate(%)              : 29
	Aicore Usage Rate(%)           : 77
	Aivector Usage Rate(%)         : 5
	Aicpu Usage Rate(%)            : 0
	Ctrlcpu Usage Rate(%)          : 4
	DDR Bandwidth Usage Rate(%)    : 0
	HBM Bandwidth Usage Rate(%)    : 53
	NPU Utilization(%)             : 86
	Aicube Usage Rate(%)           : 71
	Get pid name failed.
	Process id:1811027 Process name:                  Process memory(MB):16066
Error: cannot run top on container aceaef212ad03c546a6eb710fca4fd3c10f869d0c7973db9955d514211247daa as it did not create a cgroup: this container does not have a cgroup
timestamp_ns=1785751124338593754
	DDR Capacity(MB)               : 0
	DDR Usage Rate(%)              : 0
	DDR Hugepages Total(page)      : 0
	DDR Hugepages Usage Rate(%)    : 0
	HBM Capacity(MB)               : 65536
	HBM Usage Rate(%)              : 29
	Aicore Usage Rate(%)           : 80
	Aivector Usage Rate(%)         : 5
	Aicpu Usage Rate(%)            : 0
	Ctrlcpu Usage Rate(%)          : 0
	DDR Bandwidth Usage Rate(%)    : 0
	HBM Bandwidth Usage Rate(%)    : 52
	NPU Utilization(%)             : 89
	Aicube Usage Rate(%)           : 72
	Get pid name failed.
	Process id:1811027 Process name:                  Process memory(MB):16066
Error: cannot run top on container aceaef212ad03c546a6eb710fca4fd3c10f869d0c7973db9955d514211247daa as it did not create a cgroup: this container does not have a cgroup
timestamp_ns=1785751126481324586
	DDR Capacity(MB)               : 0
	DDR Usage Rate(%)              : 0
	DDR Hugepages Total(page)      : 0
	DDR Hugepages Usage Rate(%)    : 0
	HBM Capacity(MB)               : 65536
	HBM Usage Rate(%)              : 29
	Aicore Usage Rate(%)           : 77
	Aivector Usage Rate(%)         : 5
	Aicpu Usage Rate(%)            : 0
	Ctrlcpu Usage Rate(%)          : 6
	DDR Bandwidth Usage Rate(%)    : 0
	HBM Bandwidth Usage Rate(%)    : 53
	NPU Utilization(%)             : 100
	Aicube Usage Rate(%)           : 71
	Get pid name failed.
	Process id:1811027 Process name:                  Process memory(MB):16066
Error: cannot run top on container aceaef212ad03c546a6eb710fca4fd3c10f869d0c7973db9955d514211247daa as it did not create a cgroup: this container does not have a cgroup
timestamp_ns=1785751128624426655
	DDR Capacity(MB)               : 0
	DDR Usage Rate(%)              : 0
	DDR Hugepages Total(page)      : 0
	DDR Hugepages Usage Rate(%)    : 0
	HBM Capacity(MB)               : 65536
	HBM Usage Rate(%)              : 29
	Aicore Usage Rate(%)           : 81
	Aivector Usage Rate(%)         : 5
	Aicpu Usage Rate(%)            : 0
	Ctrlcpu Usage Rate(%)          : 0
	DDR Bandwidth Usage Rate(%)    : 0
	HBM Bandwidth Usage Rate(%)    : 53
	NPU Utilization(%)             : 93
	Aicube Usage Rate(%)           : 74
	Get pid name failed.
	Process id:1811027 Process name:                  Process memory(MB):16066
Error: cannot run top on container aceaef212ad03c546a6eb710fca4fd3c10f869d0c7973db9955d514211247daa as it did not create a cgroup: this container does not have a cgroup
timestamp_ns=1785751130825994011
	DDR Capacity(MB)               : 0
	DDR Usage Rate(%)              : 0
	DDR Hugepages Total(page)      : 0
	DDR Hugepages Usage Rate(%)    : 0
	HBM Capacity(MB)               : 65536
	HBM Usage Rate(%)              : 29
	Aicore Usage Rate(%)           : 78
	Aivector Usage Rate(%)         : 5
	Aicpu Usage Rate(%)            : 0
	Ctrlcpu Usage Rate(%)          : 5
	DDR Bandwidth Usage Rate(%)    : 0
	HBM Bandwidth Usage Rate(%)    : 53
	NPU Utilization(%)             : 96
	Aicube Usage Rate(%)           : 71
	Get pid name failed.
	Process id:1811027 Process name:                  Process memory(MB):16066
Error: cannot run top on container aceaef212ad03c546a6eb710fca4fd3c10f869d0c7973db9955d514211247daa as it did not create a cgroup: this container does not have a cgroup
timestamp_ns=1785751133069741256
	DDR Capacity(MB)               : 0
	DDR Usage Rate(%)              : 0
	DDR Hugepages Total(page)      : 0
	DDR Hugepages Usage Rate(%)    : 0
	HBM Capacity(MB)               : 65536
	HBM Usage Rate(%)              : 29
	Aicore Usage Rate(%)           : 79
	Aivector Usage Rate(%)         : 4
	Aicpu Usage Rate(%)            : 0
	Ctrlcpu Usage Rate(%)          : 8
	DDR Bandwidth Usage Rate(%)    : 0
	HBM Bandwidth Usage Rate(%)    : 53
	NPU Utilization(%)             : 89
	Aicube Usage Rate(%)           : 71
	Get pid name failed.
	Process id:1811027 Process name:                  Process memory(MB):16066
Error: cannot run top on container aceaef212ad03c546a6eb710fca4fd3c10f869d0c7973db9955d514211247daa as it did not create a cgroup: this container does not have a cgroup
timestamp_ns=1785751135216643813
	DDR Capacity(MB)               : 0
	DDR Usage Rate(%)              : 0
	DDR Hugepages Total(page)      : 0
	DDR Hugepages Usage Rate(%)    : 0
	HBM Capacity(MB)               : 65536
	HBM Usage Rate(%)              : 29
	Aicore Usage Rate(%)           : 79
	Aivector Usage Rate(%)         : 5
	Aicpu Usage Rate(%)            : 0
	Ctrlcpu Usage Rate(%)          : 0
	DDR Bandwidth Usage Rate(%)    : 0
	HBM Bandwidth Usage Rate(%)    : 53
	NPU Utilization(%)             : 100
	Aicube Usage Rate(%)           : 72
	Get pid name failed.
	Process id:1811027 Process name:                  Process memory(MB):16066
Error: cannot run top on container aceaef212ad03c546a6eb710fca4fd3c10f869d0c7973db9955d514211247daa as it did not create a cgroup: this container does not have a cgroup
timestamp_ns=1785751137359040146
	DDR Capacity(MB)               : 0
	DDR Usage Rate(%)              : 0
	DDR Hugepages Total(page)      : 0
	DDR Hugepages Usage Rate(%)    : 0
	HBM Capacity(MB)               : 65536
	HBM Usage Rate(%)              : 29
	Aicore Usage Rate(%)           : 78
	Aivector Usage Rate(%)         : 5
	Aicpu Usage Rate(%)            : 0
	Ctrlcpu Usage Rate(%)          : 2
	DDR Bandwidth Usage Rate(%)    : 0
	HBM Bandwidth Usage Rate(%)    : 53
	NPU Utilization(%)             : 86
	Aicube Usage Rate(%)           : 70
	Get pid name failed.
	Process id:1811027 Process name:                  Process memory(MB):16066
Error: cannot run top on container aceaef212ad03c546a6eb710fca4fd3c10f869d0c7973db9955d514211247daa as it did not create a cgroup: this container does not have a cgroup
timestamp_ns=1785751139500960634
	DDR Capacity(MB)               : 0
	DDR Usage Rate(%)              : 0
	DDR Hugepages Total(page)      : 0
	DDR Hugepages Usage Rate(%)    : 0
	HBM Capacity(MB)               : 65536
	HBM Usage Rate(%)              : 29
	Aicore Usage Rate(%)           : 77
	Aivector Usage Rate(%)         : 5
	Aicpu Usage Rate(%)            : 0
	Ctrlcpu Usage Rate(%)          : 1
	DDR Bandwidth Usage Rate(%)    : 0
	HBM Bandwidth Usage Rate(%)    : 53
	NPU Utilization(%)             : 93
	Aicube Usage Rate(%)           : 71
	Get pid name failed.
	Process id:1811027 Process name:                  Process memory(MB):16066
Error: cannot run top on container aceaef212ad03c546a6eb710fca4fd3c10f869d0c7973db9955d514211247daa as it did not create a cgroup: this container does not have a cgroup
timestamp_ns=1785751141650473826
	DDR Capacity(MB)               : 0
	DDR Usage Rate(%)              : 0
	DDR Hugepages Total(page)      : 0
	DDR Hugepages Usage Rate(%)    : 0
	HBM Capacity(MB)               : 65536
	HBM Usage Rate(%)              : 29
	Aicore Usage Rate(%)           : 80
	Aivector Usage Rate(%)         : 5
	Aicpu Usage Rate(%)            : 0
	Ctrlcpu Usage Rate(%)          : 3
	DDR Bandwidth Usage Rate(%)    : 0
	HBM Bandwidth Usage Rate(%)    : 53
	NPU Utilization(%)             : 89
	Aicube Usage Rate(%)           : 73
	Get pid name failed.
	Process id:1811027 Process name:                  Process memory(MB):16066
Error: cannot run top on container aceaef212ad03c546a6eb710fca4fd3c10f869d0c7973db9955d514211247daa as it did not create a cgroup: this container does not have a cgroup
timestamp_ns=1785751143794681334
	DDR Capacity(MB)               : 0
	DDR Usage Rate(%)              : 0
	DDR Hugepages Total(page)      : 0
	DDR Hugepages Usage Rate(%)    : 0
	HBM Capacity(MB)               : 65536
	HBM Usage Rate(%)              : 29
	Aicore Usage Rate(%)           : 77
	Aivector Usage Rate(%)         : 5
	Aicpu Usage Rate(%)            : 0
	Ctrlcpu Usage Rate(%)          : 7
	DDR Bandwidth Usage Rate(%)    : 0
	HBM Bandwidth Usage Rate(%)    : 26
	NPU Utilization(%)             : 86
	Aicube Usage Rate(%)           : 71
	Get pid name failed.
	Process id:1811027 Process name:                  Process memory(MB):16066
Error: cannot run top on container aceaef212ad03c546a6eb710fca4fd3c10f869d0c7973db9955d514211247daa as it did not create a cgroup: this container does not have a cgroup
timestamp_ns=1785751145950626027
	DDR Capacity(MB)               : 0
	DDR Usage Rate(%)              : 0
	DDR Hugepages Total(page)      : 0
	DDR Hugepages Usage Rate(%)    : 0
	HBM Capacity(MB)               : 65536
	HBM Usage Rate(%)              : 29
	Aicore Usage Rate(%)           : 67
	Aivector Usage Rate(%)         : 4
	Aicpu Usage Rate(%)            : 0
	Ctrlcpu Usage Rate(%)          : 2
	DDR Bandwidth Usage Rate(%)    : 0
	HBM Bandwidth Usage Rate(%)    : 53
	NPU Utilization(%)             : 93
	Aicube Usage Rate(%)           : 61
	Get pid name failed.
	Process id:1811027 Process name:                  Process memory(MB):16066
Error: cannot run top on container aceaef212ad03c546a6eb710fca4fd3c10f869d0c7973db9955d514211247daa as it did not create a cgroup: this container does not have a cgroup
timestamp_ns=1785751148114382558
	DDR Capacity(MB)               : 0
	DDR Usage Rate(%)              : 0
	DDR Hugepages Total(page)      : 0
	DDR Hugepages Usage Rate(%)    : 0
	HBM Capacity(MB)               : 65536
	HBM Usage Rate(%)              : 29
	Aicore Usage Rate(%)           : 78
	Aivector Usage Rate(%)         : 5
	Aicpu Usage Rate(%)            : 0
	Ctrlcpu Usage Rate(%)          : 4
	DDR Bandwidth Usage Rate(%)    : 0
	HBM Bandwidth Usage Rate(%)    : 54
	NPU Utilization(%)             : 96
	Aicube Usage Rate(%)           : 71
	Get pid name failed.
	Process id:1811027 Process name:                  Process memory(MB):16066
Error: cannot run top on container aceaef212ad03c546a6eb710fca4fd3c10f869d0c7973db9955d514211247daa as it did not create a cgroup: this container does not have a cgroup
timestamp_ns=1785751150329653132
	DDR Capacity(MB)               : 0
	DDR Usage Rate(%)              : 0
	DDR Hugepages Total(page)      : 0
	DDR Hugepages Usage Rate(%)    : 0
	HBM Capacity(MB)               : 65536
	HBM Usage Rate(%)              : 29
	Aicore Usage Rate(%)           : 78
	Aivector Usage Rate(%)         : 5
	Aicpu Usage Rate(%)            : 0
	Ctrlcpu Usage Rate(%)          : 1
	DDR Bandwidth Usage Rate(%)    : 0
	HBM Bandwidth Usage Rate(%)    : 53
	NPU Utilization(%)             : 89
	Aicube Usage Rate(%)           : 71
	Get pid name failed.
	Process id:1811027 Process name:                  Process memory(MB):16066
Error: cannot run top on container aceaef212ad03c546a6eb710fca4fd3c10f869d0c7973db9955d514211247daa as it did not create a cgroup: this container does not have a cgroup
timestamp_ns=1785751152466779533
	DDR Capacity(MB)               : 0
	DDR Usage Rate(%)              : 0
	DDR Hugepages Total(page)      : 0
	DDR Hugepages Usage Rate(%)    : 0
	HBM Capacity(MB)               : 65536
	HBM Usage Rate(%)              : 29
	Aicore Usage Rate(%)           : 78
	Aivector Usage Rate(%)         : 5
	Aicpu Usage Rate(%)            : 0
	Ctrlcpu Usage Rate(%)          : 2
	DDR Bandwidth Usage Rate(%)    : 0
	HBM Bandwidth Usage Rate(%)    : 53
	NPU Utilization(%)             : 93
	Aicube Usage Rate(%)           : 71
	Get pid name failed.
	Process id:1811027 Process name:                  Process memory(MB):16066
Error: cannot run top on container aceaef212ad03c546a6eb710fca4fd3c10f869d0c7973db9955d514211247daa as it did not create a cgroup: this container does not have a cgroup
timestamp_ns=1785751154605551378
	DDR Capacity(MB)               : 0
	DDR Usage Rate(%)              : 0
	DDR Hugepages Total(page)      : 0
	DDR Hugepages Usage Rate(%)    : 0
	HBM Capacity(MB)               : 65536
	HBM Usage Rate(%)              : 29
	Aicore Usage Rate(%)           : 79
	Aivector Usage Rate(%)         : 5
	Aicpu Usage Rate(%)            : 0
	Ctrlcpu Usage Rate(%)          : 3
	DDR Bandwidth Usage Rate(%)    : 0
	HBM Bandwidth Usage Rate(%)    : 53
	NPU Utilization(%)             : 93
	Aicube Usage Rate(%)           : 72
	Get pid name failed.
	Process id:1811027 Process name:                  Process memory(MB):16066
Error: cannot run top on container aceaef212ad03c546a6eb710fca4fd3c10f869d0c7973db9955d514211247daa as it did not create a cgroup: this container does not have a cgroup
timestamp_ns=1785751156757235451
	DDR Capacity(MB)               : 0
	DDR Usage Rate(%)              : 0
	DDR Hugepages Total(page)      : 0
	DDR Hugepages Usage Rate(%)    : 0
	HBM Capacity(MB)               : 65536
	HBM Usage Rate(%)              : 29
	Aicore Usage Rate(%)           : 77
	Aivector Usage Rate(%)         : 5
	Aicpu Usage Rate(%)            : 0
	Ctrlcpu Usage Rate(%)          : 6
	DDR Bandwidth Usage Rate(%)    : 0
	HBM Bandwidth Usage Rate(%)    : 53
	NPU Utilization(%)             : 96
	Aicube Usage Rate(%)           : 71
	Get pid name failed.
	Process id:1811027 Process name:                  Process memory(MB):16066
Error: cannot run top on container aceaef212ad03c546a6eb710fca4fd3c10f869d0c7973db9955d514211247daa as it did not create a cgroup: this container does not have a cgroup
timestamp_ns=1785751158896597074
	DDR Capacity(MB)               : 0
	DDR Usage Rate(%)              : 0
	DDR Hugepages Total(page)      : 0
	DDR Hugepages Usage Rate(%)    : 0
	HBM Capacity(MB)               : 65536
	HBM Usage Rate(%)              : 29
	Aicore Usage Rate(%)           : 81
	Aivector Usage Rate(%)         : 5
	Aicpu Usage Rate(%)            : 0
	Ctrlcpu Usage Rate(%)          : 3
	DDR Bandwidth Usage Rate(%)    : 0
	HBM Bandwidth Usage Rate(%)    : 53
	NPU Utilization(%)             : 86
	Aicube Usage Rate(%)           : 73
	Get pid name failed.
	Process id:1811027 Process name:                  Process memory(MB):16066
Error: cannot run top on container aceaef212ad03c546a6eb710fca4fd3c10f869d0c7973db9955d514211247daa as it did not create a cgroup: this container does not have a cgroup
timestamp_ns=1785751161044877827
	DDR Capacity(MB)               : 0
	DDR Usage Rate(%)              : 0
	DDR Hugepages Total(page)      : 0
	DDR Hugepages Usage Rate(%)    : 0
	HBM Capacity(MB)               : 65536
	HBM Usage Rate(%)              : 29
	Aicore Usage Rate(%)           : 81
	Aivector Usage Rate(%)         : 5
	Aicpu Usage Rate(%)            : 0
	Ctrlcpu Usage Rate(%)          : 2
	DDR Bandwidth Usage Rate(%)    : 0
	HBM Bandwidth Usage Rate(%)    : 53
	NPU Utilization(%)             : 93
	Aicube Usage Rate(%)           : 74
	Get pid name failed.
	Process id:1811027 Process name:                  Process memory(MB):16066
Error: cannot run top on container aceaef212ad03c546a6eb710fca4fd3c10f869d0c7973db9955d514211247daa as it did not create a cgroup: this container does not have a cgroup
timestamp_ns=1785751163194437754
	DDR Capacity(MB)               : 0
	DDR Usage Rate(%)              : 0
	DDR Hugepages Total(page)      : 0
	DDR Hugepages Usage Rate(%)    : 0
	HBM Capacity(MB)               : 65536
	HBM Usage Rate(%)              : 29
	Aicore Usage Rate(%)           : 79
	Aivector Usage Rate(%)         : 5
	Aicpu Usage Rate(%)            : 0
	Ctrlcpu Usage Rate(%)          : 10
	DDR Bandwidth Usage Rate(%)    : 0
	HBM Bandwidth Usage Rate(%)    : 53
	NPU Utilization(%)             : 89
	Aicube Usage Rate(%)           : 71
	Get pid name failed.
	Process id:1811027 Process name:                  Process memory(MB):16066
Error: cannot run top on container aceaef212ad03c546a6eb710fca4fd3c10f869d0c7973db9955d514211247daa as it did not create a cgroup: this container does not have a cgroup
timestamp_ns=1785751165639294676
	DDR Capacity(MB)               : 0
	DDR Usage Rate(%)              : 0
	DDR Hugepages Total(page)      : 0
	DDR Hugepages Usage Rate(%)    : 0
	HBM Capacity(MB)               : 65536
	HBM Usage Rate(%)              : 29
	Aicore Usage Rate(%)           : 77
	Aivector Usage Rate(%)         : 5
	Aicpu Usage Rate(%)            : 0
	Ctrlcpu Usage Rate(%)          : 3
	DDR Bandwidth Usage Rate(%)    : 0
	HBM Bandwidth Usage Rate(%)    : 53
	NPU Utilization(%)             : 82
	Aicube Usage Rate(%)           : 71
	Get pid name failed.
	Process id:1811027 Process name:                  Process memory(MB):16066
Error: cannot run top on container aceaef212ad03c546a6eb710fca4fd3c10f869d0c7973db9955d514211247daa as it did not create a cgroup: this container does not have a cgroup
timestamp_ns=1785751167784815919
	DDR Capacity(MB)               : 0
	DDR Usage Rate(%)              : 0
	DDR Hugepages Total(page)      : 0
	DDR Hugepages Usage Rate(%)    : 0
	HBM Capacity(MB)               : 65536
	HBM Usage Rate(%)              : 29
	Aicore Usage Rate(%)           : 79
	Aivector Usage Rate(%)         : 5
	Aicpu Usage Rate(%)            : 0
	Ctrlcpu Usage Rate(%)          : 2
	DDR Bandwidth Usage Rate(%)    : 0
	HBM Bandwidth Usage Rate(%)    : 53
	NPU Utilization(%)             : 93
	Aicube Usage Rate(%)           : 71
	Get pid name failed.
	Process id:1811027 Process name:                  Process memory(MB):16066
Error: cannot run top on container aceaef212ad03c546a6eb710fca4fd3c10f869d0c7973db9955d514211247daa as it did not create a cgroup: this container does not have a cgroup
timestamp_ns=1785751169922737463
	DDR Capacity(MB)               : 0
	DDR Usage Rate(%)              : 0
	DDR Hugepages Total(page)      : 0
	DDR Hugepages Usage Rate(%)    : 0
	HBM Capacity(MB)               : 65536
	HBM Usage Rate(%)              : 29
	Aicore Usage Rate(%)           : 80
	Aivector Usage Rate(%)         : 5
	Aicpu Usage Rate(%)            : 0
	Ctrlcpu Usage Rate(%)          : 2
	DDR Bandwidth Usage Rate(%)    : 0
	HBM Bandwidth Usage Rate(%)    : 0
	NPU Utilization(%)             : 96
	Aicube Usage Rate(%)           : 73
	Get pid name failed.
	Process id:1811027 Process name:                  Process memory(MB):16066
Error: cannot run top on container aceaef212ad03c546a6eb710fca4fd3c10f869d0c7973db9955d514211247daa as it did not create a cgroup: this container does not have a cgroup
timestamp_ns=1785751172056780586
	DDR Capacity(MB)               : 0
	DDR Usage Rate(%)              : 0
	DDR Hugepages Total(page)      : 0
	DDR Hugepages Usage Rate(%)    : 0
	HBM Capacity(MB)               : 65536
	HBM Usage Rate(%)              : 29
	Aicore Usage Rate(%)           : 78
	Aivector Usage Rate(%)         : 5
	Aicpu Usage Rate(%)            : 0
	Ctrlcpu Usage Rate(%)          : 2
	DDR Bandwidth Usage Rate(%)    : 0
	HBM Bandwidth Usage Rate(%)    : 53
	NPU Utilization(%)             : 93
	Aicube Usage Rate(%)           : 71
	Get pid name failed.
	Process id:1811027 Process name:                  Process memory(MB):16066
Error: cannot run top on container aceaef212ad03c546a6eb710fca4fd3c10f869d0c7973db9955d514211247daa as it did not create a cgroup: this container does not have a cgroup
timestamp_ns=1785751174194976562
	DDR Capacity(MB)               : 0
	DDR Usage Rate(%)              : 0
	DDR Hugepages Total(page)      : 0
	DDR Hugepages Usage Rate(%)    : 0
	HBM Capacity(MB)               : 65536
	HBM Usage Rate(%)              : 29
	Aicore Usage Rate(%)           : 75
	Aivector Usage Rate(%)         : 4
	Aicpu Usage Rate(%)            : 0
	Ctrlcpu Usage Rate(%)          : 6
	DDR Bandwidth Usage Rate(%)    : 0
	HBM Bandwidth Usage Rate(%)    : 54
	NPU Utilization(%)             : 96
	Aicube Usage Rate(%)           : 69
	Get pid name failed.
	Process id:1811027 Process name:                  Process memory(MB):16066
Error: cannot run top on container aceaef212ad03c546a6eb710fca4fd3c10f869d0c7973db9955d514211247daa as it did not create a cgroup: this container does not have a cgroup
timestamp_ns=1785751176335193274
	DDR Capacity(MB)               : 0
	DDR Usage Rate(%)              : 0
	DDR Hugepages Total(page)      : 0
	DDR Hugepages Usage Rate(%)    : 0
	HBM Capacity(MB)               : 65536
	HBM Usage Rate(%)              : 29
	Aicore Usage Rate(%)           : 77
	Aivector Usage Rate(%)         : 4
	Aicpu Usage Rate(%)            : 0
	Ctrlcpu Usage Rate(%)          : 2
	DDR Bandwidth Usage Rate(%)    : 0
	HBM Bandwidth Usage Rate(%)    : 53
	NPU Utilization(%)             : 93
	Aicube Usage Rate(%)           : 69
	Get pid name failed.
	Process id:1811027 Process name:                  Process memory(MB):16066
Error: cannot run top on container aceaef212ad03c546a6eb710fca4fd3c10f869d0c7973db9955d514211247daa as it did not create a cgroup: this container does not have a cgroup
timestamp_ns=1785751178474135547
	DDR Capacity(MB)               : 0
	DDR Usage Rate(%)              : 0
	DDR Hugepages Total(page)      : 0
	DDR Hugepages Usage Rate(%)    : 0
	HBM Capacity(MB)               : 65536
	HBM Usage Rate(%)              : 29
	Aicore Usage Rate(%)           : 78
	Aivector Usage Rate(%)         : 5
	Aicpu Usage Rate(%)            : 0
	Ctrlcpu Usage Rate(%)          : 2
	DDR Bandwidth Usage Rate(%)    : 0
	HBM Bandwidth Usage Rate(%)    : 52
	NPU Utilization(%)             : 89
	Aicube Usage Rate(%)           : 71
	Get pid name failed.
	Process id:1811027 Process name:                  Process memory(MB):16066
Error: cannot run top on container aceaef212ad03c546a6eb710fca4fd3c10f869d0c7973db9955d514211247daa as it did not create a cgroup: this container does not have a cgroup
timestamp_ns=1785751180634555772
	DDR Capacity(MB)               : 0
	DDR Usage Rate(%)              : 0
	DDR Hugepages Total(page)      : 0
	DDR Hugepages Usage Rate(%)    : 0
	HBM Capacity(MB)               : 65536
	HBM Usage Rate(%)              : 29
	Aicore Usage Rate(%)           : 80
	Aivector Usage Rate(%)         : 5
	Aicpu Usage Rate(%)            : 0
	Ctrlcpu Usage Rate(%)          : 6
	DDR Bandwidth Usage Rate(%)    : 0
	HBM Bandwidth Usage Rate(%)    : 50
	NPU Utilization(%)             : 100
	Aicube Usage Rate(%)           : 72
	Get pid name failed.
	Process id:1811027 Process name:                  Process memory(MB):16066
Error: cannot run top on container aceaef212ad03c546a6eb710fca4fd3c10f869d0c7973db9955d514211247daa as it did not create a cgroup: this container does not have a cgroup
timestamp_ns=1785751182815862842
	DDR Capacity(MB)               : 0
	DDR Usage Rate(%)              : 0
	DDR Hugepages Total(page)      : 0
	DDR Hugepages Usage Rate(%)    : 0
	HBM Capacity(MB)               : 65536
	HBM Usage Rate(%)              : 29
	Aicore Usage Rate(%)           : 79
	Aivector Usage Rate(%)         : 5
	Aicpu Usage Rate(%)            : 0
	Ctrlcpu Usage Rate(%)          : 3
	DDR Bandwidth Usage Rate(%)    : 0
	HBM Bandwidth Usage Rate(%)    : 53
	NPU Utilization(%)             : 82
	Aicube Usage Rate(%)           : 72
	Get pid name failed.
	Process id:1811027 Process name:                  Process memory(MB):16066
Error: cannot run top on container aceaef212ad03c546a6eb710fca4fd3c10f869d0c7973db9955d514211247daa as it did not create a cgroup: this container does not have a cgroup
timestamp_ns=1785751184969968716
	DDR Capacity(MB)               : 0
	DDR Usage Rate(%)              : 0
	DDR Hugepages Total(page)      : 0
	DDR Hugepages Usage Rate(%)    : 0
	HBM Capacity(MB)               : 65536
	HBM Usage Rate(%)              : 29
	Aicore Usage Rate(%)           : 77
	Aivector Usage Rate(%)         : 5
	Aicpu Usage Rate(%)            : 0
	Ctrlcpu Usage Rate(%)          : 1
	DDR Bandwidth Usage Rate(%)    : 0
	HBM Bandwidth Usage Rate(%)    : 53
	NPU Utilization(%)             : 86
	Aicube Usage Rate(%)           : 71
	Get pid name failed.
	Process id:1811027 Process name:                  Process memory(MB):16066
Error: cannot run top on container aceaef212ad03c546a6eb710fca4fd3c10f869d0c7973db9955d514211247daa as it did not create a cgroup: this container does not have a cgroup
timestamp_ns=1785751187112563200
	DDR Capacity(MB)               : 0
	DDR Usage Rate(%)              : 0
	DDR Hugepages Total(page)      : 0
	DDR Hugepages Usage Rate(%)    : 0
	HBM Capacity(MB)               : 65536
	HBM Usage Rate(%)              : 29
	Aicore Usage Rate(%)           : 77
	Aivector Usage Rate(%)         : 5
	Aicpu Usage Rate(%)            : 0
	Ctrlcpu Usage Rate(%)          : 4
	DDR Bandwidth Usage Rate(%)    : 0
	HBM Bandwidth Usage Rate(%)    : 47
	NPU Utilization(%)             : 100
	Aicube Usage Rate(%)           : 71
	Get pid name failed.
	Process id:1811027 Process name:                  Process memory(MB):16066
Error: cannot run top on container aceaef212ad03c546a6eb710fca4fd3c10f869d0c7973db9955d514211247daa as it did not create a cgroup: this container does not have a cgroup
timestamp_ns=1785751189275287717
	DDR Capacity(MB)               : 0
	DDR Usage Rate(%)              : 0
	DDR Hugepages Total(page)      : 0
	DDR Hugepages Usage Rate(%)    : 0
	HBM Capacity(MB)               : 65536
	HBM Usage Rate(%)              : 29
	Aicore Usage Rate(%)           : 79
	Aivector Usage Rate(%)         : 5
	Aicpu Usage Rate(%)            : 0
	Ctrlcpu Usage Rate(%)          : 5
	DDR Bandwidth Usage Rate(%)    : 0
	HBM Bandwidth Usage Rate(%)    : 53
	NPU Utilization(%)             : 96
	Aicube Usage Rate(%)           : 73
	Get pid name failed.
	Process id:1811027 Process name:                  Process memory(MB):16066
Error: cannot run top on container aceaef212ad03c546a6eb710fca4fd3c10f869d0c7973db9955d514211247daa as it did not create a cgroup: this container does not have a cgroup
timestamp_ns=1785751191448129315
	DDR Capacity(MB)               : 0
	DDR Usage Rate(%)              : 0
	DDR Hugepages Total(page)      : 0
	DDR Hugepages Usage Rate(%)    : 0
	HBM Capacity(MB)               : 65536
	HBM Usage Rate(%)              : 29
	Aicore Usage Rate(%)           : 80
	Aivector Usage Rate(%)         : 5
	Aicpu Usage Rate(%)            : 0
	Ctrlcpu Usage Rate(%)          : 4
	DDR Bandwidth Usage Rate(%)    : 0
	HBM Bandwidth Usage Rate(%)    : 19
	NPU Utilization(%)             : 96
	Aicube Usage Rate(%)           : 73
	Get pid name failed.
	Process id:1811027 Process name:                  Process memory(MB):16066
Error: cannot run top on container aceaef212ad03c546a6eb710fca4fd3c10f869d0c7973db9955d514211247daa as it did not create a cgroup: this container does not have a cgroup
timestamp_ns=1785751193621150462
	DDR Capacity(MB)               : 0
	DDR Usage Rate(%)              : 0
	DDR Hugepages Total(page)      : 0
	DDR Hugepages Usage Rate(%)    : 0
	HBM Capacity(MB)               : 65536
	HBM Usage Rate(%)              : 29
	Aicore Usage Rate(%)           : 77
	Aivector Usage Rate(%)         : 4
	Aicpu Usage Rate(%)            : 0
	Ctrlcpu Usage Rate(%)          : 5
	DDR Bandwidth Usage Rate(%)    : 0
	HBM Bandwidth Usage Rate(%)    : 53
	NPU Utilization(%)             : 86
	Aicube Usage Rate(%)           : 71
	Get pid name failed.
	Process id:1811027 Process name:                  Process memory(MB):16066
Error: cannot run top on container aceaef212ad03c546a6eb710fca4fd3c10f869d0c7973db9955d514211247daa as it did not create a cgroup: this container does not have a cgroup
timestamp_ns=1785751195766359163
	DDR Capacity(MB)               : 0
	DDR Usage Rate(%)              : 0
	DDR Hugepages Total(page)      : 0
	DDR Hugepages Usage Rate(%)    : 0
	HBM Capacity(MB)               : 65536
	HBM Usage Rate(%)              : 29
	Aicore Usage Rate(%)           : 77
	Aivector Usage Rate(%)         : 5
	Aicpu Usage Rate(%)            : 0
	Ctrlcpu Usage Rate(%)          : 8
	DDR Bandwidth Usage Rate(%)    : 0
	HBM Bandwidth Usage Rate(%)    : 53
	NPU Utilization(%)             : 89
	Aicube Usage Rate(%)           : 70
	Get pid name failed.
	Process id:1811027 Process name:                  Process memory(MB):16066
Error: cannot run top on container aceaef212ad03c546a6eb710fca4fd3c10f869d0c7973db9955d514211247daa as it did not create a cgroup: this container does not have a cgroup
timestamp_ns=1785751197907626997
	DDR Capacity(MB)               : 0
	DDR Usage Rate(%)              : 0
	DDR Hugepages Total(page)      : 0
	DDR Hugepages Usage Rate(%)    : 0
	HBM Capacity(MB)               : 65536
	HBM Usage Rate(%)              : 29
	Aicore Usage Rate(%)           : 77
	Aivector Usage Rate(%)         : 5
	Aicpu Usage Rate(%)            : 0
	Ctrlcpu Usage Rate(%)          : 3
	DDR Bandwidth Usage Rate(%)    : 0
	HBM Bandwidth Usage Rate(%)    : 54
	NPU Utilization(%)             : 93
	Aicube Usage Rate(%)           : 71
	Get pid name failed.
	Process id:1811027 Process name:                  Process memory(MB):16066
Error: cannot run top on container aceaef212ad03c546a6eb710fca4fd3c10f869d0c7973db9955d514211247daa as it did not create a cgroup: this container does not have a cgroup
timestamp_ns=1785751200055630682
	DDR Capacity(MB)               : 0
	DDR Usage Rate(%)              : 0
	DDR Hugepages Total(page)      : 0
	DDR Hugepages Usage Rate(%)    : 0
	HBM Capacity(MB)               : 65536
	HBM Usage Rate(%)              : 29
	Aicore Usage Rate(%)           : 77
	Aivector Usage Rate(%)         : 5
	Aicpu Usage Rate(%)            : 0
	Ctrlcpu Usage Rate(%)          : 2
	DDR Bandwidth Usage Rate(%)    : 0
	HBM Bandwidth Usage Rate(%)    : 53
	NPU Utilization(%)             : 93
	Aicube Usage Rate(%)           : 71
	Get pid name failed.
	Process id:1811027 Process name:                  Process memory(MB):16066
Error: cannot run top on container aceaef212ad03c546a6eb710fca4fd3c10f869d0c7973db9955d514211247daa as it did not create a cgroup: this container does not have a cgroup
timestamp_ns=1785751202199237348
	DDR Capacity(MB)               : 0
	DDR Usage Rate(%)              : 0
	DDR Hugepages Total(page)      : 0
	DDR Hugepages Usage Rate(%)    : 0
	HBM Capacity(MB)               : 65536
	HBM Usage Rate(%)              : 29
	Aicore Usage Rate(%)           : 81
	Aivector Usage Rate(%)         : 5
	Aicpu Usage Rate(%)            : 0
	Ctrlcpu Usage Rate(%)          : 7
	DDR Bandwidth Usage Rate(%)    : 0
	HBM Bandwidth Usage Rate(%)    : 53
	NPU Utilization(%)             : 89
	Aicube Usage Rate(%)           : 73
	Get pid name failed.
	Process id:1811027 Process name:                  Process memory(MB):16066
Error: cannot run top on container aceaef212ad03c546a6eb710fca4fd3c10f869d0c7973db9955d514211247daa as it did not create a cgroup: this container does not have a cgroup
timestamp_ns=1785751204376371816
	DDR Capacity(MB)               : 0
	DDR Usage Rate(%)              : 0
	DDR Hugepages Total(page)      : 0
	DDR Hugepages Usage Rate(%)    : 0
	HBM Capacity(MB)               : 65536
	HBM Usage Rate(%)              : 29
	Aicore Usage Rate(%)           : 78
	Aivector Usage Rate(%)         : 5
	Aicpu Usage Rate(%)            : 0
	Ctrlcpu Usage Rate(%)          : 2
	DDR Bandwidth Usage Rate(%)    : 0
	HBM Bandwidth Usage Rate(%)    : 53
	NPU Utilization(%)             : 96
	Aicube Usage Rate(%)           : 71
	Get pid name failed.
	Process id:1811027 Process name:                  Process memory(MB):16066
Error: cannot run top on container aceaef212ad03c546a6eb710fca4fd3c10f869d0c7973db9955d514211247daa as it did not create a cgroup: this container does not have a cgroup
timestamp_ns=1785751206520122579
	DDR Capacity(MB)               : 0
	DDR Usage Rate(%)              : 0
	DDR Hugepages Total(page)      : 0
	DDR Hugepages Usage Rate(%)    : 0
	HBM Capacity(MB)               : 65536
	HBM Usage Rate(%)              : 29
	Aicore Usage Rate(%)           : 77
	Aivector Usage Rate(%)         : 5
	Aicpu Usage Rate(%)            : 0
	Ctrlcpu Usage Rate(%)          : 0
	DDR Bandwidth Usage Rate(%)    : 0
	HBM Bandwidth Usage Rate(%)    : 53
	NPU Utilization(%)             : 93
	Aicube Usage Rate(%)           : 71
	Get pid name failed.
	Process id:1811027 Process name:                  Process memory(MB):16066
Error: cannot run top on container aceaef212ad03c546a6eb710fca4fd3c10f869d0c7973db9955d514211247daa as it did not create a cgroup: this container does not have a cgroup
timestamp_ns=1785751208715602777
	DDR Capacity(MB)               : 0
	DDR Usage Rate(%)              : 0
	DDR Hugepages Total(page)      : 0
	DDR Hugepages Usage Rate(%)    : 0
	HBM Capacity(MB)               : 65536
	HBM Usage Rate(%)              : 29
	Aicore Usage Rate(%)           : 78
	Aivector Usage Rate(%)         : 5
	Aicpu Usage Rate(%)            : 0
	Ctrlcpu Usage Rate(%)          : 1
	DDR Bandwidth Usage Rate(%)    : 0
	HBM Bandwidth Usage Rate(%)    : 54
	NPU Utilization(%)             : 89
	Aicube Usage Rate(%)           : 71
	Get pid name failed.
	Process id:1811027 Process name:                  Process memory(MB):16066
Error: cannot run top on container aceaef212ad03c546a6eb710fca4fd3c10f869d0c7973db9955d514211247daa as it did not create a cgroup: this container does not have a cgroup
timestamp_ns=1785751210856758406
	DDR Capacity(MB)               : 0
	DDR Usage Rate(%)              : 0
	DDR Hugepages Total(page)      : 0
	DDR Hugepages Usage Rate(%)    : 0
	HBM Capacity(MB)               : 65536
	HBM Usage Rate(%)              : 29
	Aicore Usage Rate(%)           : 77
	Aivector Usage Rate(%)         : 5
	Aicpu Usage Rate(%)            : 0
	Ctrlcpu Usage Rate(%)          : 4
	DDR Bandwidth Usage Rate(%)    : 0
	HBM Bandwidth Usage Rate(%)    : 53
	NPU Utilization(%)             : 93
	Aicube Usage Rate(%)           : 71
	Get pid name failed.
	Process id:1811027 Process name:                  Process memory(MB):16066
Error: cannot run top on container aceaef212ad03c546a6eb710fca4fd3c10f869d0c7973db9955d514211247daa as it did not create a cgroup: this container does not have a cgroup
timestamp_ns=1785751212995004337
	DDR Capacity(MB)               : 0
	DDR Usage Rate(%)              : 0
	DDR Hugepages Total(page)      : 0
	DDR Hugepages Usage Rate(%)    : 0
	HBM Capacity(MB)               : 65536
	HBM Usage Rate(%)              : 29
	Aicore Usage Rate(%)           : 78
	Aivector Usage Rate(%)         : 5
	Aicpu Usage Rate(%)            : 0
	Ctrlcpu Usage Rate(%)          : 4
	DDR Bandwidth Usage Rate(%)    : 0
	HBM Bandwidth Usage Rate(%)    : 53
	NPU Utilization(%)             : 89
	Aicube Usage Rate(%)           : 71
	Get pid name failed.
	Process id:1811027 Process name:                  Process memory(MB):16066
Error: cannot run top on container aceaef212ad03c546a6eb710fca4fd3c10f869d0c7973db9955d514211247daa as it did not create a cgroup: this container does not have a cgroup
timestamp_ns=1785751215154606339
	DDR Capacity(MB)               : 0
	DDR Usage Rate(%)              : 0
	DDR Hugepages Total(page)      : 0
	DDR Hugepages Usage Rate(%)    : 0
	HBM Capacity(MB)               : 65536
	HBM Usage Rate(%)              : 29
	Aicore Usage Rate(%)           : 78
	Aivector Usage Rate(%)         : 4
	Aicpu Usage Rate(%)            : 0
	Ctrlcpu Usage Rate(%)          : 2
	DDR Bandwidth Usage Rate(%)    : 0
	HBM Bandwidth Usage Rate(%)    : 41
	NPU Utilization(%)             : 93
	Aicube Usage Rate(%)           : 71
	Get pid name failed.
	Process id:1811027 Process name:                  Process memory(MB):16066
Error: cannot run top on container aceaef212ad03c546a6eb710fca4fd3c10f869d0c7973db9955d514211247daa as it did not create a cgroup: this container does not have a cgroup
timestamp_ns=1785751217300524104
	DDR Capacity(MB)               : 0
	DDR Usage Rate(%)              : 0
	DDR Hugepages Total(page)      : 0
	DDR Hugepages Usage Rate(%)    : 0
	HBM Capacity(MB)               : 65536
	HBM Usage Rate(%)              : 29
	Aicore Usage Rate(%)           : 79
	Aivector Usage Rate(%)         : 5
	Aicpu Usage Rate(%)            : 0
	Ctrlcpu Usage Rate(%)          : 5
	DDR Bandwidth Usage Rate(%)    : 0
	HBM Bandwidth Usage Rate(%)    : 53
	NPU Utilization(%)             : 89
	Aicube Usage Rate(%)           : 72
	Get pid name failed.
	Process id:1811027 Process name:                  Process memory(MB):16066
Error: cannot run top on container aceaef212ad03c546a6eb710fca4fd3c10f869d0c7973db9955d514211247daa as it did not create a cgroup: this container does not have a cgroup
timestamp_ns=1785751219461751595
	DDR Capacity(MB)               : 0
	DDR Usage Rate(%)              : 0
	DDR Hugepages Total(page)      : 0
	DDR Hugepages Usage Rate(%)    : 0
	HBM Capacity(MB)               : 65536
	HBM Usage Rate(%)              : 29
	Aicore Usage Rate(%)           : 78
	Aivector Usage Rate(%)         : 5
	Aicpu Usage Rate(%)            : 0
	Ctrlcpu Usage Rate(%)          : 0
	DDR Bandwidth Usage Rate(%)    : 0
	HBM Bandwidth Usage Rate(%)    : 34
	NPU Utilization(%)             : 89
	Aicube Usage Rate(%)           : 71
	Get pid name failed.
	Process id:1811027 Process name:                  Process memory(MB):16066
Error: cannot run top on container aceaef212ad03c546a6eb710fca4fd3c10f869d0c7973db9955d514211247daa as it did not create a cgroup: this container does not have a cgroup
timestamp_ns=1785751221596463496
	DDR Capacity(MB)               : 0
	DDR Usage Rate(%)              : 0
	DDR Hugepages Total(page)      : 0
	DDR Hugepages Usage Rate(%)    : 0
	HBM Capacity(MB)               : 65536
	HBM Usage Rate(%)              : 29
	Aicore Usage Rate(%)           : 77
	Aivector Usage Rate(%)         : 5
	Aicpu Usage Rate(%)            : 0
	Ctrlcpu Usage Rate(%)          : 2
	DDR Bandwidth Usage Rate(%)    : 0
	HBM Bandwidth Usage Rate(%)    : 53
	NPU Utilization(%)             : 89
	Aicube Usage Rate(%)           : 71
	Get pid name failed.
	Process id:1811027 Process name:                  Process memory(MB):16066
Error: cannot run top on container aceaef212ad03c546a6eb710fca4fd3c10f869d0c7973db9955d514211247daa as it did not create a cgroup: this container does not have a cgroup
timestamp_ns=1785751223752356966
	DDR Capacity(MB)               : 0
	DDR Usage Rate(%)              : 0
	DDR Hugepages Total(page)      : 0
	DDR Hugepages Usage Rate(%)    : 0
	HBM Capacity(MB)               : 65536
	HBM Usage Rate(%)              : 29
	Aicore Usage Rate(%)           : 77
	Aivector Usage Rate(%)         : 5
	Aicpu Usage Rate(%)            : 0
	Ctrlcpu Usage Rate(%)          : 5
	DDR Bandwidth Usage Rate(%)    : 0
	HBM Bandwidth Usage Rate(%)    : 52
	NPU Utilization(%)             : 96
	Aicube Usage Rate(%)           : 71
	Get pid name failed.
	Process id:1811027 Process name:                  Process memory(MB):16066
Error: cannot run top on container aceaef212ad03c546a6eb710fca4fd3c10f869d0c7973db9955d514211247daa as it did not create a cgroup: this container does not have a cgroup
timestamp_ns=1785751225896281355
	DDR Capacity(MB)               : 0
	DDR Usage Rate(%)              : 0
	DDR Hugepages Total(page)      : 0
	DDR Hugepages Usage Rate(%)    : 0
	HBM Capacity(MB)               : 65536
	HBM Usage Rate(%)              : 29
	Aicore Usage Rate(%)           : 71
	Aivector Usage Rate(%)         : 4
	Aicpu Usage Rate(%)            : 0
	Ctrlcpu Usage Rate(%)          : 5
	DDR Bandwidth Usage Rate(%)    : 0
	HBM Bandwidth Usage Rate(%)    : 53
	NPU Utilization(%)             : 82
	Aicube Usage Rate(%)           : 65
	Get pid name failed.
	Process id:1811027 Process name:                  Process memory(MB):16066
Error: cannot run top on container aceaef212ad03c546a6eb710fca4fd3c10f869d0c7973db9955d514211247daa as it did not create a cgroup: this container does not have a cgroup
timestamp_ns=1785751228038831147
	DDR Capacity(MB)               : 0
	DDR Usage Rate(%)              : 0
	DDR Hugepages Total(page)      : 0
	DDR Hugepages Usage Rate(%)    : 0
	HBM Capacity(MB)               : 65536
	HBM Usage Rate(%)              : 29
	Aicore Usage Rate(%)           : 80
	Aivector Usage Rate(%)         : 5
	Aicpu Usage Rate(%)            : 0
	Ctrlcpu Usage Rate(%)          : 4
	DDR Bandwidth Usage Rate(%)    : 0
	HBM Bandwidth Usage Rate(%)    : 54
	NPU Utilization(%)             : 86
	Aicube Usage Rate(%)           : 73
	Get pid name failed.
	Process id:1811027 Process name:                  Process memory(MB):16066
Error: cannot run top on container aceaef212ad03c546a6eb710fca4fd3c10f869d0c7973db9955d514211247daa as it did not create a cgroup: this container does not have a cgroup
timestamp_ns=1785751230366882667
	DDR Capacity(MB)               : 0
	DDR Usage Rate(%)              : 0
	DDR Hugepages Total(page)      : 0
	DDR Hugepages Usage Rate(%)    : 0
	HBM Capacity(MB)               : 65536
	HBM Usage Rate(%)              : 29
	Aicore Usage Rate(%)           : 73
	Aivector Usage Rate(%)         : 4
	Aicpu Usage Rate(%)            : 0
	Ctrlcpu Usage Rate(%)          : 2
	DDR Bandwidth Usage Rate(%)    : 0
	HBM Bandwidth Usage Rate(%)    : 35
	NPU Utilization(%)             : 93
	Aicube Usage Rate(%)           : 67
	Get pid name failed.
	Process id:1811027 Process name:                  Process memory(MB):16066
Error: cannot run top on container aceaef212ad03c546a6eb710fca4fd3c10f869d0c7973db9955d514211247daa as it did not create a cgroup: this container does not have a cgroup
timestamp_ns=1785751232563374152
	DDR Capacity(MB)               : 0
	DDR Usage Rate(%)              : 0
	DDR Hugepages Total(page)      : 0
	DDR Hugepages Usage Rate(%)    : 0
	HBM Capacity(MB)               : 65536
	HBM Usage Rate(%)              : 29
	Aicore Usage Rate(%)           : 74
	Aivector Usage Rate(%)         : 4
	Aicpu Usage Rate(%)            : 0
	Ctrlcpu Usage Rate(%)          : 3
	DDR Bandwidth Usage Rate(%)    : 0
	HBM Bandwidth Usage Rate(%)    : 52
	NPU Utilization(%)             : 93
	Aicube Usage Rate(%)           : 68
	Get pid name failed.
	Process id:1811027 Process name:                  Process memory(MB):16066
Error: cannot run top on container aceaef212ad03c546a6eb710fca4fd3c10f869d0c7973db9955d514211247daa as it did not create a cgroup: this container does not have a cgroup
timestamp_ns=1785751234767748147
	DDR Capacity(MB)               : 0
	DDR Usage Rate(%)              : 0
	DDR Hugepages Total(page)      : 0
	DDR Hugepages Usage Rate(%)    : 0
	HBM Capacity(MB)               : 65536
	HBM Usage Rate(%)              : 29
	Aicore Usage Rate(%)           : 78
	Aivector Usage Rate(%)         : 5
	Aicpu Usage Rate(%)            : 0
	Ctrlcpu Usage Rate(%)          : 2
	DDR Bandwidth Usage Rate(%)    : 0
	HBM Bandwidth Usage Rate(%)    : 43
	NPU Utilization(%)             : 86
	Aicube Usage Rate(%)           : 71
	Get pid name failed.
	Process id:1811027 Process name:                  Process memory(MB):16066
Error: cannot run top on container aceaef212ad03c546a6eb710fca4fd3c10f869d0c7973db9955d514211247daa as it did not create a cgroup: this container does not have a cgroup
timestamp_ns=1785751236955416561
	DDR Capacity(MB)               : 0
	DDR Usage Rate(%)              : 0
	DDR Hugepages Total(page)      : 0
	DDR Hugepages Usage Rate(%)    : 0
	HBM Capacity(MB)               : 65536
	HBM Usage Rate(%)              : 29
	Aicore Usage Rate(%)           : 76
	Aivector Usage Rate(%)         : 5
	Aicpu Usage Rate(%)            : 0
	Ctrlcpu Usage Rate(%)          : 4
	DDR Bandwidth Usage Rate(%)    : 0
	HBM Bandwidth Usage Rate(%)    : 53
	NPU Utilization(%)             : 86
	Aicube Usage Rate(%)           : 70
	Get pid name failed.
	Process id:1811027 Process name:                  Process memory(MB):16066
Error: cannot run top on container aceaef212ad03c546a6eb710fca4fd3c10f869d0c7973db9955d514211247daa as it did not create a cgroup: this container does not have a cgroup
timestamp_ns=1785751239148223594
	DDR Capacity(MB)               : 0
	DDR Usage Rate(%)              : 0
	DDR Hugepages Total(page)      : 0
	DDR Hugepages Usage Rate(%)    : 0
	HBM Capacity(MB)               : 65536
	HBM Usage Rate(%)              : 29
	Aicore Usage Rate(%)           : 78
	Aivector Usage Rate(%)         : 5
	Aicpu Usage Rate(%)            : 0
	Ctrlcpu Usage Rate(%)          : 2
	DDR Bandwidth Usage Rate(%)    : 0
	HBM Bandwidth Usage Rate(%)    : 53
	NPU Utilization(%)             : 78
	Aicube Usage Rate(%)           : 70
	Get pid name failed.
	Process id:1811027 Process name:                  Process memory(MB):16066
Error: cannot run top on container aceaef212ad03c546a6eb710fca4fd3c10f869d0c7973db9955d514211247daa as it did not create a cgroup: this container does not have a cgroup
timestamp_ns=1785751241324449520
	DDR Capacity(MB)               : 0
	DDR Usage Rate(%)              : 0
	DDR Hugepages Total(page)      : 0
	DDR Hugepages Usage Rate(%)    : 0
	HBM Capacity(MB)               : 65536
	HBM Usage Rate(%)              : 29
	Aicore Usage Rate(%)           : 79
	Aivector Usage Rate(%)         : 5
	Aicpu Usage Rate(%)            : 0
	Ctrlcpu Usage Rate(%)          : 3
	DDR Bandwidth Usage Rate(%)    : 0
	HBM Bandwidth Usage Rate(%)    : 17
	NPU Utilization(%)             : 89
	Aicube Usage Rate(%)           : 73
	Get pid name failed.
	Process id:1811027 Process name:                  Process memory(MB):16066
Error: cannot run top on container aceaef212ad03c546a6eb710fca4fd3c10f869d0c7973db9955d514211247daa as it did not create a cgroup: this container does not have a cgroup
timestamp_ns=1785751243564214441
	DDR Capacity(MB)               : 0
	DDR Usage Rate(%)              : 0
	DDR Hugepages Total(page)      : 0
	DDR Hugepages Usage Rate(%)    : 0
	HBM Capacity(MB)               : 65536
	HBM Usage Rate(%)              : 29
	Aicore Usage Rate(%)           : 77
	Aivector Usage Rate(%)         : 4
	Aicpu Usage Rate(%)            : 0
	Ctrlcpu Usage Rate(%)          : 5
	DDR Bandwidth Usage Rate(%)    : 0
	HBM Bandwidth Usage Rate(%)    : 53
	NPU Utilization(%)             : 86
	Aicube Usage Rate(%)           : 71
	Get pid name failed.
	Process id:1811027 Process name:                  Process memory(MB):16066
Error: cannot run top on container aceaef212ad03c546a6eb710fca4fd3c10f869d0c7973db9955d514211247daa as it did not create a cgroup: this container does not have a cgroup
timestamp_ns=1785751245757035320
	DDR Capacity(MB)               : 0
	DDR Usage Rate(%)              : 0
	DDR Hugepages Total(page)      : 0
	DDR Hugepages Usage Rate(%)    : 0
	HBM Capacity(MB)               : 65536
	HBM Usage Rate(%)              : 29
	Aicore Usage Rate(%)           : 77
	Aivector Usage Rate(%)         : 5
	Aicpu Usage Rate(%)            : 0
	Ctrlcpu Usage Rate(%)          : 2
	DDR Bandwidth Usage Rate(%)    : 0
	HBM Bandwidth Usage Rate(%)    : 53
	NPU Utilization(%)             : 86
	Aicube Usage Rate(%)           : 71
	Get pid name failed.
	Process id:1811027 Process name:                  Process memory(MB):16066
Error: cannot run top on container aceaef212ad03c546a6eb710fca4fd3c10f869d0c7973db9955d514211247daa as it did not create a cgroup: this container does not have a cgroup
timestamp_ns=1785751247959339680
	DDR Capacity(MB)               : 0
	DDR Usage Rate(%)              : 0
	DDR Hugepages Total(page)      : 0
	DDR Hugepages Usage Rate(%)    : 0
	HBM Capacity(MB)               : 65536
	HBM Usage Rate(%)              : 29
	Aicore Usage Rate(%)           : 77
	Aivector Usage Rate(%)         : 4
	Aicpu Usage Rate(%)            : 0
	Ctrlcpu Usage Rate(%)          : 5
	DDR Bandwidth Usage Rate(%)    : 0
	HBM Bandwidth Usage Rate(%)    : 54
	NPU Utilization(%)             : 93
	Aicube Usage Rate(%)           : 70
	Get pid name failed.
	Process id:1811027 Process name:                  Process memory(MB):16066
Error: cannot run top on container aceaef212ad03c546a6eb710fca4fd3c10f869d0c7973db9955d514211247daa as it did not create a cgroup: this container does not have a cgroup
timestamp_ns=1785751250148046851
	DDR Capacity(MB)               : 0
	DDR Usage Rate(%)              : 0
	DDR Hugepages Total(page)      : 0
	DDR Hugepages Usage Rate(%)    : 0
	HBM Capacity(MB)               : 65536
	HBM Usage Rate(%)              : 29
	Aicore Usage Rate(%)           : 76
	Aivector Usage Rate(%)         : 4
	Aicpu Usage Rate(%)            : 0
	Ctrlcpu Usage Rate(%)          : 4
	DDR Bandwidth Usage Rate(%)    : 0
	HBM Bandwidth Usage Rate(%)    : 54
	NPU Utilization(%)             : 82
	Aicube Usage Rate(%)           : 70
	Get pid name failed.
	Process id:1811027 Process name:                  Process memory(MB):16066
Error: cannot run top on container aceaef212ad03c546a6eb710fca4fd3c10f869d0c7973db9955d514211247daa as it did not create a cgroup: this container does not have a cgroup
timestamp_ns=1785751252332194895
	DDR Capacity(MB)               : 0
	DDR Usage Rate(%)              : 0
	DDR Hugepages Total(page)      : 0
	DDR Hugepages Usage Rate(%)    : 0
	HBM Capacity(MB)               : 65536
	HBM Usage Rate(%)              : 29
	Aicore Usage Rate(%)           : 77
	Aivector Usage Rate(%)         : 5
	Aicpu Usage Rate(%)            : 0
	Ctrlcpu Usage Rate(%)          : 4
	DDR Bandwidth Usage Rate(%)    : 0
	HBM Bandwidth Usage Rate(%)    : 52
	NPU Utilization(%)             : 86
	Aicube Usage Rate(%)           : 71
	Get pid name failed.
	Process id:1811027 Process name:                  Process memory(MB):16066
Error: cannot run top on container aceaef212ad03c546a6eb710fca4fd3c10f869d0c7973db9955d514211247daa as it did not create a cgroup: this container does not have a cgroup
timestamp_ns=1785751254656894118
	DDR Capacity(MB)               : 0
	DDR Usage Rate(%)              : 0
	DDR Hugepages Total(page)      : 0
	DDR Hugepages Usage Rate(%)    : 0
	HBM Capacity(MB)               : 65536
	HBM Usage Rate(%)              : 29
	Aicore Usage Rate(%)           : 78
	Aivector Usage Rate(%)         : 5
	Aicpu Usage Rate(%)            : 0
	Ctrlcpu Usage Rate(%)          : 0
	DDR Bandwidth Usage Rate(%)    : 0
	HBM Bandwidth Usage Rate(%)    : 53
	NPU Utilization(%)             : 93
	Aicube Usage Rate(%)           : 72
	Get pid name failed.
	Process id:1811027 Process name:                  Process memory(MB):16066
Error: cannot run top on container aceaef212ad03c546a6eb710fca4fd3c10f869d0c7973db9955d514211247daa as it did not create a cgroup: this container does not have a cgroup
timestamp_ns=1785751256790669560
	DDR Capacity(MB)               : 0
	DDR Usage Rate(%)              : 0
	DDR Hugepages Total(page)      : 0
	DDR Hugepages Usage Rate(%)    : 0
	HBM Capacity(MB)               : 65536
	HBM Usage Rate(%)              : 29
	Aicore Usage Rate(%)           : 80
	Aivector Usage Rate(%)         : 5
	Aicpu Usage Rate(%)            : 0
	Ctrlcpu Usage Rate(%)          : 4
	DDR Bandwidth Usage Rate(%)    : 0
	HBM Bandwidth Usage Rate(%)    : 53
	NPU Utilization(%)             : 96
	Aicube Usage Rate(%)           : 73
	Get pid name failed.
	Process id:1811027 Process name:                  Process memory(MB):16066
Error: cannot run top on container aceaef212ad03c546a6eb710fca4fd3c10f869d0c7973db9955d514211247daa as it did not create a cgroup: this container does not have a cgroup
timestamp_ns=1785751258972664780
	DDR Capacity(MB)               : 0
	DDR Usage Rate(%)              : 0
	DDR Hugepages Total(page)      : 0
	DDR Hugepages Usage Rate(%)    : 0
	HBM Capacity(MB)               : 65536
	HBM Usage Rate(%)              : 29
	Aicore Usage Rate(%)           : 79
	Aivector Usage Rate(%)         : 5
	Aicpu Usage Rate(%)            : 0
	Ctrlcpu Usage Rate(%)          : 5
	DDR Bandwidth Usage Rate(%)    : 0
	HBM Bandwidth Usage Rate(%)    : 39
	NPU Utilization(%)             : 89
	Aicube Usage Rate(%)           : 72
	Get pid name failed.
	Process id:1811027 Process name:                  Process memory(MB):16066
Error: cannot run top on container aceaef212ad03c546a6eb710fca4fd3c10f869d0c7973db9955d514211247daa as it did not create a cgroup: this container does not have a cgroup
timestamp_ns=1785751261146599305
	DDR Capacity(MB)               : 0
	DDR Usage Rate(%)              : 0
	DDR Hugepages Total(page)      : 0
	DDR Hugepages Usage Rate(%)    : 0
	HBM Capacity(MB)               : 65536
	HBM Usage Rate(%)              : 29
	Aicore Usage Rate(%)           : 77
	Aivector Usage Rate(%)         : 5
	Aicpu Usage Rate(%)            : 0
	Ctrlcpu Usage Rate(%)          : 2
	DDR Bandwidth Usage Rate(%)    : 0
	HBM Bandwidth Usage Rate(%)    : 53
	NPU Utilization(%)             : 89
	Aicube Usage Rate(%)           : 71
	Get pid name failed.
	Process id:1811027 Process name:                  Process memory(MB):16066
Error: cannot run top on container aceaef212ad03c546a6eb710fca4fd3c10f869d0c7973db9955d514211247daa as it did not create a cgroup: this container does not have a cgroup
timestamp_ns=1785751263299010227
	DDR Capacity(MB)               : 0
	DDR Usage Rate(%)              : 0
	DDR Hugepages Total(page)      : 0
	DDR Hugepages Usage Rate(%)    : 0
	HBM Capacity(MB)               : 65536
	HBM Usage Rate(%)              : 29
	Aicore Usage Rate(%)           : 77
	Aivector Usage Rate(%)         : 4
	Aicpu Usage Rate(%)            : 0
	Ctrlcpu Usage Rate(%)          : 8
	DDR Bandwidth Usage Rate(%)    : 0
	HBM Bandwidth Usage Rate(%)    : 38
	NPU Utilization(%)             : 86
	Aicube Usage Rate(%)           : 71
	Get pid name failed.
	Process id:1811027 Process name:                  Process memory(MB):16066
Error: cannot run top on container aceaef212ad03c546a6eb710fca4fd3c10f869d0c7973db9955d514211247daa as it did not create a cgroup: this container does not have a cgroup
timestamp_ns=1785751265440017994
	DDR Capacity(MB)               : 0
	DDR Usage Rate(%)              : 0
	DDR Hugepages Total(page)      : 0
	DDR Hugepages Usage Rate(%)    : 0
	HBM Capacity(MB)               : 65536
	HBM Usage Rate(%)              : 29
	Aicore Usage Rate(%)           : 80
	Aivector Usage Rate(%)         : 5
	Aicpu Usage Rate(%)            : 0
	Ctrlcpu Usage Rate(%)          : 1
	DDR Bandwidth Usage Rate(%)    : 0
	HBM Bandwidth Usage Rate(%)    : 53
	NPU Utilization(%)             : 86
	Aicube Usage Rate(%)           : 73
	Get pid name failed.
	Process id:1811027 Process name:                  Process memory(MB):16066
Error: cannot run top on container aceaef212ad03c546a6eb710fca4fd3c10f869d0c7973db9955d514211247daa as it did not create a cgroup: this container does not have a cgroup
timestamp_ns=1785751267585115559
	DDR Capacity(MB)               : 0
	DDR Usage Rate(%)              : 0
	DDR Hugepages Total(page)      : 0
	DDR Hugepages Usage Rate(%)    : 0
	HBM Capacity(MB)               : 65536
	HBM Usage Rate(%)              : 29
	Aicore Usage Rate(%)           : 77
	Aivector Usage Rate(%)         : 5
	Aicpu Usage Rate(%)            : 0
	Ctrlcpu Usage Rate(%)          : 1
	DDR Bandwidth Usage Rate(%)    : 0
	HBM Bandwidth Usage Rate(%)    : 54
	NPU Utilization(%)             : 96
	Aicube Usage Rate(%)           : 71
	Get pid name failed.
	Process id:1811027 Process name:                  Process memory(MB):16066
Error: cannot run top on container aceaef212ad03c546a6eb710fca4fd3c10f869d0c7973db9955d514211247daa as it did not create a cgroup: this container does not have a cgroup
timestamp_ns=1785751269753502496
	DDR Capacity(MB)               : 0
	DDR Usage Rate(%)              : 0
	DDR Hugepages Total(page)      : 0
	DDR Hugepages Usage Rate(%)    : 0
	HBM Capacity(MB)               : 65536
	HBM Usage Rate(%)              : 29
	Aicore Usage Rate(%)           : 78
	Aivector Usage Rate(%)         : 5
	Aicpu Usage Rate(%)            : 0
	Ctrlcpu Usage Rate(%)          : 1
	DDR Bandwidth Usage Rate(%)    : 0
	HBM Bandwidth Usage Rate(%)    : 52
	NPU Utilization(%)             : 86
	Aicube Usage Rate(%)           : 71
	Get pid name failed.
	Process id:1811027 Process name:                  Process memory(MB):16066
Error: cannot run top on container aceaef212ad03c546a6eb710fca4fd3c10f869d0c7973db9955d514211247daa as it did not create a cgroup: this container does not have a cgroup
timestamp_ns=1785751271901066552
	DDR Capacity(MB)               : 0
	DDR Usage Rate(%)              : 0
	DDR Hugepages Total(page)      : 0
	DDR Hugepages Usage Rate(%)    : 0
	HBM Capacity(MB)               : 65536
	HBM Usage Rate(%)              : 29
	Aicore Usage Rate(%)           : 77
	Aivector Usage Rate(%)         : 5
	Aicpu Usage Rate(%)            : 0
	Ctrlcpu Usage Rate(%)          : 5
	DDR Bandwidth Usage Rate(%)    : 0
	HBM Bandwidth Usage Rate(%)    : 54
	NPU Utilization(%)             : 89
	Aicube Usage Rate(%)           : 71
	Get pid name failed.
	Process id:1811027 Process name:                  Process memory(MB):16066
Error: cannot run top on container aceaef212ad03c546a6eb710fca4fd3c10f869d0c7973db9955d514211247daa as it did not create a cgroup: this container does not have a cgroup
timestamp_ns=1785751274060068389
	DDR Capacity(MB)               : 0
	DDR Usage Rate(%)              : 0
	DDR Hugepages Total(page)      : 0
	DDR Hugepages Usage Rate(%)    : 0
	HBM Capacity(MB)               : 65536
	HBM Usage Rate(%)              : 29
	Aicore Usage Rate(%)           : 77
	Aivector Usage Rate(%)         : 4
	Aicpu Usage Rate(%)            : 0
	Ctrlcpu Usage Rate(%)          : 3
	DDR Bandwidth Usage Rate(%)    : 0
	HBM Bandwidth Usage Rate(%)    : 53
	NPU Utilization(%)             : 89
	Aicube Usage Rate(%)           : 70
	Get pid name failed.
	Process id:1811027 Process name:                  Process memory(MB):16066
Error: cannot run top on container aceaef212ad03c546a6eb710fca4fd3c10f869d0c7973db9955d514211247daa as it did not create a cgroup: this container does not have a cgroup
timestamp_ns=1785751276227531584
	DDR Capacity(MB)               : 0
	DDR Usage Rate(%)              : 0
	DDR Hugepages Total(page)      : 0
	DDR Hugepages Usage Rate(%)    : 0
	HBM Capacity(MB)               : 65536
	HBM Usage Rate(%)              : 29
	Aicore Usage Rate(%)           : 78
	Aivector Usage Rate(%)         : 5
	Aicpu Usage Rate(%)            : 0
	Ctrlcpu Usage Rate(%)          : 2
	DDR Bandwidth Usage Rate(%)    : 0
	HBM Bandwidth Usage Rate(%)    : 53
	NPU Utilization(%)             : 93
	Aicube Usage Rate(%)           : 71
	Get pid name failed.
	Process id:1811027 Process name:                  Process memory(MB):16066
Error: cannot run top on container aceaef212ad03c546a6eb710fca4fd3c10f869d0c7973db9955d514211247daa as it did not create a cgroup: this container does not have a cgroup
timestamp_ns=1785751278375059490
	DDR Capacity(MB)               : 0
	DDR Usage Rate(%)              : 0
	DDR Hugepages Total(page)      : 0
	DDR Hugepages Usage Rate(%)    : 0
	HBM Capacity(MB)               : 65536
	HBM Usage Rate(%)              : 29
	Aicore Usage Rate(%)           : 77
	Aivector Usage Rate(%)         : 5
	Aicpu Usage Rate(%)            : 0
	Ctrlcpu Usage Rate(%)          : 8
	DDR Bandwidth Usage Rate(%)    : 0
	HBM Bandwidth Usage Rate(%)    : 54
	NPU Utilization(%)             : 96
	Aicube Usage Rate(%)           : 70
	Get pid name failed.
	Process id:1811027 Process name:                  Process memory(MB):16066
Error: cannot run top on container aceaef212ad03c546a6eb710fca4fd3c10f869d0c7973db9955d514211247daa as it did not create a cgroup: this container does not have a cgroup
timestamp_ns=1785751280528904111
	DDR Capacity(MB)               : 0
	DDR Usage Rate(%)              : 0
	DDR Hugepages Total(page)      : 0
	DDR Hugepages Usage Rate(%)    : 0
	HBM Capacity(MB)               : 65536
	HBM Usage Rate(%)              : 29
	Aicore Usage Rate(%)           : 78
	Aivector Usage Rate(%)         : 4
	Aicpu Usage Rate(%)            : 0
	Ctrlcpu Usage Rate(%)          : 4
	DDR Bandwidth Usage Rate(%)    : 0
	HBM Bandwidth Usage Rate(%)    : 53
	NPU Utilization(%)             : 93
	Aicube Usage Rate(%)           : 72
	Get pid name failed.
	Process id:1811027 Process name:                  Process memory(MB):16066
Error: cannot run top on container aceaef212ad03c546a6eb710fca4fd3c10f869d0c7973db9955d514211247daa as it did not create a cgroup: this container does not have a cgroup
timestamp_ns=1785751282681646080
	DDR Capacity(MB)               : 0
	DDR Usage Rate(%)              : 0
	DDR Hugepages Total(page)      : 0
	DDR Hugepages Usage Rate(%)    : 0
	HBM Capacity(MB)               : 65536
	HBM Usage Rate(%)              : 29
	Aicore Usage Rate(%)           : 79
	Aivector Usage Rate(%)         : 5
	Aicpu Usage Rate(%)            : 0
	Ctrlcpu Usage Rate(%)          : 3
	DDR Bandwidth Usage Rate(%)    : 0
	HBM Bandwidth Usage Rate(%)    : 53
	NPU Utilization(%)             : 86
	Aicube Usage Rate(%)           : 71
	Get pid name failed.
	Process id:1811027 Process name:                  Process memory(MB):16066
Error: cannot run top on container aceaef212ad03c546a6eb710fca4fd3c10f869d0c7973db9955d514211247daa as it did not create a cgroup: this container does not have a cgroup
timestamp_ns=1785751284837928093
	DDR Capacity(MB)               : 0
	DDR Usage Rate(%)              : 0
	DDR Hugepages Total(page)      : 0
	DDR Hugepages Usage Rate(%)    : 0
	HBM Capacity(MB)               : 65536
	HBM Usage Rate(%)              : 29
	Aicore Usage Rate(%)           : 78
	Aivector Usage Rate(%)         : 5
	Aicpu Usage Rate(%)            : 0
	Ctrlcpu Usage Rate(%)          : 1
	DDR Bandwidth Usage Rate(%)    : 0
	HBM Bandwidth Usage Rate(%)    : 53
	NPU Utilization(%)             : 89
	Aicube Usage Rate(%)           : 71
	Get pid name failed.
	Process id:1811027 Process name:                  Process memory(MB):16066
Error: cannot run top on container aceaef212ad03c546a6eb710fca4fd3c10f869d0c7973db9955d514211247daa as it did not create a cgroup: this container does not have a cgroup
timestamp_ns=1785751286998398906
	DDR Capacity(MB)               : 0
	DDR Usage Rate(%)              : 0
	DDR Hugepages Total(page)      : 0
	DDR Hugepages Usage Rate(%)    : 0
	HBM Capacity(MB)               : 65536
	HBM Usage Rate(%)              : 29
	Aicore Usage Rate(%)           : 76
	Aivector Usage Rate(%)         : 5
	Aicpu Usage Rate(%)            : 0
	Ctrlcpu Usage Rate(%)          : 4
	DDR Bandwidth Usage Rate(%)    : 0
	HBM Bandwidth Usage Rate(%)    : 53
	NPU Utilization(%)             : 86
	Aicube Usage Rate(%)           : 70
	Get pid name failed.
	Process id:1811027 Process name:                  Process memory(MB):16066
Error: cannot run top on container aceaef212ad03c546a6eb710fca4fd3c10f869d0c7973db9955d514211247daa as it did not create a cgroup: this container does not have a cgroup
timestamp_ns=1785751289150446043
	DDR Capacity(MB)               : 0
	DDR Usage Rate(%)              : 0
	DDR Hugepages Total(page)      : 0
	DDR Hugepages Usage Rate(%)    : 0
	HBM Capacity(MB)               : 65536
	HBM Usage Rate(%)              : 29
	Aicore Usage Rate(%)           : 78
	Aivector Usage Rate(%)         : 5
	Aicpu Usage Rate(%)            : 0
	Ctrlcpu Usage Rate(%)          : 2
	DDR Bandwidth Usage Rate(%)    : 0
	HBM Bandwidth Usage Rate(%)    : 13
	NPU Utilization(%)             : 86
	Aicube Usage Rate(%)           : 71
	Get pid name failed.
	Process id:1811027 Process name:                  Process memory(MB):16066
Error: cannot run top on container aceaef212ad03c546a6eb710fca4fd3c10f869d0c7973db9955d514211247daa as it did not create a cgroup: this container does not have a cgroup
timestamp_ns=1785751291296069136
	DDR Capacity(MB)               : 0
	DDR Usage Rate(%)              : 0
	DDR Hugepages Total(page)      : 0
	DDR Hugepages Usage Rate(%)    : 0
	HBM Capacity(MB)               : 65536
	HBM Usage Rate(%)              : 29
	Aicore Usage Rate(%)           : 79
	Aivector Usage Rate(%)         : 5
	Aicpu Usage Rate(%)            : 0
	Ctrlcpu Usage Rate(%)          : 4
	DDR Bandwidth Usage Rate(%)    : 0
	HBM Bandwidth Usage Rate(%)    : 50
	NPU Utilization(%)             : 86
	Aicube Usage Rate(%)           : 72
	Get pid name failed.
	Process id:1811027 Process name:                  Process memory(MB):16066
Error: cannot run top on container aceaef212ad03c546a6eb710fca4fd3c10f869d0c7973db9955d514211247daa as it did not create a cgroup: this container does not have a cgroup
timestamp_ns=1785751293433198643
	DDR Capacity(MB)               : 0
	DDR Usage Rate(%)              : 0
	DDR Hugepages Total(page)      : 0
	DDR Hugepages Usage Rate(%)    : 0
	HBM Capacity(MB)               : 65536
	HBM Usage Rate(%)              : 29
	Aicore Usage Rate(%)           : 76
	Aivector Usage Rate(%)         : 5
	Aicpu Usage Rate(%)            : 0
	Ctrlcpu Usage Rate(%)          : 7
	DDR Bandwidth Usage Rate(%)    : 0
	HBM Bandwidth Usage Rate(%)    : 54
	NPU Utilization(%)             : 93
	Aicube Usage Rate(%)           : 70
	Get pid name failed.
	Process id:1811027 Process name:                  Process memory(MB):16066
Error: cannot run top on container aceaef212ad03c546a6eb710fca4fd3c10f869d0c7973db9955d514211247daa as it did not create a cgroup: this container does not have a cgroup
timestamp_ns=1785751295570962593
	DDR Capacity(MB)               : 0
	DDR Usage Rate(%)              : 0
	DDR Hugepages Total(page)      : 0
	DDR Hugepages Usage Rate(%)    : 0
	HBM Capacity(MB)               : 65536
	HBM Usage Rate(%)              : 29
	Aicore Usage Rate(%)           : 76
	Aivector Usage Rate(%)         : 5
	Aicpu Usage Rate(%)            : 0
	Ctrlcpu Usage Rate(%)          : 4
	DDR Bandwidth Usage Rate(%)    : 0
	HBM Bandwidth Usage Rate(%)    : 53
	NPU Utilization(%)             : 96
	Aicube Usage Rate(%)           : 70
	Get pid name failed.
	Process id:1811027 Process name:                  Process memory(MB):16066
Error: cannot run top on container aceaef212ad03c546a6eb710fca4fd3c10f869d0c7973db9955d514211247daa as it did not create a cgroup: this container does not have a cgroup
timestamp_ns=1785751297741538430
	DDR Capacity(MB)               : 0
	DDR Usage Rate(%)              : 0
	DDR Hugepages Total(page)      : 0
	DDR Hugepages Usage Rate(%)    : 0
	HBM Capacity(MB)               : 65536
	HBM Usage Rate(%)              : 29
	Aicore Usage Rate(%)           : 81
	Aivector Usage Rate(%)         : 5
	Aicpu Usage Rate(%)            : 0
	Ctrlcpu Usage Rate(%)          : 1
	DDR Bandwidth Usage Rate(%)    : 0
	HBM Bandwidth Usage Rate(%)    : 52
	NPU Utilization(%)             : 86
	Aicube Usage Rate(%)           : 74
	Get pid name failed.
	Process id:1811027 Process name:                  Process memory(MB):16066
Error: cannot run top on container aceaef212ad03c546a6eb710fca4fd3c10f869d0c7973db9955d514211247daa as it did not create a cgroup: this container does not have a cgroup
timestamp_ns=1785751299975477351
	DDR Capacity(MB)               : 0
	DDR Usage Rate(%)              : 0
	DDR Hugepages Total(page)      : 0
	DDR Hugepages Usage Rate(%)    : 0
	HBM Capacity(MB)               : 65536
	HBM Usage Rate(%)              : 29
	Aicore Usage Rate(%)           : 80
	Aivector Usage Rate(%)         : 5
	Aicpu Usage Rate(%)            : 0
	Ctrlcpu Usage Rate(%)          : 2
	DDR Bandwidth Usage Rate(%)    : 0
	HBM Bandwidth Usage Rate(%)    : 52
	NPU Utilization(%)             : 89
	Aicube Usage Rate(%)           : 73
	Get pid name failed.
	Process id:1811027 Process name:                  Process memory(MB):16066
Error: cannot run top on container aceaef212ad03c546a6eb710fca4fd3c10f869d0c7973db9955d514211247daa as it did not create a cgroup: this container does not have a cgroup
timestamp_ns=1785751302201407665
	DDR Capacity(MB)               : 0
	DDR Usage Rate(%)              : 0
	DDR Hugepages Total(page)      : 0
	DDR Hugepages Usage Rate(%)    : 0
	HBM Capacity(MB)               : 65536
	HBM Usage Rate(%)              : 29
	Aicore Usage Rate(%)           : 77
	Aivector Usage Rate(%)         : 4
	Aicpu Usage Rate(%)            : 0
	Ctrlcpu Usage Rate(%)          : 5
	DDR Bandwidth Usage Rate(%)    : 0
	HBM Bandwidth Usage Rate(%)    : 53
	NPU Utilization(%)             : 93
	Aicube Usage Rate(%)           : 71
	Get pid name failed.
	Process id:1811027 Process name:                  Process memory(MB):16066
Error: cannot run top on container aceaef212ad03c546a6eb710fca4fd3c10f869d0c7973db9955d514211247daa as it did not create a cgroup: this container does not have a cgroup
timestamp_ns=1785751304361202689
	DDR Capacity(MB)               : 0
	DDR Usage Rate(%)              : 0
	DDR Hugepages Total(page)      : 0
	DDR Hugepages Usage Rate(%)    : 0
	HBM Capacity(MB)               : 65536
	HBM Usage Rate(%)              : 29
	Aicore Usage Rate(%)           : 78
	Aivector Usage Rate(%)         : 5
	Aicpu Usage Rate(%)            : 0
	Ctrlcpu Usage Rate(%)          : 3
	DDR Bandwidth Usage Rate(%)    : 0
	HBM Bandwidth Usage Rate(%)    : 53
	NPU Utilization(%)             : 89
	Aicube Usage Rate(%)           : 70
	Get pid name failed.
	Process id:1811027 Process name:                  Process memory(MB):16066
Error: cannot run top on container aceaef212ad03c546a6eb710fca4fd3c10f869d0c7973db9955d514211247daa as it did not create a cgroup: this container does not have a cgroup
timestamp_ns=1785751306508800467
	DDR Capacity(MB)               : 0
	DDR Usage Rate(%)              : 0
	DDR Hugepages Total(page)      : 0
	DDR Hugepages Usage Rate(%)    : 0
	HBM Capacity(MB)               : 65536
	HBM Usage Rate(%)              : 29
	Aicore Usage Rate(%)           : 81
	Aivector Usage Rate(%)         : 5
	Aicpu Usage Rate(%)            : 0
	Ctrlcpu Usage Rate(%)          : 4
	DDR Bandwidth Usage Rate(%)    : 0
	HBM Bandwidth Usage Rate(%)    : 53
	NPU Utilization(%)             : 86
	Aicube Usage Rate(%)           : 74
	Get pid name failed.
	Process id:1811027 Process name:                  Process memory(MB):16066
Error: cannot run top on container aceaef212ad03c546a6eb710fca4fd3c10f869d0c7973db9955d514211247daa as it did not create a cgroup: this container does not have a cgroup
timestamp_ns=1785751308665872959
	DDR Capacity(MB)               : 0
	DDR Usage Rate(%)              : 0
	DDR Hugepages Total(page)      : 0
	DDR Hugepages Usage Rate(%)    : 0
	HBM Capacity(MB)               : 65536
	HBM Usage Rate(%)              : 29
	Aicore Usage Rate(%)           : 78
	Aivector Usage Rate(%)         : 5
	Aicpu Usage Rate(%)            : 0
	Ctrlcpu Usage Rate(%)          : 2
	DDR Bandwidth Usage Rate(%)    : 0
	HBM Bandwidth Usage Rate(%)    : 52
	NPU Utilization(%)             : 86
	Aicube Usage Rate(%)           : 71
	Get pid name failed.
	Process id:1811027 Process name:                  Process memory(MB):16066
Error: cannot run top on container aceaef212ad03c546a6eb710fca4fd3c10f869d0c7973db9955d514211247daa as it did not create a cgroup: this container does not have a cgroup
timestamp_ns=1785751310836272939
	DDR Capacity(MB)               : 0
	DDR Usage Rate(%)              : 0
	DDR Hugepages Total(page)      : 0
	DDR Hugepages Usage Rate(%)    : 0
	HBM Capacity(MB)               : 65536
	HBM Usage Rate(%)              : 29
	Aicore Usage Rate(%)           : 81
	Aivector Usage Rate(%)         : 5
	Aicpu Usage Rate(%)            : 0
	Ctrlcpu Usage Rate(%)          : 8
	DDR Bandwidth Usage Rate(%)    : 0
	HBM Bandwidth Usage Rate(%)    : 54
	NPU Utilization(%)             : 100
	Aicube Usage Rate(%)           : 74
	Get pid name failed.
	Process id:1811027 Process name:                  Process memory(MB):16066
Error: cannot run top on container aceaef212ad03c546a6eb710fca4fd3c10f869d0c7973db9955d514211247daa as it did not create a cgroup: this container does not have a cgroup
timestamp_ns=1785751312996310410
	DDR Capacity(MB)               : 0
	DDR Usage Rate(%)              : 0
	DDR Hugepages Total(page)      : 0
	DDR Hugepages Usage Rate(%)    : 0
	HBM Capacity(MB)               : 65536
	HBM Usage Rate(%)              : 29
	Aicore Usage Rate(%)           : 81
	Aivector Usage Rate(%)         : 5
	Aicpu Usage Rate(%)            : 0
	Ctrlcpu Usage Rate(%)          : 4
	DDR Bandwidth Usage Rate(%)    : 0
	HBM Bandwidth Usage Rate(%)    : 53
	NPU Utilization(%)             : 89
	Aicube Usage Rate(%)           : 74
	Get pid name failed.
	Process id:1811027 Process name:                  Process memory(MB):16066
Error: cannot run top on container aceaef212ad03c546a6eb710fca4fd3c10f869d0c7973db9955d514211247daa as it did not create a cgroup: this container does not have a cgroup
timestamp_ns=1785751315327016790
	DDR Capacity(MB)               : 0
	DDR Usage Rate(%)              : 0
	DDR Hugepages Total(page)      : 0
	DDR Hugepages Usage Rate(%)    : 0
	HBM Capacity(MB)               : 65536
	HBM Usage Rate(%)              : 29
	Aicore Usage Rate(%)           : 81
	Aivector Usage Rate(%)         : 5
	Aicpu Usage Rate(%)            : 0
	Ctrlcpu Usage Rate(%)          : 0
	DDR Bandwidth Usage Rate(%)    : 0
	HBM Bandwidth Usage Rate(%)    : 37
	NPU Utilization(%)             : 93
	Aicube Usage Rate(%)           : 74
	Get pid name failed.
	Process id:1811027 Process name:                  Process memory(MB):16066
Error: cannot run top on container aceaef212ad03c546a6eb710fca4fd3c10f869d0c7973db9955d514211247daa as it did not create a cgroup: this container does not have a cgroup
timestamp_ns=1785751317479604409
	DDR Capacity(MB)               : 0
	DDR Usage Rate(%)              : 0
	DDR Hugepages Total(page)      : 0
	DDR Hugepages Usage Rate(%)    : 0
	HBM Capacity(MB)               : 65536
	HBM Usage Rate(%)              : 29
	Aicore Usage Rate(%)           : 77
	Aivector Usage Rate(%)         : 5
	Aicpu Usage Rate(%)            : 0
	Ctrlcpu Usage Rate(%)          : 4
	DDR Bandwidth Usage Rate(%)    : 0
	HBM Bandwidth Usage Rate(%)    : 53
	NPU Utilization(%)             : 89
	Aicube Usage Rate(%)           : 71
	Get pid name failed.
	Process id:1811027 Process name:                  Process memory(MB):16066
Error: cannot run top on container aceaef212ad03c546a6eb710fca4fd3c10f869d0c7973db9955d514211247daa as it did not create a cgroup: this container does not have a cgroup
timestamp_ns=1785751319643226799
	DDR Capacity(MB)               : 0
	DDR Usage Rate(%)              : 0
	DDR Hugepages Total(page)      : 0
	DDR Hugepages Usage Rate(%)    : 0
	HBM Capacity(MB)               : 65536
	HBM Usage Rate(%)              : 29
	Aicore Usage Rate(%)           : 77
	Aivector Usage Rate(%)         : 5
	Aicpu Usage Rate(%)            : 0
	Ctrlcpu Usage Rate(%)          : 2
	DDR Bandwidth Usage Rate(%)    : 0
	HBM Bandwidth Usage Rate(%)    : 29
	NPU Utilization(%)             : 86
	Aicube Usage Rate(%)           : 71
	Get pid name failed.
	Process id:1811027 Process name:                  Process memory(MB):16066
Error: cannot run top on container aceaef212ad03c546a6eb710fca4fd3c10f869d0c7973db9955d514211247daa as it did not create a cgroup: this container does not have a cgroup
timestamp_ns=1785751321821270455
	DDR Capacity(MB)               : 0
	DDR Usage Rate(%)              : 0
	DDR Hugepages Total(page)      : 0
	DDR Hugepages Usage Rate(%)    : 0
	HBM Capacity(MB)               : 65536
	HBM Usage Rate(%)              : 29
	Aicore Usage Rate(%)           : 80
	Aivector Usage Rate(%)         : 5
	Aicpu Usage Rate(%)            : 0
	Ctrlcpu Usage Rate(%)          : 8
	DDR Bandwidth Usage Rate(%)    : 0
	HBM Bandwidth Usage Rate(%)    : 53
	NPU Utilization(%)             : 100
	Aicube Usage Rate(%)           : 73
	Get pid name failed.
	Process id:1811027 Process name:                  Process memory(MB):16066
Error: cannot run top on container aceaef212ad03c546a6eb710fca4fd3c10f869d0c7973db9955d514211247daa as it did not create a cgroup: this container does not have a cgroup
timestamp_ns=1785751323964500700
	DDR Capacity(MB)               : 0
	DDR Usage Rate(%)              : 0
	DDR Hugepages Total(page)      : 0
	DDR Hugepages Usage Rate(%)    : 0
	HBM Capacity(MB)               : 65536
	HBM Usage Rate(%)              : 29
	Aicore Usage Rate(%)           : 79
	Aivector Usage Rate(%)         : 4
	Aicpu Usage Rate(%)            : 0
	Ctrlcpu Usage Rate(%)          : 5
	DDR Bandwidth Usage Rate(%)    : 0
	HBM Bandwidth Usage Rate(%)    : 53
	NPU Utilization(%)             : 100
	Aicube Usage Rate(%)           : 73
	Get pid name failed.
	Process id:1811027 Process name:                  Process memory(MB):16066
Error: cannot run top on container aceaef212ad03c546a6eb710fca4fd3c10f869d0c7973db9955d514211247daa as it did not create a cgroup: this container does not have a cgroup
timestamp_ns=1785751326113758403
	DDR Capacity(MB)               : 0
	DDR Usage Rate(%)              : 0
	DDR Hugepages Total(page)      : 0
	DDR Hugepages Usage Rate(%)    : 0
	HBM Capacity(MB)               : 65536
	HBM Usage Rate(%)              : 29
	Aicore Usage Rate(%)           : 80
	Aivector Usage Rate(%)         : 5
	Aicpu Usage Rate(%)            : 0
	Ctrlcpu Usage Rate(%)          : 1
	DDR Bandwidth Usage Rate(%)    : 0
	HBM Bandwidth Usage Rate(%)    : 54
	NPU Utilization(%)             : 96
	Aicube Usage Rate(%)           : 73
	Get pid name failed.
	Process id:1811027 Process name:                  Process memory(MB):16066
Error: cannot run top on container aceaef212ad03c546a6eb710fca4fd3c10f869d0c7973db9955d514211247daa as it did not create a cgroup: this container does not have a cgroup
timestamp_ns=1785751328269852104
	DDR Capacity(MB)               : 0
	DDR Usage Rate(%)              : 0
	DDR Hugepages Total(page)      : 0
	DDR Hugepages Usage Rate(%)    : 0
	HBM Capacity(MB)               : 65536
	HBM Usage Rate(%)              : 29
	Aicore Usage Rate(%)           : 79
	Aivector Usage Rate(%)         : 5
	Aicpu Usage Rate(%)            : 0
	Ctrlcpu Usage Rate(%)          : 2
	DDR Bandwidth Usage Rate(%)    : 0
	HBM Bandwidth Usage Rate(%)    : 54
	NPU Utilization(%)             : 89
	Aicube Usage Rate(%)           : 72
	Get pid name failed.
	Process id:1811027 Process name:                  Process memory(MB):16066
Error: cannot run top on container aceaef212ad03c546a6eb710fca4fd3c10f869d0c7973db9955d514211247daa as it did not create a cgroup: this container does not have a cgroup
timestamp_ns=1785751330460439973
	DDR Capacity(MB)               : 0
	DDR Usage Rate(%)              : 0
	DDR Hugepages Total(page)      : 0
	DDR Hugepages Usage Rate(%)    : 0
	HBM Capacity(MB)               : 65536
	HBM Usage Rate(%)              : 29
	Aicore Usage Rate(%)           : 78
	Aivector Usage Rate(%)         : 5
	Aicpu Usage Rate(%)            : 0
	Ctrlcpu Usage Rate(%)          : 1
	DDR Bandwidth Usage Rate(%)    : 0
	HBM Bandwidth Usage Rate(%)    : 54
	NPU Utilization(%)             : 96
	Aicube Usage Rate(%)           : 71
	Get pid name failed.
	Process id:1811027 Process name:                  Process memory(MB):16066
Error: cannot run top on container aceaef212ad03c546a6eb710fca4fd3c10f869d0c7973db9955d514211247daa as it did not create a cgroup: this container does not have a cgroup
timestamp_ns=1785751332643175898
	DDR Capacity(MB)               : 0
	DDR Usage Rate(%)              : 0
	DDR Hugepages Total(page)      : 0
	DDR Hugepages Usage Rate(%)    : 0
	HBM Capacity(MB)               : 65536
	HBM Usage Rate(%)              : 29
	Aicore Usage Rate(%)           : 81
	Aivector Usage Rate(%)         : 5
	Aicpu Usage Rate(%)            : 0
	Ctrlcpu Usage Rate(%)          : 4
	DDR Bandwidth Usage Rate(%)    : 0
	HBM Bandwidth Usage Rate(%)    : 53
	NPU Utilization(%)             : 100
	Aicube Usage Rate(%)           : 74
	Get pid name failed.
	Process id:1811027 Process name:                  Process memory(MB):16066
Error: cannot run top on container aceaef212ad03c546a6eb710fca4fd3c10f869d0c7973db9955d514211247daa as it did not create a cgroup: this container does not have a cgroup
timestamp_ns=1785751334802399795
	DDR Capacity(MB)               : 0
	DDR Usage Rate(%)              : 0
	DDR Hugepages Total(page)      : 0
	DDR Hugepages Usage Rate(%)    : 0
	HBM Capacity(MB)               : 65536
	HBM Usage Rate(%)              : 29
	Aicore Usage Rate(%)           : 81
	Aivector Usage Rate(%)         : 5
	Aicpu Usage Rate(%)            : 0
	Ctrlcpu Usage Rate(%)          : 1
	DDR Bandwidth Usage Rate(%)    : 0
	HBM Bandwidth Usage Rate(%)    : 53
	NPU Utilization(%)             : 86
	Aicube Usage Rate(%)           : 74
	Get pid name failed.
	Process id:1811027 Process name:                  Process memory(MB):16066
Error: cannot run top on container aceaef212ad03c546a6eb710fca4fd3c10f869d0c7973db9955d514211247daa as it did not create a cgroup: this container does not have a cgroup
timestamp_ns=1785751336964915424
	DDR Capacity(MB)               : 0
	DDR Usage Rate(%)              : 0
	DDR Hugepages Total(page)      : 0
	DDR Hugepages Usage Rate(%)    : 0
	HBM Capacity(MB)               : 65536
	HBM Usage Rate(%)              : 29
	Aicore Usage Rate(%)           : 79
	Aivector Usage Rate(%)         : 5
	Aicpu Usage Rate(%)            : 0
	Ctrlcpu Usage Rate(%)          : 3
	DDR Bandwidth Usage Rate(%)    : 0
	HBM Bandwidth Usage Rate(%)    : 53
	NPU Utilization(%)             : 96
	Aicube Usage Rate(%)           : 71
	Get pid name failed.
	Process id:1811027 Process name:                  Process memory(MB):16066
Error: cannot run top on container aceaef212ad03c546a6eb710fca4fd3c10f869d0c7973db9955d514211247daa as it did not create a cgroup: this container does not have a cgroup
timestamp_ns=1785751339124809888
	DDR Capacity(MB)               : 0
	DDR Usage Rate(%)              : 0
	DDR Hugepages Total(page)      : 0
	DDR Hugepages Usage Rate(%)    : 0
	HBM Capacity(MB)               : 65536
	HBM Usage Rate(%)              : 29
	Aicore Usage Rate(%)           : 80
	Aivector Usage Rate(%)         : 5
	Aicpu Usage Rate(%)            : 0
	Ctrlcpu Usage Rate(%)          : 5
	DDR Bandwidth Usage Rate(%)    : 0
	HBM Bandwidth Usage Rate(%)    : 53
	NPU Utilization(%)             : 86
	Aicube Usage Rate(%)           : 73
	Get pid name failed.
	Process id:1811027 Process name:                  Process memory(MB):16066
Error: cannot run top on container aceaef212ad03c546a6eb710fca4fd3c10f869d0c7973db9955d514211247daa as it did not create a cgroup: this container does not have a cgroup
timestamp_ns=1785751341278190363
	DDR Capacity(MB)               : 0
	DDR Usage Rate(%)              : 0
	DDR Hugepages Total(page)      : 0
	DDR Hugepages Usage Rate(%)    : 0
	HBM Capacity(MB)               : 65536
	HBM Usage Rate(%)              : 29
	Aicore Usage Rate(%)           : 81
	Aivector Usage Rate(%)         : 5
	Aicpu Usage Rate(%)            : 0
	Ctrlcpu Usage Rate(%)          : 2
	DDR Bandwidth Usage Rate(%)    : 0
	HBM Bandwidth Usage Rate(%)    : 44
	NPU Utilization(%)             : 86
	Aicube Usage Rate(%)           : 73
	Get pid name failed.
	Process id:1811027 Process name:                  Process memory(MB):16066
Error: cannot run top on container aceaef212ad03c546a6eb710fca4fd3c10f869d0c7973db9955d514211247daa as it did not create a cgroup: this container does not have a cgroup
timestamp_ns=1785751343432202225
	DDR Capacity(MB)               : 0
	DDR Usage Rate(%)              : 0
	DDR Hugepages Total(page)      : 0
	DDR Hugepages Usage Rate(%)    : 0
	HBM Capacity(MB)               : 65536
	HBM Usage Rate(%)              : 29
	Aicore Usage Rate(%)           : 77
	Aivector Usage Rate(%)         : 5
	Aicpu Usage Rate(%)            : 0
	Ctrlcpu Usage Rate(%)          : 5
	DDR Bandwidth Usage Rate(%)    : 0
	HBM Bandwidth Usage Rate(%)    : 53
	NPU Utilization(%)             : 86
	Aicube Usage Rate(%)           : 71
	Get pid name failed.
	Process id:1811027 Process name:                  Process memory(MB):16066
Error: cannot run top on container aceaef212ad03c546a6eb710fca4fd3c10f869d0c7973db9955d514211247daa as it did not create a cgroup: this container does not have a cgroup
timestamp_ns=1785751345599976305
	DDR Capacity(MB)               : 0
	DDR Usage Rate(%)              : 0
	DDR Hugepages Total(page)      : 0
	DDR Hugepages Usage Rate(%)    : 0
	HBM Capacity(MB)               : 65536
	HBM Usage Rate(%)              : 29
	Aicore Usage Rate(%)           : 80
	Aivector Usage Rate(%)         : 5
	Aicpu Usage Rate(%)            : 0
	Ctrlcpu Usage Rate(%)          : 4
	DDR Bandwidth Usage Rate(%)    : 0
	HBM Bandwidth Usage Rate(%)    : 14
	NPU Utilization(%)             : 93
	Aicube Usage Rate(%)           : 73
	Get pid name failed.
	Process id:1811027 Process name:                  Process memory(MB):16066
Error: cannot run top on container aceaef212ad03c546a6eb710fca4fd3c10f869d0c7973db9955d514211247daa as it did not create a cgroup: this container does not have a cgroup
timestamp_ns=1785751347778248762
	DDR Capacity(MB)               : 0
	DDR Usage Rate(%)              : 0
	DDR Hugepages Total(page)      : 0
	DDR Hugepages Usage Rate(%)    : 0
	HBM Capacity(MB)               : 65536
	HBM Usage Rate(%)              : 29
	Aicore Usage Rate(%)           : 81
	Aivector Usage Rate(%)         : 5
	Aicpu Usage Rate(%)            : 0
	Ctrlcpu Usage Rate(%)          : 2
	DDR Bandwidth Usage Rate(%)    : 0
	HBM Bandwidth Usage Rate(%)    : 53
	NPU Utilization(%)             : 86
	Aicube Usage Rate(%)           : 73
	Get pid name failed.
	Process id:1811027 Process name:                  Process memory(MB):16066
Error: cannot run top on container aceaef212ad03c546a6eb710fca4fd3c10f869d0c7973db9955d514211247daa as it did not create a cgroup: this container does not have a cgroup
timestamp_ns=1785751349961838930
	DDR Capacity(MB)               : 0
	DDR Usage Rate(%)              : 0
	DDR Hugepages Total(page)      : 0
	DDR Hugepages Usage Rate(%)    : 0
	HBM Capacity(MB)               : 65536
	HBM Usage Rate(%)              : 29
	Aicore Usage Rate(%)           : 77
	Aivector Usage Rate(%)         : 4
	Aicpu Usage Rate(%)            : 0
	Ctrlcpu Usage Rate(%)          : 3
	DDR Bandwidth Usage Rate(%)    : 0
	HBM Bandwidth Usage Rate(%)    : 53
	NPU Utilization(%)             : 86
	Aicube Usage Rate(%)           : 70
	Get pid name failed.
	Process id:1811027 Process name:                  Process memory(MB):16066
Error: cannot run top on container aceaef212ad03c546a6eb710fca4fd3c10f869d0c7973db9955d514211247daa as it did not create a cgroup: this container does not have a cgroup
timestamp_ns=1785751352154328444
	DDR Capacity(MB)               : 0
	DDR Usage Rate(%)              : 0
	DDR Hugepages Total(page)      : 0
	DDR Hugepages Usage Rate(%)    : 0
	HBM Capacity(MB)               : 65536
	HBM Usage Rate(%)              : 29
	Aicore Usage Rate(%)           : 79
	Aivector Usage Rate(%)         : 5
	Aicpu Usage Rate(%)            : 0
	Ctrlcpu Usage Rate(%)          : 1
	DDR Bandwidth Usage Rate(%)    : 0
	HBM Bandwidth Usage Rate(%)    : 53
	NPU Utilization(%)             : 96
	Aicube Usage Rate(%)           : 71
	Get pid name failed.
	Process id:1811027 Process name:                  Process memory(MB):16066
Error: cannot run top on container aceaef212ad03c546a6eb710fca4fd3c10f869d0c7973db9955d514211247daa as it did not create a cgroup: this container does not have a cgroup
timestamp_ns=1785751354340094895
	DDR Capacity(MB)               : 0
	DDR Usage Rate(%)              : 0
	DDR Hugepages Total(page)      : 0
	DDR Hugepages Usage Rate(%)    : 0
	HBM Capacity(MB)               : 65536
	HBM Usage Rate(%)              : 29
	Aicore Usage Rate(%)           : 77
	Aivector Usage Rate(%)         : 5
	Aicpu Usage Rate(%)            : 0
	Ctrlcpu Usage Rate(%)          : 4
	DDR Bandwidth Usage Rate(%)    : 0
	HBM Bandwidth Usage Rate(%)    : 54
	NPU Utilization(%)             : 82
	Aicube Usage Rate(%)           : 71
	Get pid name failed.
	Process id:1811027 Process name:                  Process memory(MB):16066
Error: cannot run top on container aceaef212ad03c546a6eb710fca4fd3c10f869d0c7973db9955d514211247daa as it did not create a cgroup: this container does not have a cgroup
timestamp_ns=1785751356541855456
	DDR Capacity(MB)               : 0
	DDR Usage Rate(%)              : 0
	DDR Hugepages Total(page)      : 0
	DDR Hugepages Usage Rate(%)    : 0
	HBM Capacity(MB)               : 65536
	HBM Usage Rate(%)              : 29
	Aicore Usage Rate(%)           : 81
	Aivector Usage Rate(%)         : 5
	Aicpu Usage Rate(%)            : 0
	Ctrlcpu Usage Rate(%)          : 1
	DDR Bandwidth Usage Rate(%)    : 0
	HBM Bandwidth Usage Rate(%)    : 53
	NPU Utilization(%)             : 89
	Aicube Usage Rate(%)           : 73
	Get pid name failed.
	Process id:1811027 Process name:                  Process memory(MB):16066
Error: cannot run top on container aceaef212ad03c546a6eb710fca4fd3c10f869d0c7973db9955d514211247daa as it did not create a cgroup: this container does not have a cgroup
timestamp_ns=1785751358702681954
	DDR Capacity(MB)               : 0
	DDR Usage Rate(%)              : 0
	DDR Hugepages Total(page)      : 0
	DDR Hugepages Usage Rate(%)    : 0
	HBM Capacity(MB)               : 65536
	HBM Usage Rate(%)              : 29
	Aicore Usage Rate(%)           : 80
	Aivector Usage Rate(%)         : 5
	Aicpu Usage Rate(%)            : 0
	Ctrlcpu Usage Rate(%)          : 3
	DDR Bandwidth Usage Rate(%)    : 0
	HBM Bandwidth Usage Rate(%)    : 53
	NPU Utilization(%)             : 86
	Aicube Usage Rate(%)           : 73
	Get pid name failed.
	Process id:1811027 Process name:                  Process memory(MB):16066
Error: cannot run top on container aceaef212ad03c546a6eb710fca4fd3c10f869d0c7973db9955d514211247daa as it did not create a cgroup: this container does not have a cgroup
timestamp_ns=1785751360902423039
	DDR Capacity(MB)               : 0
	DDR Usage Rate(%)              : 0
	DDR Hugepages Total(page)      : 0
	DDR Hugepages Usage Rate(%)    : 0
	HBM Capacity(MB)               : 65536
	HBM Usage Rate(%)              : 29
	Aicore Usage Rate(%)           : 81
	Aivector Usage Rate(%)         : 5
	Aicpu Usage Rate(%)            : 0
	Ctrlcpu Usage Rate(%)          : 1
	DDR Bandwidth Usage Rate(%)    : 0
	HBM Bandwidth Usage Rate(%)    : 53
	NPU Utilization(%)             : 93
	Aicube Usage Rate(%)           : 73
	Get pid name failed.
	Process id:1811027 Process name:                  Process memory(MB):16066
Error: cannot run top on container aceaef212ad03c546a6eb710fca4fd3c10f869d0c7973db9955d514211247daa as it did not create a cgroup: this container does not have a cgroup
timestamp_ns=1785751363184557411
	DDR Capacity(MB)               : 0
	DDR Usage Rate(%)              : 0
	DDR Hugepages Total(page)      : 0
	DDR Hugepages Usage Rate(%)    : 0
	HBM Capacity(MB)               : 65536
	HBM Usage Rate(%)              : 29
	Aicore Usage Rate(%)           : 80
	Aivector Usage Rate(%)         : 5
	Aicpu Usage Rate(%)            : 0
	Ctrlcpu Usage Rate(%)          : 7
	DDR Bandwidth Usage Rate(%)    : 0
	HBM Bandwidth Usage Rate(%)    : 53
	NPU Utilization(%)             : 86
	Aicube Usage Rate(%)           : 73
	Get pid name failed.
	Process id:1811027 Process name:                  Process memory(MB):16066
Error: cannot run top on container aceaef212ad03c546a6eb710fca4fd3c10f869d0c7973db9955d514211247daa as it did not create a cgroup: this container does not have a cgroup
timestamp_ns=1785751365358227504
	DDR Capacity(MB)               : 0
	DDR Usage Rate(%)              : 0
	DDR Hugepages Total(page)      : 0
	DDR Hugepages Usage Rate(%)    : 0
	HBM Capacity(MB)               : 65536
	HBM Usage Rate(%)              : 29
	Aicore Usage Rate(%)           : 82
	Aivector Usage Rate(%)         : 5
	Aicpu Usage Rate(%)            : 0
	Ctrlcpu Usage Rate(%)          : 4
	DDR Bandwidth Usage Rate(%)    : 0
	HBM Bandwidth Usage Rate(%)    : 54
	NPU Utilization(%)             : 93
	Aicube Usage Rate(%)           : 74
	Get pid name failed.
	Process id:1811027 Process name:                  Process memory(MB):16066
Error: cannot run top on container aceaef212ad03c546a6eb710fca4fd3c10f869d0c7973db9955d514211247daa as it did not create a cgroup: this container does not have a cgroup
timestamp_ns=1785751367559253532
	DDR Capacity(MB)               : 0
	DDR Usage Rate(%)              : 0
	DDR Hugepages Total(page)      : 0
	DDR Hugepages Usage Rate(%)    : 0
	HBM Capacity(MB)               : 65536
	HBM Usage Rate(%)              : 29
	Aicore Usage Rate(%)           : 76
	Aivector Usage Rate(%)         : 4
	Aicpu Usage Rate(%)            : 0
	Ctrlcpu Usage Rate(%)          : 5
	DDR Bandwidth Usage Rate(%)    : 0
	HBM Bandwidth Usage Rate(%)    : 54
	NPU Utilization(%)             : 82
	Aicube Usage Rate(%)           : 70
	Get pid name failed.
	Process id:1811027 Process name:                  Process memory(MB):16066
Error: cannot run top on container aceaef212ad03c546a6eb710fca4fd3c10f869d0c7973db9955d514211247daa as it did not create a cgroup: this container does not have a cgroup
timestamp_ns=1785751369830790417
	DDR Capacity(MB)               : 0
	DDR Usage Rate(%)              : 0
	DDR Hugepages Total(page)      : 0
	DDR Hugepages Usage Rate(%)    : 0
	HBM Capacity(MB)               : 65536
	HBM Usage Rate(%)              : 29
	Aicore Usage Rate(%)           : 100
	Aivector Usage Rate(%)         : 16
	Aicpu Usage Rate(%)            : 0
	Ctrlcpu Usage Rate(%)          : 1
	DDR Bandwidth Usage Rate(%)    : 0
	HBM Bandwidth Usage Rate(%)    : 53
	NPU Utilization(%)             : 100
	Aicube Usage Rate(%)           : 85
	Get pid name failed.
	Process id:1811027 Process name:                  Process memory(MB):16066
Error: cannot run top on container aceaef212ad03c546a6eb710fca4fd3c10f869d0c7973db9955d514211247daa as it did not create a cgroup: this container does not have a cgroup
timestamp_ns=1785751372157094141
	DDR Capacity(MB)               : 0
	DDR Usage Rate(%)              : 0
	DDR Hugepages Total(page)      : 0
	DDR Hugepages Usage Rate(%)    : 0
	HBM Capacity(MB)               : 65536
	HBM Usage Rate(%)              : 29
	Aicore Usage Rate(%)           : 78
	Aivector Usage Rate(%)         : 5
	Aicpu Usage Rate(%)            : 0
	Ctrlcpu Usage Rate(%)          : 6
	DDR Bandwidth Usage Rate(%)    : 0
	HBM Bandwidth Usage Rate(%)    : 53
	NPU Utilization(%)             : 93
	Aicube Usage Rate(%)           : 71
	Get pid name failed.
	Process id:1811027 Process name:                  Process memory(MB):16066
Error: cannot run top on container aceaef212ad03c546a6eb710fca4fd3c10f869d0c7973db9955d514211247daa as it did not create a cgroup: this container does not have a cgroup
timestamp_ns=1785751374405844151
	DDR Capacity(MB)               : 0
	DDR Usage Rate(%)              : 0
	DDR Hugepages Total(page)      : 0
	DDR Hugepages Usage Rate(%)    : 0
	HBM Capacity(MB)               : 65536
	HBM Usage Rate(%)              : 29
	Aicore Usage Rate(%)           : 81
	Aivector Usage Rate(%)         : 5
	Aicpu Usage Rate(%)            : 0
	Ctrlcpu Usage Rate(%)          : 0
	DDR Bandwidth Usage Rate(%)    : 0
	HBM Bandwidth Usage Rate(%)    : 32
	NPU Utilization(%)             : 100
	Aicube Usage Rate(%)           : 73
	Get pid name failed.
	Process id:1811027 Process name:                  Process memory(MB):16066
Error: cannot run top on container aceaef212ad03c546a6eb710fca4fd3c10f869d0c7973db9955d514211247daa as it did not create a cgroup: this container does not have a cgroup
timestamp_ns=1785751376663222200
	DDR Capacity(MB)               : 0
	DDR Usage Rate(%)              : 0
	DDR Hugepages Total(page)      : 0
	DDR Hugepages Usage Rate(%)    : 0
	HBM Capacity(MB)               : 65536
	HBM Usage Rate(%)              : 29
	Aicore Usage Rate(%)           : 73
	Aivector Usage Rate(%)         : 4
	Aicpu Usage Rate(%)            : 0
	Ctrlcpu Usage Rate(%)          : 3
	DDR Bandwidth Usage Rate(%)    : 0
	HBM Bandwidth Usage Rate(%)    : 54
	NPU Utilization(%)             : 89
	Aicube Usage Rate(%)           : 67
	Get pid name failed.
	Process id:1811027 Process name:                  Process memory(MB):16066
Error: cannot run top on container aceaef212ad03c546a6eb710fca4fd3c10f869d0c7973db9955d514211247daa as it did not create a cgroup: this container does not have a cgroup
timestamp_ns=1785751378900340361
	DDR Capacity(MB)               : 0
	DDR Usage Rate(%)              : 0
	DDR Hugepages Total(page)      : 0
	DDR Hugepages Usage Rate(%)    : 0
	HBM Capacity(MB)               : 65536
	HBM Usage Rate(%)              : 29
	Aicore Usage Rate(%)           : 76
	Aivector Usage Rate(%)         : 5
	Aicpu Usage Rate(%)            : 0
	Ctrlcpu Usage Rate(%)          : 5
	DDR Bandwidth Usage Rate(%)    : 0
	HBM Bandwidth Usage Rate(%)    : 47
	NPU Utilization(%)             : 93
	Aicube Usage Rate(%)           : 70
	Get pid name failed.
	Process id:1811027 Process name:                  Process memory(MB):16066
Error: cannot run top on container aceaef212ad03c546a6eb710fca4fd3c10f869d0c7973db9955d514211247daa as it did not create a cgroup: this container does not have a cgroup
timestamp_ns=1785751381248423952
	DDR Capacity(MB)               : 0
	DDR Usage Rate(%)              : 0
	DDR Hugepages Total(page)      : 0
	DDR Hugepages Usage Rate(%)    : 0
	HBM Capacity(MB)               : 65536
	HBM Usage Rate(%)              : 29
	Aicore Usage Rate(%)           : 76
	Aivector Usage Rate(%)         : 4
	Aicpu Usage Rate(%)            : 0
	Ctrlcpu Usage Rate(%)          : 1
	DDR Bandwidth Usage Rate(%)    : 0
	HBM Bandwidth Usage Rate(%)    : 52
	NPU Utilization(%)             : 86
	Aicube Usage Rate(%)           : 70
	Get pid name failed.
	Process id:1811027 Process name:                  Process memory(MB):16066
Error: cannot run top on container aceaef212ad03c546a6eb710fca4fd3c10f869d0c7973db9955d514211247daa as it did not create a cgroup: this container does not have a cgroup
timestamp_ns=1785751383518043603
	DDR Capacity(MB)               : 0
	DDR Usage Rate(%)              : 0
	DDR Hugepages Total(page)      : 0
	DDR Hugepages Usage Rate(%)    : 0
	HBM Capacity(MB)               : 65536
	HBM Usage Rate(%)              : 29
	Aicore Usage Rate(%)           : 76
	Aivector Usage Rate(%)         : 5
	Aicpu Usage Rate(%)            : 0
	Ctrlcpu Usage Rate(%)          : 6
	DDR Bandwidth Usage Rate(%)    : 0
	HBM Bandwidth Usage Rate(%)    : 53
	NPU Utilization(%)             : 96
	Aicube Usage Rate(%)           : 70
	Get pid name failed.
	Process id:1811027 Process name:                  Process memory(MB):16066
Error: cannot run top on container aceaef212ad03c546a6eb710fca4fd3c10f869d0c7973db9955d514211247daa as it did not create a cgroup: this container does not have a cgroup
timestamp_ns=1785751385766192720
	DDR Capacity(MB)               : 0
	DDR Usage Rate(%)              : 0
	DDR Hugepages Total(page)      : 0
	DDR Hugepages Usage Rate(%)    : 0
	HBM Capacity(MB)               : 65536
	HBM Usage Rate(%)              : 29
	Aicore Usage Rate(%)           : 77
	Aivector Usage Rate(%)         : 5
	Aicpu Usage Rate(%)            : 0
	Ctrlcpu Usage Rate(%)          : 4
	DDR Bandwidth Usage Rate(%)    : 0
	HBM Bandwidth Usage Rate(%)    : 52
	NPU Utilization(%)             : 100
	Aicube Usage Rate(%)           : 71
	Get pid name failed.
	Process id:1811027 Process name:                  Process memory(MB):16066
Error: cannot run top on container aceaef212ad03c546a6eb710fca4fd3c10f869d0c7973db9955d514211247daa as it did not create a cgroup: this container does not have a cgroup
timestamp_ns=1785751387991294676
	DDR Capacity(MB)               : 0
	DDR Usage Rate(%)              : 0
	DDR Hugepages Total(page)      : 0
	DDR Hugepages Usage Rate(%)    : 0
	HBM Capacity(MB)               : 65536
	HBM Usage Rate(%)              : 29
	Aicore Usage Rate(%)           : 76
	Aivector Usage Rate(%)         : 4
	Aicpu Usage Rate(%)            : 0
	Ctrlcpu Usage Rate(%)          : 5
	DDR Bandwidth Usage Rate(%)    : 0
	HBM Bandwidth Usage Rate(%)    : 54
	NPU Utilization(%)             : 96
	Aicube Usage Rate(%)           : 70
	Get pid name failed.
	Process id:1811027 Process name:                  Process memory(MB):16066
Error: cannot run top on container aceaef212ad03c546a6eb710fca4fd3c10f869d0c7973db9955d514211247daa as it did not create a cgroup: this container does not have a cgroup
timestamp_ns=1785751390180860170
	DDR Capacity(MB)               : 0
	DDR Usage Rate(%)              : 0
	DDR Hugepages Total(page)      : 0
	DDR Hugepages Usage Rate(%)    : 0
	HBM Capacity(MB)               : 65536
	HBM Usage Rate(%)              : 29
	Aicore Usage Rate(%)           : 76
	Aivector Usage Rate(%)         : 5
	Aicpu Usage Rate(%)            : 0
	Ctrlcpu Usage Rate(%)          : 2
	DDR Bandwidth Usage Rate(%)    : 0
	HBM Bandwidth Usage Rate(%)    : 53
	NPU Utilization(%)             : 93
	Aicube Usage Rate(%)           : 70
	Get pid name failed.
	Process id:1811027 Process name:                  Process memory(MB):16066
Error: cannot run top on container aceaef212ad03c546a6eb710fca4fd3c10f869d0c7973db9955d514211247daa as it did not create a cgroup: this container does not have a cgroup
timestamp_ns=1785751392406728579
	DDR Capacity(MB)               : 0
	DDR Usage Rate(%)              : 0
	DDR Hugepages Total(page)      : 0
	DDR Hugepages Usage Rate(%)    : 0
	HBM Capacity(MB)               : 65536
	HBM Usage Rate(%)              : 29
	Aicore Usage Rate(%)           : 78
	Aivector Usage Rate(%)         : 5
	Aicpu Usage Rate(%)            : 0
	Ctrlcpu Usage Rate(%)          : 3
	DDR Bandwidth Usage Rate(%)    : 0
	HBM Bandwidth Usage Rate(%)    : 50
	NPU Utilization(%)             : 93
	Aicube Usage Rate(%)           : 72
	Get pid name failed.
	Process id:1811027 Process name:                  Process memory(MB):16066
Error: cannot run top on container aceaef212ad03c546a6eb710fca4fd3c10f869d0c7973db9955d514211247daa as it did not create a cgroup: this container does not have a cgroup
timestamp_ns=1785751394628667037
	DDR Capacity(MB)               : 0
	DDR Usage Rate(%)              : 0
	DDR Hugepages Total(page)      : 0
	DDR Hugepages Usage Rate(%)    : 0
	HBM Capacity(MB)               : 65536
	HBM Usage Rate(%)              : 29
	Aicore Usage Rate(%)           : 77
	Aivector Usage Rate(%)         : 5
	Aicpu Usage Rate(%)            : 0
	Ctrlcpu Usage Rate(%)          : 5
	DDR Bandwidth Usage Rate(%)    : 0
	HBM Bandwidth Usage Rate(%)    : 52
	NPU Utilization(%)             : 100
	Aicube Usage Rate(%)           : 71
	Get pid name failed.
	Process id:1811027 Process name:                  Process memory(MB):16066
Error: cannot run top on container aceaef212ad03c546a6eb710fca4fd3c10f869d0c7973db9955d514211247daa as it did not create a cgroup: this container does not have a cgroup
timestamp_ns=1785751396821075462
	DDR Capacity(MB)               : 0
	DDR Usage Rate(%)              : 0
	DDR Hugepages Total(page)      : 0
	DDR Hugepages Usage Rate(%)    : 0
	HBM Capacity(MB)               : 65536
	HBM Usage Rate(%)              : 29
	Aicore Usage Rate(%)           : 78
	Aivector Usage Rate(%)         : 5
	Aicpu Usage Rate(%)            : 0
	Ctrlcpu Usage Rate(%)          : 4
	DDR Bandwidth Usage Rate(%)    : 0
	HBM Bandwidth Usage Rate(%)    : 52
	NPU Utilization(%)             : 100
	Aicube Usage Rate(%)           : 72
	Get pid name failed.
	Process id:1811027 Process name:                  Process memory(MB):16066
Error: cannot run top on container aceaef212ad03c546a6eb710fca4fd3c10f869d0c7973db9955d514211247daa as it did not create a cgroup: this container does not have a cgroup
timestamp_ns=1785751399001939107
	DDR Capacity(MB)               : 0
	DDR Usage Rate(%)              : 0
	DDR Hugepages Total(page)      : 0
	DDR Hugepages Usage Rate(%)    : 0
	HBM Capacity(MB)               : 65536
	HBM Usage Rate(%)              : 29
	Aicore Usage Rate(%)           : 78
	Aivector Usage Rate(%)         : 4
	Aicpu Usage Rate(%)            : 0
	Ctrlcpu Usage Rate(%)          : 1
	DDR Bandwidth Usage Rate(%)    : 0
	HBM Bandwidth Usage Rate(%)    : 49
	NPU Utilization(%)             : 82
	Aicube Usage Rate(%)           : 71
	Get pid name failed.
	Process id:1811027 Process name:                  Process memory(MB):16066
Error: cannot run top on container aceaef212ad03c546a6eb710fca4fd3c10f869d0c7973db9955d514211247daa as it did not create a cgroup: this container does not have a cgroup
timestamp_ns=1785751401243558125
	DDR Capacity(MB)               : 0
	DDR Usage Rate(%)              : 0
	DDR Hugepages Total(page)      : 0
	DDR Hugepages Usage Rate(%)    : 0
	HBM Capacity(MB)               : 65536
	HBM Usage Rate(%)              : 29
	Aicore Usage Rate(%)           : 76
	Aivector Usage Rate(%)         : 5
	Aicpu Usage Rate(%)            : 0
	Ctrlcpu Usage Rate(%)          : 4
	DDR Bandwidth Usage Rate(%)    : 0
	HBM Bandwidth Usage Rate(%)    : 14
	NPU Utilization(%)             : 100
	Aicube Usage Rate(%)           : 70
	Get pid name failed.
	Process id:1811027 Process name:                  Process memory(MB):16066
Error: cannot run top on container aceaef212ad03c546a6eb710fca4fd3c10f869d0c7973db9955d514211247daa as it did not create a cgroup: this container does not have a cgroup
timestamp_ns=1785751403430881203
	DDR Capacity(MB)               : 0
	DDR Usage Rate(%)              : 0
	DDR Hugepages Total(page)      : 0
	DDR Hugepages Usage Rate(%)    : 0
	HBM Capacity(MB)               : 65536
	HBM Usage Rate(%)              : 29
	Aicore Usage Rate(%)           : 77
	Aivector Usage Rate(%)         : 5
	Aicpu Usage Rate(%)            : 0
	Ctrlcpu Usage Rate(%)          : 4
	DDR Bandwidth Usage Rate(%)    : 0
	HBM Bandwidth Usage Rate(%)    : 53
	NPU Utilization(%)             : 86
	Aicube Usage Rate(%)           : 70
	Get pid name failed.
	Process id:1811027 Process name:                  Process memory(MB):16066
Error: cannot run top on container aceaef212ad03c546a6eb710fca4fd3c10f869d0c7973db9955d514211247daa as it did not create a cgroup: this container does not have a cgroup
timestamp_ns=1785751405605920453
	DDR Capacity(MB)               : 0
	DDR Usage Rate(%)              : 0
	DDR Hugepages Total(page)      : 0
	DDR Hugepages Usage Rate(%)    : 0
	HBM Capacity(MB)               : 65536
	HBM Usage Rate(%)              : 29
	Aicore Usage Rate(%)           : 79
	Aivector Usage Rate(%)         : 5
	Aicpu Usage Rate(%)            : 0
	Ctrlcpu Usage Rate(%)          : 1
	DDR Bandwidth Usage Rate(%)    : 0
	HBM Bandwidth Usage Rate(%)    : 53
	NPU Utilization(%)             : 96
	Aicube Usage Rate(%)           : 72
	Get pid name failed.
	Process id:1811027 Process name:                  Process memory(MB):16066
Error: cannot run top on container aceaef212ad03c546a6eb710fca4fd3c10f869d0c7973db9955d514211247daa as it did not create a cgroup: this container does not have a cgroup
timestamp_ns=1785751407749966132
	DDR Capacity(MB)               : 0
	DDR Usage Rate(%)              : 0
	DDR Hugepages Total(page)      : 0
	DDR Hugepages Usage Rate(%)    : 0
	HBM Capacity(MB)               : 65536
	HBM Usage Rate(%)              : 29
	Aicore Usage Rate(%)           : 74
	Aivector Usage Rate(%)         : 4
	Aicpu Usage Rate(%)            : 0
	Ctrlcpu Usage Rate(%)          : 8
	DDR Bandwidth Usage Rate(%)    : 0
	HBM Bandwidth Usage Rate(%)    : 53
	NPU Utilization(%)             : 89
	Aicube Usage Rate(%)           : 68
	Get pid name failed.
	Process id:1811027 Process name:                  Process memory(MB):16066
Error: cannot run top on container aceaef212ad03c546a6eb710fca4fd3c10f869d0c7973db9955d514211247daa as it did not create a cgroup: this container does not have a cgroup
timestamp_ns=1785751409889397709
	DDR Capacity(MB)               : 0
	DDR Usage Rate(%)              : 0
	DDR Hugepages Total(page)      : 0
	DDR Hugepages Usage Rate(%)    : 0
	HBM Capacity(MB)               : 65536
	HBM Usage Rate(%)              : 29
	Aicore Usage Rate(%)           : 77
	Aivector Usage Rate(%)         : 5
	Aicpu Usage Rate(%)            : 0
	Ctrlcpu Usage Rate(%)          : 3
	DDR Bandwidth Usage Rate(%)    : 0
	HBM Bandwidth Usage Rate(%)    : 54
	NPU Utilization(%)             : 89
	Aicube Usage Rate(%)           : 71
	Get pid name failed.
	Process id:1811027 Process name:                  Process memory(MB):16066
Error: cannot run top on container aceaef212ad03c546a6eb710fca4fd3c10f869d0c7973db9955d514211247daa as it did not create a cgroup: this container does not have a cgroup
timestamp_ns=1785751412066642092
	DDR Capacity(MB)               : 0
	DDR Usage Rate(%)              : 0
	DDR Hugepages Total(page)      : 0
	DDR Hugepages Usage Rate(%)    : 0
	HBM Capacity(MB)               : 65536
	HBM Usage Rate(%)              : 29
	Aicore Usage Rate(%)           : 78
	Aivector Usage Rate(%)         : 5
	Aicpu Usage Rate(%)            : 0
	Ctrlcpu Usage Rate(%)          : 1
	DDR Bandwidth Usage Rate(%)    : 0
	HBM Bandwidth Usage Rate(%)    : 51
	NPU Utilization(%)             : 96
	Aicube Usage Rate(%)           : 71
	Get pid name failed.
	Process id:1811027 Process name:                  Process memory(MB):16066
Error: cannot run top on container aceaef212ad03c546a6eb710fca4fd3c10f869d0c7973db9955d514211247daa as it did not create a cgroup: this container does not have a cgroup
timestamp_ns=1785751414213817437
	DDR Capacity(MB)               : 0
	DDR Usage Rate(%)              : 0
	DDR Hugepages Total(page)      : 0
	DDR Hugepages Usage Rate(%)    : 0
	HBM Capacity(MB)               : 65536
	HBM Usage Rate(%)              : 29
	Aicore Usage Rate(%)           : 81
	Aivector Usage Rate(%)         : 5
	Aicpu Usage Rate(%)            : 0
	Ctrlcpu Usage Rate(%)          : 1
	DDR Bandwidth Usage Rate(%)    : 0
	HBM Bandwidth Usage Rate(%)    : 54
	NPU Utilization(%)             : 100
	Aicube Usage Rate(%)           : 73
	Get pid name failed.
	Process id:1811027 Process name:                  Process memory(MB):16066
Error: cannot run top on container aceaef212ad03c546a6eb710fca4fd3c10f869d0c7973db9955d514211247daa as it did not create a cgroup: this container does not have a cgroup
timestamp_ns=1785751416359215699
	DDR Capacity(MB)               : 0
	DDR Usage Rate(%)              : 0
	DDR Hugepages Total(page)      : 0
	DDR Hugepages Usage Rate(%)    : 0
	HBM Capacity(MB)               : 65536
	HBM Usage Rate(%)              : 29
	Aicore Usage Rate(%)           : 78
	Aivector Usage Rate(%)         : 5
	Aicpu Usage Rate(%)            : 0
	Ctrlcpu Usage Rate(%)          : 3
	DDR Bandwidth Usage Rate(%)    : 0
	HBM Bandwidth Usage Rate(%)    : 53
	NPU Utilization(%)             : 100
	Aicube Usage Rate(%)           : 71
	Get pid name failed.
	Process id:1811027 Process name:                  Process memory(MB):16066
Error: cannot run top on container aceaef212ad03c546a6eb710fca4fd3c10f869d0c7973db9955d514211247daa as it did not create a cgroup: this container does not have a cgroup
timestamp_ns=1785751418498243747
	DDR Capacity(MB)               : 0
	DDR Usage Rate(%)              : 0
	DDR Hugepages Total(page)      : 0
	DDR Hugepages Usage Rate(%)    : 0
	HBM Capacity(MB)               : 65536
	HBM Usage Rate(%)              : 29
	Aicore Usage Rate(%)           : 77
	Aivector Usage Rate(%)         : 5
	Aicpu Usage Rate(%)            : 0
	Ctrlcpu Usage Rate(%)          : 0
	DDR Bandwidth Usage Rate(%)    : 0
	HBM Bandwidth Usage Rate(%)    : 54
	NPU Utilization(%)             : 86
	Aicube Usage Rate(%)           : 71
	Get pid name failed.
	Process id:1811027 Process name:                  Process memory(MB):16066
Error: cannot run top on container aceaef212ad03c546a6eb710fca4fd3c10f869d0c7973db9955d514211247daa as it did not create a cgroup: this container does not have a cgroup
timestamp_ns=1785751420645476109
	DDR Capacity(MB)               : 0
	DDR Usage Rate(%)              : 0
	DDR Hugepages Total(page)      : 0
	DDR Hugepages Usage Rate(%)    : 0
	HBM Capacity(MB)               : 65536
	HBM Usage Rate(%)              : 29
	Aicore Usage Rate(%)           : 75
	Aivector Usage Rate(%)         : 5
	Aicpu Usage Rate(%)            : 0
	Ctrlcpu Usage Rate(%)          : 3
	DDR Bandwidth Usage Rate(%)    : 0
	HBM Bandwidth Usage Rate(%)    : 53
	NPU Utilization(%)             : 86
	Aicube Usage Rate(%)           : 69
	Get pid name failed.
	Process id:1811027 Process name:                  Process memory(MB):16066
Error: cannot run top on container aceaef212ad03c546a6eb710fca4fd3c10f869d0c7973db9955d514211247daa as it did not create a cgroup: this container does not have a cgroup
timestamp_ns=1785751422822578756
	DDR Capacity(MB)               : 0
	DDR Usage Rate(%)              : 0
	DDR Hugepages Total(page)      : 0
	DDR Hugepages Usage Rate(%)    : 0
	HBM Capacity(MB)               : 65536
	HBM Usage Rate(%)              : 29
	Aicore Usage Rate(%)           : 79
	Aivector Usage Rate(%)         : 5
	Aicpu Usage Rate(%)            : 0
	Ctrlcpu Usage Rate(%)          : 1
	DDR Bandwidth Usage Rate(%)    : 0
	HBM Bandwidth Usage Rate(%)    : 44
	NPU Utilization(%)             : 96
	Aicube Usage Rate(%)           : 72
	Get pid name failed.
	Process id:1811027 Process name:                  Process memory(MB):16066
Error: cannot run top on container aceaef212ad03c546a6eb710fca4fd3c10f869d0c7973db9955d514211247daa as it did not create a cgroup: this container does not have a cgroup
timestamp_ns=1785751424999952278
	DDR Capacity(MB)               : 0
	DDR Usage Rate(%)              : 0
	DDR Hugepages Total(page)      : 0
	DDR Hugepages Usage Rate(%)    : 0
	HBM Capacity(MB)               : 65536
	HBM Usage Rate(%)              : 29
	Aicore Usage Rate(%)           : 75
	Aivector Usage Rate(%)         : 5
	Aicpu Usage Rate(%)            : 0
	Ctrlcpu Usage Rate(%)          : 3
	DDR Bandwidth Usage Rate(%)    : 0
	HBM Bandwidth Usage Rate(%)    : 54
	NPU Utilization(%)             : 86
	Aicube Usage Rate(%)           : 69
	Get pid name failed.
	Process id:1811027 Process name:                  Process memory(MB):16066
Error: cannot run top on container aceaef212ad03c546a6eb710fca4fd3c10f869d0c7973db9955d514211247daa as it did not create a cgroup: this container does not have a cgroup
timestamp_ns=1785751427160075828
	DDR Capacity(MB)               : 0
	DDR Usage Rate(%)              : 0
	DDR Hugepages Total(page)      : 0
	DDR Hugepages Usage Rate(%)    : 0
	HBM Capacity(MB)               : 65536
	HBM Usage Rate(%)              : 29
	Aicore Usage Rate(%)           : 76
	Aivector Usage Rate(%)         : 4
	Aicpu Usage Rate(%)            : 0
	Ctrlcpu Usage Rate(%)          : 4
	DDR Bandwidth Usage Rate(%)    : 0
	HBM Bandwidth Usage Rate(%)    : 18
	NPU Utilization(%)             : 89
	Aicube Usage Rate(%)           : 70
	Get pid name failed.
	Process id:1811027 Process name:                  Process memory(MB):16066
Error: cannot run top on container aceaef212ad03c546a6eb710fca4fd3c10f869d0c7973db9955d514211247daa as it did not create a cgroup: this container does not have a cgroup
timestamp_ns=1785751429333694176
	DDR Capacity(MB)               : 0
	DDR Usage Rate(%)              : 0
	DDR Hugepages Total(page)      : 0
	DDR Hugepages Usage Rate(%)    : 0
	HBM Capacity(MB)               : 65536
	HBM Usage Rate(%)              : 29
	Aicore Usage Rate(%)           : 80
	Aivector Usage Rate(%)         : 5
	Aicpu Usage Rate(%)            : 0
	Ctrlcpu Usage Rate(%)          : 4
	DDR Bandwidth Usage Rate(%)    : 0
	HBM Bandwidth Usage Rate(%)    : 53
	NPU Utilization(%)             : 86
	Aicube Usage Rate(%)           : 73
	Get pid name failed.
	Process id:1811027 Process name:                  Process memory(MB):16066
Error: cannot run top on container aceaef212ad03c546a6eb710fca4fd3c10f869d0c7973db9955d514211247daa as it did not create a cgroup: this container does not have a cgroup
timestamp_ns=1785751431513034167
	DDR Capacity(MB)               : 0
	DDR Usage Rate(%)              : 0
	DDR Hugepages Total(page)      : 0
	DDR Hugepages Usage Rate(%)    : 0
	HBM Capacity(MB)               : 65536
	HBM Usage Rate(%)              : 29
	Aicore Usage Rate(%)           : 77
	Aivector Usage Rate(%)         : 5
	Aicpu Usage Rate(%)            : 0
	Ctrlcpu Usage Rate(%)          : 3
	DDR Bandwidth Usage Rate(%)    : 0
	HBM Bandwidth Usage Rate(%)    : 53
	NPU Utilization(%)             : 96
	Aicube Usage Rate(%)           : 71
	Get pid name failed.
	Process id:1811027 Process name:                  Process memory(MB):16066
Error: cannot run top on container aceaef212ad03c546a6eb710fca4fd3c10f869d0c7973db9955d514211247daa as it did not create a cgroup: this container does not have a cgroup
timestamp_ns=1785751433663701691
	DDR Capacity(MB)               : 0
	DDR Usage Rate(%)              : 0
	DDR Hugepages Total(page)      : 0
	DDR Hugepages Usage Rate(%)    : 0
	HBM Capacity(MB)               : 65536
	HBM Usage Rate(%)              : 29
	Aicore Usage Rate(%)           : 76
	Aivector Usage Rate(%)         : 5
	Aicpu Usage Rate(%)            : 0
	Ctrlcpu Usage Rate(%)          : 7
	DDR Bandwidth Usage Rate(%)    : 0
	HBM Bandwidth Usage Rate(%)    : 53
	NPU Utilization(%)             : 86
	Aicube Usage Rate(%)           : 70
	Get pid name failed.
	Process id:1811027 Process name:                  Process memory(MB):16066
Error: cannot run top on container aceaef212ad03c546a6eb710fca4fd3c10f869d0c7973db9955d514211247daa as it did not create a cgroup: this container does not have a cgroup
timestamp_ns=1785751435812230624
	DDR Capacity(MB)               : 0
	DDR Usage Rate(%)              : 0
	DDR Hugepages Total(page)      : 0
	DDR Hugepages Usage Rate(%)    : 0
	HBM Capacity(MB)               : 65536
	HBM Usage Rate(%)              : 29
	Aicore Usage Rate(%)           : 76
	Aivector Usage Rate(%)         : 5
	Aicpu Usage Rate(%)            : 0
	Ctrlcpu Usage Rate(%)          : 2
	DDR Bandwidth Usage Rate(%)    : 0
	HBM Bandwidth Usage Rate(%)    : 53
	NPU Utilization(%)             : 100
	Aicube Usage Rate(%)           : 70
	Get pid name failed.
	Process id:1811027 Process name:                  Process memory(MB):16066
Error: cannot run top on container aceaef212ad03c546a6eb710fca4fd3c10f869d0c7973db9955d514211247daa as it did not create a cgroup: this container does not have a cgroup
timestamp_ns=1785751437983979613
	DDR Capacity(MB)               : 0
	DDR Usage Rate(%)              : 0
	DDR Hugepages Total(page)      : 0
	DDR Hugepages Usage Rate(%)    : 0
	HBM Capacity(MB)               : 65536
	HBM Usage Rate(%)              : 29
	Aicore Usage Rate(%)           : 79
	Aivector Usage Rate(%)         : 5
	Aicpu Usage Rate(%)            : 0
	Ctrlcpu Usage Rate(%)          : 3
	DDR Bandwidth Usage Rate(%)    : 0
	HBM Bandwidth Usage Rate(%)    : 53
	NPU Utilization(%)             : 100
	Aicube Usage Rate(%)           : 72
	Get pid name failed.
	Process id:1811027 Process name:                  Process memory(MB):16066
Error: cannot run top on container aceaef212ad03c546a6eb710fca4fd3c10f869d0c7973db9955d514211247daa as it did not create a cgroup: this container does not have a cgroup
timestamp_ns=1785751440134284666
	DDR Capacity(MB)               : 0
	DDR Usage Rate(%)              : 0
	DDR Hugepages Total(page)      : 0
	DDR Hugepages Usage Rate(%)    : 0
	HBM Capacity(MB)               : 65536
	HBM Usage Rate(%)              : 29
	Aicore Usage Rate(%)           : 80
	Aivector Usage Rate(%)         : 5
	Aicpu Usage Rate(%)            : 0
	Ctrlcpu Usage Rate(%)          : 5
	DDR Bandwidth Usage Rate(%)    : 0
	HBM Bandwidth Usage Rate(%)    : 53
	NPU Utilization(%)             : 93
	Aicube Usage Rate(%)           : 73
	Get pid name failed.
	Process id:1811027 Process name:                  Process memory(MB):16066
Error: cannot run top on container aceaef212ad03c546a6eb710fca4fd3c10f869d0c7973db9955d514211247daa as it did not create a cgroup: this container does not have a cgroup
timestamp_ns=1785751442280534184
	DDR Capacity(MB)               : 0
	DDR Usage Rate(%)              : 0
	DDR Hugepages Total(page)      : 0
	DDR Hugepages Usage Rate(%)    : 0
	HBM Capacity(MB)               : 65536
	HBM Usage Rate(%)              : 29
	Aicore Usage Rate(%)           : 76
	Aivector Usage Rate(%)         : 4
	Aicpu Usage Rate(%)            : 0
	Ctrlcpu Usage Rate(%)          : 6
	DDR Bandwidth Usage Rate(%)    : 0
	HBM Bandwidth Usage Rate(%)    : 53
	NPU Utilization(%)             : 96
	Aicube Usage Rate(%)           : 70
	Get pid name failed.
	Process id:1811027 Process name:                  Process memory(MB):16066
Error: cannot run top on container aceaef212ad03c546a6eb710fca4fd3c10f869d0c7973db9955d514211247daa as it did not create a cgroup: this container does not have a cgroup
timestamp_ns=1785751444426246650
	DDR Capacity(MB)               : 0
	DDR Usage Rate(%)              : 0
	DDR Hugepages Total(page)      : 0
	DDR Hugepages Usage Rate(%)    : 0
	HBM Capacity(MB)               : 65536
	HBM Usage Rate(%)              : 29
	Aicore Usage Rate(%)           : 76
	Aivector Usage Rate(%)         : 4
	Aicpu Usage Rate(%)            : 0
	Ctrlcpu Usage Rate(%)          : 4
	DDR Bandwidth Usage Rate(%)    : 0
	HBM Bandwidth Usage Rate(%)    : 52
	NPU Utilization(%)             : 93
	Aicube Usage Rate(%)           : 70
	Get pid name failed.
	Process id:1811027 Process name:                  Process memory(MB):16066
Error: cannot run top on container aceaef212ad03c546a6eb710fca4fd3c10f869d0c7973db9955d514211247daa as it did not create a cgroup: this container does not have a cgroup
timestamp_ns=1785751446590074491
	DDR Capacity(MB)               : 0
	DDR Usage Rate(%)              : 0
	DDR Hugepages Total(page)      : 0
	DDR Hugepages Usage Rate(%)    : 0
	HBM Capacity(MB)               : 65536
	HBM Usage Rate(%)              : 29
	Aicore Usage Rate(%)           : 77
	Aivector Usage Rate(%)         : 5
	Aicpu Usage Rate(%)            : 0
	Ctrlcpu Usage Rate(%)          : 1
	DDR Bandwidth Usage Rate(%)    : 0
	HBM Bandwidth Usage Rate(%)    : 53
	NPU Utilization(%)             : 89
	Aicube Usage Rate(%)           : 71
	Get pid name failed.
	Process id:1811027 Process name:                  Process memory(MB):16066
Error: cannot run top on container aceaef212ad03c546a6eb710fca4fd3c10f869d0c7973db9955d514211247daa as it did not create a cgroup: this container does not have a cgroup
timestamp_ns=1785751448764088311
	DDR Capacity(MB)               : 0
	DDR Usage Rate(%)              : 0
	DDR Hugepages Total(page)      : 0
	DDR Hugepages Usage Rate(%)    : 0
	HBM Capacity(MB)               : 65536
	HBM Usage Rate(%)              : 29
	Aicore Usage Rate(%)           : 76
	Aivector Usage Rate(%)         : 5
	Aicpu Usage Rate(%)            : 0
	Ctrlcpu Usage Rate(%)          : 5
	DDR Bandwidth Usage Rate(%)    : 0
	HBM Bandwidth Usage Rate(%)    : 53
	NPU Utilization(%)             : 96
	Aicube Usage Rate(%)           : 70
	Get pid name failed.
	Process id:1811027 Process name:                  Process memory(MB):16066
Error: cannot run top on container aceaef212ad03c546a6eb710fca4fd3c10f869d0c7973db9955d514211247daa as it did not create a cgroup: this container does not have a cgroup
timestamp_ns=1785751450913922535
	DDR Capacity(MB)               : 0
	DDR Usage Rate(%)              : 0
	DDR Hugepages Total(page)      : 0
	DDR Hugepages Usage Rate(%)    : 0
	HBM Capacity(MB)               : 65536
	HBM Usage Rate(%)              : 29
	Aicore Usage Rate(%)           : 78
	Aivector Usage Rate(%)         : 5
	Aicpu Usage Rate(%)            : 0
	Ctrlcpu Usage Rate(%)          : 2
	DDR Bandwidth Usage Rate(%)    : 0
	HBM Bandwidth Usage Rate(%)    : 49
	NPU Utilization(%)             : 100
	Aicube Usage Rate(%)           : 71
	Get pid name failed.
	Process id:1811027 Process name:                  Process memory(MB):16066
Error: cannot run top on container aceaef212ad03c546a6eb710fca4fd3c10f869d0c7973db9955d514211247daa as it did not create a cgroup: this container does not have a cgroup
timestamp_ns=1785751453060396290
	DDR Capacity(MB)               : 0
	DDR Usage Rate(%)              : 0
	DDR Hugepages Total(page)      : 0
	DDR Hugepages Usage Rate(%)    : 0
	HBM Capacity(MB)               : 65536
	HBM Usage Rate(%)              : 29
	Aicore Usage Rate(%)           : 78
	Aivector Usage Rate(%)         : 5
	Aicpu Usage Rate(%)            : 0
	Ctrlcpu Usage Rate(%)          : 5
	DDR Bandwidth Usage Rate(%)    : 0
	HBM Bandwidth Usage Rate(%)    : 51
	NPU Utilization(%)             : 86
	Aicube Usage Rate(%)           : 71
	Get pid name failed.
	Process id:1811027 Process name:                  Process memory(MB):16066
Error: cannot run top on container aceaef212ad03c546a6eb710fca4fd3c10f869d0c7973db9955d514211247daa as it did not create a cgroup: this container does not have a cgroup
timestamp_ns=1785751455206873026
	DDR Capacity(MB)               : 0
	DDR Usage Rate(%)              : 0
	DDR Hugepages Total(page)      : 0
	DDR Hugepages Usage Rate(%)    : 0
	HBM Capacity(MB)               : 65536
	HBM Usage Rate(%)              : 29
	Aicore Usage Rate(%)           : 76
	Aivector Usage Rate(%)         : 4
	Aicpu Usage Rate(%)            : 0
	Ctrlcpu Usage Rate(%)          : 4
	DDR Bandwidth Usage Rate(%)    : 0
	HBM Bandwidth Usage Rate(%)    : 54
	NPU Utilization(%)             : 82
	Aicube Usage Rate(%)           : 70
	Get pid name failed.
	Process id:1811027 Process name:                  Process memory(MB):16066
Error: cannot run top on container aceaef212ad03c546a6eb710fca4fd3c10f869d0c7973db9955d514211247daa as it did not create a cgroup: this container does not have a cgroup
timestamp_ns=1785751457378237255
	DDR Capacity(MB)               : 0
	DDR Usage Rate(%)              : 0
	DDR Hugepages Total(page)      : 0
	DDR Hugepages Usage Rate(%)    : 0
	HBM Capacity(MB)               : 65536
	HBM Usage Rate(%)              : 29
	Aicore Usage Rate(%)           : 80
	Aivector Usage Rate(%)         : 5
	Aicpu Usage Rate(%)            : 0
	Ctrlcpu Usage Rate(%)          : 1
	DDR Bandwidth Usage Rate(%)    : 0
	HBM Bandwidth Usage Rate(%)    : 53
	NPU Utilization(%)             : 96
	Aicube Usage Rate(%)           : 73
	Get pid name failed.
	Process id:1811027 Process name:                  Process memory(MB):16066
Error: cannot run top on container aceaef212ad03c546a6eb710fca4fd3c10f869d0c7973db9955d514211247daa as it did not create a cgroup: this container does not have a cgroup
timestamp_ns=1785751459517212218
	DDR Capacity(MB)               : 0
	DDR Usage Rate(%)              : 0
	DDR Hugepages Total(page)      : 0
	DDR Hugepages Usage Rate(%)    : 0
	HBM Capacity(MB)               : 65536
	HBM Usage Rate(%)              : 29
	Aicore Usage Rate(%)           : 77
	Aivector Usage Rate(%)         : 5
	Aicpu Usage Rate(%)            : 0
	Ctrlcpu Usage Rate(%)          : 1
	DDR Bandwidth Usage Rate(%)    : 0
	HBM Bandwidth Usage Rate(%)    : 19
	NPU Utilization(%)             : 86
	Aicube Usage Rate(%)           : 71
	Get pid name failed.
	Process id:1811027 Process name:                  Process memory(MB):16066
Error: cannot run top on container aceaef212ad03c546a6eb710fca4fd3c10f869d0c7973db9955d514211247daa as it did not create a cgroup: this container does not have a cgroup
timestamp_ns=1785751461679021057
	DDR Capacity(MB)               : 0
	DDR Usage Rate(%)              : 0
	DDR Hugepages Total(page)      : 0
	DDR Hugepages Usage Rate(%)    : 0
	HBM Capacity(MB)               : 65536
	HBM Usage Rate(%)              : 29
	Aicore Usage Rate(%)           : 77
	Aivector Usage Rate(%)         : 5
	Aicpu Usage Rate(%)            : 0
	Ctrlcpu Usage Rate(%)          : 4
	DDR Bandwidth Usage Rate(%)    : 0
	HBM Bandwidth Usage Rate(%)    : 52
	NPU Utilization(%)             : 86
	Aicube Usage Rate(%)           : 70
	Get pid name failed.
	Process id:1811027 Process name:                  Process memory(MB):16066
Error: cannot run top on container aceaef212ad03c546a6eb710fca4fd3c10f869d0c7973db9955d514211247daa as it did not create a cgroup: this container does not have a cgroup
timestamp_ns=1785751463831150130
	DDR Capacity(MB)               : 0
	DDR Usage Rate(%)              : 0
	DDR Hugepages Total(page)      : 0
	DDR Hugepages Usage Rate(%)    : 0
	HBM Capacity(MB)               : 65536
	HBM Usage Rate(%)              : 29
	Aicore Usage Rate(%)           : 75
	Aivector Usage Rate(%)         : 5
	Aicpu Usage Rate(%)            : 0
	Ctrlcpu Usage Rate(%)          : 7
	DDR Bandwidth Usage Rate(%)    : 0
	HBM Bandwidth Usage Rate(%)    : 54
	NPU Utilization(%)             : 82
	Aicube Usage Rate(%)           : 69
	Get pid name failed.
	Process id:1811027 Process name:                  Process memory(MB):16066
Error: cannot run top on container aceaef212ad03c546a6eb710fca4fd3c10f869d0c7973db9955d514211247daa as it did not create a cgroup: this container does not have a cgroup
timestamp_ns=1785751465979937688
	DDR Capacity(MB)               : 0
	DDR Usage Rate(%)              : 0
	DDR Hugepages Total(page)      : 0
	DDR Hugepages Usage Rate(%)    : 0
	HBM Capacity(MB)               : 65536
	HBM Usage Rate(%)              : 29
	Aicore Usage Rate(%)           : 73
	Aivector Usage Rate(%)         : 4
	Aicpu Usage Rate(%)            : 0
	Ctrlcpu Usage Rate(%)          : 0
	DDR Bandwidth Usage Rate(%)    : 0
	HBM Bandwidth Usage Rate(%)    : 52
	NPU Utilization(%)             : 93
	Aicube Usage Rate(%)           : 65
	Get pid name failed.
	Process id:1811027 Process name:                  Process memory(MB):16066
Error: cannot run top on container aceaef212ad03c546a6eb710fca4fd3c10f869d0c7973db9955d514211247daa as it did not create a cgroup: this container does not have a cgroup
timestamp_ns=1785751468211146826
	DDR Capacity(MB)               : 0
	DDR Usage Rate(%)              : 0
	DDR Hugepages Total(page)      : 0
	DDR Hugepages Usage Rate(%)    : 0
	HBM Capacity(MB)               : 65536
	HBM Usage Rate(%)              : 29
	Aicore Usage Rate(%)           : 77
	Aivector Usage Rate(%)         : 5
	Aicpu Usage Rate(%)            : 0
	Ctrlcpu Usage Rate(%)          : 4
	DDR Bandwidth Usage Rate(%)    : 0
	HBM Bandwidth Usage Rate(%)    : 53
	NPU Utilization(%)             : 86
	Aicube Usage Rate(%)           : 71
	Get pid name failed.
	Process id:1811027 Process name:                  Process memory(MB):16066
Error: cannot run top on container aceaef212ad03c546a6eb710fca4fd3c10f869d0c7973db9955d514211247daa as it did not create a cgroup: this container does not have a cgroup
timestamp_ns=1785751470373932051
	DDR Capacity(MB)               : 0
	DDR Usage Rate(%)              : 0
	DDR Hugepages Total(page)      : 0
	DDR Hugepages Usage Rate(%)    : 0
	HBM Capacity(MB)               : 65536
	HBM Usage Rate(%)              : 29
	Aicore Usage Rate(%)           : 78
	Aivector Usage Rate(%)         : 5
	Aicpu Usage Rate(%)            : 0
	Ctrlcpu Usage Rate(%)          : 11
	DDR Bandwidth Usage Rate(%)    : 0
	HBM Bandwidth Usage Rate(%)    : 52
	NPU Utilization(%)             : 93
	Aicube Usage Rate(%)           : 71
	Get pid name failed.
	Process id:1811027 Process name:                  Process memory(MB):16066
Error: cannot run top on container aceaef212ad03c546a6eb710fca4fd3c10f869d0c7973db9955d514211247daa as it did not create a cgroup: this container does not have a cgroup
timestamp_ns=1785751472523762287
	DDR Capacity(MB)               : 0
	DDR Usage Rate(%)              : 0
	DDR Hugepages Total(page)      : 0
	DDR Hugepages Usage Rate(%)    : 0
	HBM Capacity(MB)               : 65536
	HBM Usage Rate(%)              : 29
	Aicore Usage Rate(%)           : 78
	Aivector Usage Rate(%)         : 5
	Aicpu Usage Rate(%)            : 0
	Ctrlcpu Usage Rate(%)          : 2
	DDR Bandwidth Usage Rate(%)    : 0
	HBM Bandwidth Usage Rate(%)    : 53
	NPU Utilization(%)             : 96
	Aicube Usage Rate(%)           : 71
	Get pid name failed.
	Process id:1811027 Process name:                  Process memory(MB):16066
Error: cannot run top on container aceaef212ad03c546a6eb710fca4fd3c10f869d0c7973db9955d514211247daa as it did not create a cgroup: this container does not have a cgroup
timestamp_ns=1785751474683295362
	DDR Capacity(MB)               : 0
	DDR Usage Rate(%)              : 0
	DDR Hugepages Total(page)      : 0
	DDR Hugepages Usage Rate(%)    : 0
	HBM Capacity(MB)               : 65536
	HBM Usage Rate(%)              : 29
	Aicore Usage Rate(%)           : 79
	Aivector Usage Rate(%)         : 5
	Aicpu Usage Rate(%)            : 0
	Ctrlcpu Usage Rate(%)          : 0
	DDR Bandwidth Usage Rate(%)    : 0
	HBM Bandwidth Usage Rate(%)    : 54
	NPU Utilization(%)             : 93
	Aicube Usage Rate(%)           : 72
	Get pid name failed.
	Process id:1811027 Process name:                  Process memory(MB):16066
Error: cannot run top on container aceaef212ad03c546a6eb710fca4fd3c10f869d0c7973db9955d514211247daa as it did not create a cgroup: this container does not have a cgroup
timestamp_ns=1785751476848403948
	DDR Capacity(MB)               : 0
	DDR Usage Rate(%)              : 0
	DDR Hugepages Total(page)      : 0
	DDR Hugepages Usage Rate(%)    : 0
	HBM Capacity(MB)               : 65536
	HBM Usage Rate(%)              : 29
	Aicore Usage Rate(%)           : 79
	Aivector Usage Rate(%)         : 5
	Aicpu Usage Rate(%)            : 0
	Ctrlcpu Usage Rate(%)          : 2
	DDR Bandwidth Usage Rate(%)    : 0
	HBM Bandwidth Usage Rate(%)    : 52
	NPU Utilization(%)             : 89
	Aicube Usage Rate(%)           : 72
	Get pid name failed.
	Process id:1811027 Process name:                  Process memory(MB):16066
Error: cannot run top on container aceaef212ad03c546a6eb710fca4fd3c10f869d0c7973db9955d514211247daa as it did not create a cgroup: this container does not have a cgroup
timestamp_ns=1785751479013991487
	DDR Capacity(MB)               : 0
	DDR Usage Rate(%)              : 0
	DDR Hugepages Total(page)      : 0
	DDR Hugepages Usage Rate(%)    : 0
	HBM Capacity(MB)               : 65536
	HBM Usage Rate(%)              : 29
	Aicore Usage Rate(%)           : 77
	Aivector Usage Rate(%)         : 5
	Aicpu Usage Rate(%)            : 0
	Ctrlcpu Usage Rate(%)          : 1
	DDR Bandwidth Usage Rate(%)    : 0
	HBM Bandwidth Usage Rate(%)    : 53
	NPU Utilization(%)             : 86
	Aicube Usage Rate(%)           : 71
	Get pid name failed.
	Process id:1811027 Process name:                  Process memory(MB):16066
Error: cannot run top on container aceaef212ad03c546a6eb710fca4fd3c10f869d0c7973db9955d514211247daa as it did not create a cgroup: this container does not have a cgroup
timestamp_ns=1785751481298427151
	DDR Capacity(MB)               : 0
	DDR Usage Rate(%)              : 0
	DDR Hugepages Total(page)      : 0
	DDR Hugepages Usage Rate(%)    : 0
	HBM Capacity(MB)               : 65536
	HBM Usage Rate(%)              : 29
	Aicore Usage Rate(%)           : 79
	Aivector Usage Rate(%)         : 5
	Aicpu Usage Rate(%)            : 0
	Ctrlcpu Usage Rate(%)          : 1
	DDR Bandwidth Usage Rate(%)    : 0
	HBM Bandwidth Usage Rate(%)    : 53
	NPU Utilization(%)             : 89
	Aicube Usage Rate(%)           : 71
	Get pid name failed.
	Process id:1811027 Process name:                  Process memory(MB):16066
Error: cannot run top on container aceaef212ad03c546a6eb710fca4fd3c10f869d0c7973db9955d514211247daa as it did not create a cgroup: this container does not have a cgroup
timestamp_ns=1785751483489087723
	DDR Capacity(MB)               : 0
	DDR Usage Rate(%)              : 0
	DDR Hugepages Total(page)      : 0
	DDR Hugepages Usage Rate(%)    : 0
	HBM Capacity(MB)               : 65536
	HBM Usage Rate(%)              : 29
	Aicore Usage Rate(%)           : 74
	Aivector Usage Rate(%)         : 4
	Aicpu Usage Rate(%)            : 0
	Ctrlcpu Usage Rate(%)          : 4
	DDR Bandwidth Usage Rate(%)    : 0
	HBM Bandwidth Usage Rate(%)    : 53
	NPU Utilization(%)             : 89
	Aicube Usage Rate(%)           : 67
	Get pid name failed.
	Process id:1811027 Process name:                  Process memory(MB):16066
Error: cannot run top on container aceaef212ad03c546a6eb710fca4fd3c10f869d0c7973db9955d514211247daa as it did not create a cgroup: this container does not have a cgroup
timestamp_ns=1785751485642313751
	DDR Capacity(MB)               : 0
	DDR Usage Rate(%)              : 0
	DDR Hugepages Total(page)      : 0
	DDR Hugepages Usage Rate(%)    : 0
	HBM Capacity(MB)               : 65536
	HBM Usage Rate(%)              : 29
	Aicore Usage Rate(%)           : 78
	Aivector Usage Rate(%)         : 5
	Aicpu Usage Rate(%)            : 0
	Ctrlcpu Usage Rate(%)          : 3
	DDR Bandwidth Usage Rate(%)    : 0
	HBM Bandwidth Usage Rate(%)    : 10
	NPU Utilization(%)             : 86
	Aicube Usage Rate(%)           : 72
	Get pid name failed.
	Process id:1811027 Process name:                  Process memory(MB):16066
Error: cannot run top on container aceaef212ad03c546a6eb710fca4fd3c10f869d0c7973db9955d514211247daa as it did not create a cgroup: this container does not have a cgroup
timestamp_ns=1785751487799426653
	DDR Capacity(MB)               : 0
	DDR Usage Rate(%)              : 0
	DDR Hugepages Total(page)      : 0
	DDR Hugepages Usage Rate(%)    : 0
	HBM Capacity(MB)               : 65536
	HBM Usage Rate(%)              : 29
	Aicore Usage Rate(%)           : 78
	Aivector Usage Rate(%)         : 4
	Aicpu Usage Rate(%)            : 0
	Ctrlcpu Usage Rate(%)          : 2
	DDR Bandwidth Usage Rate(%)    : 0
	HBM Bandwidth Usage Rate(%)    : 53
	NPU Utilization(%)             : 93
	Aicube Usage Rate(%)           : 71
	Get pid name failed.
	Process id:1811027 Process name:                  Process memory(MB):16066
Error: cannot run top on container aceaef212ad03c546a6eb710fca4fd3c10f869d0c7973db9955d514211247daa as it did not create a cgroup: this container does not have a cgroup
timestamp_ns=1785751489966646001
	DDR Capacity(MB)               : 0
	DDR Usage Rate(%)              : 0
	DDR Hugepages Total(page)      : 0
	DDR Hugepages Usage Rate(%)    : 0
	HBM Capacity(MB)               : 65536
	HBM Usage Rate(%)              : 29
	Aicore Usage Rate(%)           : 77
	Aivector Usage Rate(%)         : 4
	Aicpu Usage Rate(%)            : 0
	Ctrlcpu Usage Rate(%)          : 4
	DDR Bandwidth Usage Rate(%)    : 0
	HBM Bandwidth Usage Rate(%)    : 54
	NPU Utilization(%)             : 86
	Aicube Usage Rate(%)           : 71
	Get pid name failed.
	Process id:1811027 Process name:                  Process memory(MB):16066
Error: cannot run top on container aceaef212ad03c546a6eb710fca4fd3c10f869d0c7973db9955d514211247daa as it did not create a cgroup: this container does not have a cgroup
timestamp_ns=1785751492136268857
	DDR Capacity(MB)               : 0
	DDR Usage Rate(%)              : 0
	DDR Hugepages Total(page)      : 0
	DDR Hugepages Usage Rate(%)    : 0
	HBM Capacity(MB)               : 65536
	HBM Usage Rate(%)              : 29
	Aicore Usage Rate(%)           : 78
	Aivector Usage Rate(%)         : 5
	Aicpu Usage Rate(%)            : 0
	Ctrlcpu Usage Rate(%)          : 2
	DDR Bandwidth Usage Rate(%)    : 0
	HBM Bandwidth Usage Rate(%)    : 53
	NPU Utilization(%)             : 89
	Aicube Usage Rate(%)           : 71
	Get pid name failed.
	Process id:1811027 Process name:                  Process memory(MB):16066
Error: cannot run top on container aceaef212ad03c546a6eb710fca4fd3c10f869d0c7973db9955d514211247daa as it did not create a cgroup: this container does not have a cgroup
timestamp_ns=1785751494311659459
	DDR Capacity(MB)               : 0
	DDR Usage Rate(%)              : 0
	DDR Hugepages Total(page)      : 0
	DDR Hugepages Usage Rate(%)    : 0
	HBM Capacity(MB)               : 65536
	HBM Usage Rate(%)              : 29
	Aicore Usage Rate(%)           : 77
	Aivector Usage Rate(%)         : 4
	Aicpu Usage Rate(%)            : 0
	Ctrlcpu Usage Rate(%)          : 3
	DDR Bandwidth Usage Rate(%)    : 0
	HBM Bandwidth Usage Rate(%)    : 54
	NPU Utilization(%)             : 100
	Aicube Usage Rate(%)           : 71
	Get pid name failed.
	Process id:1811027 Process name:                  Process memory(MB):16066
Error: cannot run top on container aceaef212ad03c546a6eb710fca4fd3c10f869d0c7973db9955d514211247daa as it did not create a cgroup: this container does not have a cgroup
timestamp_ns=1785751496462886247
	DDR Capacity(MB)               : 0
	DDR Usage Rate(%)              : 0
	DDR Hugepages Total(page)      : 0
	DDR Hugepages Usage Rate(%)    : 0
	HBM Capacity(MB)               : 65536
	HBM Usage Rate(%)              : 29
	Aicore Usage Rate(%)           : 79
	Aivector Usage Rate(%)         : 5
	Aicpu Usage Rate(%)            : 0
	Ctrlcpu Usage Rate(%)          : 0
	DDR Bandwidth Usage Rate(%)    : 0
	HBM Bandwidth Usage Rate(%)    : 54
	NPU Utilization(%)             : 89
	Aicube Usage Rate(%)           : 72
	Get pid name failed.
	Process id:1811027 Process name:                  Process memory(MB):16066
Error: cannot run top on container aceaef212ad03c546a6eb710fca4fd3c10f869d0c7973db9955d514211247daa as it did not create a cgroup: this container does not have a cgroup
timestamp_ns=1785751498623585088
	DDR Capacity(MB)               : 0
	DDR Usage Rate(%)              : 0
	DDR Hugepages Total(page)      : 0
	DDR Hugepages Usage Rate(%)    : 0
	HBM Capacity(MB)               : 65536
	HBM Usage Rate(%)              : 29
	Aicore Usage Rate(%)           : 77
	Aivector Usage Rate(%)         : 4
	Aicpu Usage Rate(%)            : 0
	Ctrlcpu Usage Rate(%)          : 3
	DDR Bandwidth Usage Rate(%)    : 0
	HBM Bandwidth Usage Rate(%)    : 53
	NPU Utilization(%)             : 100
	Aicube Usage Rate(%)           : 70
	Get pid name failed.
	Process id:1811027 Process name:                  Process memory(MB):16066
Error: cannot run top on container aceaef212ad03c546a6eb710fca4fd3c10f869d0c7973db9955d514211247daa as it did not create a cgroup: this container does not have a cgroup
timestamp_ns=1785751500786268219
	DDR Capacity(MB)               : 0
	DDR Usage Rate(%)              : 0
	DDR Hugepages Total(page)      : 0
	DDR Hugepages Usage Rate(%)    : 0
	HBM Capacity(MB)               : 65536
	HBM Usage Rate(%)              : 29
	Aicore Usage Rate(%)           : 79
	Aivector Usage Rate(%)         : 4
	Aicpu Usage Rate(%)            : 0
	Ctrlcpu Usage Rate(%)          : 1
	DDR Bandwidth Usage Rate(%)    : 0
	HBM Bandwidth Usage Rate(%)    : 53
	NPU Utilization(%)             : 93
	Aicube Usage Rate(%)           : 71
	Get pid name failed.
	Process id:1811027 Process name:                  Process memory(MB):16066
Error: cannot run top on container aceaef212ad03c546a6eb710fca4fd3c10f869d0c7973db9955d514211247daa as it did not create a cgroup: this container does not have a cgroup
timestamp_ns=1785751502950992431
	DDR Capacity(MB)               : 0
	DDR Usage Rate(%)              : 0
	DDR Hugepages Total(page)      : 0
	DDR Hugepages Usage Rate(%)    : 0
	HBM Capacity(MB)               : 65536
	HBM Usage Rate(%)              : 29
	Aicore Usage Rate(%)           : 79
	Aivector Usage Rate(%)         : 5
	Aicpu Usage Rate(%)            : 0
	Ctrlcpu Usage Rate(%)          : 5
	DDR Bandwidth Usage Rate(%)    : 0
	HBM Bandwidth Usage Rate(%)    : 50
	NPU Utilization(%)             : 86
	Aicube Usage Rate(%)           : 71
	Get pid name failed.
	Process id:1811027 Process name:                  Process memory(MB):16066
Error: cannot run top on container aceaef212ad03c546a6eb710fca4fd3c10f869d0c7973db9955d514211247daa as it did not create a cgroup: this container does not have a cgroup
timestamp_ns=1785751505151649072
	DDR Capacity(MB)               : 0
	DDR Usage Rate(%)              : 0
	DDR Hugepages Total(page)      : 0
	DDR Hugepages Usage Rate(%)    : 0
	HBM Capacity(MB)               : 65536
	HBM Usage Rate(%)              : 29
	Aicore Usage Rate(%)           : 78
	Aivector Usage Rate(%)         : 5
	Aicpu Usage Rate(%)            : 0
	Ctrlcpu Usage Rate(%)          : 1
	DDR Bandwidth Usage Rate(%)    : 0
	HBM Bandwidth Usage Rate(%)    : 53
	NPU Utilization(%)             : 93
	Aicube Usage Rate(%)           : 71
	Get pid name failed.
	Process id:1811027 Process name:                  Process memory(MB):16066
Error: cannot run top on container aceaef212ad03c546a6eb710fca4fd3c10f869d0c7973db9955d514211247daa as it did not create a cgroup: this container does not have a cgroup
timestamp_ns=1785751507408616529
	DDR Capacity(MB)               : 0
	DDR Usage Rate(%)              : 0
	DDR Hugepages Total(page)      : 0
	DDR Hugepages Usage Rate(%)    : 0
	HBM Capacity(MB)               : 65536
	HBM Usage Rate(%)              : 29
	Aicore Usage Rate(%)           : 77
	Aivector Usage Rate(%)         : 4
	Aicpu Usage Rate(%)            : 0
	Ctrlcpu Usage Rate(%)          : 4
	DDR Bandwidth Usage Rate(%)    : 0
	HBM Bandwidth Usage Rate(%)    : 53
	NPU Utilization(%)             : 96
	Aicube Usage Rate(%)           : 71
	Get pid name failed.
	Process id:1811027 Process name:                  Process memory(MB):16066
Error: cannot run top on container aceaef212ad03c546a6eb710fca4fd3c10f869d0c7973db9955d514211247daa as it did not create a cgroup: this container does not have a cgroup
timestamp_ns=1785751509606098513
	DDR Capacity(MB)               : 0
	DDR Usage Rate(%)              : 0
	DDR Hugepages Total(page)      : 0
	DDR Hugepages Usage Rate(%)    : 0
	HBM Capacity(MB)               : 65536
	HBM Usage Rate(%)              : 29
	Aicore Usage Rate(%)           : 80
	Aivector Usage Rate(%)         : 5
	Aicpu Usage Rate(%)            : 0
	Ctrlcpu Usage Rate(%)          : 6
	DDR Bandwidth Usage Rate(%)    : 0
	HBM Bandwidth Usage Rate(%)    : 53
	NPU Utilization(%)             : 89
	Aicube Usage Rate(%)           : 73
	Get pid name failed.
	Process id:1811027 Process name:                  Process memory(MB):16066
Error: cannot run top on container aceaef212ad03c546a6eb710fca4fd3c10f869d0c7973db9955d514211247daa as it did not create a cgroup: this container does not have a cgroup
timestamp_ns=1785751511763855799
	DDR Capacity(MB)               : 0
	DDR Usage Rate(%)              : 0
	DDR Hugepages Total(page)      : 0
	DDR Hugepages Usage Rate(%)    : 0
	HBM Capacity(MB)               : 65536
	HBM Usage Rate(%)              : 29
	Aicore Usage Rate(%)           : 0
	Aivector Usage Rate(%)         : 0
	Aicpu Usage Rate(%)            : 0
	Ctrlcpu Usage Rate(%)          : 2
	DDR Bandwidth Usage Rate(%)    : 0
	HBM Bandwidth Usage Rate(%)    : 0
	NPU Utilization(%)             : 0
	Aicube Usage Rate(%)           : 0
	Get pid name failed.
	Process id:1811027 Process name:                  Process memory(MB):16066
Error: cannot run top on container aceaef212ad03c546a6eb710fca4fd3c10f869d0c7973db9955d514211247daa as it did not create a cgroup: this container does not have a cgroup
timestamp_ns=1785751513939167573
	DDR Capacity(MB)               : 0
	DDR Usage Rate(%)              : 0
	DDR Hugepages Total(page)      : 0
	DDR Hugepages Usage Rate(%)    : 0
	HBM Capacity(MB)               : 65536
	HBM Usage Rate(%)              : 29
	Aicore Usage Rate(%)           : 0
	Aivector Usage Rate(%)         : 0
	Aicpu Usage Rate(%)            : 0
	Ctrlcpu Usage Rate(%)          : 2
	DDR Bandwidth Usage Rate(%)    : 0
	HBM Bandwidth Usage Rate(%)    : 0
	NPU Utilization(%)             : 0
	Aicube Usage Rate(%)           : 0
	Get pid name failed.
	Process id:1811027 Process name:                  Process memory(MB):16066
Error: cannot run top on container aceaef212ad03c546a6eb710fca4fd3c10f869d0c7973db9955d514211247daa as it did not create a cgroup: this container does not have a cgroup
timestamp_ns=1785751516087776750
	DDR Capacity(MB)               : 0
	DDR Usage Rate(%)              : 0
	DDR Hugepages Total(page)      : 0
	DDR Hugepages Usage Rate(%)    : 0
	HBM Capacity(MB)               : 65536
	HBM Usage Rate(%)              : 29
	Aicore Usage Rate(%)           : 0
	Aivector Usage Rate(%)         : 0
	Aicpu Usage Rate(%)            : 0
	Ctrlcpu Usage Rate(%)          : 4
	DDR Bandwidth Usage Rate(%)    : 0
	HBM Bandwidth Usage Rate(%)    : 0
	NPU Utilization(%)             : 0
	Aicube Usage Rate(%)           : 0
	Get pid name failed.
	Process id:1811027 Process name:                  Process memory(MB):16066
Error: cannot run top on container aceaef212ad03c546a6eb710fca4fd3c10f869d0c7973db9955d514211247daa as it did not create a cgroup: this container does not have a cgroup
timestamp_ns=1785751518289966967
	DDR Capacity(MB)               : 0
	DDR Usage Rate(%)              : 0
	DDR Hugepages Total(page)      : 0
	DDR Hugepages Usage Rate(%)    : 0
	HBM Capacity(MB)               : 65536
	HBM Usage Rate(%)              : 29
	Aicore Usage Rate(%)           : 0
	Aivector Usage Rate(%)         : 0
	Aicpu Usage Rate(%)            : 0
	Ctrlcpu Usage Rate(%)          : 2
	DDR Bandwidth Usage Rate(%)    : 0
	HBM Bandwidth Usage Rate(%)    : 0
	NPU Utilization(%)             : 0
	Aicube Usage Rate(%)           : 0
	Get pid name failed.
	Process id:1811027 Process name:                  Process memory(MB):16066
Error: cannot run top on container aceaef212ad03c546a6eb710fca4fd3c10f869d0c7973db9955d514211247daa as it did not create a cgroup: this container does not have a cgroup
timestamp_ns=1785751520452446031
	DDR Capacity(MB)               : 0
	DDR Usage Rate(%)              : 0
	DDR Hugepages Total(page)      : 0
	DDR Hugepages Usage Rate(%)    : 0
	HBM Capacity(MB)               : 65536
	HBM Usage Rate(%)              : 29
	Aicore Usage Rate(%)           : 0
	Aivector Usage Rate(%)         : 0
	Aicpu Usage Rate(%)            : 0
	Ctrlcpu Usage Rate(%)          : 1
	DDR Bandwidth Usage Rate(%)    : 0
	HBM Bandwidth Usage Rate(%)    : 0
	NPU Utilization(%)             : 0
	Aicube Usage Rate(%)           : 0
	Get pid name failed.
	Process id:1811027 Process name:                  Process memory(MB):16066
Error: cannot run top on container aceaef212ad03c546a6eb710fca4fd3c10f869d0c7973db9955d514211247daa as it did not create a cgroup: this container does not have a cgroup
timestamp_ns=1785751522601753369
	DDR Capacity(MB)               : 0
	DDR Usage Rate(%)              : 0
	DDR Hugepages Total(page)      : 0
	DDR Hugepages Usage Rate(%)    : 0
	HBM Capacity(MB)               : 65536
	HBM Usage Rate(%)              : 29
	Aicore Usage Rate(%)           : 0
	Aivector Usage Rate(%)         : 0
	Aicpu Usage Rate(%)            : 0
	Ctrlcpu Usage Rate(%)          : 2
	DDR Bandwidth Usage Rate(%)    : 0
	HBM Bandwidth Usage Rate(%)    : 0
	NPU Utilization(%)             : 0
	Aicube Usage Rate(%)           : 0
	Get pid name failed.
	Process id:1811027 Process name:                  Process memory(MB):16066
Error: cannot run top on container aceaef212ad03c546a6eb710fca4fd3c10f869d0c7973db9955d514211247daa as it did not create a cgroup: this container does not have a cgroup
timestamp_ns=1785751524774265933
	DDR Capacity(MB)               : 0
	DDR Usage Rate(%)              : 0
	DDR Hugepages Total(page)      : 0
	DDR Hugepages Usage Rate(%)    : 0
	HBM Capacity(MB)               : 65536
	HBM Usage Rate(%)              : 29
	Aicore Usage Rate(%)           : 0
	Aivector Usage Rate(%)         : 0
	Aicpu Usage Rate(%)            : 0
	Ctrlcpu Usage Rate(%)          : 6
	DDR Bandwidth Usage Rate(%)    : 0
	HBM Bandwidth Usage Rate(%)    : 0
	NPU Utilization(%)             : 0
	Aicube Usage Rate(%)           : 0
	Get pid name failed.
	Process id:1811027 Process name:                  Process memory(MB):16066
Error: cannot run top on container aceaef212ad03c546a6eb710fca4fd3c10f869d0c7973db9955d514211247daa as it did not create a cgroup: this container does not have a cgroup
timestamp_ns=1785751526966613736
	DDR Capacity(MB)               : 0
	DDR Usage Rate(%)              : 0
	DDR Hugepages Total(page)      : 0
	DDR Hugepages Usage Rate(%)    : 0
	HBM Capacity(MB)               : 65536
	HBM Usage Rate(%)              : 29
	Aicore Usage Rate(%)           : 0
	Aivector Usage Rate(%)         : 0
	Aicpu Usage Rate(%)            : 0
	Ctrlcpu Usage Rate(%)          : 0
	DDR Bandwidth Usage Rate(%)    : 0
	HBM Bandwidth Usage Rate(%)    : 0
	NPU Utilization(%)             : 0
	Aicube Usage Rate(%)           : 0
	Get pid name failed.
	Process id:1811027 Process name:                  Process memory(MB):16066
Error: cannot run top on container aceaef212ad03c546a6eb710fca4fd3c10f869d0c7973db9955d514211247daa as it did not create a cgroup: this container does not have a cgroup
timestamp_ns=1785751529121166021
	DDR Capacity(MB)               : 0
	DDR Usage Rate(%)              : 0
	DDR Hugepages Total(page)      : 0
	DDR Hugepages Usage Rate(%)    : 0
	HBM Capacity(MB)               : 65536
	HBM Usage Rate(%)              : 29
	Aicore Usage Rate(%)           : 0
	Aivector Usage Rate(%)         : 0
	Aicpu Usage Rate(%)            : 0
	Ctrlcpu Usage Rate(%)          : 0
	DDR Bandwidth Usage Rate(%)    : 0
	HBM Bandwidth Usage Rate(%)    : 0
	NPU Utilization(%)             : 0
	Aicube Usage Rate(%)           : 0
	Get pid name failed.
	Process id:1811027 Process name:                  Process memory(MB):16066
Error: cannot run top on container aceaef212ad03c546a6eb710fca4fd3c10f869d0c7973db9955d514211247daa as it did not create a cgroup: this container does not have a cgroup
timestamp_ns=1785751531428584005
	DDR Capacity(MB)               : 0
	DDR Usage Rate(%)              : 0
	DDR Hugepages Total(page)      : 0
	DDR Hugepages Usage Rate(%)    : 0
	HBM Capacity(MB)               : 65536
	HBM Usage Rate(%)              : 29
	Aicore Usage Rate(%)           : 0
	Aivector Usage Rate(%)         : 0
	Aicpu Usage Rate(%)            : 0
	Ctrlcpu Usage Rate(%)          : 1
	DDR Bandwidth Usage Rate(%)    : 0
	HBM Bandwidth Usage Rate(%)    : 0
	NPU Utilization(%)             : 0
	Aicube Usage Rate(%)           : 0
	Get pid name failed.
	Process id:1811027 Process name:                  Process memory(MB):16066
Error: cannot run top on container aceaef212ad03c546a6eb710fca4fd3c10f869d0c7973db9955d514211247daa as it did not create a cgroup: this container does not have a cgroup
timestamp_ns=1785751533616224914
	DDR Capacity(MB)               : 0
	DDR Usage Rate(%)              : 0
	DDR Hugepages Total(page)      : 0
	DDR Hugepages Usage Rate(%)    : 0
	HBM Capacity(MB)               : 65536
	HBM Usage Rate(%)              : 29
	Aicore Usage Rate(%)           : 0
	Aivector Usage Rate(%)         : 0
	Aicpu Usage Rate(%)            : 0
	Ctrlcpu Usage Rate(%)          : 4
	DDR Bandwidth Usage Rate(%)    : 0
	HBM Bandwidth Usage Rate(%)    : 0
	NPU Utilization(%)             : 0
	Aicube Usage Rate(%)           : 0
	Get pid name failed.
	Process id:1811027 Process name:                  Process memory(MB):16066
Error: cannot run top on container aceaef212ad03c546a6eb710fca4fd3c10f869d0c7973db9955d514211247daa as it did not create a cgroup: this container does not have a cgroup
timestamp_ns=1785751535831486447
	DDR Capacity(MB)               : 0
	DDR Usage Rate(%)              : 0
	DDR Hugepages Total(page)      : 0
	DDR Hugepages Usage Rate(%)    : 0
	HBM Capacity(MB)               : 65536
	HBM Usage Rate(%)              : 29
	Aicore Usage Rate(%)           : 0
	Aivector Usage Rate(%)         : 0
	Aicpu Usage Rate(%)            : 0
	Ctrlcpu Usage Rate(%)          : 5
	DDR Bandwidth Usage Rate(%)    : 0
	HBM Bandwidth Usage Rate(%)    : 0
	NPU Utilization(%)             : 0
	Aicube Usage Rate(%)           : 0
	Get pid name failed.
	Process id:1811027 Process name:                  Process memory(MB):16066
Error: cannot run top on container aceaef212ad03c546a6eb710fca4fd3c10f869d0c7973db9955d514211247daa as it did not create a cgroup: this container does not have a cgroup
timestamp_ns=1785751538039313476
	DDR Capacity(MB)               : 0
	DDR Usage Rate(%)              : 0
	DDR Hugepages Total(page)      : 0
	DDR Hugepages Usage Rate(%)    : 0
	HBM Capacity(MB)               : 65536
	HBM Usage Rate(%)              : 29
	Aicore Usage Rate(%)           : 0
	Aivector Usage Rate(%)         : 0
	Aicpu Usage Rate(%)            : 0
	Ctrlcpu Usage Rate(%)          : 3
	DDR Bandwidth Usage Rate(%)    : 0
	HBM Bandwidth Usage Rate(%)    : 0
	NPU Utilization(%)             : 0
	Aicube Usage Rate(%)           : 0
	Get pid name failed.
	Process id:1811027 Process name:                  Process memory(MB):16066
Error: cannot run top on container aceaef212ad03c546a6eb710fca4fd3c10f869d0c7973db9955d514211247daa as it did not create a cgroup: this container does not have a cgroup
timestamp_ns=1785751540212946431
	DDR Capacity(MB)               : 0
	DDR Usage Rate(%)              : 0
	DDR Hugepages Total(page)      : 0
	DDR Hugepages Usage Rate(%)    : 0
	HBM Capacity(MB)               : 65536
	HBM Usage Rate(%)              : 29
	Aicore Usage Rate(%)           : 0
	Aivector Usage Rate(%)         : 0
	Aicpu Usage Rate(%)            : 0
	Ctrlcpu Usage Rate(%)          : 5
	DDR Bandwidth Usage Rate(%)    : 0
	HBM Bandwidth Usage Rate(%)    : 0
	NPU Utilization(%)             : 0
	Aicube Usage Rate(%)           : 0
	Get pid name failed.
	Process id:1811027 Process name:                  Process memory(MB):16066
Error: cannot run top on container aceaef212ad03c546a6eb710fca4fd3c10f869d0c7973db9955d514211247daa as it did not create a cgroup: this container does not have a cgroup
timestamp_ns=1785751542368287768
	DDR Capacity(MB)               : 0
	DDR Usage Rate(%)              : 0
	DDR Hugepages Total(page)      : 0
	DDR Hugepages Usage Rate(%)    : 0
	HBM Capacity(MB)               : 65536
	HBM Usage Rate(%)              : 27
	Aicore Usage Rate(%)           : 0
	Aivector Usage Rate(%)         : 0
	Aicpu Usage Rate(%)            : 0
	Ctrlcpu Usage Rate(%)          : 3
	DDR Bandwidth Usage Rate(%)    : 0
	HBM Bandwidth Usage Rate(%)    : 0
	NPU Utilization(%)             : 0
	Aicube Usage Rate(%)           : 0
	Get pid name failed.
	Process id:1811027 Process name:                  Process memory(MB):14616
Error: cannot run top on container aceaef212ad03c546a6eb710fca4fd3c10f869d0c7973db9955d514211247daa as it did not create a cgroup: this container does not have a cgroup
timestamp_ns=1785751544598738337
	DDR Capacity(MB)               : 0
	DDR Usage Rate(%)              : 0
	DDR Hugepages Total(page)      : 0
	DDR Hugepages Usage Rate(%)    : 0
	HBM Capacity(MB)               : 65536
	HBM Usage Rate(%)              : 27
	Aicore Usage Rate(%)           : 0
	Aivector Usage Rate(%)         : 0
	Aicpu Usage Rate(%)            : 0
	Ctrlcpu Usage Rate(%)          : 1
	DDR Bandwidth Usage Rate(%)    : 0
	HBM Bandwidth Usage Rate(%)    : 0
	NPU Utilization(%)             : 0
	Aicube Usage Rate(%)           : 0
	Get pid name failed.
	Process id:1811027 Process name:                  Process memory(MB):14616
Error: cannot run top on container aceaef212ad03c546a6eb710fca4fd3c10f869d0c7973db9955d514211247daa as it did not create a cgroup: this container does not have a cgroup
timestamp_ns=1785751546768027224
	DDR Capacity(MB)               : 0
	DDR Usage Rate(%)              : 0
	DDR Hugepages Total(page)      : 0
	DDR Hugepages Usage Rate(%)    : 0
	HBM Capacity(MB)               : 65536
	HBM Usage Rate(%)              : 27
	Aicore Usage Rate(%)           : 0
	Aivector Usage Rate(%)         : 0
	Aicpu Usage Rate(%)            : 0
	Ctrlcpu Usage Rate(%)          : 5
	DDR Bandwidth Usage Rate(%)    : 0
	HBM Bandwidth Usage Rate(%)    : 0
	NPU Utilization(%)             : 0
	Aicube Usage Rate(%)           : 0
	No process in device.
Error: cannot run top on container aceaef212ad03c546a6eb710fca4fd3c10f869d0c7973db9955d514211247daa as it did not create a cgroup: this container does not have a cgroup
timestamp_ns=1785751548949477984
	DDR Capacity(MB)               : 0
	DDR Usage Rate(%)              : 0
	DDR Hugepages Total(page)      : 0
	DDR Hugepages Usage Rate(%)    : 0
	HBM Capacity(MB)               : 65536
	HBM Usage Rate(%)              : 5
	Aicore Usage Rate(%)           : 0
	Aivector Usage Rate(%)         : 0
	Aicpu Usage Rate(%)            : 0
	Ctrlcpu Usage Rate(%)          : 4
	DDR Bandwidth Usage Rate(%)    : 0
	HBM Bandwidth Usage Rate(%)    : 0
	NPU Utilization(%)             : 0
	Aicube Usage Rate(%)           : 0
